country_code,code,subdivision_code,name,name_native,parent_code,code_kind,code_length,name_derivable,in_iso_csv,in_wikidata
AD,AD-02,02,Canillo,,,numeric,2,False,True,True
AD,AD-03,03,Encamp,Encamp,,numeric,2,False,True,True
AD,AD-04,04,La Massana,,,numeric,2,False,True,True
AD,AD-05,05,Ordino,,,numeric,2,False,True,True
AD,AD-06,06,Sant Julia de Loria,Sant Julià de Lòria,,numeric,2,False,True,True
AD,AD-07,07,Andorra la Vella,Andorra la Vella,AD-07,numeric,2,False,True,True
AD,AD-08,08,Escaldes-Engordany,Les Escaldes i Engordany,,numeric,2,False,True,True
AE,AE-AJ,AJ,'Ajman,إمارة عجمان,,alpha,2,True,True,True
AE,AE-AZ,AZ,Abu Zaby,إمارة أبو ظبي,,alpha,2,True,True,True
AE,AE-DU,DU,Dubayy,امارة عبدالله,,alpha,2,True,True,True
AE,AE-FU,FU,Al Fujayrah,إمارة الفجيرة,,alpha,2,False,True,True
AE,AE-RK,RK,Ra's al Khaymah,إمارة رأس الخيمة,,alpha,2,False,True,True
AE,AE-SH,SH,Ash Shariqah,إمارة الشارقة,,alpha,2,False,True,True
AE,AE-UQ,UQ,Umm al Qaywayn,إمارة أمّ القيوين,,alpha,2,False,True,True
AF,AF-BAL,BAL,Balkh,,,alpha,3,True,True,True
AF,AF-BAM,BAM,Bamyan,,,alpha,3,True,True,True
AF,AF-BDG,BDG,Badghis Province,,,alpha,3,False,False,True
AF,AF-BDS,BDS,Badakhshan Province,,,alpha,3,False,False,True
AF,AF-BGL,BGL,Baghlan,,,alpha,3,False,True,True
AF,AF-DAY,DAY,Daykundi Province,دایکندی,,alpha,3,True,False,True
AF,AF-FRA,FRA,Farah,,,alpha,3,False,True,True
AF,AF-FYB,FYB,Faryab,فاریاب,,alpha,3,False,True,True
AF,AF-GHA,GHA,Ghazni,,,alpha,3,True,True,True
AF,AF-GHO,GHO,Ghor,,,alpha,3,True,True,True
AF,AF-HEL,HEL,Helmand,,,alpha,3,True,True,True
AF,AF-HER,HER,Herat,هرات,,alpha,3,True,True,True
AF,AF-JOW,JOW,Jowzjan,,,alpha,3,True,True,True
AF,AF-KAB,KAB,Kabul,کابل,,alpha,3,True,True,True
AF,AF-KAN,KAN,Kandahar,کندهار ولايت,,alpha,3,True,True,True
AF,AF-KAP,KAP,Kapisa Province,کاپیسا,,alpha,3,True,False,True
AF,AF-KDZ,KDZ,Kunduz,کندز,,alpha,3,False,True,True
AF,AF-KHO,KHO,Khost,خوست,,alpha,3,True,True,True
AF,AF-KNR,KNR,Kunar Province,کونړ,,alpha,3,False,False,True
AF,AF-LAG,LAG,Laghman,لغمان,,alpha,3,True,True,True
AF,AF-LOG,LOG,Logar,,,alpha,3,True,True,True
AF,AF-NAN,NAN,Nangarhar,,,alpha,3,True,True,True
AF,AF-NIM,NIM,Nimroz,نیمروز,,alpha,3,True,True,True
AF,AF-NUR,NUR,Nuristan Province,,,alpha,3,True,False,True
AF,AF-PAN,PAN,Panjshir Province,,,alpha,3,True,False,True
AF,AF-PAR,PAR,Parwan,,,alpha,3,True,True,True
AF,AF-PIA,PIA,Paktiya,پکتيا,,alpha,3,False,True,True
AF,AF-PKA,PKA,Paktika Province,پکتیکا,,alpha,3,False,False,True
AF,AF-SAM,SAM,Samangan Province,,,alpha,3,True,False,True
AF,AF-SAR,SAR,Sar-e Pul,سر پل,,alpha,3,True,True,True
AF,AF-TAK,TAK,Takhar,,,alpha,3,True,True,True
AF,AF-URU,URU,Uruzgan,,,alpha,3,True,True,True
AF,AF-WAR,WAR,Maidan Wardak Province,دایکندی,,alpha,3,False,False,True
AF,AF-ZAB,ZAB,Zabul Province,,,alpha,3,True,False,True
AG,AG-03,03,Saint George,,,numeric,2,False,True,True
AG,AG-04,04,Saint John,,,numeric,2,False,True,True
AG,AG-05,05,Saint Mary,,,numeric,2,False,True,True
AG,AG-06,06,Saint Paul,,,numeric,2,False,True,True
AG,AG-07,07,Saint Peter,,,numeric,2,False,True,True
AG,AG-08,08,Saint Philip,,,numeric,2,False,True,True
AG,AG-10,10,Barbuda,Barbuda,,numeric,2,False,False,True
AG,AG-11,11,Redonda,Redonda,,numeric,2,False,True,True
AL,AL-01,01,Berat,Qarku i Beratit,,numeric,2,False,True,True
AL,AL-02,02,Durres,,,numeric,2,False,True,True
AL,AL-03,03,Elbasan,Qarku i Elbasanit,,numeric,2,False,True,True
AL,AL-04,04,Fier,Qarku i Fierit,,numeric,2,False,True,True
AL,AL-05,05,Gjirokaster,Qarku i Gjirokastrës,,numeric,2,False,True,True
AL,AL-06,06,Korce,Qarku i Korçës,,numeric,2,False,True,True
AL,AL-07,07,Kukes,Qarku i Kukësit,,numeric,2,False,True,True
AL,AL-08,08,Lezhe,Qarku i Lezhës,,numeric,2,False,True,True
AL,AL-09,09,Diber,Qarku i Dibrës,,numeric,2,False,True,True
AL,AL-10,10,Shkoder,Qarku i Shkodrës,,numeric,2,False,True,True
AL,AL-11,11,Tirane,Qarku i Tiranës,,numeric,2,False,True,True
AL,AL-12,12,Vlore,,,numeric,2,False,True,True
AL,AL-BR,BR,Berat District,,,alpha,2,False,False,True
AL,AL-BU,BU,Bulqizë District,,,alpha,2,True,False,True
AL,AL-DI,DI,Dibër District,,AL-09,alpha,2,True,False,True
AL,AL-DL,DL,Delvinë District,,,alpha,2,False,False,True
AL,AL-DR,DR,Durrës District,,AL-02,alpha,2,False,False,True
AL,AL-DV,DV,Devoll District,,AL-06,alpha,2,False,False,True
AL,AL-EL,EL,Elbasan District,,AL-03,alpha,2,True,False,True
AL,AL-ER,ER,Kolonjë District,,AL-06,alpha,2,False,False,True
AL,AL-FR,FR,Fier District,,AL-04,alpha,2,False,False,True
AL,AL-GJ,GJ,Gjirokastër District,,AL-05,alpha,2,True,False,True
AL,AL-GR,GR,Gramsh District,,AL-03,alpha,2,True,False,True
AL,AL-HA,HA,Has District,,,alpha,2,True,False,True
AL,AL-KA,KA,Kavajë District,,,alpha,2,True,False,True
AL,AL-KB,KB,Kurbin District,,,alpha,2,False,False,True
AL,AL-KC,KC,Kuçovë District,,,alpha,2,False,False,True
AL,AL-KO,KO,Korçë District,,AL-06,alpha,2,True,False,True
AL,AL-KR,KR,Krujë District,,AL-02,alpha,2,True,False,True
AL,AL-KU,KU,Kukës District,,AL-07,alpha,2,True,False,True
AL,AL-LB,LB,Librazhd District,,AL-03,alpha,2,False,False,True
AL,AL-LE,LE,Lezhë District,,AL-08,alpha,2,True,False,True
AL,AL-LU,LU,Lushnjë District,,AL-04,alpha,2,True,False,True
AL,AL-MK,MK,Mallakastër District,,,alpha,2,False,False,True
AL,AL-MM,MM,Malësi e Madhe District,,,alpha,2,False,False,True
AL,AL-MR,MR,Mirditë District,,AL-08,alpha,2,False,False,True
AL,AL-MT,MT,Mat District,,AL-09,alpha,2,False,False,True
AL,AL-PG,PG,Pogradec District,,AL-06,alpha,2,False,False,True
AL,AL-PQ,PQ,Peqin District,,,alpha,2,False,False,True
AL,AL-PR,PR,Përmet District,,AL-05,alpha,2,False,False,True
AL,AL-PU,PU,Pukë District,,AL-10,alpha,2,True,False,True
AL,AL-SH,SH,Shkodër District,,AL-10,alpha,2,True,False,True
AL,AL-SK,SK,Skrapar District,,AL-01,alpha,2,True,False,True
AL,AL-SR,SR,Sarandë District,,AL-12,alpha,2,False,False,True
AL,AL-TE,TE,Tepelenë District,,AL-05,alpha,2,True,False,True
AL,AL-TP,TP,Tropojë District,,AL-07,alpha,2,False,False,True
AL,AL-TR,TR,Tirana District,,AL-11,alpha,2,False,False,True
AL,AL-VL,VL,Vlorë District,,AL-12,alpha,2,True,False,True
AM,AM-AG,AG,Aragacotn,Արագածոտնի մարզ,,alpha,2,False,True,True
AM,AM-AR,AR,Ararat,Արարատի մարզ,,alpha,2,True,True,True
AM,AM-AV,AV,Armavir,,,alpha,2,False,True,True
AM,AM-ER,ER,Erevan,Երևան,,alpha,2,True,True,True
AM,AM-GR,GR,Gegark'unik',Գեղարքունիքի մարզ,,alpha,2,False,True,True
AM,AM-KT,KT,Kotayk',Կոտայքի մարզ,,alpha,2,False,True,True
AM,AM-LO,LO,Lori,,,alpha,2,True,True,True
AM,AM-SH,SH,Sirak,Շիրակի մարզ,,alpha,2,False,True,True
AM,AM-SU,SU,Syunik',Սյունիքի մարզ,,alpha,2,False,True,True
AM,AM-TV,TV,Tavus,,,alpha,2,False,True,True
AM,AM-VD,VD,Vayoc Jor,Վայոց Ձորի մարզ,,alpha,2,False,True,True
AO,AO-BGO,BGO,Bengo,,,alpha,3,False,True,True
AO,AO-BGU,BGU,Benguela,Benguela,,alpha,3,False,True,True
AO,AO-BIE,BIE,Bie,,,alpha,3,True,True,True
AO,AO-CAB,CAB,Cabinda,Cabinda,,alpha,3,True,True,True
AO,AO-CCU,CCU,Cuando Cubango Province,,,alpha,3,True,False,True
AO,AO-CNN,CNN,Cunene,,,alpha,3,False,True,True
AO,AO-CNO,CNO,Cuanza Norte Province,,,alpha,3,True,False,True
AO,AO-CUS,CUS,Cuanza Sul Province,,,alpha,3,True,False,True
AO,AO-HUA,HUA,Huambo,,,alpha,3,True,True,True
AO,AO-HUI,HUI,Huila,,,alpha,3,True,True,True
AO,AO-LNO,LNO,Lunda Norte Province,,,alpha,3,True,False,True
AO,AO-LSU,LSU,Lunda Sul Province,,,alpha,3,True,False,True
AO,AO-LUA,LUA,Luanda,,,alpha,3,True,True,True
AO,AO-MAL,MAL,Malange,,,alpha,3,True,True,True
AO,AO-MOX,MOX,Moxico,,,alpha,3,True,True,True
AO,AO-NAM,NAM,Namibe,Namibe,,alpha,3,True,True,True
AO,AO-UIG,UIG,Uige,,,alpha,3,True,True,True
AO,AO-ZAI,ZAI,Zaire,,,alpha,3,True,True,True
AR,AR-A,A,Salta,Provincia de Salta,,alpha,1,False,True,True
AR,AR-B,B,Buenos Aires,Provincia de Buenos Aires,,alpha,1,True,True,True
AR,AR-C,C,Ciudad Autonoma de Buenos Aires,Ciudad Autónoma de Buenos Aires,,alpha,1,True,True,True
AR,AR-D,D,San Luis,Provincia de San Luis,,alpha,1,False,True,True
AR,AR-E,E,Entre Rios,Provincia de Entre Ríos,,alpha,1,True,True,True
AR,AR-F,F,La Rioja,Provincia de La Rioja,,alpha,1,False,True,True
AR,AR-G,G,Santiago del Estero,Provincia de Santiago del Estero,,alpha,1,False,True,True
AR,AR-H,H,Chaco,Provincia del Chaco,,alpha,1,False,True,True
AR,AR-J,J,San Juan,Provincia de San Juan,,alpha,1,False,True,True
AR,AR-K,K,Catamarca,Provincia de Catamarca,,alpha,1,False,True,True
AR,AR-L,L,La Pampa,Provincia de La Pampa,,alpha,1,True,True,True
AR,AR-M,M,Mendoza,Provincia de Mendoza,,alpha,1,True,True,True
AR,AR-N,N,Misiones,Provincia de Misiones,,alpha,1,False,True,True
AR,AR-P,P,Formosa,Provincia de Formosa,,alpha,1,False,True,True
AR,AR-Q,Q,Neuquen,Provincia de Neuquén,,alpha,1,False,True,True
AR,AR-R,R,Rio Negro,Provincia de Río Negro,,alpha,1,True,True,True
AR,AR-S,S,Santa Fe,,,alpha,1,True,True,True
AR,AR-T,T,Tucuman,Provincia de Tucumán,,alpha,1,True,True,True
AR,AR-U,U,Chubut,Talaith Chubut,,alpha,1,False,True,True
AR,AR-V,V,Tierra del Fuego,"Provincia de Tierra del Fuego, Antártida e Islas del Atlántico Sur",,alpha,1,False,True,True
AR,AR-W,W,Corrientes,Provincia de Corrientes,,alpha,1,False,True,True
AR,AR-X,X,Cordoba,Provincia de Córdoba,,alpha,1,False,True,True
AR,AR-Y,Y,Jujuy,Provincia du Jujuy,,alpha,1,False,True,True
AR,AR-Z,Z,Santa Cruz,Provincia de Santa Cruz,,alpha,1,False,True,True
AT,AT-1,1,Burgenland,Gradišće,,numeric,1,False,True,True
AT,AT-2,2,Karnten,Kärnten,,numeric,1,False,True,True
AT,AT-3,3,Niederosterreich,Niederösterreich,,numeric,1,False,True,True
AT,AT-4,4,Oberosterreich,,,numeric,1,False,True,True
AT,AT-5,5,Salzburg,,,numeric,1,False,True,True
AT,AT-6,6,Steiermark,Štajerska,,numeric,1,False,True,True
AT,AT-7,7,Tirol,Tirol,,numeric,1,False,True,True
AT,AT-8,8,Vorarlberg,Vorarlberg,,numeric,1,False,True,True
AT,AT-9,9,Wien,Wien,,numeric,1,False,True,True
AU,AU-ACT,ACT,Australian Capital Territory,,,alpha,3,True,True,True
AU,AU-NSW,NSW,New South Wales,New South Wales,,alpha,3,True,True,True
AU,AU-NT,NT,Northern Territory,Northern Territory,,alpha,2,True,True,True
AU,AU-QLD,QLD,Queensland,Queensland,,alpha,3,False,True,True
AU,AU-SA,SA,South Australia,State of South Australia,,alpha,2,True,True,True
AU,AU-TAS,TAS,Tasmania,Tasmania,,alpha,3,True,True,True
AU,AU-VIC,VIC,Victoria,Victoria,,alpha,3,True,True,True
AU,AU-WA,WA,Western Australia,Western Australia,,alpha,2,True,True,True
AZ,AZ-ABS,ABS,Abseron,Abşeron rayonu,,alpha,3,True,True,True
AZ,AZ-AGA,AGA,Agstafa,Ağstafa rayonu,,alpha,3,False,True,True
AZ,AZ-AGC,AGC,Agcabadi,Ağcabədi rayonu,,alpha,3,True,True,True
AZ,AZ-AGM,AGM,Aghdam District,Ağdam rayonu,,alpha,3,False,False,True
AZ,AZ-AGS,AGS,Aghdash District,Ağdaş rayonu,,alpha,3,False,False,True
AZ,AZ-AGU,AGU,Agsu,Ağsu rayonu,,alpha,3,False,True,True
AZ,AZ-AST,AST,Astara,,,alpha,3,True,True,True
AZ,AZ-BA,BA,Baki,Bakı,,alpha,2,True,True,True
AZ,AZ-BAB,BAB,Babek District,Нахичеванский район,AZ-NX,alpha,3,True,False,True
AZ,AZ-BAL,BAL,Balakan,Balakən rayonu,,alpha,3,True,True,True
AZ,AZ-BAR,BAR,Barda,Bərdə rayonu,,alpha,3,True,True,True
AZ,AZ-BEY,BEY,Beylaqan,Beyləqan rayonu,,alpha,3,True,True,True
AZ,AZ-BIL,BIL,Bilasuvar,Biləsuvar rayonu,,alpha,3,True,True,True
AZ,AZ-CAB,CAB,Jabrayil District,Cəbrayıl rayonu,,alpha,3,False,False,True
AZ,AZ-CAL,CAL,Calilabad,Cəlilabad rayonu,,alpha,3,True,True,True
AZ,AZ-CUL,CUL,Julfa District,Culfa rayonu,AZ-NX,alpha,3,False,False,True
AZ,AZ-DAS,DAS,Dashkasan District,Daşkəsən rayonu,,alpha,3,True,False,True
AZ,AZ-FUZ,FUZ,Fuzuli,Füzuli rayonu,,alpha,3,True,True,True
AZ,AZ-GA,GA,Ganca,Кіровабад,,alpha,2,True,True,True
AZ,AZ-GAD,GAD,Gadabay,Gədəbəy rayonu,,alpha,3,True,True,True
AZ,AZ-GOR,GOR,Goranboy,Goranboy rayonu,,alpha,3,True,True,True
AZ,AZ-GOY,GOY,Goycay,,,alpha,3,True,True,True
AZ,AZ-GYG,GYG,Goygol,Göygöl rayonu,,alpha,3,False,True,True
AZ,AZ-HAC,HAC,Haciqabul,Hacıqabul rayonu,,alpha,3,True,True,True
AZ,AZ-IMI,IMI,Imisli,İmişli rayonu,,alpha,3,True,True,True
AZ,AZ-ISM,ISM,Ismayilli,İsmayıllı rayonu,,alpha,3,True,True,True
AZ,AZ-KAL,KAL,Kalbajar District,Kəlbəcər rayonu,,alpha,3,True,False,True
AZ,AZ-KAN,KAN,Kangarli District,Kəngərli rayonu,AZ-NX,alpha,3,True,False,True
AZ,AZ-KUR,KUR,Kurdamir,,,alpha,3,True,True,True
AZ,AZ-LA,LA,Lankaran,Lankon,AZ-LAN,alpha,2,True,True,True
AZ,AZ-LAC,LAC,Lachin District,Laçın rayonu,,alpha,3,True,False,True
AZ,AZ-LAN,LAN,Lankaran District,Lənkəran rayonu,,alpha,3,True,False,True
AZ,AZ-LER,LER,Lerik District,Lerik rayonu,,alpha,3,True,False,True
AZ,AZ-MAS,MAS,Masalli,Masallı rayonu,,alpha,3,True,True,True
AZ,AZ-MI,MI,Mingacevir,Mingəçevir,,alpha,2,True,True,True
AZ,AZ-NA,NA,Naftalan,,,alpha,2,True,True,True
AZ,AZ-NEF,NEF,Neftcala,Neftçala rayonu,,alpha,3,True,True,True
AZ,AZ-NV,NV,Nakhchivan,Նախիջևան,AZ-NX,alpha,2,False,False,True
AZ,AZ-NX,NX,Naxcivan,Naxçıvan Muxtar Respublikası,,alpha,2,False,True,True
AZ,AZ-OGU,OGU,Oguz,Oğuz rayonu,,alpha,3,True,True,True
AZ,AZ-ORD,ORD,Ordubad District,Ordubad rayonu,AZ-NX,alpha,3,True,False,True
AZ,AZ-QAB,QAB,Qabala,Qəbələ rayonu,,alpha,3,True,True,True
AZ,AZ-QAX,QAX,Qax,Qax rayonu,,alpha,3,True,True,True
AZ,AZ-QAZ,QAZ,Qazax,Qazax rayonu,,alpha,3,True,True,True
AZ,AZ-QBA,QBA,Quba,Quba rayonu,,alpha,3,False,True,True
AZ,AZ-QBI,QBI,Gubadly District,Qubadlı rayonu,,alpha,3,False,False,True
AZ,AZ-QOB,QOB,Gobustan District,Qobustan rayonu,,alpha,3,False,False,True
AZ,AZ-QUS,QUS,Qusar,Qusar rayonu,,alpha,3,True,True,True
AZ,AZ-SA,SA,Shaki,Şəki,AZ-SAK,alpha,2,False,False,True
AZ,AZ-SAB,SAB,Sabirabad,Sabirabad rayonu,,alpha,3,True,True,True
AZ,AZ-SAD,SAD,Sadarak District,Sədərək rayonu,AZ-NX,alpha,3,True,False,True
AZ,AZ-SAH,SAH,Shahbuz District,Şahbuz rayonu,AZ-NX,alpha,3,False,False,True
AZ,AZ-SAK,SAK,Saki,Şəki rayonu,,alpha,3,True,True,True
AZ,AZ-SAL,SAL,Salyan,Salyan rayonu,,alpha,3,True,True,True
AZ,AZ-SAR,SAR,Sharur District,Şərur rayonu,AZ-NX,alpha,3,False,False,True
AZ,AZ-SAT,SAT,Saatli,Saatlı rayonu,,alpha,3,False,True,True
AZ,AZ-SBN,SBN,Shabran District,Şabran rayonu,,alpha,3,False,False,True
AZ,AZ-SIY,SIY,Siyazan,Siyəzən rayonu,,alpha,3,True,True,True
AZ,AZ-SKR,SKR,Samkir,Şəmkir rayonu,,alpha,3,False,True,True
AZ,AZ-SM,SM,Sumqayit,Sumqayıt,,alpha,2,False,True,True
AZ,AZ-SMI,SMI,Samaxi,Şamaxı rayonu,,alpha,3,False,True,True
AZ,AZ-SMX,SMX,Samux,Samux rayonu,,alpha,3,False,True,True
AZ,AZ-SR,SR,Sirvan,Şirvan,,alpha,2,False,True,True
AZ,AZ-SUS,SUS,Shusha District,Şuşa rayonu,,alpha,3,False,False,True
AZ,AZ-TAR,TAR,Tartar,Tərtər rayonu,,alpha,3,True,True,True
AZ,AZ-TOV,TOV,Tovuz,Tovuz rayonu,,alpha,3,True,True,True
AZ,AZ-UCA,UCA,Ujar District,Ucar rayonu,,alpha,3,False,False,True
AZ,AZ-XA,XA,Khankendi,Xankəndi,,alpha,2,False,False,True
AZ,AZ-XAC,XAC,Xacmaz,Xaçmaz rayonu,,alpha,3,True,True,True
AZ,AZ-XCI,XCI,Khojaly District,Xocalı rayonu,,alpha,3,False,False,True
AZ,AZ-XIZ,XIZ,Xizi,Xızı rayonu,,alpha,3,True,True,True
AZ,AZ-XVD,XVD,Khojavend District,Xocavənd rayonu,,alpha,3,False,False,True
AZ,AZ-YAR,YAR,Yardimli,Yardımlı rayonu,,alpha,3,True,True,True
AZ,AZ-YE,YE,Yevlakh,Yevlax,AZ-YEV,alpha,2,True,False,True
AZ,AZ-YEV,YEV,Yevlax,,,alpha,3,True,True,True
AZ,AZ-ZAN,ZAN,Zangilan District,Zəngilan rayonu,,alpha,3,True,False,True
AZ,AZ-ZAQ,ZAQ,Zaqatala,Закатала район,,alpha,3,True,True,True
AZ,AZ-ZAR,ZAR,Zardab,Zərdab rayonu,,alpha,3,True,True,True
BA,BA-01,01,Una-Sana Canton,,BA-BIH,numeric,2,False,False,True
BA,BA-02,02,Posavina Canton,,BA-BIH,numeric,2,False,False,True
BA,BA-03,03,Tuzla Canton,,BA-BIH,numeric,2,False,False,True
BA,BA-04,04,Zenica-Doboj Canton,,BA-BIH,numeric,2,False,False,True
BA,BA-05,05,Bosnian Podrinje Canton,,BA-BIH,numeric,2,False,False,True
BA,BA-06,06,Central Bosnia Canton,Средњoбосански кантон,BA-BIH,numeric,2,False,False,True
BA,BA-07,07,Herzegovina-Neretva Canton,Hercegovačko-neretvanski kanton,BA-BIH,numeric,2,False,False,True
BA,BA-08,08,West Herzegovina Canton,Западнохерцеговачки кантон,BA-BIH,numeric,2,False,False,True
BA,BA-09,09,Sarajevo Canton,Сарајевски кантон,BA-BIH,numeric,2,False,False,True
BA,BA-10,10,Canton 10,,BA-BIH,numeric,2,False,False,True
BA,BA-BIH,BIH,Federacija Bosne i Hercegovine,Федерација Босне и Херцеговине,,alpha,3,False,True,True
BA,BA-BRC,BRC,Brcko distrikt,Brčko distrikt,BA-BIH,alpha,3,True,True,True
BA,BA-SRP,SRP,Republika Srpska,Република Српска,,alpha,3,False,True,True
BB,BB-01,01,Christ Church,Christ Church,,numeric,2,False,True,True
BB,BB-02,02,Saint Andrew,Saint-Andrew,,numeric,2,False,True,True
BB,BB-03,03,Saint George,,,numeric,2,False,True,True
BB,BB-04,04,Saint James,,,numeric,2,False,True,True
BB,BB-05,05,Saint John,,,numeric,2,False,True,True
BB,BB-06,06,Saint Joseph,Saint Joseph,,numeric,2,False,False,True
BB,BB-07,07,Saint Lucy,,,numeric,2,False,True,True
BB,BB-08,08,Saint Michael,,,numeric,2,False,True,True
BB,BB-09,09,Saint Peter,,,numeric,2,False,True,True
BB,BB-10,10,Saint Philip,,,numeric,2,False,True,True
BB,BB-11,11,Saint Thomas,,,numeric,2,False,True,True
BD,BD-01,01,Bandarban District,বান্দরবান জেলা,BD-B,numeric,2,False,False,True
BD,BD-02,02,Barguna District,বরগুনা জেলা,BD-A,numeric,2,False,False,True
BD,BD-03,03,Bogura District,বগুড়া জেলা,BD-E,numeric,2,False,False,True
BD,BD-04,04,Brahmanbaria District,ব্রাহ্মণবাড়ীয়া জেলা,BD-B,numeric,2,False,False,True
BD,BD-05,05,Bagerhat District,বাগেরহাট জেলা,BD-D,numeric,2,False,False,True
BD,BD-06,06,Barishal District,বরিশাল জেলা,BD-A,numeric,2,False,False,True
BD,BD-07,07,Bhola District,ভোলা জেলা,BD-A,numeric,2,False,False,True
BD,BD-08,08,Cumilla District,,BD-B,numeric,2,False,False,True
BD,BD-09,09,Chandpur District,চাঁদপুর জেলা,BD-B,numeric,2,False,False,True
BD,BD-10,10,Chattogram District,চট্টগ্রাম জেলা,BD-B,numeric,2,False,False,True
BD,BD-11,11,Cox's Bazar District,কক্সবাজার জেলা,BD-B,numeric,2,False,False,True
BD,BD-12,12,Chuadanga District,চুয়াডাঙ্গা জেলা,BD-D,numeric,2,False,False,True
BD,BD-13,13,Dhaka District,ঢাকা জেলা,BD-C,numeric,2,False,False,True
BD,BD-14,14,Dinajpur District,দিনাজপুর জেলা,BD-F,numeric,2,False,False,True
BD,BD-15,15,Faridpur District,ফরিদপুর জেলা,BD-C,numeric,2,False,False,True
BD,BD-16,16,Feni District,ফেনী জেলা,BD-B,numeric,2,False,False,True
BD,BD-17,17,Gopalganj District,গোপালগঞ্জ জেলা,BD-C,numeric,2,False,False,True
BD,BD-18,18,Gazipur District,গাজীপুর জেলা,BD-C,numeric,2,False,False,True
BD,BD-19,19,Gaibandha District,গাইবান্ধা জেলা,BD-F,numeric,2,False,False,True
BD,BD-20,20,Habiganj District,হবিগঞ্জ জেলা,BD-G,numeric,2,False,False,True
BD,BD-21,21,Jamalpur District,জামালপুর জেলা,BD-H,numeric,2,False,False,True
BD,BD-22,22,Jashore District,যশোর জেলা,BD-D,numeric,2,False,False,True
BD,BD-23,23,Jhenaidah District,ঝিনাইদহ জেলা,BD-D,numeric,2,False,False,True
BD,BD-24,24,Joypurhat District,জয়পুরহাট জেলা,BD-E,numeric,2,False,False,True
BD,BD-25,25,Jhalokati District,ঝালকাঠি জেলা,BD-A,numeric,2,False,False,True
BD,BD-26,26,Kishoreganj District,কিশোরগঞ্জ জেলা,BD-C,numeric,2,False,False,True
BD,BD-27,27,Khulna District,খুলনা জেলা,BD-D,numeric,2,False,False,True
BD,BD-28,28,Kurigram District,কুড়িগ্রাম জেলা,BD-F,numeric,2,False,False,True
BD,BD-29,29,Khagrachari District,খাগড়াছড়ি জেলা,BD-B,numeric,2,False,False,True
BD,BD-30,30,Kushtia District,,BD-D,numeric,2,False,False,True
BD,BD-31,31,Lakshmipur District,লক্ষ্মীপুর জেলা,BD-B,numeric,2,False,False,True
BD,BD-32,32,Lalmonirhat District,লালমনিরহাট জেলা,BD-F,numeric,2,False,False,True
BD,BD-33,33,Manikganj District,মানিকগঞ্জ জেলা,BD-C,numeric,2,False,False,True
BD,BD-34,34,Mymensingh District,ময়মনসিংহ জেলা,BD-H,numeric,2,False,False,True
BD,BD-35,35,Munshiganj District,মুন্সিগঞ্জ জেলা,BD-C,numeric,2,False,False,True
BD,BD-36,36,Madaripur District,মাদারীপুর জেলা,BD-C,numeric,2,False,False,True
BD,BD-37,37,Magura District,,BD-D,numeric,2,False,False,True
BD,BD-38,38,Moulvibazar District,মৌলভীবাজার জেলা,BD-G,numeric,2,False,False,True
BD,BD-39,39,Meherpur District,মেহেরপুর জেলা,BD-D,numeric,2,False,False,True
BD,BD-40,40,Narayanganj District,নারায়ণগঞ্জ জেলা,BD-C,numeric,2,False,False,True
BD,BD-41,41,Netrokona District,নেত্রকোণা জেলা,BD-H,numeric,2,False,False,True
BD,BD-42,42,Narsingdi District,নরসিংদী জেলা,BD-C,numeric,2,False,False,True
BD,BD-43,43,Narail District,নড়াইল জেলা,BD-D,numeric,2,False,False,True
BD,BD-44,44,Natore District,নাটোর জেলা,BD-E,numeric,2,False,False,True
BD,BD-45,45,Chapai Nawabganj,চাঁপাইনবাবগঞ্জ জেলা,BD-E,numeric,2,False,False,True
BD,BD-46,46,Nilphamari District,নীলফামারী জেলা,BD-F,numeric,2,False,False,True
BD,BD-47,47,Noakhali District,নোয়াখালী জেলা,BD-B,numeric,2,False,False,True
BD,BD-48,48,Naogaon District,নওগাঁ জেলা,BD-E,numeric,2,False,False,True
BD,BD-49,49,Pabna District,পাবনা জেলা,BD-E,numeric,2,False,False,True
BD,BD-50,50,Pirojpur District,পিরোজপুর জেলা,BD-A,numeric,2,False,False,True
BD,BD-51,51,Patuakhali District,পটুয়াখালী জেলা,BD-A,numeric,2,False,False,True
BD,BD-52,52,Panchagarh District,পঞ্চগড় জেলা,BD-F,numeric,2,False,False,True
BD,BD-53,53,Rajbari District,রাজবাড়ী জেলা,BD-C,numeric,2,False,False,True
BD,BD-54,54,Rajshahi District,রাজশাহী জেলা,BD-E,numeric,2,False,False,True
BD,BD-55,55,Rangpur District,রংপুর জেলা,BD-F,numeric,2,False,False,True
BD,BD-56,56,Rangamati District,রাঙ্গামাটি জেলা,BD-B,numeric,2,False,False,True
BD,BD-57,57,Sherpur District,শেরপুর জেলা,BD-H,numeric,2,False,False,True
BD,BD-58,58,Satkhira District,সাতক্ষীরা জেলা,BD-D,numeric,2,False,False,True
BD,BD-59,59,Sirajganj District,সিরাজগঞ্জ জেলা,BD-E,numeric,2,False,False,True
BD,BD-60,60,Sylhet District,,BD-G,numeric,2,False,False,True
BD,BD-61,61,Sunamganj District,সুনামগঞ্জ জেলা,BD-G,numeric,2,False,False,True
BD,BD-62,62,Shariatpur District,শরীয়তপুর জেলা,BD-C,numeric,2,False,False,True
BD,BD-63,63,Tangail District,টাঙ্গাইল জেলা,BD-C,numeric,2,False,False,True
BD,BD-64,64,Thakurgaon District,ঠাকুরগাঁও জেলা,BD-F,numeric,2,False,False,True
BD,BD-A,A,Barisal Division,,,alpha,1,False,False,True
BD,BD-B,B,Chattogram Division,,,alpha,1,False,False,True
BD,BD-C,C,Dhaka,,,alpha,1,False,True,True
BD,BD-D,D,Khulna,,,alpha,1,False,True,True
BD,BD-E,E,Rajshahi,,,alpha,1,False,True,True
BD,BD-F,F,Rangpur,,,alpha,1,False,True,True
BD,BD-G,G,Sylhet,,,alpha,1,False,True,True
BD,BD-H,H,Mymensingh Division,,,alpha,1,False,False,True
BE,BE-BRU,BRU,Brussels Hoofdstedelijk Gewest,Bruxelles,,alpha,3,True,True,True
BE,BE-VAN,VAN,Antwerpen,Antwerpen,BE-VLG,alpha,3,False,True,True
BE,BE-VBR,VBR,Vlaams-Brabant,Vlaams-Brabant,BE-VLG,alpha,3,True,True,True
BE,BE-VLG,VLG,Flemish Region,Vlaanderen,,alpha,3,False,False,True
BE,BE-VLI,VLI,Limburg,Wes-Limburg,BE-VLG,alpha,3,False,True,True
BE,BE-VOV,VOV,Oost-Vlaanderen,Oost-Vlaanderen,BE-VLG,alpha,3,False,True,True
BE,BE-VWV,VWV,West-Vlaanderen,West-Vloandern,BE-VLG,alpha,3,False,True,True
BE,BE-WAL,WAL,Walloon Region,,,alpha,3,True,False,True
BE,BE-WBR,WBR,Brabant wallon,Waals-Brabant,BE-WAL,alpha,3,False,True,True
BE,BE-WHT,WHT,Hainaut,Hinnot,BE-WAL,alpha,3,False,True,True
BE,BE-WLG,WLG,Liege,Lüttich,BE-WAL,alpha,3,False,True,True
BE,BE-WLX,WLX,Luxembourg,,BE-WAL,alpha,3,False,True,True
BE,BE-WNA,WNA,Namur,Namur,BE-WAL,alpha,3,False,True,True
BF,BF-01,01,Bankui,,,numeric,2,False,False,True
BF,BF-02,02,Tannounyan,,,numeric,2,False,False,True
BF,BF-03,03,Kadiogo,,,numeric,2,False,False,True
BF,BF-04,04,Nakambé (région),,,numeric,2,False,False,True
BF,BF-05,05,Kuilsé,,,numeric,2,False,False,True
BF,BF-06,06,Nando,,,numeric,2,False,False,True
BF,BF-07,07,Nazinon,,,numeric,2,False,False,True
BF,BF-08,08,Goulmou,,,numeric,2,False,False,True
BF,BF-09,09,Guiriko,Hauts-Bassins,,numeric,2,False,False,True
BF,BF-10,10,Yaadga,Nord,,numeric,2,False,False,True
BF,BF-11,11,Oubri,,,numeric,2,False,False,True
BF,BF-12,12,Liptako,,,numeric,2,False,False,True
BF,BF-13,13,Djôrô,,,numeric,2,False,False,True
BF,BF-BAL,BAL,Balé Province,Balé,BF-01,alpha,3,True,False,True
BF,BF-BAM,BAM,Bam,,BF-05,alpha,3,True,True,True
BF,BF-BAN,BAN,Banwa Province,Banwa,BF-01,alpha,3,True,False,True
BF,BF-BAZ,BAZ,Bazega,,BF-07,alpha,3,True,True,True
BF,BF-BGR,BGR,Bougouriba Province,,BF-13,alpha,3,False,False,True
BF,BF-BLG,BLG,Boulgou,,BF-04,alpha,3,False,True,True
BF,BF-BLK,BLK,Boulkiemde,,BF-06,alpha,3,False,True,True
BF,BF-COM,COM,Comoe,,BF-02,alpha,3,True,True,True
BF,BF-GAN,GAN,Ganzourgou,,BF-11,alpha,3,True,True,True
BF,BF-GNA,GNA,Gnagna,,BF-08,alpha,3,True,True,True
BF,BF-GOU,GOU,Gourma,,BF-08,alpha,3,True,True,True
BF,BF-HOU,HOU,Houet,,BF-09,alpha,3,True,True,True
BF,BF-IOB,IOB,Ioba Province,,BF-13,alpha,3,True,False,True
BF,BF-KAD,KAD,Kadiogo,,BF-03,alpha,3,True,True,True
BF,BF-KEN,KEN,Kénédougou Province,,BF-09,alpha,3,True,False,True
BF,BF-KMD,KMD,Komondjari,,BF-08,alpha,3,False,True,True
BF,BF-KMP,KMP,Kompienga,,BF-08,alpha,3,False,True,True
BF,BF-KOP,KOP,Koulpelogo,,BF-04,alpha,3,False,True,True
BF,BF-KOS,KOS,Kossi Province,,BF-01,alpha,3,True,False,True
BF,BF-KOT,KOT,Kouritenga,,BF-04,alpha,3,False,True,True
BF,BF-KOW,KOW,Kourweogo,,BF-11,alpha,3,False,True,True
BF,BF-LER,LER,Leraba,,BF-02,alpha,3,True,True,True
BF,BF-LOR,LOR,Loroum,Loroum,BF-10,alpha,3,True,True,True
BF,BF-MOU,MOU,Mouhoun,,BF-01,alpha,3,True,False,True
BF,BF-NAM,NAM,Namentenga,Namentenga,BF-05,alpha,3,True,True,True
BF,BF-NAO,NAO,Nahouri,,BF-07,alpha,3,False,True,True
BF,BF-NAY,NAY,Nayala,,BF-01,alpha,3,True,True,True
BF,BF-NOU,NOU,Noumbiel Province,,BF-13,alpha,3,True,False,True
BF,BF-OUB,OUB,Oubritenga,,BF-11,alpha,3,True,True,True
BF,BF-OUD,OUD,Oudalan,Oudalan,BF-12,alpha,3,True,True,True
BF,BF-PAS,PAS,Passore,,BF-10,alpha,3,True,True,True
BF,BF-PON,PON,Poni,,BF-13,alpha,3,True,True,True
BF,BF-SEN,SEN,Seno,,BF-12,alpha,3,True,True,True
BF,BF-SIS,SIS,Sissili,,BF-06,alpha,3,True,True,True
BF,BF-SMT,SMT,Sanmatenga,,BF-05,alpha,3,False,True,True
BF,BF-SNG,SNG,Sanguie,,BF-06,alpha,3,False,True,True
BF,BF-SOM,SOM,Soum,,BF-12,alpha,3,False,True,True
BF,BF-SOR,SOR,Sourou,,BF-01,alpha,3,False,True,True
BF,BF-TAP,TAP,Tapoa,Tapoa,BF-08,alpha,3,True,True,True
BF,BF-TUI,TUI,Tuy,,BF-09,alpha,3,False,True,True
BF,BF-YAG,YAG,Yagha Province,Yagha,BF-12,alpha,3,True,False,True
BF,BF-YAT,YAT,Yatenga,Yatenga,BF-10,alpha,3,True,True,True
BF,BF-ZIR,ZIR,Ziro,,BF-06,alpha,3,True,True,True
BF,BF-ZON,ZON,Zondoma,,BF-10,alpha,3,True,True,True
BF,BF-ZOU,ZOU,Zoundweogo,,BF-07,alpha,3,True,True,True
BG,BG-01,01,Blagoevgrad,Област Благоевград,,numeric,2,False,True,True
BG,BG-02,02,Burgas,Burgaz ili,,numeric,2,False,True,True
BG,BG-03,03,Varna,Област Варна,,numeric,2,False,True,True
BG,BG-04,04,Veliko Tarnovo,,,numeric,2,False,True,True
BG,BG-05,05,Vidin,Област Видин,,numeric,2,False,True,True
BG,BG-06,06,Vratsa,Област Враца,,numeric,2,False,True,True
BG,BG-07,07,Gabrovo,,,numeric,2,False,True,True
BG,BG-08,08,Dobrich,,,numeric,2,False,True,True
BG,BG-09,09,Kardzhali,Kırcaali,,numeric,2,False,True,True
BG,BG-10,10,Kyustendil,Област Кюстендил,,numeric,2,False,True,True
BG,BG-11,11,Lovech,,,numeric,2,False,True,True
BG,BG-12,12,Montana,,,numeric,2,False,True,True
BG,BG-13,13,Pazardzhik,,,numeric,2,False,True,True
BG,BG-14,14,Pernik,,,numeric,2,False,True,True
BG,BG-15,15,Pleven,Плевен,,numeric,2,False,True,True
BG,BG-16,16,Plovdiv,,,numeric,2,False,True,True
BG,BG-17,17,Razgrad,,,numeric,2,False,True,True
BG,BG-18,18,Ruse,,,numeric,2,False,True,True
BG,BG-19,19,Silistra,Област Силистра,,numeric,2,False,True,True
BG,BG-20,20,Sliven,,,numeric,2,False,True,True
BG,BG-21,21,Smolyan,Smolyan ili,,numeric,2,False,True,True
BG,BG-22,22,Sofia (stolitsa),Област София (столица),,numeric,2,False,True,True
BG,BG-23,23,Sofia,,,numeric,2,False,True,True
BG,BG-24,24,Stara Zagora,,,numeric,2,False,True,True
BG,BG-25,25,Targovishte,Област Търговище,,numeric,2,False,True,True
BG,BG-26,26,Haskovo,Хасково,,numeric,2,False,True,True
BG,BG-27,27,Shumen,Област Шумен,,numeric,2,False,True,True
BG,BG-28,28,Yambol,,,numeric,2,False,True,True
BH,BH-13,13,Al 'Asimah,محافظة العاصمة,,numeric,2,False,True,True
BH,BH-14,14,Al Janubiyah,,,numeric,2,False,True,True
BH,BH-15,15,Al Muharraq,,,numeric,2,False,True,True
BH,BH-16,16,Central Governorate,,,numeric,2,False,False,True
BH,BH-17,17,Ash Shamaliyah,,,numeric,2,False,True,True
BI,BI-BB,BB,Bubanza Province,Bubanza,,alpha,2,False,False,True
BI,BI-BL,BL,Bujumbura Rural Province,Bujumbura Rural,,alpha,2,False,False,True
BI,BI-BM,BM,Bujumbura Mairie,Bujumbura Mairie,,alpha,2,True,True,True
BI,BI-BR,BR,Bururi Province,Bururi,,alpha,2,False,False,True
BI,BI-CA,CA,Cankuzo Province,Cankuzo,,alpha,2,True,False,True
BI,BI-CI,CI,Cibitoke,Cibitoke,,alpha,2,True,True,True
BI,BI-GI,GI,Gitega,Gitega,,alpha,2,True,True,True
BI,BI-KI,KI,Kirundo,Kirundo,,alpha,2,True,True,True
BI,BI-KR,KR,Karuzi Province,Karuzi,,alpha,2,False,False,True
BI,BI-KY,KY,Kayanza Province,Kayanza,,alpha,2,False,False,True
BI,BI-MA,MA,Makamba Province,Makamba,,alpha,2,True,False,True
BI,BI-MU,MU,Muramvya Province,Muramvya,,alpha,2,True,False,True
BI,BI-MW,MW,Mwaro,Mwaro,,alpha,2,True,True,True
BI,BI-MY,MY,Muyinga Province,Muyinga,,alpha,2,False,False,True
BI,BI-NG,NG,Ngozi,Ngozi,,alpha,2,True,True,True
BI,BI-RM,RM,Rumonge Province,Rumonge,,alpha,2,False,False,True
BI,BI-RT,RT,Rutana,Rutana,,alpha,2,False,True,True
BI,BI-RY,RY,Ruyigi,Ruyigi,,alpha,2,False,True,True
BJ,BJ-AK,AK,Atacora,,,alpha,2,False,True,True
BJ,BJ-AL,AL,Alibori,,,alpha,2,True,True,True
BJ,BJ-AQ,AQ,Atlantique,,,alpha,2,False,True,True
BJ,BJ-BO,BO,Borgou,,,alpha,2,True,True,True
BJ,BJ-CO,CO,Collines,Collines,,alpha,2,True,True,True
BJ,BJ-DO,DO,Donga,,,alpha,2,True,True,True
BJ,BJ-KO,KO,Kouffo Department,Couffo,,alpha,2,True,False,True
BJ,BJ-LI,LI,Littoral,,,alpha,2,True,True,True
BJ,BJ-MO,MO,Mono,,,alpha,2,True,True,True
BJ,BJ-OU,OU,Oueme,,,alpha,2,True,True,True
BJ,BJ-PL,PL,Plateau,,,alpha,2,True,True,True
BJ,BJ-ZO,ZO,Zou,Zou,,alpha,2,True,True,True
BN,BN-BE,BE,Belait,Belait,,alpha,2,True,True,True
BN,BN-BM,BM,Brunei-Muara,Daerah Brunei dan Muara,,alpha,2,True,True,True
BN,BN-TE,TE,Temburong,Daerah Temburong,,alpha,2,True,True,True
BN,BN-TU,TU,Tutong,,,alpha,2,True,True,True
BO,BO-B,B,El Beni,Beni,,alpha,1,False,True,True
BO,BO-C,C,Cochabamba,Cochabamba,,alpha,1,True,True,True
BO,BO-H,H,Chuquisaca,,,alpha,1,False,True,True
BO,BO-L,L,La Paz,La Paz,,alpha,1,True,True,True
BO,BO-N,N,Pando,,,alpha,1,False,True,True
BO,BO-O,O,Oruro,,,alpha,1,True,True,True
BO,BO-P,P,Potosi,,,alpha,1,True,True,True
BO,BO-S,S,Santa Cruz,Santa Cruz,,alpha,1,True,True,True
BO,BO-T,T,Tarija,,,alpha,1,True,True,True
BQ,BQ-BO,BO,Bonaire,,,alpha,2,True,True,False
BQ,BQ-SA,SA,Saba,,,alpha,2,True,True,False
BQ,BQ-SE,SE,Sint Eustatius,Sint Eustatius,,alpha,2,True,True,True
BR,BR-AC,AC,Acre,Acre,,alpha,2,True,True,True
BR,BR-AL,AL,Alagoas,Alagoas,,alpha,2,True,True,True
BR,BR-AM,AM,Amazonas,Estado do Amazonas,,alpha,2,True,True,True
BR,BR-AP,AP,Amapa,Amapá,,alpha,2,False,True,True
BR,BR-BA,BA,Bahia,Bahia,,alpha,2,True,True,True
BR,BR-CE,CE,Ceara,,,alpha,2,True,True,True
BR,BR-DF,DF,Distrito Federal,,,alpha,2,True,True,True
BR,BR-ES,ES,Espirito Santo,Espírito Santo,,alpha,2,True,True,True
BR,BR-GO,GO,Goias,,,alpha,2,True,True,True
BR,BR-MA,MA,Maranhao,,,alpha,2,True,True,True
BR,BR-MG,MG,Minas Gerais,Estat de Minas Gerais,,alpha,2,True,True,True
BR,BR-MS,MS,Mato Grosso do Sul,,,alpha,2,False,True,True
BR,BR-MT,MT,Mato Grosso,Mato Grosso,,alpha,2,False,True,True
BR,BR-PA,PA,Para,,,alpha,2,True,True,True
BR,BR-PB,PB,Paraiba,,,alpha,2,False,True,True
BR,BR-PE,PE,Pernambuco,,,alpha,2,True,True,False
BR,BR-PI,PI,Piaui,,,alpha,2,True,True,True
BR,BR-PR,PR,Parana,,,alpha,2,False,True,True
BR,BR-RJ,RJ,Rio de Janeiro,,,alpha,2,False,True,True
BR,BR-RN,RN,Rio Grande do Norte,,,alpha,2,False,True,True
BR,BR-RO,RO,Rondonia,,,alpha,2,True,True,True
BR,BR-RR,RR,Roraima,,,alpha,2,False,True,True
BR,BR-RS,RS,Rio Grande do Sul,Rio Grande do Sul,,alpha,2,False,True,True
BR,BR-SC,SC,Santa Catarina,,,alpha,2,True,True,True
BR,BR-SE,SE,Sergipe,,,alpha,2,True,True,True
BR,BR-SP,SP,Sao Paulo,São Paulo,,alpha,2,True,True,True
BR,BR-TO,TO,Tocantins,,,alpha,2,True,True,False
BS,BS-AC,AC,Acklins and Crooked Islands,,,alpha,2,True,False,True
BS,BS-AK,AK,Acklins,,,alpha,2,False,False,True
BS,BS-BI,BI,Bimini,,,alpha,2,True,False,True
BS,BS-BP,BP,Black Point,,,alpha,2,True,False,True
BS,BS-BY,BY,Berry Islands,,,alpha,2,False,False,True
BS,BS-CE,CE,Central Eleuthera,,,alpha,2,True,False,True
BS,BS-CI,CI,Cat Island,,,alpha,2,True,False,True
BS,BS-CK,CK,Crooked Island,,,alpha,2,False,False,True
BS,BS-CO,CO,Central Abaco,,,alpha,2,False,False,True
BS,BS-CS,CS,Central Andros,,,alpha,2,False,False,True
BS,BS-EG,EG,East Grand Bahama,,,alpha,2,True,False,True
BS,BS-EX,EX,Exuma,,,alpha,2,True,False,True
BS,BS-FC,FC,Fresh Creek,,BS-NS,alpha,2,True,False,True
BS,BS-FP,FP,City of Freeport,,,alpha,2,False,True,True
BS,BS-GC,GC,Grand Cay,,,alpha,2,True,False,True
BS,BS-GH,GH,Governor's Harbour,,,alpha,2,False,False,True
BS,BS-GT,GT,Green Turtle Cay,,,alpha,2,True,False,True
BS,BS-HI,HI,Harbour Island,,,alpha,2,True,False,True
BS,BS-HR,HR,High Rock,,,alpha,2,True,False,True
BS,BS-HT,HT,Hope Town,,,alpha,2,True,False,True
BS,BS-IN,IN,Inagua,,,alpha,2,True,False,True
BS,BS-KB,KB,Kemps Bay,,BS-SA,alpha,2,True,False,True
BS,BS-LI,LI,Long Island,,,alpha,2,True,True,True
BS,BS-MC,MC,Mangrove Cay,,,alpha,2,True,False,True
BS,BS-MG,MG,Mayaguana District,,,alpha,2,False,False,True
BS,BS-MH,MH,Marsh Harbour,,BS-CO,alpha,2,True,False,True
BS,BS-MI,MI,Moore's Island District,,,alpha,2,False,False,True
BS,BS-NB,NB,Nichollstown and Berry Islands,,BS-BY,alpha,2,False,False,True
BS,BS-NE,NE,North Eleuthera,,,alpha,2,True,False,True
BS,BS-NO,NO,North Abaco,,,alpha,2,True,False,True
BS,BS-NP,NP,New Providence,,,alpha,2,True,True,True
BS,BS-NS,NS,North Andros,,,alpha,2,False,False,True
BS,BS-RC,RC,Rum Cay District,,,alpha,2,True,False,True
BS,BS-RI,RI,Ragged Island,,,alpha,2,True,False,True
BS,BS-RS,RS,Rock Sound,,BS-SE,alpha,2,True,False,True
BS,BS-SA,SA,South Andros,,,alpha,2,True,False,True
BS,BS-SE,SE,South Eleuthera,,,alpha,2,True,True,True
BS,BS-SO,SO,South Abaco,,,alpha,2,True,False,True
BS,BS-SP,SP,Sandy Point,,,alpha,2,True,False,True
BS,BS-SR,SR,San Salvador and Rum Cay,,,alpha,2,False,False,True
BS,BS-SS,SS,San Salvador Island,,,alpha,2,True,False,True
BS,BS-SW,SW,Spanish Wells,,,alpha,2,True,False,True
BS,BS-WG,WG,West Grand Bahama,,,alpha,2,True,False,True
BT,BT-11,11,Paro,སྤ་རོ་རྫོང་ཁག,,numeric,2,False,True,True
BT,BT-12,12,Chhukha,,,numeric,2,False,True,True
BT,BT-13,13,Haa,,,numeric,2,False,True,True
BT,BT-14,14,Samtse,བསམ་རྩེ་རྫོང་ཁག་,,numeric,2,False,True,True
BT,BT-15,15,Thimphu,,,numeric,2,False,True,True
BT,BT-21,21,Tsirang,,,numeric,2,False,True,True
BT,BT-22,22,Dagana District,དར་དཀར་ན་རྫོང་ཁག་,,numeric,2,False,False,True
BT,BT-23,23,Punakha,སྤུ་ན་ཁ་རྫོང་ཁག,,numeric,2,False,True,True
BT,BT-24,24,Wangdue Phodrang,དབང་འདུས་ཕོ་བྲང་རྫོང་ཁག,,numeric,2,False,True,True
BT,BT-31,31,Sarpang District,གསར་སྤང་རྫོང་ཁག་,,numeric,2,False,False,True
BT,BT-32,32,Trongsa,,,numeric,2,False,True,True
BT,BT-33,33,Bumthang,,,numeric,2,False,True,True
BT,BT-34,34,Zhemgang District,,,numeric,2,False,False,True
BT,BT-41,41,Trashigang,,,numeric,2,False,True,True
BT,BT-42,42,Monggar,,,numeric,2,False,True,True
BT,BT-43,43,Pemagatshel District,,,numeric,2,False,False,True
BT,BT-44,44,Lhuentse,,,numeric,2,False,True,True
BT,BT-45,45,Samdrup Jongkhar,,,numeric,2,False,True,True
BT,BT-GA,GA,Gasa,,,alpha,2,True,True,True
BT,BT-TY,TY,Trashiyangtse District,,,alpha,2,False,False,True
BW,BW-CE,CE,Central,Central District,,alpha,2,True,True,True
BW,BW-CH,CH,Chobe District,,,alpha,2,True,False,True
BW,BW-FR,FR,Francistown,Francistown,BW-NE,alpha,2,True,False,True
BW,BW-GA,GA,Gaborone,Gaborone,BW-SE,alpha,2,True,False,True
BW,BW-GH,GH,Ghanzi District,Ghanzi,,alpha,2,True,False,True
BW,BW-JW,JW,Jwaneng,,BW-SO,alpha,2,True,False,True
BW,BW-KG,KG,Kgalagadi District,Kgalagadi,,alpha,2,True,False,True
BW,BW-KL,KL,Kgatleng,Kgatleng,,alpha,2,False,True,True
BW,BW-KW,KW,Kweneng,Kweneng,,alpha,2,True,True,True
BW,BW-LO,LO,Lobatse,Lobatse,BW-SE,alpha,2,True,False,True
BW,BW-NE,NE,North East,North-East District,,alpha,2,True,True,True
BW,BW-NG,NG,Ngamiland,,,alpha,2,True,False,True
BW,BW-NW,NW,North West,,,alpha,2,True,True,True
BW,BW-SE,SE,South East,,,alpha,2,True,True,True
BW,BW-SO,SO,Southern,Southern District,,alpha,2,True,True,True
BW,BW-SP,SP,Selebi-Phikwe,Selebi-Phikwe,BW-CE,alpha,2,True,False,True
BW,BW-ST,ST,Sowa,,BW-CE,alpha,2,False,False,True
BY,BY-BR,BR,Brestskaya voblasts',Брэсцкая вобласць,,alpha,2,True,True,True
BY,BY-HM,HM,Horad Minsk,Мінск,,alpha,2,True,True,True
BY,BY-HO,HO,Homyel'skaya voblasts',Гомельская вобласць,,alpha,2,True,True,True
BY,BY-HR,HR,Horadnia Region,Гродненская область,,alpha,2,True,False,True
BY,BY-MA,MA,Mahilyowskaya voblasts',Магілёўская вобласьць,,alpha,2,True,True,True
BY,BY-MI,MI,Minskaya voblasts',Мінская вобласць,,alpha,2,True,True,True
BY,BY-VI,VI,Vitsyebskaya voblasts',Віцебская вобласць,,alpha,2,True,True,True
BZ,BZ-BZ,BZ,Belize,,,alpha,2,False,True,True
BZ,BZ-CY,CY,Cayo,,,alpha,2,False,True,True
BZ,BZ-CZL,CZL,Corozal,,,alpha,3,False,True,True
BZ,BZ-OW,OW,Orange Walk,,,alpha,2,True,True,True
BZ,BZ-SC,SC,Stann Creek,,,alpha,2,True,True,True
BZ,BZ-TOL,TOL,Toledo,,,alpha,3,True,True,True
CA,CA-AB,AB,Alberta,Alberta,,alpha,2,False,True,True
CA,CA-BC,BC,British Columbia,British Columbia,,alpha,2,True,True,True
CA,CA-MB,MB,Manitoba,Manitoba,,alpha,2,False,True,True
CA,CA-NB,NB,New Brunswick,Nouveau-Brunswick,,alpha,2,True,True,True
CA,CA-NL,NL,Newfoundland and Labrador,Terre-Neuve-et-Labrador,,alpha,2,False,True,True
CA,CA-NS,NS,Nova Scotia,Nova Scotia,,alpha,2,True,True,True
CA,CA-NT,NT,Northwest Territories,ᓄᓇᑦᓯᐊᖅ,,alpha,2,True,True,True
CA,CA-NU,NU,Nunavut,ᓄᓇᕗᑦ,,alpha,2,True,True,True
CA,CA-ON,ON,Ontario,Ontario,,alpha,2,True,True,True
CA,CA-PE,PE,Prince Edward Island,Île-du-Prince-Édouard,,alpha,2,True,True,True
CA,CA-QC,QC,Quebec,Québec,,alpha,2,False,True,True
CA,CA-SK,SK,Saskatchewan,Saskatchewan,,alpha,2,False,True,True
CA,CA-YT,YT,Yukon,,,alpha,2,False,True,True
CD,CD-BC,BC,Kongo Central,,,alpha,2,False,False,True
CD,CD-BN,BN,Bandundu Province,Bandundu,,alpha,2,False,False,True
CD,CD-BU,BU,Bas-Uele,,,alpha,2,True,False,True
CD,CD-EQ,EQ,Equateur,,,alpha,2,True,True,True
CD,CD-HK,HK,Haut-Katanga,Haut-Katanga,,alpha,2,True,True,True
CD,CD-HL,HL,Haut-Lomami Province,Haut-Lomami,,alpha,2,True,False,True
CD,CD-HU,HU,Haut-Uele,,,alpha,2,True,False,True
CD,CD-IT,IT,Ituri,,,alpha,2,True,True,True
CD,CD-KA,KA,Katanga Province,Katanga,,alpha,2,True,False,True
CD,CD-KC,KC,Kasai Central,,,alpha,2,True,True,True
CD,CD-KE,KE,Kasai Oriental,,,alpha,2,False,True,True
CD,CD-KG,KG,Kwango Province,,,alpha,2,False,False,True
CD,CD-KL,KL,Kwilu,,,alpha,2,False,True,True
CD,CD-KN,KN,Kinshasa,Kinshasa,,alpha,2,False,True,True
CD,CD-KS,KS,Kasaï District,,CD-KW,alpha,2,False,False,True
CD,CD-KW,KW,Kasaï-Occidental,,,alpha,2,False,False,True
CD,CD-LO,LO,Lomami Province,,,alpha,2,True,False,True
CD,CD-LU,LU,Lualaba,,,alpha,2,True,True,True
CD,CD-MA,MA,Maniema,,,alpha,2,True,False,True
CD,CD-MN,MN,Mai-Ndombe Province,,,alpha,2,True,False,True
CD,CD-MO,MO,Mongala,,,alpha,2,True,False,True
CD,CD-NK,NK,Nord-Kivu,Mkoa wa Kivu Kaskazini,,alpha,2,True,True,True
CD,CD-NU,NU,Nord-Ubangi,,,alpha,2,True,False,True
CD,CD-OR,OR,Orientale Province,Etúká ya Monyɛlɛ,,alpha,2,True,False,True
CD,CD-SA,SA,Sankuru,,,alpha,2,True,True,True
CD,CD-SK,SK,Sud-Kivu,Intara ya Kivu y’Amajyepfo,,alpha,2,True,True,True
CD,CD-SU,SU,Sud-Ubangi,,,alpha,2,True,False,True
CD,CD-TA,TA,Tanganyika,,,alpha,2,True,True,True
CD,CD-TO,TO,Tshopo,,,alpha,2,False,True,True
CD,CD-TU,TU,Tshuapa,,,alpha,2,False,False,True
CF,CF-AC,AC,Ouham,,,alpha,2,False,True,True
CF,CF-BB,BB,Bamingui-Bangoran Prefecture,,,alpha,2,True,False,True
CF,CF-BGF,BGF,Bangui,Kötä gbätä tî Bangî,,alpha,3,False,True,True
CF,CF-BK,BK,Basse-Kotto Prefecture,,,alpha,2,True,False,True
CF,CF-HK,HK,Haute-Kotto Prefecture,,,alpha,2,True,False,True
CF,CF-HM,HM,Haut-Mbomou Prefecture,,,alpha,2,True,False,True
CF,CF-HS,HS,Mambéré-Kadéï,,,alpha,2,False,False,True
CF,CF-KB,KB,Nana-Grébizi Economic Prefecture,,,alpha,2,False,False,True
CF,CF-KG,KG,Kémo Prefecture,,,alpha,2,False,False,True
CF,CF-LB,LB,Lobaye Prefecture,,,alpha,2,False,False,True
CF,CF-MB,MB,Mbomou Prefecture,,,alpha,2,True,False,True
CF,CF-MP,MP,Ombella-M'Poko Prefecture,,,alpha,2,False,False,True
CF,CF-NM,NM,Nana-Mambere,,,alpha,2,True,True,True
CF,CF-OP,OP,Ouham-Pende,,,alpha,2,True,True,True
CF,CF-SE,SE,Sangha-Mbaéré,,,alpha,2,False,False,True
CF,CF-UK,UK,Ouaka Prefecture,,,alpha,2,False,False,True
CF,CF-VK,VK,Vakaga Prefecture,,,alpha,2,False,False,True
CG,CG-11,11,Bouenza Department,,,numeric,2,False,False,True
CG,CG-12,12,Pool Department,,,numeric,2,False,False,True
CG,CG-13,13,Sangha,,,numeric,2,False,True,True
CG,CG-14,14,Plateaux Department,,,numeric,2,False,False,True
CG,CG-15,15,Cuvette-Ouest,Cuvette-Ouest,,numeric,2,False,True,True
CG,CG-16,16,Pointe-Noire,,,numeric,2,False,True,True
CG,CG-2,2,Lékoumou Department,,,numeric,1,False,False,True
CG,CG-5,5,Kouilou Department,,,numeric,1,False,False,True
CG,CG-7,7,Likouala Department,,,numeric,1,False,False,True
CG,CG-8,8,Cuvette Department,,,numeric,1,False,False,True
CG,CG-9,9,Niari Department,,,numeric,1,False,False,True
CG,CG-BZV,BZV,Brazzaville,,,alpha,3,False,True,False
CH,CH-AG,AG,Aargau,Kanton Aargau,,alpha,2,False,True,True
CH,CH-AI,AI,Appenzell Innerrhoden,Kanton Appenzell Innerrhoden,,alpha,2,True,True,True
CH,CH-AR,AR,Appenzell Ausserrhoden,Kanton Appenzell Ausserrhoden,,alpha,2,False,True,True
CH,CH-BE,BE,Bern,Kanton Bern,,alpha,2,True,True,True
CH,CH-BL,BL,Basel-Landschaft,Kanton Basel-Landschaft,,alpha,2,True,True,True
CH,CH-BS,BS,Basel-Stadt,Kanton Basel-Stadt,,alpha,2,True,True,True
CH,CH-FR,FR,Fribourg,Kanton Freiburg,,alpha,2,True,True,True
CH,CH-GE,GE,Geneve,République et canton de Genève,,alpha,2,True,True,True
CH,CH-GL,GL,Glarus,Kanton Glarus,,alpha,2,True,True,True
CH,CH-GR,GR,Graubunden,Grigioni,,alpha,2,True,True,True
CH,CH-JU,JU,Jura,Jura,,alpha,2,True,True,True
CH,CH-LU,LU,Luzern,,,alpha,2,True,True,True
CH,CH-NE,NE,Neuchatel,Neuchâtel,,alpha,2,True,True,True
CH,CH-NW,NW,Nidwalden,,,alpha,2,False,True,True
CH,CH-OW,OW,Obwalden,Sursilvania,,alpha,2,False,True,True
CH,CH-SG,SG,Sankt Gallen,,,alpha,2,True,True,True
CH,CH-SH,SH,Schaffhausen,,,alpha,2,False,True,True
CH,CH-SO,SO,Solothurn,,,alpha,2,True,True,True
CH,CH-SZ,SZ,Schwyz,Schwyz,,alpha,2,False,True,True
CH,CH-TG,TG,Thurgau,,,alpha,2,False,True,True
CH,CH-TI,TI,Ticino,Ticino,,alpha,2,True,True,True
CH,CH-UR,UR,Uri,Uri,,alpha,2,True,True,True
CH,CH-VD,VD,Vaud,Vaud,,alpha,2,False,True,True
CH,CH-VS,VS,Valais,Wallis,,alpha,2,False,True,True
CH,CH-ZG,ZG,Zug,,,alpha,2,False,True,True
CH,CH-ZH,ZH,Zurich,Zürich,,alpha,2,False,True,True
CI,CI-01,01,Lagunes region,Lagunes,,numeric,2,False,False,True
CI,CI-02,02,Haut-Sassandra,,CI-SM,numeric,2,False,False,True
CI,CI-03,03,Savanes Region,,,numeric,2,False,False,True
CI,CI-04,04,Vallée du Bandama Region,Vallée du Bandama,,numeric,2,False,False,True
CI,CI-05,05,Moyen-Comoé,,CI-CM,numeric,2,False,False,True
CI,CI-06,06,Dix-Huit Montagnes,,,numeric,2,False,False,True
CI,CI-07,07,Lacs Region,,,numeric,2,False,False,True
CI,CI-08,08,Zanzan Region,,,numeric,2,False,False,True
CI,CI-09,09,Bas-Sassandra Region,,,numeric,2,False,False,True
CI,CI-10,10,Denguélé Region,,,numeric,2,False,False,True
CI,CI-11,11,N'zi-Comoé,N'zi-Comoé,,numeric,2,False,False,True
CI,CI-12,12,Marahoué Region,,CI-SM,numeric,2,False,False,True
CI,CI-13,13,Sud-Comoé,Sud-Comoé,CI-CM,numeric,2,False,False,True
CI,CI-14,14,Worodougou,,CI-WR,numeric,2,False,False,True
CI,CI-15,15,Sud-Bandama,,,numeric,2,False,False,True
CI,CI-16,16,Agnéby,Agnébi,,numeric,2,False,False,True
CI,CI-17,17,Bafing Region,Bafing,CI-WR,numeric,2,False,False,True
CI,CI-18,18,Fromager,,,numeric,2,False,False,True
CI,CI-19,19,Moyen-Cavally,,,numeric,2,False,False,True
CI,CI-AB,AB,Abidjan,Abidjan,,alpha,2,True,True,True
CI,CI-BS,BS,Bas-Sassandra,,,alpha,2,True,True,True
CI,CI-CM,CM,Comoe,,,alpha,2,False,True,True
CI,CI-DN,DN,Denguele,,,alpha,2,False,True,True
CI,CI-GD,GD,Goh-Djiboua,,,alpha,2,True,True,True
CI,CI-LC,LC,Lacs,,,alpha,2,False,True,True
CI,CI-LG,LG,Lagunes,,,alpha,2,False,True,True
CI,CI-MG,MG,Montagnes,,,alpha,2,False,True,True
CI,CI-SM,SM,Sassandra-Marahoue,,,alpha,2,True,True,True
CI,CI-SV,SV,Savanes,,,alpha,2,False,True,True
CI,CI-VB,VB,Vallee du Bandama,,,alpha,2,False,True,True
CI,CI-WR,WR,Woroba,,,alpha,2,False,True,True
CI,CI-YM,YM,Yamoussoukro,,,alpha,2,False,True,True
CI,CI-ZZ,ZZ,Zanzan,,,alpha,2,False,True,True
CL,CL-AI,AI,Aisen del General Carlos Ibanez del Campo,,,alpha,2,True,True,True
CL,CL-AN,AN,Antofagasta,,,alpha,2,True,True,True
CL,CL-AP,AP,Arica y Parinacota,,,alpha,2,False,True,True
CL,CL-AR,AR,La Araucania,,,alpha,2,False,True,True
CL,CL-AT,AT,Atacama,,,alpha,2,True,True,True
CL,CL-BI,BI,Biobio,Región del Biobío,,alpha,2,True,True,True
CL,CL-CO,CO,Coquimbo,Región de Coquimbo,,alpha,2,True,True,True
CL,CL-LI,LI,Libertador General Bernardo O'Higgins,,,alpha,2,True,True,True
CL,CL-LL,LL,Los Lagos,,,alpha,2,True,True,True
CL,CL-LR,LR,Los Rios,,,alpha,2,True,True,True
CL,CL-MA,MA,Magallanes,,,alpha,2,True,True,True
CL,CL-ML,ML,Maule,,,alpha,2,False,True,True
CL,CL-NB,NB,Ñuble Region,,,alpha,2,False,False,True
CL,CL-RM,RM,Region Metropolitana de Santiago,,,alpha,2,True,True,True
CL,CL-TA,TA,Tarapaca,,,alpha,2,True,True,True
CL,CL-VS,VS,Valparaiso,,,alpha,2,False,True,True
CM,CM-AD,AD,Adamaoua,Région de l’Adamaoua,,alpha,2,True,True,True
CM,CM-CE,CE,Centre,Région du Centre,,alpha,2,True,True,True
CM,CM-EN,EN,Extreme-Nord,Région de l’Extrême-Nord,,alpha,2,True,True,True
CM,CM-ES,ES,Est,Région de l’Est,,alpha,2,True,True,True
CM,CM-LT,LT,Littoral,Région du Littoral,,alpha,2,False,True,True
CM,CM-NO,NO,Nord,Région du Nord,,alpha,2,True,True,True
CM,CM-NW,NW,Nord-Ouest,Région du Nord-Ouest,,alpha,2,False,True,True
CM,CM-OU,OU,Ouest,West Region,,alpha,2,True,True,True
CM,CM-SU,SU,Sud,South Region,,alpha,2,True,True,True
CM,CM-SW,SW,Sud-Ouest,Southwest Region,,alpha,2,False,True,True
CN,CN-AH,AH,Anhui,安徽,,alpha,2,False,True,True
CN,CN-BJ,BJ,Beijing,北京市,,alpha,2,False,True,True
CN,CN-CQ,CQ,Chongqing,重庆,,alpha,2,False,True,True
CN,CN-FJ,FJ,Fujian,,,alpha,2,False,True,True
CN,CN-GD,GD,Guangdong,广东省,,alpha,2,False,True,True
CN,CN-GS,GS,Gansu,گەنسۇ ئۆلكىسى,,alpha,2,False,True,True
CN,CN-GX,GX,Guangxi,广西,,alpha,2,False,True,True
CN,CN-GZ,GZ,Guizhou,贵州省,,alpha,2,False,True,True
CN,CN-HA,HA,Henan,,,alpha,2,False,True,True
CN,CN-HB,HB,Hubei,湖北省,,alpha,2,False,True,True
CN,CN-HE,HE,Hebei,,,alpha,2,True,True,True
CN,CN-HI,HI,Hainan,,,alpha,2,False,True,True
CN,CN-HK,HK,Hong Kong,香港,,alpha,2,True,False,True
CN,CN-HL,HL,Heilongjiang,,,alpha,2,False,True,True
CN,CN-HN,HN,Hunan,湖南省,,alpha,2,False,True,True
CN,CN-JL,JL,Jilin,吉林省,,alpha,2,False,True,True
CN,CN-JS,JS,Jiangsu,江苏省,,alpha,2,False,True,True
CN,CN-JX,JX,Jiangxi,江西省,,alpha,2,False,True,True
CN,CN-LN,LN,Liaoning,ᠯᡳᠶᠣᠣᠨᡳᠩ ᡤᠣᠯᠣ,,alpha,2,False,True,True
CN,CN-MO,MO,Macau,澳门,,alpha,2,False,False,True
CN,CN-NM,NM,Nei Mongol,,,alpha,2,True,True,True
CN,CN-NX,NX,Ningxia,,,alpha,2,False,True,True
CN,CN-QH,QH,Qinghai,,,alpha,2,False,True,True
CN,CN-SC,SC,Sichuan,四川省,,alpha,2,False,True,True
CN,CN-SD,SD,Shandong,,,alpha,2,False,True,True
CN,CN-SH,SH,Shanghai,,,alpha,2,True,True,True
CN,CN-SN,SN,Shaanxi,陕西,,alpha,2,False,True,True
CN,CN-SX,SX,Shanxi,山西,,alpha,2,False,True,True
CN,CN-TJ,TJ,Tianjin,天津,,alpha,2,False,True,True
CN,CN-TW,TW,Taiwan,,,alpha,2,False,False,True
CN,CN-XJ,XJ,Xinjiang,ཤིན་ཅང་ཡུ་གུར་རང་སྐྱོང་ལྗོངས།,,alpha,2,False,True,True
CN,CN-XZ,XZ,Xizang,བོད་ཡུལ།,,alpha,2,False,True,True
CN,CN-YN,YN,Yunnan,云南省,,alpha,2,False,True,True
CN,CN-ZJ,ZJ,Zhejiang,浙江,,alpha,2,False,True,True
CO,CO-AMA,AMA,Amazonas,Departamento de Amazonas,,alpha,3,True,True,True
CO,CO-ANT,ANT,Antioquia,Departamento de Antioquia,,alpha,3,True,True,True
CO,CO-ARA,ARA,Arauca,Departamento de Arauca,,alpha,3,True,True,True
CO,CO-ATL,ATL,Atlantico,,,alpha,3,True,True,True
CO,CO-BOL,BOL,Bolivar,,,alpha,3,True,True,True
CO,CO-BOY,BOY,Boyaca,Departamento de Boyacá,,alpha,3,True,True,True
CO,CO-CAL,CAL,Caldas,,,alpha,3,True,True,True
CO,CO-CAQ,CAQ,Caqueta,Departamento del Caquetá,,alpha,3,True,True,True
CO,CO-CAS,CAS,Casanare,,,alpha,3,True,True,True
CO,CO-CAU,CAU,Cauca,,,alpha,3,True,True,True
CO,CO-CES,CES,Cesar,,,alpha,3,True,True,True
CO,CO-CHO,CHO,Choco,Departamento de Chocó,,alpha,3,True,True,True
CO,CO-COR,COR,Cordoba,,,alpha,3,True,True,True
CO,CO-CUN,CUN,Cundinamarca,Departamento de Cundinamarca,,alpha,3,True,True,True
CO,CO-DC,DC,Distrito Capital de Bogota,Bogotá,CO-CUN,alpha,2,True,True,True
CO,CO-GUA,GUA,Guainia,,,alpha,3,True,True,True
CO,CO-GUV,GUV,Guaviare,,,alpha,3,False,True,True
CO,CO-HUI,HUI,Huila,,,alpha,3,True,True,True
CO,CO-LAG,LAG,La Guajira,,,alpha,3,True,True,True
CO,CO-MAG,MAG,Magdalena,Departamento del Magdalena,,alpha,3,True,True,True
CO,CO-MET,MET,Meta,,,alpha,3,True,True,True
CO,CO-NAR,NAR,Narino,Departamento del Nariño,,alpha,3,True,True,True
CO,CO-NSA,NSA,Norte de Santander,,,alpha,3,False,True,True
CO,CO-PUT,PUT,Putumayo,Departamento del Putumayo,,alpha,3,True,True,True
CO,CO-QUI,QUI,Quindio,Departamento del Quindío,,alpha,3,True,True,True
CO,CO-RIS,RIS,Risaralda,,,alpha,3,True,True,True
CO,CO-SAN,SAN,Santander,,,alpha,3,True,True,True
CO,CO-SAP,SAP,"San Andres, Providencia y Santa Catalina",Departamento de San Andrés y Providencia,,alpha,3,True,True,True
CO,CO-SUC,SUC,Sucre,Departamento de Sucre,,alpha,3,True,True,True
CO,CO-TOL,TOL,Tolima,,,alpha,3,True,True,True
CO,CO-VAC,VAC,Valle del Cauca,Departamento de Valle del Cauca,,alpha,3,False,True,True
CO,CO-VAU,VAU,Vaupés Department,,,alpha,3,True,False,True
CO,CO-VID,VID,Vichada,,,alpha,3,False,True,True
CR,CR-A,A,Alajuela,,,alpha,1,True,True,True
CR,CR-C,C,Cartago,,,alpha,1,True,True,True
CR,CR-G,G,Guanacaste,Guanacaste,,alpha,1,True,True,True
CR,CR-H,H,Heredia,,,alpha,1,True,True,True
CR,CR-L,L,Limon,,,alpha,1,True,True,True
CR,CR-P,P,Puntarenas,,,alpha,1,True,True,True
CR,CR-SJ,SJ,San Jose,,,alpha,2,True,True,True
CS,CS-CG,CG,Republic of Montenegro,,,alpha,2,False,False,True
CS,CS-SR,SR,Republic of Serbia,,,alpha,2,False,False,True
CU,CU-01,01,Pinar del Rio,Pinar del Río,,numeric,2,False,True,True
CU,CU-02,02,"Vereda Nueva, La Habana",,,numeric,2,False,False,True
CU,CU-03,03,La Habana,,,numeric,2,False,True,True
CU,CU-04,04,Matanzas,,,numeric,2,False,True,True
CU,CU-05,05,Villa Clara,Villa Clara,,numeric,2,False,True,True
CU,CU-06,06,Cienfuegos,,,numeric,2,False,True,True
CU,CU-07,07,Sancti Spiritus,Sancti Spíritus,,numeric,2,False,True,True
CU,CU-08,08,Ciego de Avila,,,numeric,2,False,True,True
CU,CU-09,09,Camaguey,Camagüey,,numeric,2,False,True,True
CU,CU-10,10,Las Tunas,Las Tunas,,numeric,2,False,True,True
CU,CU-11,11,Holguin,,,numeric,2,False,True,True
CU,CU-12,12,Granma,,,numeric,2,False,True,True
CU,CU-13,13,Santiago de Cuba,,,numeric,2,False,True,True
CU,CU-14,14,Guantanamo,,,numeric,2,False,True,True
CU,CU-15,15,Artemisa,Artemisa,,numeric,2,False,True,True
CU,CU-16,16,Mayabeque,Mayabeque,,numeric,2,False,True,True
CU,CU-99,99,Isla de la Juventud,Isla de la Juventud,,numeric,2,False,True,True
CV,CV-B,B,Barlavento Islands,Ilhas de Barlavento,,alpha,1,True,False,True
CV,CV-BR,BR,Brava,,CV-S,alpha,2,True,True,True
CV,CV-BV,BV,Boa Vista,,CV-B,alpha,2,True,True,True
CV,CV-CA,CA,Santa Catarina,,CV-S,alpha,2,False,True,True
CV,CV-CF,CF,Santa Catarina do Fogo,,CV-S,alpha,2,False,False,True
CV,CV-CR,CR,Santa Cruz,,CV-S,alpha,2,False,True,True
CV,CV-MA,MA,Maio,,CV-S,alpha,2,True,True,True
CV,CV-MO,MO,Mosteiros,,CV-S,alpha,2,True,False,True
CV,CV-PA,PA,Paul,,CV-B,alpha,2,True,False,True
CV,CV-PN,PN,Porto Novo,,CV-B,alpha,2,True,True,True
CV,CV-PR,PR,Praia,,CV-S,alpha,2,True,True,True
CV,CV-RB,RB,Ribeira Brava Municipality,,CV-B,alpha,2,True,False,True
CV,CV-RG,RG,Ribeira Grande,,CV-B,alpha,2,True,True,True
CV,CV-RS,RS,Ribeira Grande de Santiago,,CV-S,alpha,2,False,True,True
CV,CV-S,S,Sotavento Islands,Ilhas de Sotavento,,alpha,1,True,False,True
CV,CV-SD,SD,São Domingos,,CV-S,alpha,2,True,False,True
CV,CV-SF,SF,Sao Filipe,,CV-S,alpha,2,True,True,True
CV,CV-SL,SL,Sal,,CV-B,alpha,2,False,True,True
CV,CV-SM,SM,São Miguel,,CV-S,alpha,2,True,False,True
CV,CV-SO,SO,São Lourenço dos Órgãos,,CV-S,alpha,2,False,False,True
CV,CV-SS,SS,São Salvador do Mundo,,CV-S,alpha,2,True,False,True
CV,CV-SV,SV,Sao Vicente,,CV-B,alpha,2,True,True,True
CV,CV-TA,TA,Tarrafal,,CV-S,alpha,2,True,True,True
CV,CV-TS,TS,Tarrafal de São Nicolau,,CV-B,alpha,2,False,False,True
CY,CY-01,01,Lefkosia,Επαρχία Λευκωσίας,,numeric,2,False,True,True
CY,CY-02,02,Lemesos,Επαρχία Λεμεσού,,numeric,2,False,True,True
CY,CY-03,03,Larnaka,Επαρχία Λάρνακας,,numeric,2,False,True,True
CY,CY-04,04,Ammochostos,Επαρχία Αμμοχώστου,,numeric,2,False,True,True
CY,CY-05,05,Pafos,Επαρχία Πάφου,,numeric,2,False,True,True
CY,CY-06,06,Keryneia,Επαρχία Κερύνειας,,numeric,2,False,True,True
CZ,CZ-10,10,"Praha, Hlavni mesto",Praha,,numeric,2,False,True,True
CZ,CZ-101,101,Prague 1,,CZ-10,numeric,3,False,False,True
CZ,CZ-102,102,Prague 2,,CZ-10,numeric,3,False,False,True
CZ,CZ-103,103,Prague 3,,CZ-10,numeric,3,False,False,True
CZ,CZ-104,104,Prague 4,,,numeric,3,False,False,True
CZ,CZ-105,105,Prague 5,Městská čast Praha 5,,numeric,3,False,False,True
CZ,CZ-106,106,Prague 6,,,numeric,3,False,False,True
CZ,CZ-107,107,Prague 7,,,numeric,3,False,False,True
CZ,CZ-108,108,Prague 8,,,numeric,3,False,False,True
CZ,CZ-109,109,Prague 9,,,numeric,3,False,False,True
CZ,CZ-110,110,Prague 10,,,numeric,3,False,False,True
CZ,CZ-111,111,Prague 11,,,numeric,3,False,False,True
CZ,CZ-112,112,Prague 12,,,numeric,3,False,False,True
CZ,CZ-113,113,Prague 13,,,numeric,3,False,False,True
CZ,CZ-114,114,Prague 14,,,numeric,3,False,False,True
CZ,CZ-115,115,Prague 15,,,numeric,3,False,False,True
CZ,CZ-117,117,Prague 17,,,numeric,3,False,False,True
CZ,CZ-118,118,Prague 18,,,numeric,3,False,False,True
CZ,CZ-121,121,Újezd nad Lesy,,,numeric,3,False,False,True
CZ,CZ-122,122,Prague 22,,,numeric,3,False,False,True
CZ,CZ-20,20,Stredocesky kraj,Středočeský kraj,,numeric,2,False,True,True
CZ,CZ-201,201,Benešov District,Okres Benešov,CZ-20,numeric,3,False,False,True
CZ,CZ-202,202,Beroun District,,CZ-20,numeric,3,False,False,True
CZ,CZ-203,203,Kladno District,,CZ-20,numeric,3,False,False,True
CZ,CZ-204,204,Kolín District,Okres Kolín,CZ-20,numeric,3,False,False,True
CZ,CZ-205,205,Kutná Hora District,,CZ-20,numeric,3,False,False,True
CZ,CZ-206,206,Mělník District,,CZ-20,numeric,3,False,False,True
CZ,CZ-207,207,Mladá Boleslav District,,CZ-20,numeric,3,False,False,True
CZ,CZ-208,208,Nymburk District,,CZ-20,numeric,3,False,False,True
CZ,CZ-209,209,Prague-East District,Okres Praha-východ,CZ-20,numeric,3,False,False,True
CZ,CZ-20A,20A,Prague-West District,Okres Praha-západ,CZ-20,mixed,3,False,False,True
CZ,CZ-20B,20B,Příbram District,,CZ-20,mixed,3,False,False,True
CZ,CZ-20C,20C,Rakovník District,,CZ-20,mixed,3,False,False,True
CZ,CZ-31,31,Jihocesky kraj,Jihočeský kraj,,numeric,2,False,True,True
CZ,CZ-311,311,České Budějovice District,,CZ-31,numeric,3,False,False,True
CZ,CZ-312,312,Český Krumlov District,,CZ-31,numeric,3,False,False,True
CZ,CZ-313,313,Jindřichův Hradec District,,CZ-31,numeric,3,False,False,True
CZ,CZ-314,314,Písek District,Okres Písek,CZ-31,numeric,3,False,False,True
CZ,CZ-315,315,Prachatice District,,CZ-31,numeric,3,False,False,True
CZ,CZ-316,316,Strakonice District,Okres Strakonice,CZ-31,numeric,3,False,False,True
CZ,CZ-317,317,Tábor District,,CZ-31,numeric,3,False,False,True
CZ,CZ-32,32,Plzensky kraj,Plzeňský kraj,,numeric,2,False,True,True
CZ,CZ-321,321,Domažlice District,Okres Domažlice,CZ-32,numeric,3,False,False,True
CZ,CZ-322,322,Klatovy District,Okres Klatovy,CZ-32,numeric,3,False,False,True
CZ,CZ-323,323,Plzeň-City District,,CZ-32,numeric,3,False,False,True
CZ,CZ-324,324,Plzeň-South District,,CZ-32,numeric,3,False,False,True
CZ,CZ-325,325,Plzeň-North District,,CZ-32,numeric,3,False,False,True
CZ,CZ-326,326,Rokycany District,,CZ-32,numeric,3,False,False,True
CZ,CZ-327,327,Tachov District,Okres Tachov,CZ-32,numeric,3,False,False,True
CZ,CZ-41,41,Karlovarsky kraj,Karlovarský kraj,,numeric,2,False,True,True
CZ,CZ-411,411,Cheb District,Okres Cheb,CZ-41,numeric,3,False,False,True
CZ,CZ-412,412,Karlovy Vary District,Okres Karlovy Vary,CZ-41,numeric,3,False,False,True
CZ,CZ-413,413,Sokolov District,Okres Sokolov,CZ-41,numeric,3,False,False,True
CZ,CZ-42,42,Ustecky kraj,Ústecký kraj,,numeric,2,False,True,True
CZ,CZ-421,421,Děčín District,,CZ-42,numeric,3,False,False,True
CZ,CZ-422,422,Chomutov District,,CZ-42,numeric,3,False,False,True
CZ,CZ-423,423,Litoměřice District,,CZ-42,numeric,3,False,False,True
CZ,CZ-424,424,Louny District,,CZ-42,numeric,3,False,False,True
CZ,CZ-425,425,Most District,,CZ-42,numeric,3,False,False,True
CZ,CZ-426,426,Teplice District,Okres Teplice,CZ-42,numeric,3,False,False,True
CZ,CZ-427,427,Ústí nad Labem District,,CZ-42,numeric,3,False,False,True
CZ,CZ-51,51,Liberecky kraj,Liberecký kraj,,numeric,2,False,True,True
CZ,CZ-511,511,Česká Lípa District,,CZ-51,numeric,3,False,False,True
CZ,CZ-512,512,Jablonec nad Nisou District,okres Jablonec nad Nisou,CZ-51,numeric,3,False,False,True
CZ,CZ-513,513,Liberec District,,CZ-51,numeric,3,False,False,True
CZ,CZ-514,514,Semily District,,CZ-51,numeric,3,False,False,True
CZ,CZ-52,52,Kralovehradecky kraj,Královéhradecký kraj,,numeric,2,False,True,True
CZ,CZ-521,521,Hradec Králové District,Okres Hradec Králové,CZ-52,numeric,3,False,False,True
CZ,CZ-522,522,Jičín District,,CZ-52,numeric,3,False,False,True
CZ,CZ-523,523,Náchod District,,CZ-52,numeric,3,False,False,True
CZ,CZ-524,524,Rychnov nad Kněžnou District,,CZ-52,numeric,3,False,False,True
CZ,CZ-525,525,Trutnov District,,CZ-52,numeric,3,False,False,True
CZ,CZ-53,53,Pardubicky kraj,Pardubický kraj,,numeric,2,False,True,True
CZ,CZ-531,531,Chrudim District,Okres Chrudim,CZ-53,numeric,3,False,False,True
CZ,CZ-532,532,Pardubice District,,CZ-53,numeric,3,False,False,True
CZ,CZ-533,533,Svitavy District,Okres Svitavy,CZ-53,numeric,3,False,False,True
CZ,CZ-534,534,Ústí nad Orlicí District,,CZ-53,numeric,3,False,False,True
CZ,CZ-63,63,Kraj Vysocina,Kraj Vysočina,,numeric,2,False,True,True
CZ,CZ-631,631,Havlíčkův Brod District,,CZ-63,numeric,3,False,False,True
CZ,CZ-632,632,Jihlava District,Okres Jihlava,CZ-63,numeric,3,False,False,True
CZ,CZ-633,633,Pelhřimov District,Okres Pelhřimov,CZ-63,numeric,3,False,False,True
CZ,CZ-634,634,Třebíč District,,CZ-63,numeric,3,False,False,True
CZ,CZ-635,635,Žďár nad Sázavou District,,CZ-63,numeric,3,False,False,True
CZ,CZ-64,64,Jihomoravsky kraj,Jihomoravský kraj,,numeric,2,False,True,True
CZ,CZ-641,641,Blansko District,Okres Blansko,CZ-64,numeric,3,False,False,True
CZ,CZ-642,642,Brno-City District,Okres Brno-město,CZ-64,numeric,3,False,False,True
CZ,CZ-643,643,Brno-Country District,Okres Brno-venkov,CZ-64,numeric,3,False,False,True
CZ,CZ-644,644,Břeclav District,Okres Břeclav,CZ-64,numeric,3,False,False,True
CZ,CZ-645,645,Hodonín District,Okres Hodonín,CZ-64,numeric,3,False,False,True
CZ,CZ-646,646,Vyškov District,Okres Vyškov,CZ-64,numeric,3,False,False,True
CZ,CZ-647,647,Znojmo District,Okres Znojmo,CZ-64,numeric,3,False,False,True
CZ,CZ-71,71,Olomoucky kraj,Olomoucký kraj,,numeric,2,False,True,True
CZ,CZ-711,711,Jeseník District,,CZ-71,numeric,3,False,False,True
CZ,CZ-712,712,Olomouc District,,CZ-71,numeric,3,False,False,True
CZ,CZ-713,713,Prostějov District,Okres Prostějov,CZ-71,numeric,3,False,False,True
CZ,CZ-714,714,Přerov District,,CZ-71,numeric,3,False,False,True
CZ,CZ-715,715,Šumperk District,,CZ-71,numeric,3,False,False,True
CZ,CZ-72,72,Zlinsky kraj,Zlínský kraj,,numeric,2,False,True,True
CZ,CZ-721,721,Kroměříž District,Okres Kroměříž,CZ-72,numeric,3,False,False,True
CZ,CZ-722,722,Uherské Hradiště District,Okres Uherské Hradiště,CZ-72,numeric,3,False,False,True
CZ,CZ-723,723,Vsetín District,Okres Vsetín,CZ-72,numeric,3,False,False,True
CZ,CZ-724,724,Zlín District,Okres Zlín,CZ-72,numeric,3,False,False,True
CZ,CZ-80,80,Moravskoslezsky kraj,Moravskoslezský kraj,,numeric,2,False,True,True
CZ,CZ-801,801,Bruntál District,Okres Bruntál,CZ-80,numeric,3,False,False,True
CZ,CZ-802,802,Frýdek-Místek District,Frydek-Mistek,CZ-80,numeric,3,False,False,True
CZ,CZ-803,803,Karviná District,,CZ-80,numeric,3,False,False,True
CZ,CZ-804,804,Nový Jičín District,,CZ-80,numeric,3,False,False,True
CZ,CZ-805,805,Opava District,Okres Opava,CZ-80,numeric,3,False,False,True
CZ,CZ-806,806,Ostrava-City District,,CZ-80,numeric,3,False,False,True
DE,DE-BB,BB,Brandenburg,Brandenburg,,alpha,2,False,True,True
DE,DE-BE,BE,Berlin,Berlin,,alpha,2,True,True,True
DE,DE-BW,BW,Baden-Wurttemberg,Baden-Württemberg,,alpha,2,True,True,True
DE,DE-BY,BY,Bayern,Freistaat Bayern,,alpha,2,False,True,True
DE,DE-HB,HB,Bremen,Freie Hansestadt Bremen,,alpha,2,False,True,True
DE,DE-HE,HE,Hessen,Hessen,,alpha,2,True,True,True
DE,DE-HH,HH,Hamburg,Freie und Hansestadt Hamburg,,alpha,2,False,True,True
DE,DE-MV,MV,Mecklenburg-Vorpommern,Mecklenburg-Vorpommern,,alpha,2,True,True,True
DE,DE-NI,NI,Niedersachsen,Niedersachsen,,alpha,2,True,True,True
DE,DE-NW,NW,Nordrhein-Westfalen,Nordrhein-Westfalen,,alpha,2,True,True,True
DE,DE-RP,RP,Rheinland-Pfalz,Rheinland-Pfalz,,alpha,2,True,True,True
DE,DE-SH,SH,Schleswig-Holstein,Schleswig-Holstein,,alpha,2,True,True,True
DE,DE-SL,SL,Saarland,Saarland,,alpha,2,False,True,True
DE,DE-SN,SN,Sachsen,Freistaat Sachsen,,alpha,2,False,True,True
DE,DE-ST,ST,Sachsen-Anhalt,Sachsen-Anhalt,,alpha,2,False,True,True
DE,DE-TH,TH,Thuringen,Freistaat Thüringen,,alpha,2,True,True,True
DJ,DJ-AR,AR,Arta Region,,,alpha,2,True,False,True
DJ,DJ-AS,AS,Ali Sabieh Region,,,alpha,2,True,False,True
DJ,DJ-DI,DI,Dikhil Region,,,alpha,2,True,False,True
DJ,DJ-DJ,DJ,Djibouti,جيبوتي,,alpha,2,True,True,True
DJ,DJ-OB,OB,Obock Region,أوبوك,,alpha,2,True,False,True
DJ,DJ-TA,TA,Tadjourah Region,تاجورة,,alpha,2,True,False,True
DK,DK-81,81,Nordjylland,Nordjylland,,numeric,2,False,True,True
DK,DK-82,82,Midtjylland,Midtjylland,,numeric,2,False,True,True
DK,DK-83,83,Syddanmark,Region Syddanmark,,numeric,2,False,True,True
DK,DK-84,84,Hovedstaden,Region Hovedstaden,,numeric,2,False,True,True
DK,DK-85,85,Sjaelland,Sjælland,,numeric,2,False,True,True
DK,DK-GL,GL,Greenland,Kalaallit Nunaat,,alpha,2,False,False,True
DM,DM-02,02,Saint Andrew,,,numeric,2,False,True,True
DM,DM-03,03,Saint David Parish,,,numeric,2,False,False,True
DM,DM-04,04,Saint George,,,numeric,2,False,True,True
DM,DM-05,05,Saint John,,,numeric,2,False,True,True
DM,DM-06,06,Saint Joseph Parish,,,numeric,2,False,False,True
DM,DM-07,07,Saint Luke Parish,,,numeric,2,False,False,True
DM,DM-08,08,Saint Mark,,,numeric,2,False,True,True
DM,DM-09,09,Saint Patrick,,,numeric,2,False,True,True
DM,DM-10,10,Saint Paul,,,numeric,2,False,True,True
DM,DM-11,11,Saint Peter Parish,,,numeric,2,False,False,True
DO,DO-01,01,Distrito Nacional (Santo Domingo),,,numeric,2,False,True,True
DO,DO-02,02,Azua,,,numeric,2,False,True,True
DO,DO-03,03,Baoruco,,,numeric,2,False,True,True
DO,DO-04,04,Barahona,,,numeric,2,False,True,True
DO,DO-05,05,Dajabon,,,numeric,2,False,True,True
DO,DO-06,06,Duarte,,,numeric,2,False,True,True
DO,DO-07,07,Elias Pina,,,numeric,2,False,True,True
DO,DO-08,08,El Seibo,,,numeric,2,False,True,True
DO,DO-09,09,Espaillat,,,numeric,2,False,True,True
DO,DO-10,10,Independencia,,,numeric,2,False,True,True
DO,DO-11,11,La Altagracia,,,numeric,2,False,True,True
DO,DO-12,12,La Romana,,,numeric,2,False,True,True
DO,DO-13,13,La Vega,,,numeric,2,False,True,True
DO,DO-14,14,Maria Trinidad Sanchez,,,numeric,2,False,True,True
DO,DO-15,15,Monte Cristi,,,numeric,2,False,True,True
DO,DO-16,16,Pedernales Province,,,numeric,2,False,False,True
DO,DO-17,17,Peravia,,,numeric,2,False,True,True
DO,DO-18,18,Puerto Plata,,,numeric,2,False,True,True
DO,DO-19,19,Hermanas Mirabal,,,numeric,2,False,True,True
DO,DO-20,20,Samana,Samaná,,numeric,2,False,True,True
DO,DO-21,21,San Cristobal,,,numeric,2,False,True,True
DO,DO-22,22,San Juan,,,numeric,2,False,True,True
DO,DO-23,23,San Pedro de Macoris,,,numeric,2,False,True,True
DO,DO-24,24,Sanchez Ramirez,,,numeric,2,False,True,True
DO,DO-25,25,Santiago,,,numeric,2,False,True,True
DO,DO-26,26,Santiago Rodriguez,,,numeric,2,False,True,True
DO,DO-27,27,Valverde,,,numeric,2,False,True,True
DO,DO-28,28,Monsenor Nouel,,,numeric,2,False,True,True
DO,DO-29,29,Monte Plata,,,numeric,2,False,True,True
DO,DO-30,30,Hato Mayor,,,numeric,2,False,True,True
DO,DO-31,31,San Jose de Ocoa,,,numeric,2,False,True,True
DO,DO-32,32,Santo Domingo Province,,,numeric,2,False,False,True
DO,DO-40,40,Ozama,,,numeric,2,False,False,True
DO,DO-41,41,Valdesia,,,numeric,2,False,False,True
DZ,DZ-01,01,Adrar,ولاية أدرار,,numeric,2,False,True,True
DZ,DZ-02,02,Chlef,,,numeric,2,False,True,True
DZ,DZ-03,03,Laghouat,الأغواط,,numeric,2,False,True,True
DZ,DZ-04,04,Oum el Bouaghi,,,numeric,2,False,True,True
DZ,DZ-05,05,Batna,,,numeric,2,False,True,True
DZ,DZ-06,06,Bejaia,Tawilayt n Bgayet,,numeric,2,False,True,True
DZ,DZ-07,07,Biskra,,,numeric,2,False,True,True
DZ,DZ-08,08,Bechar,,,numeric,2,False,True,True
DZ,DZ-09,09,Blida,,,numeric,2,False,True,True
DZ,DZ-10,10,Bouira,,,numeric,2,False,True,True
DZ,DZ-11,11,Tamanrasset,ولاية تمنراست,,numeric,2,False,True,True
DZ,DZ-12,12,Tebessa,,,numeric,2,False,True,True
DZ,DZ-13,13,Tlemcen,,,numeric,2,False,True,True
DZ,DZ-14,14,Tiaret,,,numeric,2,False,True,True
DZ,DZ-15,15,Tizi Ouzou,,,numeric,2,False,True,True
DZ,DZ-16,16,Alger,ولاية الجزائر,,numeric,2,False,True,True
DZ,DZ-17,17,Djelfa,,,numeric,2,False,True,True
DZ,DZ-18,18,Jijel,ولاية جيجل,,numeric,2,False,True,True
DZ,DZ-19,19,Setif,,,numeric,2,False,True,True
DZ,DZ-20,20,Saida,,,numeric,2,False,True,True
DZ,DZ-21,21,Skikda,,,numeric,2,False,True,True
DZ,DZ-22,22,Sidi Bel Abbes,,,numeric,2,False,True,True
DZ,DZ-23,23,Annaba,,,numeric,2,False,True,True
DZ,DZ-24,24,Guelma,,,numeric,2,False,True,True
DZ,DZ-25,25,Constantine,ولاية قسنطينة,,numeric,2,False,True,True
DZ,DZ-26,26,Medea,,,numeric,2,False,True,True
DZ,DZ-27,27,Mostaganem,,,numeric,2,False,True,True
DZ,DZ-28,28,M'sila,ⵎⵙⵉⵍⴰ,,numeric,2,False,True,True
DZ,DZ-29,29,Mascara,ⵎⵄⴻⵙⴽⴻⵔ,,numeric,2,False,True,True
DZ,DZ-30,30,Ouargla,,,numeric,2,False,True,True
DZ,DZ-31,31,Oran,ولاية وهران,,numeric,2,False,True,True
DZ,DZ-32,32,El Bayadh,,,numeric,2,False,True,True
DZ,DZ-33,33,Illizi,,,numeric,2,False,True,True
DZ,DZ-34,34,Bordj Bou Arreridj,,,numeric,2,False,True,True
DZ,DZ-35,35,Boumerdes,,,numeric,2,False,True,True
DZ,DZ-36,36,El Tarf,,,numeric,2,False,True,True
DZ,DZ-37,37,Tindouf,,,numeric,2,False,True,True
DZ,DZ-38,38,Tissemsilt,,,numeric,2,False,True,True
DZ,DZ-39,39,El Oued,,,numeric,2,False,True,True
DZ,DZ-40,40,Khenchela,,,numeric,2,False,True,True
DZ,DZ-41,41,Souk Ahras,,,numeric,2,False,True,True
DZ,DZ-42,42,Tipaza,,,numeric,2,False,True,True
DZ,DZ-43,43,Mila,ⵎⵉⵍⴰ,,numeric,2,False,True,True
DZ,DZ-44,44,Ain Defla,,,numeric,2,False,True,True
DZ,DZ-45,45,Naama,,,numeric,2,False,True,True
DZ,DZ-46,46,Ain Temouchent,,,numeric,2,False,True,True
DZ,DZ-47,47,Ghardaia,ولاية غرداية,,numeric,2,False,True,True
DZ,DZ-48,48,Relizane,,,numeric,2,False,True,True
DZ,DZ-49,49,Timimoun Province,,,numeric,2,False,False,True
DZ,DZ-50,50,Bordj Baji Mokhtar Province,,,numeric,2,False,False,True
DZ,DZ-51,51,Ouled Djellal Province,,,numeric,2,False,False,True
DZ,DZ-52,52,Beni Abbes Province,,,numeric,2,False,False,True
DZ,DZ-53,53,In Salah Province,,,numeric,2,False,False,True
DZ,DZ-54,54,In Guezzam Province,ولاية عين قزام,,numeric,2,False,False,True
DZ,DZ-55,55,Touggourt Province,,,numeric,2,False,False,True
DZ,DZ-56,56,Djanet Province,,,numeric,2,False,False,True
DZ,DZ-57,57,El M'Ghair Province,,,numeric,2,False,False,True
DZ,DZ-58,58,El Meniaa Province,,,numeric,2,False,False,True
EC,EC-A,A,Azuay,,,alpha,1,True,True,True
EC,EC-B,B,Bolivar,,,alpha,1,True,True,True
EC,EC-C,C,Carchi,,,alpha,1,True,True,True
EC,EC-D,D,Orellana,,,alpha,1,False,True,True
EC,EC-E,E,Esmeraldas,,,alpha,1,True,True,True
EC,EC-F,F,Canar,,,alpha,1,False,True,True
EC,EC-G,G,Guayas,,,alpha,1,True,True,True
EC,EC-H,H,Chimborazo,,,alpha,1,False,True,True
EC,EC-I,I,Imbabura,,,alpha,1,True,True,True
EC,EC-L,L,Loja,,,alpha,1,True,True,True
EC,EC-M,M,Manabi,,,alpha,1,True,True,True
EC,EC-N,N,Napo,,,alpha,1,True,True,True
EC,EC-O,O,El Oro,,,alpha,1,False,True,True
EC,EC-P,P,Pichincha,,,alpha,1,True,True,True
EC,EC-R,R,Los Rios,,,alpha,1,False,True,True
EC,EC-S,S,Morona Santiago,Provincia de Morona Santiago,,alpha,1,False,True,True
EC,EC-SD,SD,Santo Domingo de los Tsachilas,,,alpha,2,True,True,True
EC,EC-SE,SE,Santa Elena,,,alpha,2,True,True,True
EC,EC-T,T,Tungurahua,,,alpha,1,True,True,True
EC,EC-U,U,Sucumbios,,,alpha,1,False,True,True
EC,EC-W,W,Galapagos,Galápagos,,alpha,1,False,True,True
EC,EC-X,X,Cotopaxi,Cotopaxi,,alpha,1,False,True,True
EC,EC-Y,Y,Pastaza,,,alpha,1,False,True,True
EC,EC-Z,Z,Zamora Chinchipe,,,alpha,1,True,True,True
EE,EE-130,130,Alutaguse Rural Municipality,,EE-45,numeric,3,False,False,True
EE,EE-141,141,Anija Rural Municipality,,EE-37,numeric,3,False,False,True
EE,EE-142,142,Antsla Rural Municipality,,EE-87,numeric,3,False,False,True
EE,EE-171,171,Elva Rural Municipality,,EE-79,numeric,3,False,False,True
EE,EE-205,205,Hiiumaa Rural Municipality,,EE-39,numeric,3,False,False,True
EE,EE-214,214,Häädemeeste Rural Municipality,,EE-68,numeric,3,False,False,True
EE,EE-245,245,Jõelähtme Rural Municipality,,EE-37,numeric,3,False,False,True
EE,EE-247,247,Jõgeva Rural Municipality,,EE-50,numeric,3,False,False,True
EE,EE-251,251,Jõhvi Rural Municipality,,EE-45,numeric,3,False,False,True
EE,EE-255,255,Järva Rural Municipality,,EE-52,numeric,3,False,False,True
EE,EE-321,321,Kohtla-Järve,Kohtla-Järve,,numeric,3,False,False,True
EE,EE-37,37,Harjumaa,,,numeric,2,False,True,True
EE,EE-39,39,Hiiumaa,Hiiu maakond,,numeric,2,False,True,True
EE,EE-430,430,Lääneranna Rural Municipality,,EE-68,numeric,3,False,False,True
EE,EE-431,431,Lääne-Harju Rural Municipality,Lääne-Harju vald,EE-37,numeric,3,False,False,True
EE,EE-44,44,Ida-Virumaa,,,numeric,2,False,True,False
EE,EE-441,441,Lääne-Nigula Rural Municipality,Lääne-Nigula vald,EE-56,numeric,3,False,False,True
EE,EE-442,442,Lüganuse Rural Municipality,,EE-45,numeric,3,False,False,True
EE,EE-45,45,Ida-Viru County,,,numeric,2,False,False,True
EE,EE-49,49,Jogevamaa,,,numeric,2,False,True,False
EE,EE-50,50,Jõgeva County,,,numeric,2,False,False,True
EE,EE-51,51,Jarvamaa,,,numeric,2,False,True,False
EE,EE-514,514,Narva-Jõesuu City,Narva-Jõesuu linn,EE-45,numeric,3,False,False,True
EE,EE-52,52,Järva County,Järva maakond,,numeric,2,False,False,True
EE,EE-557,557,Otepää Rural Municipality,,EE-81,numeric,3,False,False,True
EE,EE-56,56,Lääne County,,,numeric,2,False,False,True
EE,EE-57,57,Laanemaa,,,numeric,2,False,True,False
EE,EE-586,586,Peipsiääre Rural Municipality,Peipsiääre vald,EE-79,numeric,3,False,False,True
EE,EE-59,59,Laane-Virumaa,,,numeric,2,False,True,False
EE,EE-60,60,Lääne-Viru County,,,numeric,2,False,False,True
EE,EE-615,615,Põhja-Sakala Rural Municipality,,EE-84,numeric,3,False,False,True
EE,EE-618,618,Põltsamaa Rural Municipality,,EE-50,numeric,3,False,False,True
EE,EE-638,638,Põhja-Pärnumaa Rural Municipality,,EE-68,numeric,3,False,False,True
EE,EE-64,64,Põlva County,,,numeric,2,False,False,True
EE,EE-65,65,Polvamaa,,,numeric,2,False,True,False
EE,EE-67,67,Parnumaa,,,numeric,2,False,True,False
EE,EE-68,68,Pärnu County,,,numeric,2,False,False,True
EE,EE-698,698,Rõuge Rural Municipality,,EE-87,numeric,3,False,False,True
EE,EE-70,70,Raplamaa,,,numeric,2,False,True,False
EE,EE-71,71,Rapla County,Rapla maakond,,numeric,2,False,False,True
EE,EE-735,735,Sillamäe,Sillamäe,,numeric,3,False,False,True
EE,EE-74,74,Saaremaa,Saare maakond,,numeric,2,False,True,True
EE,EE-78,78,Tartumaa,,,numeric,2,False,True,False
EE,EE-79,79,Tartu County,Tartu maakond,,numeric,2,False,False,True
EE,EE-809,809,Tori Rural Municipality,,EE-68,numeric,3,False,False,True
EE,EE-81,81,Valga County,Valga maakond,,numeric,2,False,False,True
EE,EE-82,82,Valgamaa,,,numeric,2,False,True,False
EE,EE-834,834,Türi Rural Municipality,,EE-52,numeric,3,False,False,True
EE,EE-84,84,Viljandimaa,,,numeric,2,False,True,True
EE,EE-86,86,Vorumaa,,,numeric,2,False,True,False
EE,EE-87,87,Võru County,Võrumaa,,numeric,2,False,False,True
EE,EE-928,928,Väike-Maarja Rural Municipality,,EE-60,numeric,3,False,False,True
EG,EG-ALX,ALX,Al Iskandariyah,,,alpha,3,False,True,True
EG,EG-ASN,ASN,Aswan,أسوان,,alpha,3,False,True,True
EG,EG-AST,AST,Asyut,,,alpha,3,False,True,True
EG,EG-BA,BA,Al Bahr al Ahmar,(محافظة البحر الأحمر,,alpha,2,False,True,True
EG,EG-BH,BH,Al Buhayrah,محافظة البحيرة,,alpha,2,False,True,True
EG,EG-BNS,BNS,Bani Suwayf,محافظة بني سويف,,alpha,3,False,True,True
EG,EG-C,C,Al Qahirah,محافظة القاهرة,,alpha,1,False,True,True
EG,EG-DK,DK,Ad Daqahliyah,محافظة الدقهلية,,alpha,2,False,True,True
EG,EG-DT,DT,Dumyat,محافظة دمياط,,alpha,2,False,True,True
EG,EG-FYM,FYM,Al Fayyum,,,alpha,3,False,True,True
EG,EG-GH,GH,Al Gharbiyah,,,alpha,2,False,True,True
EG,EG-GZ,GZ,Al Jizah,محافظة الجيزة,,alpha,2,False,True,True
EG,EG-HU,HU,,محافظة حلوان,,alpha,2,False,False,False
EG,EG-IS,IS,Al Isma'iliyah,محافظة  الإسماعيلية,,alpha,2,False,True,True
EG,EG-JS,JS,Janub Sina',محافظة جنوب سينا,,alpha,2,True,True,True
EG,EG-KB,KB,Al Qalyubiyah,,,alpha,2,False,True,True
EG,EG-KFS,KFS,Kafr ash Shaykh,محافظة كفر الشيخ,,alpha,3,False,True,True
EG,EG-KN,KN,Qina,محافظة قنا,,alpha,2,False,True,True
EG,EG-LX,LX,Al Uqsur,محافظة الأقصر,,alpha,2,False,True,True
EG,EG-MN,MN,Al Minya,المنيا,,alpha,2,False,True,True
EG,EG-MNF,MNF,Al Minufiyah,,,alpha,3,False,True,True
EG,EG-MT,MT,Matruh,محافظة مطروح,,alpha,2,False,True,True
EG,EG-PTS,PTS,Bur Sa'id,بورسعيد,,alpha,3,False,True,True
EG,EG-SHG,SHG,Suhaj,محافظة سوهاج,,alpha,3,False,True,True
EG,EG-SHR,SHR,Ash Sharqiyah,,,alpha,3,False,True,True
EG,EG-SIN,SIN,Shamal Sina',محافظة شمال سينا,,alpha,3,False,True,True
EG,EG-SU,SU,6th of October Governorate,,,alpha,2,False,False,True
EG,EG-SUZ,SUZ,As Suways,محافظة السويس,,alpha,3,False,True,True
EG,EG-WAD,WAD,Al Wadi al Jadid,,,alpha,3,False,True,True
ER,ER-AN,AN,Anseba Region,,,alpha,2,True,False,True
ER,ER-DK,DK,Southern Red Sea Region,,,alpha,2,False,False,True
ER,ER-DU,DU,Debub Region,,,alpha,2,False,False,True
ER,ER-GB,GB,Gash-Barka Region,,,alpha,2,True,False,True
ER,ER-MA,MA,Al Awsat,ዞባ ማእከል,,alpha,2,False,True,True
ER,ER-SK,SK,Northern Red Sea Region,,,alpha,2,False,False,True
ES,ES-A,A,Province of Alicante,Província d'Alacant,ES-VC,alpha,1,False,False,True
ES,ES-AB,AB,Albacete Province,Provincia de Albacete,ES-CM,alpha,2,False,False,True
ES,ES-AL,AL,Almería Province,Provincia de Almería,ES-AN,alpha,2,True,False,True
ES,ES-AN,AN,Andalucia,Andalucía,,alpha,2,True,True,True
ES,ES-AR,AR,Aragon,Aragón,,alpha,2,True,True,True
ES,ES-AS,AS,"Asturias, Principado de",Principáu d'Asturies,,alpha,2,True,True,True
ES,ES-AV,AV,Province of Ávila,Provincia de Ávila,ES-CL,alpha,2,False,False,True
ES,ES-B,B,Barcelona Province,,ES-CT,alpha,1,True,False,True
ES,ES-BA,BA,Province of Badajoz,Provincia de Badajoz,ES-EX,alpha,2,False,False,True
ES,ES-BI,BI,Biscay,Bizkaia,ES-PV,alpha,2,True,False,True
ES,ES-BU,BU,Province of Burgos,Provincia de Burgos,ES-CL,alpha,2,False,False,True
ES,ES-C,C,A Coruña Province,provincia da Coruña,ES-GA,alpha,1,False,False,True
ES,ES-CA,CA,Cádiz Province,Provincia de Cádiz,ES-AN,alpha,2,True,False,True
ES,ES-CB,CB,Cantabria,,,alpha,2,False,True,True
ES,ES-CC,CC,Cáceres Province,Provincia de Cáceres,ES-EX,alpha,2,False,False,True
ES,ES-CE,CE,Ceuta,سَبْتَة,,alpha,2,True,True,True
ES,ES-CL,CL,Castilla y Leon,Castilla y León,,alpha,2,False,True,True
ES,ES-CM,CM,Castilla-La Mancha,Castilla-La Mancha,,alpha,2,False,True,True
ES,ES-CN,CN,Canarias,Islas Canarias,,alpha,2,False,True,True
ES,ES-CO,CO,Córdoba Province,Provincia de Córdoba,ES-AN,alpha,2,True,False,True
ES,ES-CR,CR,Province of Ciudad Real,Provincia de Ciudad Real,ES-CM,alpha,2,False,False,True
ES,ES-CS,CS,Castellón,província de Castelló,ES-VC,alpha,2,False,False,True
ES,ES-CT,CT,Catalunya,Catalunya,,alpha,2,False,True,True
ES,ES-CU,CU,Cuenca Province,Cuenca,ES-CM,alpha,2,True,False,True
ES,ES-EX,EX,Extremadura,,,alpha,2,True,True,True
ES,ES-GA,GA,Galicia,Galiza,,alpha,2,True,True,True
ES,ES-GC,GC,Las Palmas,Provincia de Las Palmas,ES-CN,alpha,2,False,False,True
ES,ES-GI,GI,Girona,,ES-CT,alpha,2,True,False,True
ES,ES-GR,GR,Province of Granada,Provincia de Granada,ES-AN,alpha,2,False,False,True
ES,ES-GU,GU,Guadalajara Province,Provincia de Guadalajara,ES-CM,alpha,2,True,False,True
ES,ES-H,H,Province of Huelva,provincia de Huelva,ES-AN,alpha,1,False,False,True
ES,ES-HU,HU,Huesca Province,Provincia de Huesca,ES-AR,alpha,2,True,False,True
ES,ES-IB,IB,Illes Balears,Illes Balears,,alpha,2,True,True,True
ES,ES-J,J,Jaén Province,Provincia de Jaén,ES-AN,alpha,1,True,False,True
ES,ES-L,L,Province of Lleida,provincia de Lérida,ES-CT,alpha,1,False,False,True
ES,ES-LE,LE,León Province,Provincia de León,ES-CL,alpha,2,True,False,True
ES,ES-LU,LU,Lugo Province,Lugo,ES-GA,alpha,2,True,False,True
ES,ES-M,M,Madrid Province,Provincia de Madrid,ES-MD,alpha,1,True,False,True
ES,ES-MA,MA,Málaga Province,Provincia de Málaga,ES-AN,alpha,2,True,False,True
ES,ES-MC,MC,"Murcia, Region de",Región de Murcia,,alpha,2,False,True,True
ES,ES-MD,MD,"Madrid, Comunidad de",Comunidad de Madrid,,alpha,2,False,True,True
ES,ES-ML,ML,Melilla,ⵎⵕⵉⵜⵛ,,alpha,2,False,True,True
ES,ES-MU,MU,Murcia Province,Provincia de Murcia,ES-MC,alpha,2,True,False,True
ES,ES-NA,NA,Province of Navarre,,ES-NC,alpha,2,False,False,True
ES,ES-NC,NC,"Navarra, Comunidad Foral de",Nafarroako Foru Komunitatea,,alpha,2,True,True,True
ES,ES-O,O,Province of Asturias,,ES-AS,alpha,1,False,False,True
ES,ES-OR,OR,Ourense,Ourense,ES-GA,alpha,2,False,False,True
ES,ES-P,P,Palencia Province,Provincia de Palencia,ES-CL,alpha,1,True,False,True
ES,ES-PM,PM,Balearic Islands,Illes Balears,ES-IB,alpha,2,False,False,True
ES,ES-PO,PO,Pontevedra Province,Provincia de Pontevedra,ES-GA,alpha,2,True,False,True
ES,ES-PV,PV,Pais Vasco,País Vasco,,alpha,2,True,True,True
ES,ES-RI,RI,La Rioja,,,alpha,2,False,True,True
ES,ES-S,S,Cantabria Province,,ES-CB,alpha,1,False,False,True
ES,ES-SA,SA,Province of Salamanca,provincia de Salamanca,ES-CL,alpha,2,False,False,True
ES,ES-SE,SE,Seville Province,Provincia de Sevilla,ES-AN,alpha,2,True,False,True
ES,ES-SG,SG,Segovia Province,Provincia de Segovia,ES-CL,alpha,2,False,False,True
ES,ES-SO,SO,Soria Province,Provincia de Soria,ES-CL,alpha,2,True,False,True
ES,ES-SS,SS,Gipuzkoa,Gipuzkoa,ES-PV,alpha,2,False,False,True
ES,ES-T,T,Province of Tarragona,Província de Tarragona,ES-CT,alpha,1,False,False,True
ES,ES-TE,TE,Teruel Province,Provincia de Teruel,ES-AR,alpha,2,True,False,True
ES,ES-TF,TF,Santa Cruz de Tenerife Province,Provincia de Santa Cruz de Tenerife,ES-CN,alpha,2,False,False,True
ES,ES-TO,TO,Toledo Province,Provincia de Toledo,ES-CM,alpha,2,True,False,True
ES,ES-V,V,Province of Valencia,Província de València,ES-VC,alpha,1,False,False,True
ES,ES-VA,VA,Valladolid Province,Provincia de Valladolid,ES-CL,alpha,2,True,False,True
ES,ES-VC,VC,"Valenciana, Comunidad",Comunitat Valenciana,,alpha,2,True,True,True
ES,ES-VI,VI,Álava,Araba,ES-PV,alpha,2,False,False,True
ES,ES-Z,Z,Zaragoza Province,Provincia de Zaragoza,ES-AR,alpha,1,True,False,True
ES,ES-ZA,ZA,Zamora Province,Provincia de Zamora,ES-CL,alpha,2,True,False,True
ET,ET-AA,AA,Adis Abeba,አዲስ አበባ,,alpha,2,True,True,True
ET,ET-AF,AF,Afar,አፋር,,alpha,2,True,True,True
ET,ET-AM,AM,Amara,አማራ,,alpha,2,True,True,True
ET,ET-BE,BE,Binshangul Gumuz,ቤንሻንጉል-ጉምዝ,,alpha,2,False,True,True
ET,ET-DD,DD,Dire Dawa,Diridhabe,,alpha,2,True,True,True
ET,ET-GA,GA,Gambela Region,,,alpha,2,True,False,True
ET,ET-HA,HA,Hareri Hizb,,,alpha,2,True,True,True
ET,ET-OR,OR,Oromiya,,,alpha,2,True,True,True
ET,ET-SI,SI,Sidama Region,,,alpha,2,True,False,True
ET,ET-SN,SN,YeDebub Biheroch Bihereseboch na Hizboch,ደቡብ ብሔሮች ብሔረሰቦችና ሕዝቦች ክልል,,alpha,2,False,True,True
ET,ET-SO,SO,Sumale,Soomaali Galbeed,,alpha,2,False,True,True
ET,ET-SW,SW,Southwest Ethiopia Regional State,የደቡብ ምዕራብ ኢትዮጵያ ህዝቦች ክልልል,,alpha,2,False,False,True
ET,ET-TI,TI,Tigray,ትግራይ ክልል,,alpha,2,True,True,True
FI,FI-01,01,Åland,Åland,,numeric,2,False,False,True
FI,FI-02,02,Etela-Karjala,Södra Karelen,,numeric,2,False,True,True
FI,FI-03,03,Etela-Pohjanmaa,Södra Österbottens,,numeric,2,False,True,True
FI,FI-04,04,Etela-Savo,Södra Savolax,,numeric,2,False,True,True
FI,FI-05,05,Kainuu,Kajanaland,,numeric,2,False,True,True
FI,FI-06,06,Kanta-Hame,Kanta-Häme,,numeric,2,False,True,True
FI,FI-07,07,Keski-Pohjanmaa,Mellersta Österbotten,,numeric,2,False,True,True
FI,FI-08,08,Keski-Suomi,Mellersta Finland,,numeric,2,False,True,True
FI,FI-09,09,Kymenlaakso,Kymmenedalens,,numeric,2,False,True,True
FI,FI-10,10,Lappi,Lappland,,numeric,2,False,True,True
FI,FI-11,11,Pirkanmaa,Pirkanmaa,,numeric,2,False,True,True
FI,FI-12,12,Pohjanmaa,Österbotten,,numeric,2,False,True,True
FI,FI-13,13,Pohjois-Karjala,Pohjois-Karjala,,numeric,2,False,True,True
FI,FI-14,14,Pohjois-Pohjanmaa,Pohjois-Pohjanmaa,,numeric,2,False,True,True
FI,FI-15,15,Pohjois-Savo,Pohjois-Savo,,numeric,2,False,True,True
FI,FI-16,16,Paijat-Hame,Päijät-Häme,,numeric,2,False,True,True
FI,FI-17,17,Satakunta,Satakunta,,numeric,2,False,True,True
FI,FI-18,18,Uusimaa,Uusimaa,,numeric,2,False,True,True
FI,FI-19,19,Varsinais-Suomi,Varsinais-Suomi,,numeric,2,False,True,True
FI,FI-IS,IS,Eastern Finland,Itä-Suomen lääni,,alpha,2,False,False,True
FI,FI-LL,LL,Lapland,,,alpha,2,False,False,True
FI,FI-LS,LS,Western Finland Province,,,alpha,2,False,False,True
FI,FI-OL,OL,Oulu Province,,,alpha,2,False,False,True
FJ,FJ-01,01,Ba,,FJ-W,numeric,2,False,False,True
FJ,FJ-02,02,Bua,,FJ-N,numeric,2,False,False,True
FJ,FJ-03,03,Cakaudrove,,FJ-N,numeric,2,False,False,True
FJ,FJ-04,04,Kadavu,Kadavu,FJ-E,numeric,2,False,False,True
FJ,FJ-05,05,Lau,,FJ-E,numeric,2,False,False,True
FJ,FJ-06,06,Lomaiviti,,FJ-E,numeric,2,False,False,True
FJ,FJ-07,07,Macuata,,FJ-N,numeric,2,False,False,True
FJ,FJ-08,08,Nadroga-Navosa,,FJ-W,numeric,2,False,False,True
FJ,FJ-09,09,Naitasiri,,FJ-C,numeric,2,False,False,True
FJ,FJ-10,10,Namosi,,FJ-C,numeric,2,False,False,True
FJ,FJ-11,11,Ra,,FJ-W,numeric,2,False,False,True
FJ,FJ-12,12,Rewa,,FJ-C,numeric,2,False,False,True
FJ,FJ-13,13,Serua,,FJ-C,numeric,2,False,False,True
FJ,FJ-14,14,Tailevu,,FJ-C,numeric,2,False,False,True
FJ,FJ-C,C,Central,,,alpha,1,True,True,True
FJ,FJ-E,E,Eastern,,,alpha,1,True,True,True
FJ,FJ-N,N,Northern,,,alpha,1,True,True,True
FJ,FJ-R,R,Rotuma,Rotuma,,alpha,1,True,True,True
FJ,FJ-W,W,Western,,,alpha,1,True,True,True
FM,FM-KSA,KSA,Kosrae,,,alpha,3,False,True,True
FM,FM-PNI,PNI,Pohnpei,,,alpha,3,False,True,True
FM,FM-TRK,TRK,Chuuk,,,alpha,3,False,True,True
FM,FM-YAP,YAP,Yap,,,alpha,3,True,True,True
FR,FR-01,01,Ain,,FR-ARA,numeric,2,False,False,True
FR,FR-02,02,Aisne,,FR-HDF,numeric,2,False,False,True
FR,FR-03,03,Allier,,FR-ARA,numeric,2,False,False,True
FR,FR-04,04,Alpes-de-Haute-Provence,,FR-PAC,numeric,2,False,False,True
FR,FR-05,05,Hautes-Alpes,,FR-PAC,numeric,2,False,False,True
FR,FR-06,06,Alpes-Maritimes,Aups Maritims,FR-PAC,numeric,2,False,False,True
FR,FR-07,07,Ardèche,,FR-ARA,numeric,2,False,False,True
FR,FR-08,08,Ardennes,Ardennes,FR-GES,numeric,2,False,False,True
FR,FR-09,09,Ariège,,FR-OCC,numeric,2,False,False,True
FR,FR-10,10,Aube,Aube,FR-GES,numeric,2,False,False,True
FR,FR-11,11,Aude,Aude,FR-OCC,numeric,2,False,False,True
FR,FR-12,12,Aveyron,,FR-OCC,numeric,2,False,False,True
FR,FR-13,13,Bouches-du-Rhône,,FR-PAC,numeric,2,False,False,True
FR,FR-14,14,Calvados,Calvados,FR-NOR,numeric,2,False,False,True
FR,FR-15,15,Cantal,Cantal,FR-ARA,numeric,2,False,False,True
FR,FR-16,16,Charente,Charente,FR-NAQ,numeric,2,False,False,True
FR,FR-17,17,Charente-Maritime,,FR-NAQ,numeric,2,False,False,True
FR,FR-18,18,Cher,,FR-CVL,numeric,2,False,False,True
FR,FR-19,19,Corrèze,Corrèze,FR-NAQ,numeric,2,False,False,True
FR,FR-20R,20R,Corsica,Corsica,,mixed,3,False,False,True
FR,FR-21,21,Côte-d’Or,Côte-d’Or,FR-BFC,numeric,2,False,False,True
FR,FR-22,22,Côtes-d'Armor,,FR-BRE,numeric,2,False,False,True
FR,FR-23,23,Creuse,,FR-NAQ,numeric,2,False,False,True
FR,FR-24,24,Dordogne,,FR-NAQ,numeric,2,False,False,True
FR,FR-25,25,Doubs,,FR-BFC,numeric,2,False,False,True
FR,FR-26,26,Drôme,,FR-ARA,numeric,2,False,False,True
FR,FR-27,27,Eure,,FR-NOR,numeric,2,False,False,True
FR,FR-28,28,Eure-et-Loir,,FR-CVL,numeric,2,False,False,True
FR,FR-29,29,Finistère,Penn-ar-Bed,FR-BRE,numeric,2,False,False,True
FR,FR-2A,2A,Corse-du-Sud,,FR-20R,mixed,2,False,False,True
FR,FR-2B,2B,Haute-Corse,,FR-20R,mixed,2,False,False,True
FR,FR-30,30,Gard,,FR-OCC,numeric,2,False,False,True
FR,FR-31,31,Haute-Garonne,,FR-OCC,numeric,2,False,False,True
FR,FR-32,32,Gers,,FR-OCC,numeric,2,False,False,True
FR,FR-33,33,Gironde,Gironde,FR-NAQ,numeric,2,False,False,True
FR,FR-34,34,Hérault,Hérault,FR-OCC,numeric,2,False,False,True
FR,FR-35,35,Ille-et-Vilaine,Ille-et-Vilaine,FR-BRE,numeric,2,False,False,True
FR,FR-36,36,Indre,,FR-CVL,numeric,2,False,False,True
FR,FR-37,37,Indre-et-Loire,,FR-CVL,numeric,2,False,False,True
FR,FR-38,38,Isère,Isère,FR-ARA,numeric,2,False,False,True
FR,FR-39,39,Jura,Jura,FR-BFC,numeric,2,False,False,True
FR,FR-40,40,Landes,Landes,FR-NAQ,numeric,2,False,False,True
FR,FR-41,41,Loir-et-Cher,Loir-et-Cher,FR-CVL,numeric,2,False,False,True
FR,FR-42,42,Loire,Léger,FR-ARA,numeric,2,False,False,True
FR,FR-43,43,Haute-Loire,Naut Léger,FR-ARA,numeric,2,False,False,True
FR,FR-44,44,Loire-Atlantique,,FR-PDL,numeric,2,False,False,True
FR,FR-45,45,Loiret,,FR-CVL,numeric,2,False,False,True
FR,FR-46,46,Lot,,FR-OCC,numeric,2,False,False,True
FR,FR-47,47,Lot-et-Garonne,,FR-NAQ,numeric,2,False,False,True
FR,FR-48,48,Lozère,Lozère,FR-OCC,numeric,2,False,False,True
FR,FR-49,49,Maine-et-Loire,Maine-et-Loire,FR-PDL,numeric,2,False,False,True
FR,FR-50,50,Manche,,FR-NOR,numeric,2,False,False,True
FR,FR-51,51,Marne,Marne,FR-GES,numeric,2,False,False,True
FR,FR-52,52,Haute-Marne,Haute-Marne,FR-GES,numeric,2,False,False,True
FR,FR-53,53,Mayenne,,FR-PDL,numeric,2,False,False,True
FR,FR-54,54,Meurthe-et-Moselle,,FR-GES,numeric,2,False,False,True
FR,FR-55,55,Meuse,Meuse,FR-GES,numeric,2,False,False,True
FR,FR-56,56,Morbihan,,FR-BRE,numeric,2,False,False,True
FR,FR-57,57,Moselle,Departement Moselle,FR-GES,numeric,2,False,False,True
FR,FR-58,58,Nièvre,,FR-BFC,numeric,2,False,False,True
FR,FR-59,59,Nord,Nord,FR-HDF,numeric,2,False,False,True
FR,FR-60,60,Oise,Oise,FR-HDF,numeric,2,False,False,True
FR,FR-61,61,Orne,,FR-NOR,numeric,2,False,False,True
FR,FR-62,62,Pas-de-Calais,Pas-de-Calais,FR-HDF,numeric,2,False,False,True
FR,FR-63,63,Puy-de-Dôme,Puèi Domat,FR-ARA,numeric,2,False,False,True
FR,FR-64,64,Pyrénées-Atlantiques,Pyrénées-Atlantiques,FR-NAQ,numeric,2,False,False,True
FR,FR-65,65,Hautes-Pyrénées,,FR-OCC,numeric,2,False,False,True
FR,FR-66,66,Pyrénées-Orientales,Pyrénées-Orientales,FR-OCC,numeric,2,False,False,True
FR,FR-67,67,Bas-Rhin,Bas-Rhin,FR-GES,numeric,2,False,False,True
FR,FR-68,68,Haut-Rhin,,FR-GES,numeric,2,False,False,True
FR,FR-69,69,departmental district of the Rhône,,FR-ARA,numeric,2,False,False,True
FR,FR-6AE,6AE,Alsace,Alsace,FR-GES,mixed,3,False,False,True
FR,FR-70,70,Haute-Saône,,FR-BFC,numeric,2,False,False,True
FR,FR-71,71,Saône-et-Loire,,FR-BFC,numeric,2,False,False,True
FR,FR-72,72,Sarthe,,FR-PDL,numeric,2,False,False,True
FR,FR-73,73,Savoie,,FR-ARA,numeric,2,False,False,True
FR,FR-74,74,Haute-Savoie,,FR-ARA,numeric,2,False,False,True
FR,FR-75C,75C,Paris,Paris,,mixed,3,False,False,True
FR,FR-76,76,Seine-Maritime,Seine-Maritime,FR-NOR,numeric,2,False,False,True
FR,FR-77,77,Seine-et-Marne,Seine-et-Marne,FR-IDF,numeric,2,False,False,True
FR,FR-78,78,Yvelines,Yvelines,FR-IDF,numeric,2,False,False,True
FR,FR-79,79,Deux-Sèvres,,FR-NAQ,numeric,2,False,False,True
FR,FR-80,80,Somme,,FR-HDF,numeric,2,False,False,True
FR,FR-81,81,Tarn,,FR-OCC,numeric,2,False,False,True
FR,FR-82,82,Tarn-et-Garonne,,FR-OCC,numeric,2,False,False,True
FR,FR-83,83,Var,,FR-PAC,numeric,2,False,False,True
FR,FR-84,84,Vaucluse,Vaucluse,FR-PAC,numeric,2,False,False,True
FR,FR-85,85,Vendée,Vendée,FR-PDL,numeric,2,False,False,True
FR,FR-86,86,Vienne,,FR-NAQ,numeric,2,False,False,True
FR,FR-87,87,Haute-Vienne,Nauta Vinhana,FR-NAQ,numeric,2,False,False,True
FR,FR-88,88,Vosges,Vosges,FR-GES,numeric,2,False,False,True
FR,FR-89,89,Yonne,,FR-BFC,numeric,2,False,False,True
FR,FR-90,90,Territoire de Belfort,Territoire de Belfort,FR-BFC,numeric,2,False,False,True
FR,FR-91,91,Essonne,,FR-IDF,numeric,2,False,False,True
FR,FR-92,92,Hauts-de-Seine,,FR-IDF,numeric,2,False,False,True
FR,FR-93,93,Seine-Saint-Denis,Seine-Saint-Denis,FR-IDF,numeric,2,False,False,True
FR,FR-94,94,Val-de-Marne,Val-de-Marne,FR-IDF,numeric,2,False,False,True
FR,FR-95,95,Val-d'Oise,Val-d’Oise,FR-IDF,numeric,2,False,False,True
FR,FR-971,971,Guadeloupe,Guadeloupe,,numeric,3,False,False,True
FR,FR-972,972,Martinique,Martinique,,numeric,3,False,False,True
FR,FR-973,973,French Guiana,Guyane,,numeric,3,False,False,True
FR,FR-974,974,Réunion,La Réunion,,numeric,3,False,False,True
FR,FR-976,976,Mayotte,,,numeric,3,False,False,True
FR,FR-ARA,ARA,Auvergne-Rhone-Alpes,Auvergne-Rhône-Alpes,,alpha,3,True,True,True
FR,FR-B,B,Aquitaine,Aquitaine,,alpha,1,False,False,True
FR,FR-BFC,BFC,Bourgogne-Franche-Comte,Bourgogne-Franche-Comté,,alpha,3,True,True,True
FR,FR-BL,BL,Saint Barthélemy,,,alpha,2,False,False,True
FR,FR-BRE,BRE,Bretagne,Bretagne,,alpha,3,True,True,True
FR,FR-C,C,Auvergne,Auvergne,,alpha,1,False,False,True
FR,FR-COR,COR,Corse,,,alpha,3,True,True,False
FR,FR-CP,CP,Clipperton Island,La Passion–Clipperton,,alpha,2,False,False,True
FR,FR-CVL,CVL,Centre-Val de Loire,Centre-Val de Loire,,alpha,3,False,True,True
FR,FR-D,D,Burgundy,Bourgogne,FR-BFC,alpha,1,False,False,True
FR,FR-G,G,Champagne-Ardenne,Champagne-Ardenne,,alpha,1,False,False,True
FR,FR-GES,GES,Grand-Est,,,alpha,3,True,True,True
FR,FR-HDF,HDF,Hauts-de-France,Hauts-de-France,,alpha,3,True,True,True
FR,FR-I,I,Franche-Comté,,,alpha,1,False,False,True
FR,FR-IDF,IDF,Ile-de-France,,,alpha,3,True,True,True
FR,FR-K,K,Languedoc-Roussillon,Languedoc-Roussillon,,alpha,1,False,False,True
FR,FR-L,L,Limousin,Limousin,,alpha,1,True,False,True
FR,FR-M,M,Lorraine,Lorraine,,alpha,1,False,False,True
FR,FR-MF,MF,Saint-Martin,Collectivité de Saint-Martin,,alpha,2,False,False,True
FR,FR-N,N,Midi-Pyrénées,Midi-Pyrénées,,alpha,1,False,False,True
FR,FR-NAQ,NAQ,Nouvelle-Aquitaine,Nòva Aquitània,,alpha,3,True,True,True
FR,FR-NC,NC,New Caledonia,Nouvelle-Calédonie,,alpha,2,True,False,True
FR,FR-NOR,NOR,Normandie,,,alpha,3,True,True,True
FR,FR-O,O,Nord-Pas-de-Calais,Nord-Pas-de-Calais,,alpha,1,False,False,True
FR,FR-OCC,OCC,Occitanie,Occitània,,alpha,3,True,True,True
FR,FR-P,P,Lower Normandy,Basse-Normandie,,alpha,1,False,False,True
FR,FR-PAC,PAC,Provence-Alpes-Cote-d'Azur,Provence-Alpes-Côte d'Azur,,alpha,3,True,True,True
FR,FR-PDL,PDL,Pays-de-la-Loire,Pays de la Loire,,alpha,3,True,True,True
FR,FR-PF,PF,French Polynesia,Pōrīnetia Farāni,,alpha,2,False,False,True
FR,FR-PM,PM,Saint Pierre and Miquelon,Saint-Pierre-et-Miquelon,,alpha,2,False,False,True
FR,FR-Q,Q,Upper Normandy,Haute-Normandie,,alpha,1,False,False,True
FR,FR-S,S,Picardy,Picardie,,alpha,1,False,False,True
FR,FR-T,T,Poitou-Charentes,Peitau-Charantas,,alpha,1,False,False,True
FR,FR-TF,TF,French Southern and Antarctic Lands,Terres australes et antarctiques françaises,,alpha,2,False,False,True
FR,FR-V,V,Rhône-Alpes,Rhône-Alpes,,alpha,1,False,False,True
FR,FR-WF,WF,Wallis and Futuna,Territoire des îles Wallis-et-Futuna,,alpha,2,False,False,True
GA,GA-1,1,Estuaire,,,numeric,1,False,True,True
GA,GA-2,2,Haut-Ogooue,,,numeric,1,False,True,True
GA,GA-3,3,Moyen-Ogooué Province,,,numeric,1,False,False,True
GA,GA-4,4,Ngounie,Ngounié,,numeric,1,False,True,True
GA,GA-5,5,Nyanga Province,,,numeric,1,False,False,True
GA,GA-6,6,Ogooue-Ivindo,,,numeric,1,False,True,True
GA,GA-7,7,Ogooué-Lolo Province,,,numeric,1,False,False,True
GA,GA-8,8,Ogooue-Maritime,,,numeric,1,False,True,True
GA,GA-9,9,Woleu-Ntem,,,numeric,1,False,True,True
GB,GB-ABC,ABC,"Armagh City, Banbridge and Craigavon",,GB-NIR,alpha,3,False,False,True
GB,GB-ABD,ABD,Aberdeenshire,Siorrachd Obar Dheathain,GB-SCT,alpha,3,False,False,True
GB,GB-ABE,ABE,Aberdeen,Obar Dheathain,GB-ABE,alpha,3,True,False,True
GB,GB-AGB,AGB,Argyll and Bute,Earra-Ghaidheal agus Bòd,GB-SCT,alpha,3,False,False,True
GB,GB-AGY,AGY,Anglesey,Ynys Môn,GB-AGY,alpha,3,False,False,True
GB,GB-AND,AND,Ards and North Down,,GB-NIR,alpha,3,False,False,True
GB,GB-ANN,ANN,Antrim and Newtownabbey,,GB-NIR,alpha,3,False,False,True
GB,GB-ANS,ANS,Angus,Aonghas,GB-SCT,alpha,3,False,False,True
GB,GB-ANT,ANT,Antrim,,GB-ANN,alpha,3,True,False,True
GB,GB-ARD,ARD,Ards,,GB-AND,alpha,3,True,False,True
GB,GB-ARM,ARM,Armagh City and District Council,,GB-NIR,alpha,3,True,False,True
GB,GB-BAS,BAS,Bath and North East Somerset,Bath and North East Somerset,,alpha,3,False,False,True
GB,GB-BBD,BBD,Blackburn with Darwen,,GB-LAN,alpha,3,False,False,True
GB,GB-BCP,BCP,"Bournemouth, Christchurch and Poole",,,alpha,3,False,False,True
GB,GB-BDF,BDF,Bedford,,,alpha,3,False,False,True
GB,GB-BDG,BDG,London Borough of Barking and Dagenham,,,alpha,3,False,False,True
GB,GB-BEN,BEN,London Borough of Brent,,,alpha,3,False,False,True
GB,GB-BEX,BEX,London Borough of Bexley,,,alpha,3,False,False,True
GB,GB-BFS,BFS,Belfast,,GB-NIR,alpha,3,False,False,True
GB,GB-BGE,BGE,Bridgend County Borough,Pen-y-bont ar Ogwr,GB-WLS,alpha,3,False,False,True
GB,GB-BGW,BGW,,Blaenau Gwent,GB-WLS,alpha,3,False,False,False
GB,GB-BIR,BIR,Birmingham,,,alpha,3,True,False,True
GB,GB-BKM,BKM,Buckinghamshire,,,alpha,3,False,False,True
GB,GB-BLA,BLA,Ballymena Borough,,GB-MEA,alpha,3,False,False,True
GB,GB-BLY,BLY,Ballymoney,,GB-CCG,alpha,3,False,False,True
GB,GB-BMH,BMH,Bournemouth,,,alpha,3,False,False,True
GB,GB-BNB,BNB,Banbridge,,GB-ABC,alpha,3,False,False,True
GB,GB-BNE,BNE,London Borough of Barnet,,,alpha,3,False,False,True
GB,GB-BNH,BNH,Brighton and Hove,,GB-ESX,alpha,3,False,False,True
GB,GB-BNS,BNS,Barnsley,,,alpha,3,False,False,True
GB,GB-BOL,BOL,Bolton,,,alpha,3,True,False,True
GB,GB-BPL,BPL,Blackpool,,GB-LAN,alpha,3,False,False,True
GB,GB-BRC,BRC,Bracknell Forest,,,alpha,3,False,False,True
GB,GB-BRD,BRD,Bradford,,,alpha,3,False,False,True
GB,GB-BRY,BRY,London Borough of Bromley,,,alpha,3,False,False,True
GB,GB-BST,BST,City of Bristol,,,alpha,3,False,False,True
GB,GB-BUR,BUR,Bury,,,alpha,3,True,False,True
GB,GB-CAM,CAM,Cambridgeshire,Cambridgeshire,,alpha,3,True,False,True
GB,GB-CAY,CAY,Caerphilly County Borough,,GB-WLS,alpha,3,False,False,True
GB,GB-CBF,CBF,Central Bedfordshire,,,alpha,3,False,False,True
GB,GB-CCG,CCG,Causeway Coast and Glens,,GB-NIR,alpha,3,False,False,True
GB,GB-CGN,CGN,Ceredigion,,GB-WLS,alpha,3,False,False,True
GB,GB-CGV,CGV,Craigavon Borough Council,Craigavon Borough Council,GB-NIR,alpha,3,False,False,True
GB,GB-CHE,CHE,Cheshire East,,GB-CHS,alpha,3,True,False,True
GB,GB-CHS,CHS,Cheshire,,GB-ENG,alpha,3,False,False,True
GB,GB-CHW,CHW,Cheshire West and Chester,,GB-CHS,alpha,3,True,False,True
GB,GB-CKF,CKF,Carrickfergus Borough Council,,GB-MEA,alpha,3,False,False,True
GB,GB-CKT,CKT,Cookstown District Council,,GB-NIR,alpha,3,False,False,True
GB,GB-CLD,CLD,Calderdale,,,alpha,3,False,False,True
GB,GB-CLK,CLK,Clackmannanshire,Siorrachd Chlach Mhanann,GB-SCT,alpha,3,False,False,True
GB,GB-CLR,CLR,Borough of Coleraine,,GB-CCG,alpha,3,False,False,True
GB,GB-CMA,CMA,Cumbria,Cumbria,,alpha,3,False,False,True
GB,GB-CMD,CMD,London Borough of Camden,,,alpha,3,False,False,True
GB,GB-CMN,CMN,Carmarthenshire,,GB-WLS,alpha,3,False,False,True
GB,GB-CON,CON,Cornwall,Kernow,,alpha,3,False,False,True
GB,GB-COV,COV,Coventry,,,alpha,3,True,False,True
GB,GB-CRF,CRF,Cardiff,,GB-WLS,alpha,3,False,False,True
GB,GB-CRY,CRY,London Borough of Croydon,,,alpha,3,False,False,True
GB,GB-CSR,CSR,Castlereagh,,GB-LBC,alpha,3,False,False,True
GB,GB-CWY,CWY,Conwy County Borough,,GB-WLS,alpha,3,False,False,True
GB,GB-DAL,DAL,Darlington,,,alpha,3,False,False,True
GB,GB-DBY,DBY,Derbyshire,Derbyshire,,alpha,3,False,False,True
GB,GB-DEN,DEN,Denbighshire,Sir Ddinbych,GB-WLS,alpha,3,True,False,True
GB,GB-DER,DER,City of Derby,,GB-DBY,alpha,3,False,False,True
GB,GB-DEV,DEV,Devon,Devon,,alpha,3,True,False,True
GB,GB-DGN,DGN,Dungannon and South Tyrone Borough Council,,GB-NIR,alpha,3,False,False,True
GB,GB-DGY,DGY,Dumfries and Galloway,Dùn Phris is Gall-Ghàidhealaibh,GB-SCT,alpha,3,False,False,True
GB,GB-DNC,DNC,Doncaster,,,alpha,3,False,False,True
GB,GB-DND,DND,Dundee City,Dundee City,GB-SCT,alpha,3,False,False,True
GB,GB-DOR,DOR,Dorset,,,alpha,3,True,False,True
GB,GB-DOW,DOW,Down District Council,,GB-NMD,alpha,3,True,False,True
GB,GB-DRS,DRS,Derry City and Strabane,,GB-NIR,alpha,3,False,False,True
GB,GB-DRY,DRY,Derry,,GB-NIR,alpha,3,False,False,True
GB,GB-DUD,DUD,Dudley,,,alpha,3,True,False,True
GB,GB-DUR,DUR,County Durham,,,alpha,3,False,False,True
GB,GB-EAL,EAL,London Borough of Ealing,London Borough of Ealing,,alpha,3,False,False,True
GB,GB-EAW,EAW,England and Wales,,GB-WLS,alpha,3,True,False,True
GB,GB-EAY,EAY,East Ayrshire,Siorrachd Àir an Ear,GB-SCT,alpha,3,True,False,True
GB,GB-EDH,EDH,Edinburgh,Edinburgh,GB-EDH,alpha,3,False,False,True
GB,GB-EDU,EDU,East Dunbartonshire,Siorrachd Dhùn Bhreatann an Ear,GB-SCT,alpha,3,True,False,True
GB,GB-ELN,ELN,East Lothian,Lodainn an Ear,GB-SCT,alpha,3,False,False,True
GB,GB-ELS,ELS,Outer Hebrides,Na h-Eileanan Siar,GB-SCT,alpha,3,False,False,True
GB,GB-ENF,ENF,London Borough of Enfield,,,alpha,3,False,False,True
GB,GB-ENG,ENG,England,England,GB-UKM,alpha,3,True,True,True
GB,GB-ERW,ERW,East Renfrewshire,Siorrachd Rinn Friù an Ear,GB-SCT,alpha,3,False,False,True
GB,GB-ERY,ERY,East Riding of Yorkshire,,,alpha,3,False,False,True
GB,GB-ESS,ESS,Essex,,,alpha,3,True,False,True
GB,GB-ESX,ESX,East Sussex,East Sussex,,alpha,3,False,False,True
GB,GB-FAL,FAL,Falkirk,Fawkirk,GB-SCT,alpha,3,True,False,True
GB,GB-FER,FER,Fermanagh District Council,,GB-FMO,alpha,3,True,False,True
GB,GB-FIF,FIF,Fife,Fìobha,GB-SCT,alpha,3,True,False,True
GB,GB-FLN,FLN,Flintshire,,GB-WLS,alpha,3,False,False,True
GB,GB-FMO,FMO,Fermanagh and Omagh,,GB-NIR,alpha,3,False,False,True
GB,GB-GAT,GAT,Gateshead,,,alpha,3,True,False,True
GB,GB-GBN,GBN,Great Britain,,,alpha,3,False,False,True
GB,GB-GLG,GLG,Glasgow,Glesga,GB-GLG,alpha,3,False,False,True
GB,GB-GLS,GLS,Gloucestershire,,GB-GLS,alpha,3,False,False,True
GB,GB-GRE,GRE,Royal Borough of Greenwich,,,alpha,3,False,False,True
GB,GB-GWN,GWN,Gwynedd,,GB-WLS,alpha,3,False,False,True
GB,GB-HAL,HAL,Halton,,GB-CHS,alpha,3,True,False,True
GB,GB-HAM,HAM,Hampshire,Hampshire,,alpha,3,True,False,True
GB,GB-HAV,HAV,London Borough of Havering,,,alpha,3,False,False,True
GB,GB-HCK,HCK,London Borough of Hackney,,,alpha,3,False,False,True
GB,GB-HEF,HEF,Herefordshire,,,alpha,3,False,False,True
GB,GB-HIL,HIL,London Borough of Hillingdon,,,alpha,3,False,False,True
GB,GB-HLD,HLD,Highland,na Gàidhealtachd,GB-SCT,alpha,3,False,False,True
GB,GB-HMF,HMF,London Borough of Hammersmith and Fulham,,,alpha,3,False,False,True
GB,GB-HNS,HNS,London Borough of Hounslow,,,alpha,3,False,False,True
GB,GB-HPL,HPL,Hartlepool,,,alpha,3,False,False,True
GB,GB-HRT,HRT,Hertfordshire,Hertfordshire,,alpha,3,False,False,True
GB,GB-HRW,HRW,London Borough of Harrow,,,alpha,3,False,False,True
GB,GB-HRY,HRY,London Borough of Haringey,,,alpha,3,False,False,True
GB,GB-IOS,IOS,Isles of Scilly,Isles of Scilly,,alpha,3,True,False,True
GB,GB-IOW,IOW,Isle of Wight,Isle of Wight,,alpha,3,True,False,True
GB,GB-ISL,ISL,London Borough of Islington,Islington,,alpha,3,False,False,True
GB,GB-IVC,IVC,Inverclyde,Inverclyde,GB-SCT,alpha,3,False,False,True
GB,GB-JSY,JSY,Jersey,Jèrri,,alpha,3,False,False,True
GB,GB-KEC,KEC,Royal Borough of Kensington and Chelsea,Royal Borough of Kensington and Chelsea,,alpha,3,False,False,True
GB,GB-KEN,KEN,Kent,,GB-KEN,alpha,3,True,False,True
GB,GB-KHL,KHL,City of Kingston upon Hull,,,alpha,3,False,False,True
GB,GB-KIR,KIR,Kirklees,,,alpha,3,True,False,True
GB,GB-KTT,KTT,Royal Borough of Kingston upon Thames,,,alpha,3,False,False,True
GB,GB-KWL,KWL,Knowsley,,,alpha,3,False,False,True
GB,GB-LAN,LAN,Lancashire,Lancashire,GB-ENG,alpha,3,True,False,True
GB,GB-LBC,LBC,Lisburn and Castlereagh,,GB-NIR,alpha,3,False,False,True
GB,GB-LBH,LBH,London Borough of Lambeth,,,alpha,3,False,False,True
GB,GB-LCE,LCE,City of Leicester,,GB-LEC,alpha,3,False,False,True
GB,GB-LDS,LDS,Leeds,,,alpha,3,False,False,True
GB,GB-LEC,LEC,Leicestershire,,GB-LEC,alpha,3,False,False,True
GB,GB-LEW,LEW,London Borough of Lewisham,,,alpha,3,False,False,True
GB,GB-LIN,LIN,Lincolnshire,,GB-LIN,alpha,3,True,False,True
GB,GB-LIV,LIV,Liverpool,,,alpha,3,True,False,True
GB,GB-LMV,LMV,Limavady Borough Council,,GB-CCG,alpha,3,False,False,True
GB,GB-LND,LND,City of London,City of London,,alpha,3,False,False,True
GB,GB-LRN,LRN,Larne Borough Council,,GB-MEA,alpha,3,False,False,True
GB,GB-LSB,LSB,Lisburn,,GB-NIR,alpha,3,False,False,True
GB,GB-LUT,LUT,Luton,,,alpha,3,True,False,True
GB,GB-MAN,MAN,Manchester,,,alpha,3,True,False,True
GB,GB-MDB,MDB,Middlesbrough,,,alpha,3,False,False,True
GB,GB-MDW,MDW,Medway,Medway,GB-KEN,alpha,3,False,False,True
GB,GB-MEA,MEA,Mid and East Antrim,,GB-NIR,alpha,3,False,False,True
GB,GB-MFT,MFT,Magherafelt District Council,,GB-NIR,alpha,3,False,False,True
GB,GB-MIK,MIK,City of Milton Keynes,,,alpha,3,False,False,True
GB,GB-MLN,MLN,Midlothian,Midlothian,GB-SCT,alpha,3,False,False,True
GB,GB-MON,MON,Monmouthshire,Sir Fynwy,GB-WLS,alpha,3,True,False,True
GB,GB-MRT,MRT,London Borough of Merton,,,alpha,3,False,False,True
GB,GB-MRY,MRY,Moray,Moray,GB-SCT,alpha,3,False,False,True
GB,GB-MTY,MTY,Merthyr Tydfil County Borough,,GB-WLS,alpha,3,True,False,True
GB,GB-MUL,MUL,Mid Ulster,,GB-NIR,alpha,3,True,False,True
GB,GB-MYL,MYL,Moyle District Council,,GB-CCG,alpha,3,False,False,True
GB,GB-NAY,NAY,North Ayrshire,Siorrachd Àir a Tuath,GB-SCT,alpha,3,True,False,True
GB,GB-NBL,NBL,Northumberland,Northumberland,,alpha,3,False,False,True
GB,GB-NDN,NDN,North Down,,GB-AND,alpha,3,False,False,True
GB,GB-NEL,NEL,North East Lincolnshire,,GB-LIN,alpha,3,True,False,True
GB,GB-NET,NET,Newcastle upon Tyne,,,alpha,3,False,False,True
GB,GB-NFK,NFK,Norfolk,,,alpha,3,False,False,True
GB,GB-NGM,NGM,City of Nottingham,,GB-NTT,alpha,3,False,False,True
GB,GB-NIR,NIR,Northern Ireland,Tuaisceart Éireann,GB-UKM,alpha,3,True,True,True
GB,GB-NLK,NLK,North Lanarkshire,Siorrachd Lannraig a Tuath,GB-SCT,alpha,3,False,False,True
GB,GB-NLN,NLN,North Lincolnshire,,GB-LIN,alpha,3,False,False,True
GB,GB-NMD,NMD,"Newry, Mourne and Down",,GB-NIR,alpha,3,False,False,True
GB,GB-NSM,NSM,North Somerset,,,alpha,3,False,False,True
GB,GB-NTA,NTA,Newtownabbey Borough Council,,GB-ANN,alpha,3,False,False,True
GB,GB-NTH,NTH,Northamptonshire,,,alpha,3,False,False,True
GB,GB-NTL,NTL,Neath Port Talbot,,GB-WLS,alpha,3,False,False,True
GB,GB-NTT,NTT,Nottinghamshire,Nottinghamshire,,alpha,3,False,False,True
GB,GB-NTY,NTY,North Tyneside,,,alpha,3,True,False,True
GB,GB-NWM,NWM,London Borough of Newham,,,alpha,3,False,False,True
GB,GB-NWP,NWP,Newport,,GB-WLS,alpha,3,False,False,True
GB,GB-NYK,NYK,North Yorkshire,,,alpha,3,False,False,True
GB,GB-NYM,NYM,Newry and Mourne,,GB-NIR,alpha,3,False,False,True
GB,GB-OLD,OLD,Oldham,,,alpha,3,True,False,True
GB,GB-OMH,OMH,Omagh District Council,,GB-FMO,alpha,3,False,False,True
GB,GB-ORK,ORK,Orkney Islands,Arcaibh,GB-SCT,alpha,3,True,False,True
GB,GB-OXF,OXF,Oxford,Oxford,,alpha,3,True,False,True
GB,GB-PEM,PEM,Pembrokeshire,,GB-WLS,alpha,3,True,False,True
GB,GB-PKN,PKN,Perth and Kinross,Perth & Kinross,GB-SCT,alpha,3,False,False,True
GB,GB-PLY,PLY,City of Plymouth,,GB-DEV,alpha,3,False,False,True
GB,GB-POL,POL,Poole,,,alpha,3,False,False,True
GB,GB-POR,POR,City of Portsmouth,,GB-HAM,alpha,3,False,False,True
GB,GB-POW,POW,,Sir Powys,GB-WLS,alpha,3,False,False,False
GB,GB-PTE,PTE,City of Peterborough,,GB-CAM,alpha,3,False,False,True
GB,GB-RCC,RCC,Redcar and Cleveland,,,alpha,3,False,False,True
GB,GB-RCH,RCH,Rochdale,,,alpha,3,False,False,True
GB,GB-RCT,RCT,Rhondda Cynon Taf,,GB-WLS,alpha,3,True,False,True
GB,GB-RDB,RDB,London Borough of Redbridge,,,alpha,3,False,False,True
GB,GB-RDG,RDG,Reading,,,alpha,3,False,False,True
GB,GB-RFW,RFW,Renfrewshire,Siorrachd Rinn Friù,GB-SCT,alpha,3,False,False,True
GB,GB-RIC,RIC,London Borough of Richmond upon Thames,,,alpha,3,False,False,True
GB,GB-ROT,ROT,Rotherham,,,alpha,3,True,False,True
GB,GB-RUT,RUT,Rutland,,,alpha,3,True,False,True
GB,GB-SAW,SAW,Sandwell,,,alpha,3,False,False,True
GB,GB-SAY,SAY,South Ayrshire,South Ayrshire,GB-SCT,alpha,3,True,False,True
GB,GB-SCB,SCB,Scottish Borders,Scottish Borders,GB-SCT,alpha,3,True,False,True
GB,GB-SCT,SCT,Scotland,Scotland,GB-UKM,alpha,3,False,True,True
GB,GB-SFK,SFK,Suffolk,Suffolk,,alpha,3,False,False,True
GB,GB-SFT,SFT,Sefton,Sefton,,alpha,3,False,False,True
GB,GB-SGC,SGC,South Gloucestershire,,GB-GLS,alpha,3,False,False,True
GB,GB-SHF,SHF,Sheffield,,,alpha,3,False,False,True
GB,GB-SHN,SHN,St Helens,,,alpha,3,False,False,True
GB,GB-SHR,SHR,Shropshire,,,alpha,3,True,False,True
GB,GB-SKP,SKP,Stockport,,,alpha,3,False,False,True
GB,GB-SLF,SLF,Salford,,,alpha,3,False,False,True
GB,GB-SLG,SLG,Slough,,,alpha,3,False,False,True
GB,GB-SLK,SLK,South Lanarkshire,South Lanarkshire,GB-SCT,alpha,3,False,False,True
GB,GB-SND,SND,Sunderland,,,alpha,3,False,False,True
GB,GB-SOL,SOL,Solihull,,,alpha,3,True,False,True
GB,GB-SOM,SOM,Somerset,,,alpha,3,True,False,True
GB,GB-SOS,SOS,Southend-on-Sea,,,alpha,3,True,False,True
GB,GB-SRY,SRY,Surrey,Surrey,,alpha,3,False,False,True
GB,GB-STB,STB,Strabane,,GB-NIR,alpha,3,False,False,True
GB,GB-STE,STE,City of Stoke-on-Trent,,GB-STS,alpha,3,False,False,True
GB,GB-STG,STG,Stirling,Stirling,GB-SCT,alpha,3,False,False,True
GB,GB-STH,STH,City of Southampton,,GB-HAM,alpha,3,False,False,True
GB,GB-STN,STN,London Borough of Sutton,,,alpha,3,False,False,True
GB,GB-STS,STS,Staffordshire,,GB-STS,alpha,3,False,False,True
GB,GB-STT,STT,Stockton-on-Tees,,,alpha,3,False,False,True
GB,GB-STY,STY,South Tyneside,,,alpha,3,True,False,True
GB,GB-SWA,SWA,Swansea,,GB-WLS,alpha,3,True,False,True
GB,GB-SWD,SWD,Swindon,,,alpha,3,False,False,True
GB,GB-SWK,SWK,London Borough of Southwark,,,alpha,3,False,False,True
GB,GB-TAM,TAM,Tameside,,,alpha,3,True,False,True
GB,GB-TFW,TFW,Telford and Wrekin,,,alpha,3,False,False,True
GB,GB-THR,THR,Thurrock,,,alpha,3,False,False,True
GB,GB-TOB,TOB,Torbay,,GB-DEV,alpha,3,False,False,True
GB,GB-TOF,TOF,Torfaen,,GB-WLS,alpha,3,False,False,True
GB,GB-TRF,TRF,Trafford,,,alpha,3,False,False,True
GB,GB-TWH,TWH,London Borough of Tower Hamlets,,,alpha,3,False,False,True
GB,GB-UKM,UKM,United Kingdom,United Kingdom of Great Britain and Northern Ireland,,alpha,3,False,False,True
GB,GB-VGL,VGL,The Vale of Glamorgan,Bro Morgannwg,GB-WLS,alpha,3,False,False,True
GB,GB-WAR,WAR,Warwickshire,Warwickshire,,alpha,3,True,False,True
GB,GB-WBK,WBK,West Berkshire,,,alpha,3,False,False,True
GB,GB-WDU,WDU,West Dunbartonshire,West Dunbartonshire,GB-SCT,alpha,3,True,False,True
GB,GB-WFT,WFT,London Borough of Waltham Forest,,,alpha,3,False,False,True
GB,GB-WGN,WGN,Wigan,,,alpha,3,False,False,True
GB,GB-WIL,WIL,Wiltshire,,,alpha,3,True,False,True
GB,GB-WKF,WKF,Wakefield,,,alpha,3,False,False,True
GB,GB-WLL,WLL,Walsall,,,alpha,3,False,False,True
GB,GB-WLN,WLN,West Lothian,West Lothian,GB-SCT,alpha,3,False,False,True
GB,GB-WLS,WLS,Wales,Cymru,GB-UKM,alpha,3,False,True,True
GB,GB-WLV,WLV,City of Wolverhampton,,,alpha,3,False,False,True
GB,GB-WND,WND,London Borough of Wandsworth,,,alpha,3,False,False,True
GB,GB-WNM,WNM,Windsor and Maidenhead,,,alpha,3,False,False,True
GB,GB-WOK,WOK,Wokingham,,,alpha,3,True,False,True
GB,GB-WOR,WOR,Worcestershire,Worcestershire,,alpha,3,True,False,True
GB,GB-WRL,WRL,Wirral,,,alpha,3,False,False,True
GB,GB-WRT,WRT,Warrington,,GB-CHS,alpha,3,False,False,True
GB,GB-WRX,WRX,Wrexham County Borough,,GB-WLS,alpha,3,False,False,True
GB,GB-WSM,WSM,City of Westminster,,,alpha,3,False,False,True
GB,GB-WSX,WSX,West Sussex,,,alpha,3,False,False,True
GB,GB-YOR,YOR,City of York,,,alpha,3,False,False,True
GB,GB-ZET,ZET,Shetland Islands,Shetland,GB-SCT,alpha,3,False,False,True
GD,GD-01,01,Saint Andrew,,,numeric,2,False,True,True
GD,GD-02,02,Saint David,,,numeric,2,False,True,True
GD,GD-03,03,Saint George,,,numeric,2,False,True,True
GD,GD-04,04,Saint John,,,numeric,2,False,True,True
GD,GD-05,05,Saint Mark,,,numeric,2,False,True,True
GD,GD-06,06,Saint Patrick,,,numeric,2,False,True,True
GD,GD-10,10,Southern Grenadine Islands,,,numeric,2,False,True,True
GE,GE-25,25,Kaspi Municipality,კასპის მუნიციპალიტეტი,GE-SK,numeric,2,False,False,True
GE,GE-29,29,Khelvachauri Municipality,ხელვაჩაურის მუნიციპალიტეტი,GE-AJ,numeric,2,False,False,True
GE,GE-37,37,Marneuli Municipality,მარნეულის მუნიციპალიტეტი,GE-KK,numeric,2,False,False,True
GE,GE-44,44,Ozurgeti Municipality,ოზურგეთის მუნიციპალიტეტი,GE-GU,numeric,2,False,False,True
GE,GE-50,50,Senaki Municipality,სენაკის მუნიციპალიტეტი,GE-SZ,numeric,2,False,False,True
GE,GE-AB,AB,Abkhazia,აფხაზეთის ავტონომიური რესპუბლიკა,,alpha,2,True,True,True
GE,GE-AJ,AJ,Ajaria,აჭარის ავტონომიური რესპუბლიკა,,alpha,2,True,True,True
GE,GE-GU,GU,Guria,გურიის მხარე,,alpha,2,True,True,True
GE,GE-IM,IM,Imereti,იმერეთის მხარე,,alpha,2,True,True,True
GE,GE-KA,KA,K'akheti,კახეთის მხარე,,alpha,2,True,True,True
GE,GE-KK,KK,Kvemo Kartli,ქვემო ქართლის მხარე,,alpha,2,True,True,True
GE,GE-MM,MM,Mtskheta-Mtianeti,მცხეთა-მთიანეთის მხარე,,alpha,2,True,True,True
GE,GE-RL,RL,Rach'a-Lechkhumi-Kvemo Svaneti,რაჭა-ლეჩხუმისა და ქვემო სვანეთის მხარე,,alpha,2,False,True,True
GE,GE-SJ,SJ,Samtskhe-Javakheti,სამცხე-ჯავახეთის მხარე,,alpha,2,True,True,True
GE,GE-SK,SK,Shida Kartli,შიდა ქართლის მხარე,,alpha,2,True,True,True
GE,GE-SZ,SZ,Samegrelo-Zemo Svaneti,სამეგრელო-ზემო სვანეთი,,alpha,2,True,True,True
GE,GE-TB,TB,Tbilisi,თბილისი,,alpha,2,True,True,True
GH,GH-AA,AA,Greater Accra,,,alpha,2,False,True,True
GH,GH-AF,AF,Ahafo Region,,,alpha,2,False,False,True
GH,GH-AH,AH,Ashanti,,,alpha,2,False,True,True
GH,GH-BA,BA,Brong-Ahafo Region,,,alpha,2,True,False,True
GH,GH-BE,BE,Bono East Region,,,alpha,2,True,False,True
GH,GH-BO,BO,Bono Region,Bono Region,,alpha,2,True,False,True
GH,GH-CP,CP,Central,,,alpha,2,False,True,True
GH,GH-EP,EP,Eastern,,,alpha,2,False,True,True
GH,GH-NE,NE,North East Region,,,alpha,2,True,False,True
GH,GH-NP,NP,Northern,,,alpha,2,False,True,True
GH,GH-OT,OT,Oti Region,,,alpha,2,True,False,True
GH,GH-SV,SV,Savannah Region,,,alpha,2,False,False,True
GH,GH-TV,TV,Volta,Volta,,alpha,2,False,True,True
GH,GH-UE,UE,Upper East,,,alpha,2,True,True,True
GH,GH-UW,UW,Upper West,,,alpha,2,True,True,True
GH,GH-WN,WN,Western North Region,,,alpha,2,True,False,True
GH,GH-WP,WP,Western,,,alpha,2,False,True,True
GL,GL-AV,AV,Avannaata Kommunia,Avannaata,DK-GL,alpha,2,True,True,True
GL,GL-KU,KU,Kommune Kujalleq,Kujalleq Kommunia,DK-GL,alpha,2,False,True,True
GL,GL-QA,QA,Qaasuitsup,Qaasuitsup Kommunia,DK-GL,alpha,2,True,False,True
GL,GL-QE,QE,Qeqqata Kommunia,,DK-GL,alpha,2,True,True,True
GL,GL-QT,QT,Kommune Qeqertalik,,DK-GL,alpha,2,False,True,True
GL,GL-SM,SM,Kommuneqarfik Sermersooq,Kommuneqarfik Sermersooq,DK-GL,alpha,2,False,True,True
GM,GM-B,B,Banjul,,,alpha,1,True,True,True
GM,GM-L,L,Lower River,,,alpha,1,True,True,True
GM,GM-M,M,Central River,,,alpha,1,False,True,True
GM,GM-N,N,North Bank,,,alpha,1,True,True,True
GM,GM-U,U,Upper River,Upper River,,alpha,1,True,True,True
GM,GM-W,W,Western,,,alpha,1,True,True,True
GN,GN-B,B,Boke,Boké,,alpha,1,True,True,True
GN,GN-BE,BE,Beyla Prefecture,,GN-N,alpha,2,True,False,True
GN,GN-BF,BF,Boffa,,GN-B,alpha,2,False,True,True
GN,GN-BK,BK,Boké Prefecture,,GN-B,alpha,2,False,False,True
GN,GN-C,C,Conakry,𞤑𞤮𞤲𞤢𞥄𞤳𞤭𞤪𞤭,,alpha,1,True,True,True
GN,GN-CO,CO,Coyah,,GN-D,alpha,2,True,True,True
GN,GN-D,D,Kindia Region,,,alpha,1,False,False,True
GN,GN-DB,DB,Dabola,,GN-F,alpha,2,False,True,True
GN,GN-DI,DI,Dinguiraye Prefecture,,GN-F,alpha,2,True,False,True
GN,GN-DL,DL,Dalaba Prefecture,,GN-M,alpha,2,False,False,True
GN,GN-DU,DU,Dubreka,,GN-D,alpha,2,True,True,True
GN,GN-F,F,Faranah Region,,,alpha,1,True,False,True
GN,GN-FA,FA,Faranah Prefecture,,GN-F,alpha,2,True,False,True
GN,GN-FO,FO,Forécariah Prefecture,,GN-D,alpha,2,True,False,True
GN,GN-FR,FR,Fria Prefecture,,GN-B,alpha,2,True,False,True
GN,GN-GA,GA,Gaoual Prefecture,,GN-B,alpha,2,True,False,True
GN,GN-GU,GU,Guéckédou Prefecture,,GN-N,alpha,2,True,False,True
GN,GN-K,K,Kankan,Kankan,,alpha,1,True,True,True
GN,GN-KA,KA,Kankan Prefecture,,GN-K,alpha,2,True,False,True
GN,GN-KB,KB,Koubia Prefecture,,GN-L,alpha,2,False,False,True
GN,GN-KD,KD,Kindia Prefecture,,GN-D,alpha,2,False,False,True
GN,GN-KE,KE,Kérouané Prefecture,,GN-K,alpha,2,True,False,True
GN,GN-KN,KN,Koundara Prefecture,,GN-B,alpha,2,False,False,True
GN,GN-KO,KO,Kouroussa Prefecture,,GN-K,alpha,2,True,False,True
GN,GN-KS,KS,Kissidougou Prefecture,,GN-F,alpha,2,False,False,True
GN,GN-L,L,Labé Region,,,alpha,1,True,False,True
GN,GN-LA,LA,Labé Prefecture,,GN-L,alpha,2,True,False,True
GN,GN-LE,LE,Lélouma Prefecture,,GN-L,alpha,2,True,False,True
GN,GN-LO,LO,Lola Prefecture,,GN-N,alpha,2,True,False,True
GN,GN-M,M,Mamou Region,,,alpha,1,True,False,True
GN,GN-MC,MC,Macenta Prefecture,,GN-N,alpha,2,False,False,True
GN,GN-MD,MD,Mandiana Prefecture,,GN-K,alpha,2,False,False,True
GN,GN-ML,ML,Mali Prefecture,,GN-L,alpha,2,False,False,True
GN,GN-MM,MM,Mamou Prefecture,,GN-M,alpha,2,False,False,True
GN,GN-N,N,Nzerekore,,,alpha,1,True,True,True
GN,GN-NZ,NZ,Nzérékoré Prefecture,,GN-N,alpha,2,True,False,True
GN,GN-PI,PI,Pita Prefecture,,GN-M,alpha,2,True,False,True
GN,GN-SI,SI,Siguiri,,GN-K,alpha,2,True,True,True
GN,GN-TE,TE,Télimélé Prefecture,,GN-D,alpha,2,True,False,True
GN,GN-TO,TO,Tougué Prefecture,,GN-L,alpha,2,True,False,True
GN,GN-YO,YO,Yomou Prefecture,,GN-N,alpha,2,True,False,True
GQ,GQ-AN,AN,Annobón Province,,GQ-I,alpha,2,True,False,True
GQ,GQ-BN,BN,Bioko Norte,,GQ-I,alpha,2,True,True,True
GQ,GQ-BS,BS,Bioko Sur,,GQ-I,alpha,2,True,True,True
GQ,GQ-C,C,Río Muni,,,alpha,1,False,False,True
GQ,GQ-CS,CS,Centro Sur,,GQ-C,alpha,2,True,False,True
GQ,GQ-DJ,DJ,Djibloho,Djibloho,GQ-C,alpha,2,True,False,True
GQ,GQ-I,I,Insular Region,,,alpha,1,True,False,True
GQ,GQ-KN,KN,Kie-ntem,,GQ-C,alpha,2,True,False,True
GQ,GQ-LI,LI,Litoral,,GQ-C,alpha,2,True,True,True
GQ,GQ-WN,WN,Wele-Nzas,Wele-Nzas,GQ-C,alpha,2,True,True,True
GR,GR-01,01,Aetolia-Acarnania Regional Unit,,GR-G,numeric,2,False,False,True
GR,GR-03,03,Boeotia Regional Unit,Βοιωτία,GR-H,numeric,2,False,False,True
GR,GR-04,04,Euboea regional unit,,GR-H,numeric,2,False,False,True
GR,GR-05,05,Evritania Prefecture,,GR-H,numeric,2,False,False,True
GR,GR-06,06,Phthiotis Regional Unit,Φθιώτιδα,GR-H,numeric,2,False,False,True
GR,GR-07,07,Phocis Prefecture,,GR-H,numeric,2,False,False,True
GR,GR-11,11,Argolida Regional Unit,,GR-J,numeric,2,False,False,True
GR,GR-12,12,Arcadia Regional Unit,,GR-J,numeric,2,False,False,True
GR,GR-13,13,Achaea Regional Unit,,GR-G,numeric,2,False,False,True
GR,GR-14,14,Elis Regional Unit,,GR-G,numeric,2,False,False,True
GR,GR-15,15,Corinthia Regional Unit,,GR-J,numeric,2,False,False,True
GR,GR-16,16,Laconia prefecture,Λακωνία,GR-J,numeric,2,False,False,True
GR,GR-17,17,Messenia Prefecture,,GR-J,numeric,2,False,False,True
GR,GR-21,21,Zakynthos,Ζάκυνθος,,numeric,2,False,False,True
GR,GR-22,22,Corfu Regional Unit,,GR-F,numeric,2,False,False,True
GR,GR-23,23,Kefalonia Prefecture,,GR-F,numeric,2,False,False,True
GR,GR-24,24,Lefkada Regional Unit,,GR-F,numeric,2,False,False,True
GR,GR-31,31,Arta Prefecture,,GR-D,numeric,2,False,False,True
GR,GR-32,32,Thesprotia Prefecture,,GR-D,numeric,2,False,False,True
GR,GR-33,33,Ioannina Regional Unit,,GR-D,numeric,2,False,False,True
GR,GR-34,34,Preveza Regional Unit,,GR-D,numeric,2,False,False,True
GR,GR-41,41,Karditsa Regional Unit,,GR-E,numeric,2,False,False,True
GR,GR-42,42,Larissa Regional Unit,,GR-E,numeric,2,False,False,True
GR,GR-43,43,Magnesia Prefecture,Μαγνησία,GR-E,numeric,2,False,False,True
GR,GR-44,44,Trikala Prefecture,,GR-E,numeric,2,False,False,True
GR,GR-51,51,Grevena Regional Unit,Γρεβενά,GR-C,numeric,2,False,False,True
GR,GR-52,52,Drama Regional Unit,,GR-A,numeric,2,False,False,True
GR,GR-53,53,Imathia Regional Unit,,GR-B,numeric,2,False,False,True
GR,GR-54,54,Thessaloniki Regional Unit,,GR-B,numeric,2,False,False,True
GR,GR-55,55,Kavala Prefecture,,GR-A,numeric,2,False,False,True
GR,GR-56,56,Kastoria Regional Unit,Καστοριά,GR-C,numeric,2,False,False,True
GR,GR-57,57,Kilkis Regional Unit,,GR-B,numeric,2,False,False,True
GR,GR-58,58,Kozani Regional Unit,Κοζάνη,GR-C,numeric,2,False,False,True
GR,GR-59,59,Pella Regional Unit,,GR-B,numeric,2,False,False,True
GR,GR-61,61,Pieria Prefecture,,,numeric,2,False,False,True
GR,GR-62,62,Serres Regional Unit,,GR-B,numeric,2,False,False,True
GR,GR-63,63,Florina Prefecture,Φλώρινα,GR-C,numeric,2,False,False,True
GR,GR-64,64,Chalkidiki Prefecture,,,numeric,2,False,False,True
GR,GR-69,69,Agion Oros,,,numeric,2,False,True,True
GR,GR-71,71,Evros Prefecture,,,numeric,2,False,False,True
GR,GR-72,72,Xanthi (regional unit),,GR-A,numeric,2,False,False,True
GR,GR-73,73,Rhodope Prefecture,,GR-A,numeric,2,False,False,True
GR,GR-81,81,Dodecanese Prefecture,,GR-L,numeric,2,False,False,True
GR,GR-82,82,Cyclades,Κυκλάδες,GR-L,numeric,2,False,False,True
GR,GR-83,83,Lesbos Prefecture,Νομός Λέσβου,GR-K,numeric,2,False,False,True
GR,GR-84,84,Samos Prefecture,,GR-K,numeric,2,False,False,True
GR,GR-85,85,Chios Prefecture,,GR-K,numeric,2,False,False,True
GR,GR-91,91,Heraklion Prefecture,,GR-M,numeric,2,False,False,True
GR,GR-92,92,Lasithi Regional Unit,,GR-M,numeric,2,False,False,True
GR,GR-93,93,Rethymno Prefecture,,GR-M,numeric,2,False,False,True
GR,GR-94,94,Chania Regional Unit,,GR-M,numeric,2,False,False,True
GR,GR-A,A,Anatoliki Makedonia kai Thraki,,,alpha,1,True,True,True
GR,GR-A1,A1,Attica Prefecture,,,mixed,2,False,False,True
GR,GR-A2,A2,East Attica Regional Unit,,GR-A1,mixed,2,False,False,True
GR,GR-B,B,Kentriki Makedonia,,,alpha,1,False,True,True
GR,GR-C,C,Dytiki Makedonia,,,alpha,1,False,True,True
GR,GR-D,D,Ipeiros,,,alpha,1,False,True,True
GR,GR-E,E,Thessalia,,,alpha,1,False,True,True
GR,GR-F,F,Ionia Nisia,,,alpha,1,False,True,True
GR,GR-G,G,Dytiki Ellada,,,alpha,1,False,True,True
GR,GR-H,H,Sterea Ellada,,,alpha,1,False,True,True
GR,GR-I,I,Attiki,Περιφέρεια Αττικής,,alpha,1,False,True,True
GR,GR-J,J,Peloponnisos,,,alpha,1,False,True,True
GR,GR-K,K,Voreio Aigaio,Περιφέρεια Βορείου Αιγαίου,,alpha,1,False,True,True
GR,GR-L,L,Notio Aigaio,,,alpha,1,False,True,True
GR,GR-M,M,Kriti,,,alpha,1,False,True,True
GT,GT-01,01,Guatemala Department,,,numeric,2,False,False,True
GT,GT-02,02,El Progreso Department,El Progreso,,numeric,2,False,False,True
GT,GT-03,03,Sacatepéquez Department,,,numeric,2,False,False,True
GT,GT-04,04,Chimaltenango Department,,,numeric,2,False,False,True
GT,GT-05,05,Escuintla Department,,,numeric,2,False,False,True
GT,GT-06,06,Santa Rosa Department,,,numeric,2,False,False,True
GT,GT-07,07,Sololá Department,,,numeric,2,False,False,True
GT,GT-08,08,Totonicapán Department,,,numeric,2,False,False,True
GT,GT-09,09,Quetzaltenango Department,,,numeric,2,False,False,True
GT,GT-10,10,Suchitepéquez Department,,,numeric,2,False,False,True
GT,GT-11,11,Retalhuleu Department,,,numeric,2,False,False,True
GT,GT-12,12,San Marcos Department,,,numeric,2,False,False,True
GT,GT-13,13,Huehuetenango Department,,,numeric,2,False,False,True
GT,GT-14,14,Quiché Department,El Quiché,,numeric,2,False,False,True
GT,GT-15,15,Baja Verapaz Department,,,numeric,2,False,False,True
GT,GT-16,16,Alta Verapaz Department,,,numeric,2,False,False,True
GT,GT-17,17,Petén Department,Petén,,numeric,2,False,False,True
GT,GT-18,18,Izabal Department,Izabal,,numeric,2,False,False,True
GT,GT-19,19,Zacapa Department,,,numeric,2,False,False,True
GT,GT-20,20,Chiquimula Department,,,numeric,2,False,False,True
GT,GT-21,21,Jalapa Department,,,numeric,2,False,False,True
GT,GT-22,22,Jutiapa Department,,,numeric,2,False,False,True
GT,GT-AV,AV,Alta Verapaz,,,alpha,2,True,True,False
GT,GT-BV,BV,Baja Verapaz,,,alpha,2,True,True,False
GT,GT-CM,CM,Chimaltenango,,,alpha,2,False,True,False
GT,GT-CQ,CQ,Chiquimula,,,alpha,2,False,True,False
GT,GT-ES,ES,Escuintla,,,alpha,2,True,True,False
GT,GT-GU,GU,Guatemala,,,alpha,2,True,True,False
GT,GT-HU,HU,Huehuetenango,,,alpha,2,True,True,False
GT,GT-IZ,IZ,Izabal,,,alpha,2,True,True,False
GT,GT-JA,JA,Jalapa,,,alpha,2,True,True,False
GT,GT-JU,JU,Jutiapa,,,alpha,2,True,True,False
GT,GT-PE,PE,Peten,,,alpha,2,True,True,False
GT,GT-PR,PR,El Progreso,,,alpha,2,False,True,False
GT,GT-QC,QC,Quiche,,,alpha,2,False,True,False
GT,GT-QZ,QZ,Quetzaltenango,,,alpha,2,False,True,False
GT,GT-RE,RE,Retalhuleu,,,alpha,2,True,True,False
GT,GT-SA,SA,Sacatepequez,,,alpha,2,True,True,False
GT,GT-SM,SM,San Marcos,,,alpha,2,True,True,False
GT,GT-SO,SO,Solola,,,alpha,2,True,True,False
GT,GT-SR,SR,Santa Rosa,,,alpha,2,True,True,False
GT,GT-SU,SU,Suchitepequez,,,alpha,2,True,True,False
GT,GT-TO,TO,Totonicapan,,,alpha,2,True,True,False
GT,GT-ZA,ZA,Zacapa,,,alpha,2,True,True,False
GW,GW-BA,BA,Bafatá,,GW-L,alpha,2,True,False,True
GW,GW-BL,BL,Bolama region,Region Bolama,GW-S,alpha,2,False,False,True
GW,GW-BM,BM,Biombo Region,,GW-N,alpha,2,False,False,True
GW,GW-BS,BS,Bissau,,,alpha,2,False,True,True
GW,GW-CA,CA,Cacheu Region,,GW-N,alpha,2,True,False,True
GW,GW-GA,GA,Gabu,Region Gabu,GW-L,alpha,2,True,True,True
GW,GW-L,L,Leste Province,,,alpha,1,True,False,True
GW,GW-N,N,Norte Province,,,alpha,1,True,False,True
GW,GW-OI,OI,Oio Region,,GW-N,alpha,2,True,False,True
GW,GW-QU,QU,Quinara Region,,GW-S,alpha,2,True,False,True
GW,GW-S,S,Sul Province,,,alpha,1,True,False,True
GW,GW-TO,TO,Tombali Region,Região de Tombali,,alpha,2,True,False,True
GY,GY-BA,BA,Barima-Waini,,,alpha,2,True,True,True
GY,GY-CU,CU,Cuyuni-Mazaruni,,,alpha,2,True,False,True
GY,GY-DE,DE,Demerara-Mahaica,,,alpha,2,True,True,True
GY,GY-EB,EB,East Berbice-Corentyne,,,alpha,2,True,True,True
GY,GY-ES,ES,Essequibo Islands-West Demerara,,,alpha,2,True,True,True
GY,GY-MA,MA,Mahaica-Berbice,,,alpha,2,True,True,True
GY,GY-PM,PM,Pomeroon-Supenaam,,,alpha,2,False,False,True
GY,GY-PT,PT,Potaro-Siparuni,,,alpha,2,False,True,True
GY,GY-UD,UD,Upper Demerara-Berbice,,,alpha,2,True,True,True
GY,GY-UT,UT,Upper Takutu-Upper Essequibo,,,alpha,2,True,False,True
HN,HN-AT,AT,Atlantida,,,alpha,2,True,True,True
HN,HN-CH,CH,Choluteca,,,alpha,2,True,True,True
HN,HN-CL,CL,Colon,,,alpha,2,False,True,True
HN,HN-CM,CM,Comayagua,,,alpha,2,False,True,True
HN,HN-CP,CP,Copan,,,alpha,2,False,True,True
HN,HN-CR,CR,Cortes,,,alpha,2,False,True,True
HN,HN-EP,EP,El Paraiso,,,alpha,2,True,True,True
HN,HN-FM,FM,Francisco Morazan,,,alpha,2,True,True,True
HN,HN-GD,GD,Gracias a Dios Department,,,alpha,2,False,False,True
HN,HN-IB,IB,Islas de la Bahia,,,alpha,2,False,True,True
HN,HN-IN,IN,Intibuca,,,alpha,2,True,True,True
HN,HN-LE,LE,Lempira,,,alpha,2,True,True,True
HN,HN-LP,LP,La Paz,,,alpha,2,True,True,True
HN,HN-OC,OC,Ocotepeque,,,alpha,2,True,True,True
HN,HN-OL,OL,Olancho,,,alpha,2,True,True,True
HN,HN-SB,SB,Santa Barbara,,,alpha,2,True,True,True
HN,HN-VA,VA,Valle,,,alpha,2,True,True,True
HN,HN-YO,YO,Yoro,Yoro,,alpha,2,True,True,True
HR,HR-01,01,Zagrebacka zupanija,Zagrebačka županija,,numeric,2,False,True,True
HR,HR-02,02,Krapinsko-zagorska zupanija,,,numeric,2,False,True,True
HR,HR-03,03,Sisacko-moslavacka zupanija,Sisačko-moslavačka županija,,numeric,2,False,True,True
HR,HR-04,04,Karlovacka zupanija,,,numeric,2,False,True,True
HR,HR-05,05,Varazdinska zupanija,,,numeric,2,False,True,True
HR,HR-06,06,Koprivnicko-krizevacka zupanija,,,numeric,2,False,True,True
HR,HR-07,07,Bjelovarsko-bilogorska zupanija,,,numeric,2,False,True,True
HR,HR-08,08,Primorsko-goranska zupanija,,,numeric,2,False,True,True
HR,HR-09,09,Licko-senjska zupanija,,,numeric,2,False,True,True
HR,HR-10,10,Viroviticko-podravska zupanija,,,numeric,2,False,True,True
HR,HR-11,11,Pozesko-slavonska zupanija,,,numeric,2,False,True,True
HR,HR-12,12,Brodsko-posavska zupanija,,,numeric,2,False,True,True
HR,HR-13,13,Zadarska zupanija,,,numeric,2,False,True,True
HR,HR-14,14,Osjecko-baranjska zupanija,,,numeric,2,False,True,True
HR,HR-15,15,Sibensko-kninska zupanija,,,numeric,2,False,True,True
HR,HR-16,16,Vukovarsko-srijemska zupanija,Vukovarsko-srijemska županija,,numeric,2,False,True,True
HR,HR-17,17,Splitsko-dalmatinska zupanija,,,numeric,2,False,True,True
HR,HR-18,18,Istarska zupanija,Regione Istriana,,numeric,2,False,True,True
HR,HR-19,19,Dubrovacko-neretvanska zupanija,,,numeric,2,False,True,True
HR,HR-20,20,Medimurska zupanija,,,numeric,2,False,True,True
HR,HR-21,21,Grad Zagreb,Zagreb,,numeric,2,False,True,True
HT,HT-AR,AR,Artibonite,,,alpha,2,True,True,True
HT,HT-CE,CE,Centre,,,alpha,2,True,True,True
HT,HT-GA,GA,Grand'Anse,,,alpha,2,True,False,True
HT,HT-ND,ND,Nord,,,alpha,2,False,True,True
HT,HT-NE,NE,Nord-Est,,,alpha,2,True,False,True
HT,HT-NI,NI,Nippes,,,alpha,2,True,True,True
HT,HT-NO,NO,Nord-Ouest,,,alpha,2,True,True,True
HT,HT-OU,OU,Ouest,,,alpha,2,True,True,True
HT,HT-SD,SD,Sud,,,alpha,2,False,True,True
HT,HT-SE,SE,Sud-Est,,,alpha,2,True,True,True
HU,HU-BA,BA,Baranya,,,alpha,2,True,True,True
HU,HU-BC,BC,Békéscsaba,Békéscsaba,,alpha,2,False,False,True
HU,HU-BE,BE,Bekes,,,alpha,2,True,True,True
HU,HU-BK,BK,Bacs-Kiskun,,,alpha,2,True,True,True
HU,HU-BU,BU,Budapest,Budapest,,alpha,2,True,True,True
HU,HU-BZ,BZ,Borsod-Abauj-Zemplen,Boršodsko-abovsko-zemplínska župa,,alpha,2,False,True,True
HU,HU-CS,CS,Csongrad,,,alpha,2,True,True,True
HU,HU-DE,DE,Debrecen,,,alpha,2,True,False,True
HU,HU-DU,DU,Dunaújváros,,,alpha,2,True,False,True
HU,HU-EG,EG,Eger,,,alpha,2,True,False,True
HU,HU-ER,ER,Érd,,,alpha,2,True,False,True
HU,HU-FE,FE,Fejer,,,alpha,2,True,True,True
HU,HU-GS,GS,Gyor-Moson-Sopron,,,alpha,2,False,True,True
HU,HU-GY,GY,Győr,Győr,,alpha,2,True,False,True
HU,HU-HB,HB,Hajdu-Bihar,Hajdú-Bihar vármegye,,alpha,2,True,True,True
HU,HU-HE,HE,Heves,,,alpha,2,True,True,True
HU,HU-HV,HV,Hódmezővásárhely,Hódmezővásárhely,,alpha,2,False,False,True
HU,HU-JN,JN,Jasz-Nagykun-Szolnok,Jász-Nagykun-Szolnok vármegye,,alpha,2,True,True,True
HU,HU-KE,KE,Komarom-Esztergom,,,alpha,2,True,True,True
HU,HU-KM,KM,Kecskemét,Kecskemét,,alpha,2,False,False,True
HU,HU-KV,KV,Kaposvár,Kaposvár,,alpha,2,False,False,True
HU,HU-MI,MI,Miskolc,Miskolc,,alpha,2,True,False,True
HU,HU-NK,NK,Nagykanizsa,Nagykanizsa,,alpha,2,False,False,True
HU,HU-NO,NO,Nograd,,,alpha,2,True,True,True
HU,HU-NY,NY,Nyíregyháza,Nyíregyháza,,alpha,2,True,False,True
HU,HU-PE,PE,Pest,Pest vármegye,,alpha,2,True,True,True
HU,HU-PS,PS,Pécs,,,alpha,2,False,False,True
HU,HU-SD,SD,Szeged,Szeged,HU-CS,alpha,2,False,False,True
HU,HU-SF,SF,Székesfehérvár,Székesfehérvár,,alpha,2,False,False,True
HU,HU-SH,SH,Szombathely,Szombathely,HU-VA,alpha,2,False,False,True
HU,HU-SK,SK,Szolnok,Szolnok,,alpha,2,False,False,True
HU,HU-SN,SN,Sopron,Ödenburg,,alpha,2,False,False,True
HU,HU-SO,SO,Somogy,Somogy vármegye,,alpha,2,True,True,True
HU,HU-SS,SS,Szekszárd,Szekszárd,,alpha,2,False,False,True
HU,HU-ST,ST,Salgótarján,Salgótarján,,alpha,2,False,False,True
HU,HU-SZ,SZ,Szabolcs-Szatmar-Bereg,Szabolcs-Szatmár-Bereg vármegye,,alpha,2,True,True,True
HU,HU-TB,TB,Tatabánya,Tatabánya,,alpha,2,False,False,True
HU,HU-TO,TO,Tolna,Tolna vármegye,,alpha,2,True,True,True
HU,HU-VA,VA,Vas,Vas vármegye,,alpha,2,True,True,True
HU,HU-VE,VE,Veszprem,,,alpha,2,True,True,True
HU,HU-VM,VM,Veszprém,Veszprém,,alpha,2,False,False,True
HU,HU-ZA,ZA,Zala,,,alpha,2,True,True,True
HU,HU-ZE,ZE,Zalaegerszeg,Zalaegerszeg,,alpha,2,False,False,True
ID,ID-AC,AC,Aceh,,,alpha,2,True,True,True
ID,ID-BA,BA,Bali,Bali,,alpha,2,True,True,True
ID,ID-BB,BB,Kepulauan Bangka Belitung,,,alpha,2,False,True,True
ID,ID-BE,BE,Bengkulu,,,alpha,2,True,True,True
ID,ID-BT,BT,Banten,Banten,,alpha,2,False,True,True
ID,ID-GO,GO,Gorontalo,,,alpha,2,True,True,True
ID,ID-JA,JA,Jambi,,,alpha,2,True,True,True
ID,ID-JB,JB,Jawa Barat,Jawa Kulon,,alpha,2,True,True,True
ID,ID-JI,JI,Jawa Timur,Jawa Wétan,,alpha,2,False,True,True
ID,ID-JK,JK,Jakarta Raya,Jakarta,,alpha,2,False,True,True
ID,ID-JT,JT,Jawa Tengah,ꦗꦮꦠꦼꦔꦃ,,alpha,2,True,True,True
ID,ID-JW,JW,Java,,,alpha,2,False,False,True
ID,ID-KA,KA,Kalimantan,Kalimantan,,alpha,2,True,False,True
ID,ID-KB,KB,Kalimantan Barat,,,alpha,2,True,True,True
ID,ID-KI,KI,Kalimantan Timur,Kalimantan Timur,,alpha,2,False,True,True
ID,ID-KR,KR,Kepulauan Riau,,,alpha,2,True,True,True
ID,ID-KS,KS,Kalimantan Selatan,,,alpha,2,True,True,True
ID,ID-KT,KT,Kalimantan Tengah,,,alpha,2,True,True,True
ID,ID-KU,KU,Kalimantan Utara,Kalimantan Utara,,alpha,2,True,True,True
ID,ID-LA,LA,Lampung,Lampung,,alpha,2,True,True,False
ID,ID-MA,MA,Maluku,Maluku,,alpha,2,True,False,True
ID,ID-ML,ML,Maluku,Kepulauan Maluku,,alpha,2,False,True,True
ID,ID-MU,MU,Maluku Utara,,,alpha,2,True,True,True
ID,ID-NB,NB,Nusa Tenggara Barat,,,alpha,2,False,True,True
ID,ID-NG,NG,Ngawi,نجاواي,,alpha,2,True,False,True
ID,ID-NT,NT,Nusa Tenggara Timur,,,alpha,2,True,True,True
ID,ID-NU,NU,Lesser Sunda Islands,Nusa Tenggara,,alpha,2,False,False,True
ID,ID-PA,PA,Papua,,,alpha,2,True,False,True
ID,ID-PB,PB,Papua Barat,,,alpha,2,True,True,True
ID,ID-PD,PD,Southwest Papua,,,alpha,2,False,False,True
ID,ID-PE,PE,Highland Papua,,,alpha,2,False,False,True
ID,ID-PP,PP,Papua,,,alpha,2,False,True,True
ID,ID-PS,PS,South Papua,,,alpha,2,False,False,True
ID,ID-PT,PT,Central Papua,,,alpha,2,False,False,True
ID,ID-RI,RI,Riau,,,alpha,2,True,True,True
ID,ID-SA,SA,Sulawesi Utara,,,alpha,2,False,True,True
ID,ID-SB,SB,Sumatera Barat,Sumatera Barat,,alpha,2,True,True,True
ID,ID-SG,SG,Sulawesi Tenggara,,,alpha,2,False,True,True
ID,ID-SL,SL,Sulawesi,Sulawesi,,alpha,2,False,False,True
ID,ID-SM,SM,Sumatra,Sumatra,,alpha,2,False,False,True
ID,ID-SN,SN,Sulawesi Selatan,,,alpha,2,False,True,True
ID,ID-SR,SR,Sulawesi Barat,,,alpha,2,False,True,True
ID,ID-SS,SS,Sumatera Selatan,,,alpha,2,True,True,True
ID,ID-ST,ST,Sulawesi Tengah,,,alpha,2,True,True,True
ID,ID-SU,SU,Sumatera Utara,,,alpha,2,True,True,True
ID,ID-YO,YO,Yogyakarta,Yogyakarta,,alpha,2,True,True,True
IE,IE-C,C,Connacht,Cúige Chonnacht,,alpha,1,True,False,True
IE,IE-CE,CE,Clare,Contae an Chláir,IE-M,alpha,2,False,True,True
IE,IE-CN,CN,Cavan,An Cabhán,IE-U,alpha,2,False,True,True
IE,IE-CO,CO,Cork,County Cork,IE-M,alpha,2,True,True,True
IE,IE-CW,CW,Carlow,Contae Cheatharlach,IE-L,alpha,2,False,True,True
IE,IE-D,D,Dublin,Contae Bhaile Átha Cliath,IE-L,alpha,1,True,True,True
IE,IE-DL,DL,Donegal,Contae Dhún na nGall,,alpha,2,False,True,True
IE,IE-G,G,Galway,Galway,IE-C,alpha,1,True,True,True
IE,IE-KE,KE,Kildare,Contae Chill Dara,IE-L,alpha,2,False,True,True
IE,IE-KK,KK,Kilkenny,Contae Chill Chainnigh,IE-L,alpha,2,False,True,True
IE,IE-KY,KY,Kerry,Contae Chiarraí,IE-M,alpha,2,False,True,True
IE,IE-L,L,Leinster,Cúige Laighean,,alpha,1,True,False,True
IE,IE-LD,LD,Longford,An Longfort,IE-L,alpha,2,False,True,True
IE,IE-LH,LH,Louth,County Louth,IE-L,alpha,2,False,True,True
IE,IE-LK,LK,Limerick,Contae Luimnigh,IE-M,alpha,2,False,True,True
IE,IE-LM,LM,Leitrim,Contae Liatroma,IE-C,alpha,2,False,True,True
IE,IE-LS,LS,Laois,Contae Laoise,IE-L,alpha,2,False,True,True
IE,IE-M,M,Munster,Cúige Mumhan,,alpha,1,True,False,True
IE,IE-MH,MH,Meath,Contae na Mí,IE-L,alpha,2,False,True,True
IE,IE-MN,MN,Monaghan,Muineachán,IE-U,alpha,2,False,True,True
IE,IE-MO,MO,Mayo,Contae Mhaigh Eo,IE-C,alpha,2,False,True,True
IE,IE-OY,OY,Offaly,Contae Uíbh Fhailí,IE-L,alpha,2,False,True,True
IE,IE-RN,RN,Roscommon,Contae Ros Comáin,IE-C,alpha,2,False,True,True
IE,IE-SO,SO,Sligo,Contae Shligigh,IE-C,alpha,2,False,True,True
IE,IE-TA,TA,Tipperary,Contae Thiobraid Árann,IE-M,alpha,2,False,True,True
IE,IE-U,U,Ulster,Cúige Uladh,GB-UKM,alpha,1,True,False,True
IE,IE-WD,WD,Waterford,Contae Phort Láirge,IE-M,alpha,2,False,True,True
IE,IE-WH,WH,Westmeath,An Iarmhí,IE-L,alpha,2,False,True,True
IE,IE-WW,WW,Wicklow,Contae Chill Mhantáin,IE-L,alpha,2,False,True,True
IE,IE-WX,WX,Wexford,Loch Garman,IE-L,alpha,2,False,True,True
IL,IL-D,D,HaDarom,استان جنوب,,alpha,1,False,True,True
IL,IL-HA,HA,Hefa,,,alpha,2,False,True,True
IL,IL-JM,JM,Yerushalayim,מחוז ירושלים,,alpha,2,False,True,True
IL,IL-M,M,HaMerkaz,מחוז המרכז,,alpha,1,False,True,True
IL,IL-TA,TA,Tel Aviv,,,alpha,2,True,True,True
IL,IL-Z,Z,HaTsafon,מחוז הצפון,,alpha,1,False,True,True
IN,IN-AN,AN,Andaman and Nicobar Islands,அந்தமான்,,alpha,2,True,True,True
IN,IN-AP,AP,Andhra Pradesh,ಆಂಧ್ರ ಪ್ರದೇಶ,,alpha,2,True,True,True
IN,IN-AR,AR,Arunachal Pradesh,ཨ་རུ་ནཱ་ཅལ་མངའ་སྡེ།,,alpha,2,True,True,True
IN,IN-AS,AS,Assam,আসাম,,alpha,2,True,True,True
IN,IN-BR,BR,Bihar,बिहार,,alpha,2,False,True,True
IN,IN-CG,CG,Chhattisgarh,छत्तीसगढ,,alpha,2,False,False,True
IN,IN-CH,CH,Chandigarh,,,alpha,2,True,True,True
IN,IN-CT,CT,Chhattisgarh,,,alpha,2,False,True,False
IN,IN-DD,DD,Daman and Diu,દમણ અને દીવ,,alpha,2,False,False,True
IN,IN-DH,DH,Dadra and Nagar Haveli and Daman and Diu,,,alpha,2,False,False,True
IN,IN-DL,DL,Delhi,,,alpha,2,False,True,True
IN,IN-DN,DN,Dadra and Nagar Haveli,,IN-DH,alpha,2,False,True,True
IN,IN-GA,GA,Goa,गोवा,,alpha,2,False,True,True
IN,IN-GJ,GJ,Gujarat,ગુજરાત,,alpha,2,False,True,True
IN,IN-HP,HP,Himachal Pradesh,ཧི་མ་ཅལ་མངའ་སྡེ།,,alpha,2,True,True,True
IN,IN-HR,HR,Haryana,,,alpha,2,False,True,True
IN,IN-JH,JH,Jharkhand,झारखंड,,alpha,2,True,True,True
IN,IN-JK,JK,Jammu and Kashmir,جۆم تہٕ کٔشیٖر,,alpha,2,False,True,True
IN,IN-KA,KA,Karnataka,കർണാടക,,alpha,2,True,True,True
IN,IN-KL,KL,Kerala,കേരളം,,alpha,2,False,True,True
IN,IN-LA,LA,Ladakh,लद्दाख़,,alpha,2,True,False,True
IN,IN-LD,LD,Lakshadweep,ലക്ഷദ്വീപ്,,alpha,2,False,True,True
IN,IN-MH,MH,Maharashtra,महाराष्ट्र,,alpha,2,False,True,True
IN,IN-ML,ML,Meghalaya,মেঘালয়,,alpha,2,False,True,True
IN,IN-MN,MN,Manipur,मणिपुर,,alpha,2,False,True,True
IN,IN-MP,MP,Madhya Pradesh,मध्य प्रदेश,,alpha,2,True,True,True
IN,IN-MZ,MZ,Mizoram,,,alpha,2,False,True,True
IN,IN-NL,NL,Nagaland,नागालैंड,,alpha,2,False,True,True
IN,IN-OD,OD,Odisha,ଓଡ଼ିଶା,,alpha,2,True,False,True
IN,IN-OR,OR,Odisha,,,alpha,2,False,True,False
IN,IN-PB,PB,Punjab,ਪੰਜਾਬ,,alpha,2,False,True,True
IN,IN-PY,PY,Puducherry,പുതുച്ചേരി,,alpha,2,False,True,True
IN,IN-RJ,RJ,Rajasthan,રાજસ્થાન,,alpha,2,False,True,True
IN,IN-SK,SK,Sikkim,सिक्किम,,alpha,2,False,True,True
IN,IN-TG,TG,Telangana,,,alpha,2,False,True,False
IN,IN-TN,TN,Tamil Nadu,തമിഴ്നാട്,,alpha,2,True,True,True
IN,IN-TR,TR,Tripura,ত্রিপুরা,,alpha,2,True,True,True
IN,IN-TS,TS,Telangana,تلنگانہ,,alpha,2,False,False,True
IN,IN-UK,UK,Uttarakhand,उत्तराखंड,,alpha,2,False,False,True
IN,IN-UP,UP,Uttar Pradesh,उत्तर प्रदेश,,alpha,2,True,True,True
IN,IN-UT,UT,Uttarakhand,,,alpha,2,True,True,False
IN,IN-WB,WB,West Bengal,পশ্চিমবঙ্গ,,alpha,2,True,True,True
IQ,IQ-AN,AN,Al Anbar,الأنبار,,alpha,2,False,True,True
IQ,IQ-AR,AR,Arbil,,,alpha,2,True,True,True
IQ,IQ-BA,BA,Al Basrah,,,alpha,2,False,True,True
IQ,IQ-BB,BB,Babil,,,alpha,2,False,True,True
IQ,IQ-BG,BG,Baghdad,بغداد,,alpha,2,False,True,True
IQ,IQ-DA,DA,Dahuk,,,alpha,2,True,True,True
IQ,IQ-DI,DI,Diyala,,,alpha,2,True,True,True
IQ,IQ-DQ,DQ,Dhi Qar,,,alpha,2,True,True,True
IQ,IQ-HA,HA,Halabja Governorate,,,alpha,2,True,False,True
IQ,IQ-KA,KA,Karbala',,,alpha,2,True,True,True
IQ,IQ-KI,KI,Kirkuk,پارێزگای کەرکووک,,alpha,2,True,True,True
IQ,IQ-MA,MA,Maysan,ميسان,,alpha,2,True,True,True
IQ,IQ-MU,MU,Al Muthanna,,,alpha,2,False,True,True
IQ,IQ-NA,NA,An Najaf,النجف الأنجس,,alpha,2,False,True,True
IQ,IQ-NI,NI,Ninawa,,,alpha,2,True,True,True
IQ,IQ-QA,QA,Al Qadisiyah,,,alpha,2,False,True,True
IQ,IQ-SD,SD,Salah ad Din,صلاح الدين,,alpha,2,False,True,True
IQ,IQ-SU,SU,As Sulaymaniyah,,,alpha,2,False,True,True
IQ,IQ-WA,WA,Wasit,محافظة واسط,,alpha,2,True,True,True
IR,IR-00,00,Markazi Province,,,numeric,2,False,False,True
IR,IR-01,01,Azarbayjan-e Sharqi,,,numeric,2,False,True,True
IR,IR-02,02,Azarbayjan-e Gharbi,مازرون اوستان,,numeric,2,False,True,True
IR,IR-03,03,Ardabil,Արևելյան Ադրբեջան,,numeric,2,False,True,True
IR,IR-04,04,Esfahan,پارێزگای ئازەربایجانی ڕۆژاوا,,numeric,2,False,True,True
IR,IR-05,05,Ilam,,,numeric,2,False,True,True
IR,IR-06,06,Bushehr,استان خوزستان,,numeric,2,False,True,True
IR,IR-07,07,Tehran,استان فارس,,numeric,2,False,True,True
IR,IR-08,08,Chahar Mahal va Bakhtiari,,,numeric,2,False,True,True
IR,IR-09,09,Razavi Khorasan Province,استان خراسان رضوی,,numeric,2,False,False,True
IR,IR-10,10,Khuzestan,,,numeric,2,False,True,True
IR,IR-11,11,Zanjan,سݔستان ءُ بلۏچستانءِ استان,,numeric,2,False,True,True
IR,IR-12,12,Semnan,,,numeric,2,False,True,True
IR,IR-13,13,Sistan va Baluchestan,استان همدان,,numeric,2,False,True,True
IR,IR-14,14,Fars,استان چهارمحال و بختیاری,,numeric,2,False,True,True
IR,IR-15,15,Kerman,استان لرستان,,numeric,2,False,True,True
IR,IR-16,16,Kordestan,,,numeric,2,False,True,True
IR,IR-17,17,Kermanshah,,,numeric,2,False,True,True
IR,IR-18,18,Kohgiluyeh va Bowyer Ahmad,استان بوشهر,,numeric,2,False,True,True
IR,IR-19,19,Gilan,,,numeric,2,False,True,True
IR,IR-20,20,Lorestan,سمنان اوستان,,numeric,2,False,True,True
IR,IR-21,21,Mazandaran,استان یزد,,numeric,2,False,True,True
IR,IR-22,22,Markazi,استان هرمزگان,,numeric,2,False,True,True
IR,IR-23,23,Hormozgan,,,numeric,2,False,True,True
IR,IR-24,24,Hamadan,Արդաբիլի նահանգ,,numeric,2,False,True,True
IR,IR-25,25,Yazd,استان قم,,numeric,2,False,True,True
IR,IR-26,26,Qom,استان قزوین,,numeric,2,False,True,True
IR,IR-27,27,Golestan,گلستون اوستان,,numeric,2,False,True,True
IR,IR-28,28,Qazvin,,,numeric,2,False,True,True
IR,IR-29,29,Khorasan-e Jonubi,,,numeric,2,False,True,True
IR,IR-30,30,Khorasan-e Razavi,استان البرز,,numeric,2,False,True,True
IR,IR-31,31,Khorasan-e Shomali,,,numeric,2,False,True,False
IR,IR-32,32,Alborz,,,numeric,2,False,True,False
IS,IS-0,0,Reykjavík,Reykjavík,,numeric,1,False,False,True
IS,IS-1,1,Hofudborgarsvaedi,,,numeric,1,False,True,True
IS,IS-2,2,Sudurnes,Suðurnes,,numeric,1,False,True,True
IS,IS-3,3,Vesturland,,,numeric,1,False,True,True
IS,IS-4,4,Vestfirdir,,,numeric,1,False,True,True
IS,IS-5,5,Nordurland vestra,Norðurland vestra,,numeric,1,False,True,True
IS,IS-6,6,Nordurland eystra,Norðurland eystra,,numeric,1,False,True,True
IS,IS-7,7,Austurland,,,numeric,1,False,True,True
IS,IS-8,8,Sudurland,Suðurland,,numeric,1,False,True,True
IS,IS-AKH,AKH,Akrahreppur,,IS-5,alpha,3,False,False,True
IS,IS-AKN,AKN,Akraneskaupstaður,Akranes,IS-3,alpha,3,False,False,True
IS,IS-AKU,AKU,Akureyri,Akureyri,,alpha,3,True,False,True
IS,IS-ARN,ARN,Árneshreppur,Árneshreppur,IS-4,alpha,3,True,False,True
IS,IS-ASA,ASA,Ásahreppur,Ásahreppur,IS-8,alpha,3,True,False,True
IS,IS-BFJ,BFJ,Borgarfjarðarhreppur,,IS-7,alpha,3,False,False,True
IS,IS-BLA,BLA,Bláskógabyggð,Bláskógabyggð,IS-8,alpha,3,True,False,True
IS,IS-BLO,BLO,Blönduós,Blönduós,IS-HUG,alpha,3,True,False,True
IS,IS-BOG,BOG,Borgarbyggð,,IS-3,alpha,3,False,False,True
IS,IS-BOL,BOL,Bolungarvíkurkaupstaður,Bolungarvík,IS-4,alpha,3,True,False,True
IS,IS-DAB,DAB,Dalabyggð,Dalabyggð,IS-3,alpha,3,False,False,True
IS,IS-DAV,DAV,Dalvíkurbyggð,,IS-6,alpha,3,False,False,True
IS,IS-DJU,DJU,Djúpivogur,,IS-MUL,alpha,3,True,False,True
IS,IS-EOM,EOM,Eyja- og Miklaholtshreppur,,IS-3,alpha,3,True,False,True
IS,IS-EYF,EYF,Eyjafjarðarsveit,,IS-6,alpha,3,False,False,True
IS,IS-FJD,FJD,Fjarðabyggð,,IS-7,alpha,3,False,False,True
IS,IS-FJL,FJL,Fjallabyggð,,IS-6,alpha,3,False,False,True
IS,IS-FLA,FLA,Flóahreppur,,IS-8,alpha,3,False,False,True
IS,IS-FLD,FLD,Fljótsdalshérað,,IS-7,alpha,3,False,False,True
IS,IS-FLR,FLR,Fljótsdalshreppur,,IS-7,alpha,3,False,False,True
IS,IS-GAR,GAR,Garðabær,,,alpha,3,True,False,True
IS,IS-GRN,GRN,Grindavíkurbær,,IS-2,alpha,3,False,False,True
IS,IS-GRU,GRU,Grundarfjarðarbær,,IS-3,alpha,3,True,False,True
IS,IS-HAF,HAF,Hafnarfjörður,Hafnarfjörður,,alpha,3,True,False,True
IS,IS-HUG,HUG,Húnabyggð,,IS-5,alpha,3,False,False,True
IS,IS-HUV,HUV,Húnaþing vestra,,IS-5,alpha,3,False,False,True
IS,IS-HVE,HVE,Hveragerðisbær,Hveragerði,IS-8,alpha,3,True,False,True
IS,IS-KOP,KOP,Kópavogur,Kópavogur,,alpha,3,True,False,True
IS,IS-MUL,MUL,Múlaþing,Múlaþing,IS-7,alpha,3,True,False,True
IS,IS-RGE,RGE,Rangárþing eystra,,IS-8,alpha,3,False,False,True
IS,IS-RGY,RGY,Rangárþing ytra,,IS-8,alpha,3,False,False,True
IS,IS-RKV,RKV,Reykjavík,Reykjavík,,alpha,3,False,False,True
IS,IS-SDN,SDN,Suðurnesjabær,,IS-2,alpha,3,False,False,True
IS,IS-SDV,SDV,Súðavíkurhreppur,,IS-4,alpha,3,False,False,True
IS,IS-SEL,SEL,Seltjarnarnes,,IS-1,alpha,3,True,False,True
IS,IS-SFA,SFA,Sveitarfélagið Árborg,Árborg,IS-8,alpha,3,False,False,True
IS,IS-SKR,SKR,Skagafjörður,Skagafjörður,IS-5,alpha,3,False,False,True
IS,IS-SOL,SOL,Ölfus,Ölfus,IS-8,alpha,3,False,False,True
IS,IS-SSS,SSS,Sveitarfélagið Skagaströnd,,IS-5,alpha,3,False,False,True
IS,IS-STR,STR,Strandabyggð,Strandabyggð,IS-4,alpha,3,True,False,True
IS,IS-SVG,SVG,Vogar,,IS-2,alpha,3,False,False,True
IS,IS-TJO,TJO,Tjörneshreppur,,IS-6,alpha,3,True,False,True
IS,IS-VEM,VEM,Vestmannaeyjar,Vestmannaeyjar,IS-8,alpha,3,False,False,True
IT,IT-21,21,Piemonte,Piemonte,,numeric,2,False,True,True
IT,IT-23,23,Valle d'Aosta,Vâl d'Aoûta,,numeric,2,False,True,True
IT,IT-25,25,Lombardia,Lumbardia,,numeric,2,False,True,True
IT,IT-32,32,Trentino-Alto Adige,Trentin–Alto Àdeze/Sudtiroło,,numeric,2,False,True,True
IT,IT-34,34,Veneto,Vèneto,,numeric,2,False,True,True
IT,IT-36,36,Friuli-Venezia Giulia,Friuli-Venezia Giulia,,numeric,2,False,True,True
IT,IT-42,42,Liguria,Ligùria,,numeric,2,False,True,True
IT,IT-45,45,Emilia-Romagna,Emilia-Romagna,,numeric,2,False,True,True
IT,IT-52,52,Toscana,Toscana,,numeric,2,False,True,True
IT,IT-55,55,Umbria,Umbria,,numeric,2,False,True,True
IT,IT-57,57,Marche,Marche,,numeric,2,False,True,True
IT,IT-62,62,Lazio,Lazio,,numeric,2,False,True,True
IT,IT-65,65,Abruzzo,Abruzzo,,numeric,2,False,True,True
IT,IT-67,67,Molise,Molise,,numeric,2,False,True,True
IT,IT-72,72,Campania,Campania,,numeric,2,False,True,True
IT,IT-75,75,Puglia,Puglia,,numeric,2,False,True,True
IT,IT-77,77,Basilicata,Basilicata,,numeric,2,False,True,True
IT,IT-78,78,Calabria,Calabria,,numeric,2,False,True,True
IT,IT-82,82,Sicilia,Sicìlia,,numeric,2,False,True,True
IT,IT-88,88,Sardegna,Sardigna,,numeric,2,False,True,True
IT,IT-AG,AG,Free municipal consortium of Agrigento,,IT-82,alpha,2,False,False,True
IT,IT-AL,AL,Province of Alessandria,,IT-21,alpha,2,False,False,True
IT,IT-AN,AN,Province of Ancona,,IT-57,alpha,2,False,False,True
IT,IT-AO,AO,province of Aosta,,IT-21,alpha,2,False,False,True
IT,IT-AP,AP,Province of Ascoli Piceno,,IT-57,alpha,2,False,False,True
IT,IT-AQ,AQ,Province of L'Aquila,,IT-65,alpha,2,False,False,True
IT,IT-AR,AR,Province of Arezzo,Provincia di Arezzo,IT-52,alpha,2,False,False,True
IT,IT-AT,AT,Province of Asti,,IT-21,alpha,2,False,False,True
IT,IT-AV,AV,Province of Avellino,Provincia di Avellino,IT-72,alpha,2,False,False,True
IT,IT-BA,BA,Metropolitan City of Bari,,IT-75,alpha,2,False,False,True
IT,IT-BG,BG,Province of Bergamo,Provincia di Bergamo,IT-25,alpha,2,False,False,True
IT,IT-BI,BI,Province of Biella,,IT-21,alpha,2,False,False,True
IT,IT-BL,BL,Province of Belluno,,IT-34,alpha,2,False,False,True
IT,IT-BN,BN,Province of Benevento,Provincia di Benevento,IT-72,alpha,2,False,False,True
IT,IT-BO,BO,Metropolitan City of Bologna,Città metropolitana di Bologna,IT-45,alpha,2,False,False,True
IT,IT-BR,BR,Province of Brindisi,,IT-75,alpha,2,False,False,True
IT,IT-BS,BS,Province of Brescia,,IT-25,alpha,2,False,False,True
IT,IT-BT,BT,Province of Barletta-Andria-Trani,,IT-75,alpha,2,False,False,True
IT,IT-BZ,BZ,South Tyrol,Provinzia Autonoma de Bulsan – Südtirol,IT-32,alpha,2,False,False,True
IT,IT-CA,CA,Metropolitan City of Cagliari,,IT-88,alpha,2,False,False,True
IT,IT-CB,CB,province of Campobasso,,IT-67,alpha,2,False,False,True
IT,IT-CE,CE,Province of Caserta,,IT-72,alpha,2,False,False,True
IT,IT-CH,CH,Province of Chieti,,IT-65,alpha,2,False,False,True
IT,IT-CI,CI,Province of Carbonia-Iglesias,,IT-88,alpha,2,False,False,True
IT,IT-CL,CL,Free Municipal Consortium of Caltanissetta,,IT-82,alpha,2,False,False,True
IT,IT-CN,CN,Province of Cuneo,,IT-21,alpha,2,False,False,True
IT,IT-CO,CO,Province of Como,,IT-25,alpha,2,False,False,True
IT,IT-CR,CR,Province of Cremona,,IT-25,alpha,2,False,False,True
IT,IT-CS,CS,Province of Cosenza,,IT-78,alpha,2,False,False,True
IT,IT-CT,CT,Metropolitan City of Catania,,IT-82,alpha,2,False,False,True
IT,IT-CZ,CZ,Province of Catanzaro,Provincia di Catanzaro,IT-78,alpha,2,False,False,True
IT,IT-EN,EN,Free Municipal Consortium of Enna,,IT-82,alpha,2,False,False,True
IT,IT-FC,FC,Province of Forlì-Cesena,,IT-45,alpha,2,False,False,True
IT,IT-FE,FE,Province of Ferrara,Provincia di Ferrara,IT-45,alpha,2,False,False,True
IT,IT-FG,FG,Province of Foggia,,IT-75,alpha,2,False,False,True
IT,IT-FI,FI,Metropolitan City of Florence,,IT-52,alpha,2,False,False,True
IT,IT-FM,FM,Province of Fermo,Provincia di Fermo,IT-57,alpha,2,False,False,True
IT,IT-FR,FR,Province of Frosinone,Provincia di Frosinone,IT-62,alpha,2,False,False,True
IT,IT-GE,GE,Metropolitan City of Genoa,,IT-42,alpha,2,False,False,True
IT,IT-GO,GO,Province of Gorizia,Pokrajina Gorica,IT-36,alpha,2,False,False,True
IT,IT-GR,GR,Province of Grosseto,Provincia di Grosseto,IT-52,alpha,2,False,False,True
IT,IT-IM,IM,Province of Imperia,Impèria,IT-42,alpha,2,False,False,True
IT,IT-IS,IS,province of Isernia,,IT-67,alpha,2,False,False,True
IT,IT-KR,KR,Province of Crotone,Provincia di Crotone,IT-78,alpha,2,False,False,True
IT,IT-LC,LC,Province of Lecco,Provincia di Lecco,IT-25,alpha,2,False,False,True
IT,IT-LE,LE,province of Lecce,,IT-75,alpha,2,False,False,True
IT,IT-LI,LI,Province of Livorno,,IT-52,alpha,2,False,False,True
IT,IT-LO,LO,Province of Lodi,,IT-25,alpha,2,False,False,True
IT,IT-LT,LT,Province of Latina,,IT-62,alpha,2,False,False,True
IT,IT-LU,LU,Province of Lucca,,IT-52,alpha,2,False,False,True
IT,IT-MB,MB,Province of Monza and Brianza,Provincia di Monza e della Brianza,IT-25,alpha,2,False,False,True
IT,IT-MC,MC,Province of Macerata,Provincia di Macerata,IT-57,alpha,2,False,False,True
IT,IT-ME,ME,Metropolitan City of Messina,,IT-82,alpha,2,True,False,True
IT,IT-MI,MI,Metropolitan City of Milan,Città metropolitana di Milano,IT-25,alpha,2,False,False,True
IT,IT-MN,MN,Province of Mantua,,IT-25,alpha,2,False,False,True
IT,IT-MO,MO,Province of Modena,Provincia di Modena,IT-45,alpha,2,False,False,True
IT,IT-MS,MS,Province of Massa-Carrara,,IT-52,alpha,2,False,False,True
IT,IT-MT,MT,province of Matera,,IT-77,alpha,2,False,False,True
IT,IT-NA,NA,Metropolitan City of Naples,Città metropolitana di Napoli,IT-72,alpha,2,False,False,True
IT,IT-NO,NO,Province of Novara,Provincia di Novara,IT-21,alpha,2,False,False,True
IT,IT-NU,NU,Province of Nuoro,Provincia di Nuoro,IT-88,alpha,2,False,False,True
IT,IT-OG,OG,Province of Ogliastra,Provincia dell'Ogliastra,IT-88,alpha,2,False,False,True
IT,IT-OR,OR,Province of Oristano,,IT-88,alpha,2,False,False,True
IT,IT-OT,OT,Province of Olbia-Tempio,Provincia di Olbia-Tempio,IT-88,alpha,2,False,False,True
IT,IT-PA,PA,Metropolitan City of Palermo,Città metropolitana di Palermo,IT-82,alpha,2,False,False,True
IT,IT-PC,PC,Province of Piacenza,,IT-45,alpha,2,False,False,True
IT,IT-PD,PD,Province of Padua,,IT-34,alpha,2,False,False,True
IT,IT-PE,PE,Province of Pescara,,IT-65,alpha,2,False,False,True
IT,IT-PG,PG,province of Perugia,,IT-55,alpha,2,False,False,True
IT,IT-PI,PI,Province of Pisa,Provincia di Pisa,IT-52,alpha,2,False,False,True
IT,IT-PN,PN,Province of Pordenone,,IT-36,alpha,2,False,False,True
IT,IT-PO,PO,Province of Prato,Provincia di Prato,IT-52,alpha,2,True,False,True
IT,IT-PR,PR,Province of Parma,,IT-45,alpha,2,True,False,True
IT,IT-PT,PT,Province of Pistoia,Provincia di Pistoia,IT-52,alpha,2,False,False,True
IT,IT-PU,PU,Province of Pesaro and Urbino,,IT-57,alpha,2,False,False,True
IT,IT-PV,PV,Province of Pavia,Provincia di Pavia,IT-25,alpha,2,False,False,True
IT,IT-PZ,PZ,province of Potenza,Provincia di Potenza,IT-77,alpha,2,False,False,True
IT,IT-RA,RA,Province of Ravenna,,IT-45,alpha,2,False,False,True
IT,IT-RC,RC,Metropolitan City of Reggio Calabria,Città metropolitana di Reggio Calabria,IT-78,alpha,2,False,False,True
IT,IT-RE,RE,Province of Reggio Emilia,,IT-45,alpha,2,False,False,True
IT,IT-RG,RG,Free Municipal Consortium of Ragusa,,IT-82,alpha,2,False,False,True
IT,IT-RI,RI,Province of Rieti,,IT-62,alpha,2,False,False,True
IT,IT-RM,RM,Metropolitan City of Rome,Città metropolitana di Roma Capitale,IT-62,alpha,2,False,False,True
IT,IT-RN,RN,Province of Rimini,,IT-45,alpha,2,False,False,True
IT,IT-RO,RO,Province of Rovigo,,IT-34,alpha,2,False,False,True
IT,IT-SA,SA,Province of Salerno,,IT-72,alpha,2,False,False,True
IT,IT-SI,SI,Province of Siena,,IT-52,alpha,2,False,False,True
IT,IT-SO,SO,Province of Sondrio,,IT-25,alpha,2,False,False,True
IT,IT-SP,SP,Province of La Spezia,Provincia della Spezia,IT-42,alpha,2,False,False,True
IT,IT-SR,SR,Free Municipal Consortium of Syracuse,,IT-82,alpha,2,False,False,True
IT,IT-SS,SS,Province of Sassari,,IT-88,alpha,2,False,False,True
IT,IT-SU,SU,Province of South Sardinia,Provincia del Sud Sardegna,IT-88,alpha,2,False,False,True
IT,IT-SV,SV,Province of Savona,,IT-42,alpha,2,False,False,True
IT,IT-TA,TA,Province of Taranto,,IT-75,alpha,2,False,False,True
IT,IT-TE,TE,Province of Teramo,,IT-65,alpha,2,False,False,True
IT,IT-TN,TN,Trentino,Trentino,IT-32,alpha,2,False,False,True
IT,IT-TO,TO,Metropolitan City of Turin,Città metropolitana di Torino,IT-21,alpha,2,False,False,True
IT,IT-TP,TP,Free Municipal Consortium of Trapani,,IT-82,alpha,2,False,False,True
IT,IT-TR,TR,province of Terni,,IT-55,alpha,2,False,False,True
IT,IT-TS,TS,Province of Trieste,Pokrajina Trst,IT-36,alpha,2,False,False,True
IT,IT-TV,TV,Province of Treviso,,IT-34,alpha,2,False,False,True
IT,IT-UD,UD,Province of Udine,Friûl Vignesie Julie,IT-36,alpha,2,False,False,True
IT,IT-VA,VA,Province of Varese,Provincia di Varese,IT-25,alpha,2,False,False,True
IT,IT-VB,VB,Province of Verbano-Cusio-Ossola,Provincia del Verbano-Cusio-Ossola,IT-21,alpha,2,False,False,True
IT,IT-VC,VC,Province of Vercelli,,IT-21,alpha,2,False,False,True
IT,IT-VE,VE,Venice,Venezia,IT-VE,alpha,2,True,False,True
IT,IT-VI,VI,Province of Vicenza,Provincia di Vicenza,IT-34,alpha,2,False,False,True
IT,IT-VR,VR,Province of Verona,,IT-34,alpha,2,False,False,True
IT,IT-VS,VS,Province of Medio Campidano,Provincia del Medio Campidano,IT-88,alpha,2,False,False,True
IT,IT-VT,VT,Province of Viterbo,,IT-62,alpha,2,False,False,True
IT,IT-VV,VV,Province of Vibo Valentia,,IT-78,alpha,2,False,False,True
JM,JM-01,01,Kingston,,,numeric,2,False,True,True
JM,JM-02,02,Saint Andrew,,,numeric,2,False,True,True
JM,JM-03,03,Saint Thomas,,,numeric,2,False,True,True
JM,JM-04,04,Portland,,,numeric,2,False,True,True
JM,JM-05,05,Saint Mary,,,numeric,2,False,True,True
JM,JM-06,06,Saint Ann,,,numeric,2,False,True,True
JM,JM-07,07,Trelawny,,,numeric,2,False,True,True
JM,JM-08,08,Saint James,Saint James Parish,,numeric,2,False,True,True
JM,JM-09,09,Hanover,,,numeric,2,False,True,True
JM,JM-10,10,Westmoreland,,,numeric,2,False,True,True
JM,JM-11,11,Saint Elizabeth,,,numeric,2,False,True,True
JM,JM-12,12,Manchester,,,numeric,2,False,True,True
JM,JM-13,13,Clarendon,,,numeric,2,False,True,True
JM,JM-14,14,Saint Catherine,,,numeric,2,False,True,True
JO,JO-AJ,AJ,'Ajlun,,,alpha,2,True,True,True
JO,JO-AM,AM,Al 'Asimah,,,alpha,2,False,True,True
JO,JO-AQ,AQ,Al 'Aqabah,,,alpha,2,False,True,True
JO,JO-AT,AT,Tafilah Governorate,,,alpha,2,False,False,True
JO,JO-AZ,AZ,Az Zarqa',,,alpha,2,True,True,True
JO,JO-BA,BA,Al Balqa',,,alpha,2,False,True,True
JO,JO-IR,IR,Irbid,,,alpha,2,True,True,True
JO,JO-JA,JA,Jarash,,,alpha,2,True,True,True
JO,JO-KA,KA,Al Karak,محافظة الكرك,,alpha,2,False,True,True
JO,JO-MA,MA,Al Mafraq,,,alpha,2,False,True,True
JO,JO-MD,MD,Madaba,,,alpha,2,False,True,True
JO,JO-MN,MN,Ma'an,,,alpha,2,False,True,True
JP,JP-01,01,Hokkaido,北海道,,numeric,2,False,True,True
JP,JP-02,02,Aomori,青森県,,numeric,2,False,True,True
JP,JP-03,03,Iwate,岩手県,,numeric,2,False,True,True
JP,JP-04,04,Miyagi,宮城県,,numeric,2,False,True,True
JP,JP-05,05,Akita,秋田県,,numeric,2,False,True,True
JP,JP-06,06,Yamagata,山形県,,numeric,2,False,True,True
JP,JP-07,07,Fukushima,,,numeric,2,False,True,True
JP,JP-08,08,Ibaraki,,,numeric,2,False,True,True
JP,JP-09,09,Tochigi,栃木県,,numeric,2,False,True,True
JP,JP-10,10,Gunma,群馬県,,numeric,2,False,True,True
JP,JP-11,11,Saitama,,,numeric,2,False,True,True
JP,JP-12,12,Chiba,千葉県,,numeric,2,False,True,True
JP,JP-13,13,Tokyo,東京都,,numeric,2,False,True,True
JP,JP-14,14,Kanagawa,神奈川県,,numeric,2,False,True,True
JP,JP-15,15,Niigata,新潟県,,numeric,2,False,True,True
JP,JP-16,16,Toyama,富山県,,numeric,2,False,True,True
JP,JP-17,17,Ishikawa,石川県,,numeric,2,False,True,True
JP,JP-18,18,Fukui,福井県,,numeric,2,False,True,True
JP,JP-19,19,Yamanashi,山梨県,,numeric,2,False,True,True
JP,JP-20,20,Nagano,長野県,,numeric,2,False,True,True
JP,JP-21,21,Gifu,,,numeric,2,False,True,True
JP,JP-22,22,Shizuoka,静岡県,,numeric,2,False,True,True
JP,JP-23,23,Aichi,愛知県,,numeric,2,False,True,True
JP,JP-24,24,Mie,三重県,,numeric,2,False,True,True
JP,JP-25,25,Shiga,,,numeric,2,False,True,True
JP,JP-26,26,Kyoto,京都府,,numeric,2,False,True,True
JP,JP-27,27,Osaka,大阪府,,numeric,2,False,True,True
JP,JP-28,28,Hyogo,兵庫県,,numeric,2,False,True,True
JP,JP-29,29,Nara,奈良県,,numeric,2,False,True,True
JP,JP-30,30,Wakayama,和歌山県,,numeric,2,False,True,True
JP,JP-31,31,Tottori,鳥取県,,numeric,2,False,True,True
JP,JP-32,32,Shimane,島根県,,numeric,2,False,True,True
JP,JP-33,33,Okayama,岡山県,,numeric,2,False,True,True
JP,JP-34,34,Hiroshima,広島県,,numeric,2,False,True,True
JP,JP-35,35,Yamaguchi,,,numeric,2,False,True,True
JP,JP-36,36,Tokushima,徳島県,,numeric,2,False,True,True
JP,JP-37,37,Kagawa,香川県,,numeric,2,False,True,True
JP,JP-38,38,Ehime,愛媛県,,numeric,2,False,True,True
JP,JP-39,39,Kochi,高知県,,numeric,2,False,True,True
JP,JP-40,40,Fukuoka,福岡県,,numeric,2,False,True,True
JP,JP-41,41,Saga,佐賀県,,numeric,2,False,True,True
JP,JP-42,42,Nagasaki,長崎県,,numeric,2,False,True,True
JP,JP-43,43,Kumamoto,熊本県,,numeric,2,False,True,True
JP,JP-44,44,Oita,,,numeric,2,False,True,True
JP,JP-45,45,Miyazaki,宮崎県,,numeric,2,False,True,True
JP,JP-46,46,Kagoshima,鹿児島県,,numeric,2,False,True,True
JP,JP-47,47,Okinawa,沖縄県,,numeric,2,False,True,True
KE,KE-01,01,Baringo,,,numeric,2,False,True,True
KE,KE-02,02,Bomet,,,numeric,2,False,True,True
KE,KE-03,03,Bungoma,,,numeric,2,False,True,True
KE,KE-04,04,Busia,,,numeric,2,False,True,True
KE,KE-05,05,Elgeyo/Marakwet,,,numeric,2,False,True,True
KE,KE-06,06,Embu,,KE-400,numeric,2,False,True,True
KE,KE-07,07,Garissa,,,numeric,2,False,True,True
KE,KE-08,08,Homa Bay,,,numeric,2,False,True,True
KE,KE-09,09,Isiolo,Isiolo County,,numeric,2,False,True,True
KE,KE-10,10,Kajiado,,,numeric,2,False,True,True
KE,KE-11,11,Kakamega,,,numeric,2,False,True,True
KE,KE-110,110,Nairobi,Nairobi,KE-30,numeric,3,False,False,True
KE,KE-12,12,Kericho,,,numeric,2,False,True,True
KE,KE-13,13,Kiambu,,KE-200,numeric,2,False,True,True
KE,KE-14,14,Kilifi,,,numeric,2,False,True,True
KE,KE-15,15,Kirinyaga,,,numeric,2,False,True,True
KE,KE-16,16,Kisii,,,numeric,2,False,True,True
KE,KE-17,17,Kisumu,,KE-600,numeric,2,False,True,True
KE,KE-18,18,Kitui,,,numeric,2,False,True,True
KE,KE-19,19,Kwale,,,numeric,2,False,True,True
KE,KE-20,20,Laikipia,,,numeric,2,False,True,True
KE,KE-200,200,Central Province,Kati,,numeric,3,False,False,True
KE,KE-21,21,Lamu,,,numeric,2,False,True,True
KE,KE-22,22,Machakos,,,numeric,2,False,True,True
KE,KE-23,23,Makueni,,KE-400,numeric,2,False,True,True
KE,KE-24,24,Mandera,,,numeric,2,False,True,True
KE,KE-25,25,Marsabit,,,numeric,2,False,True,True
KE,KE-26,26,Meru,,,numeric,2,False,True,True
KE,KE-27,27,Migori,,,numeric,2,False,True,True
KE,KE-28,28,Mombasa,,,numeric,2,False,True,True
KE,KE-29,29,Murang'a,,KE-200,numeric,2,False,True,True
KE,KE-30,30,Nairobi City,Nairobi,,numeric,2,False,True,True
KE,KE-300,300,Coast Province,Coast Province,,numeric,3,False,False,True
KE,KE-31,31,Nakuru,,,numeric,2,False,True,True
KE,KE-32,32,Nandi,,KE-700,numeric,2,False,True,True
KE,KE-33,33,Narok,,,numeric,2,False,True,True
KE,KE-34,34,Nyamira,,,numeric,2,False,True,True
KE,KE-35,35,Nyandarua,,,numeric,2,False,True,True
KE,KE-36,36,Nyeri,,KE-200,numeric,2,False,True,True
KE,KE-37,37,Samburu County,,,numeric,2,False,False,True
KE,KE-38,38,Siaya,,KE-600,numeric,2,False,True,True
KE,KE-39,39,Taita/Taveta,,,numeric,2,False,True,True
KE,KE-40,40,Tana River County,,,numeric,2,False,False,True
KE,KE-400,400,Eastern Province,Eastern Province,,numeric,3,False,False,True
KE,KE-41,41,Tharaka-Nithi,,,numeric,2,False,True,True
KE,KE-42,42,Trans Nzoia,,,numeric,2,False,True,True
KE,KE-43,43,Turkana,,,numeric,2,False,True,True
KE,KE-44,44,Uasin Gishu,,,numeric,2,False,True,True
KE,KE-45,45,Vihiga County,Vihiga County,,numeric,2,False,False,True
KE,KE-46,46,Wajir,,,numeric,2,False,True,True
KE,KE-47,47,West Pokot County,,KE-700,numeric,2,False,False,True
KE,KE-500,500,North Eastern Province,North Eastern,,numeric,3,False,False,True
KE,KE-600,600,Nyanza Province,Nyanza Province,,numeric,3,False,False,True
KE,KE-700,700,Rift Valley Province,Rift Valley,,numeric,3,False,False,True
KE,KE-800,800,Western Province,Western Province,,numeric,3,False,False,True
KG,KG-B,B,Batken,,,alpha,1,True,True,True
KG,KG-C,C,Chuy,Чүй облусу,,alpha,1,True,True,True
KG,KG-GB,GB,Bishkek,Бишкек,,alpha,2,False,False,True
KG,KG-GO,GO,Osh,Ош,,alpha,2,False,False,True
KG,KG-J,J,Jalal-Abad,Жалал-Абад областы,,alpha,1,True,True,True
KG,KG-N,N,Naryn,,,alpha,1,True,True,True
KG,KG-O,O,Osh Region,,,alpha,1,True,False,True
KG,KG-T,T,Talas,,,alpha,1,True,True,True
KG,KG-Y,Y,Ysyk-Kol,Ысык-Көл облусу,,alpha,1,True,True,True
KH,KH-1,1,Banteay Meanchey Province,ខេត្តបន្ទាយមានជ័យ,,numeric,1,False,False,True
KH,KH-10,10,Kracheh,,,numeric,2,False,True,True
KH,KH-11,11,Mondol Kiri,,,numeric,2,False,True,True
KH,KH-12,12,Phnom Penh,ភ្នំពេញ,,numeric,2,False,True,True
KH,KH-13,13,Preah Vihear Province,,,numeric,2,False,False,True
KH,KH-14,14,Prey Veaeng,,,numeric,2,False,True,True
KH,KH-15,15,Pousaat,,,numeric,2,False,True,True
KH,KH-16,16,Rotanak Kiri,,,numeric,2,False,True,True
KH,KH-17,17,Siem Reab,,,numeric,2,False,True,True
KH,KH-18,18,Sihanoukville Province,,,numeric,2,False,False,True
KH,KH-19,19,Stung Treng Province,,,numeric,2,False,False,True
KH,KH-2,2,Baat Dambang,,,numeric,1,False,True,True
KH,KH-20,20,Svaay Rieng,,,numeric,2,False,True,True
KH,KH-21,21,Taakaev,ខេត្តតាកែវ,,numeric,2,False,True,True
KH,KH-22,22,Oddar Meanchey Province,,,numeric,2,False,False,True
KH,KH-23,23,Krong Kaeb,,,numeric,2,False,True,True
KH,KH-24,24,Krong Pailin,,,numeric,2,False,True,True
KH,KH-25,25,Tbong Khmum Province,,,numeric,2,False,False,True
KH,KH-3,3,Kampong Chaam,,,numeric,1,False,True,True
KH,KH-4,4,Kampong Chhnang,,,numeric,1,False,True,True
KH,KH-5,5,Kampong Spueu,,,numeric,1,False,True,True
KH,KH-6,6,Kampong Thum,,,numeric,1,False,True,True
KH,KH-7,7,Kampot,,,numeric,1,False,True,True
KH,KH-8,8,Kandaal,,,numeric,1,False,True,True
KH,KH-9,9,Kaoh Kong,จังหวัดเกาะกง,,numeric,1,False,True,True
KI,KI-G,G,Gilbert Islands,Gilbert Islands,,alpha,1,True,True,True
KI,KI-L,L,Line Islands,Line Islands,,alpha,1,True,False,True
KI,KI-P,P,Phoenix Islands,Phoenix Islands,,alpha,1,True,False,True
KM,KM-A,A,Anjouan,,,alpha,1,True,False,True
KM,KM-G,G,Grande Comore,,,alpha,1,True,True,True
KM,KM-M,M,Mohéli,,,alpha,1,True,False,True
KN,KN-01,01,Christ Church Nichola Town Parish,,KN-K,numeric,2,False,False,True
KN,KN-02,02,Saint Anne Sandy Point,,KN-K,numeric,2,False,True,True
KN,KN-03,03,Saint George Basseterre,,KN-K,numeric,2,False,True,True
KN,KN-04,04,Saint George Gingerland Parish,,KN-N,numeric,2,False,False,True
KN,KN-05,05,Saint James Windward,Saint James Windward Parish,KN-N,numeric,2,False,True,True
KN,KN-06,06,Saint John Capisterre,,KN-K,numeric,2,False,True,True
KN,KN-07,07,Saint John Figtree,Saint John Figtree Parish,KN-N,numeric,2,False,True,True
KN,KN-08,08,Saint Mary Cayon,,KN-K,numeric,2,False,True,True
KN,KN-09,09,Saint Paul Capisterre,,KN-K,numeric,2,False,True,True
KN,KN-10,10,Saint Paul Charlestown,,KN-N,numeric,2,False,True,True
KN,KN-11,11,Saint Peter Basseterre,,KN-K,numeric,2,False,True,True
KN,KN-12,12,Saint Thomas Lowland,,KN-N,numeric,2,False,True,True
KN,KN-13,13,Saint Thomas Middle Island,,KN-K,numeric,2,False,True,True
KN,KN-15,15,Trinity Palmetto Point Parish,,KN-K,numeric,2,False,False,True
KN,KN-K,K,Saint Kitts,Saint Kitts,,alpha,1,False,False,True
KN,KN-N,N,Nevis,Nevis,,alpha,1,True,False,True
KP,KP-01,01,P'yongyang,평양직할시,,numeric,2,False,True,True
KP,KP-02,02,South Pyongan Province,,,numeric,2,False,False,True
KP,KP-03,03,North Pyongan Province,,,numeric,2,False,False,True
KP,KP-04,04,Chagang Province,,,numeric,2,False,False,True
KP,KP-05,05,South Hwanghae Province,,,numeric,2,False,False,True
KP,KP-06,06,North Hwanghae Province,,,numeric,2,False,False,True
KP,KP-07,07,Kangwon Province,,,numeric,2,False,False,True
KP,KP-08,08,South Hamgyong Province,,,numeric,2,False,False,True
KP,KP-09,09,North Hamgyong Province,함경북도,,numeric,2,False,False,True
KP,KP-10,10,Ryanggang Province,,,numeric,2,False,False,True
KP,KP-13,13,Rason,라선 직할시,,numeric,2,False,False,True
KP,KP-14,14,Nampo,남포특급시,KP-02,numeric,2,False,False,True
KP,KP-15,15,Kaesong,개성특별시,KP-06,numeric,2,False,False,True
KR,KR-11,11,Seoul-teukbyeolsi,서울,,numeric,2,False,True,True
KR,KR-26,26,Busan-gwangyeoksi,부산,,numeric,2,False,True,True
KR,KR-27,27,Daegu-gwangyeoksi,대구광역시,,numeric,2,False,True,True
KR,KR-28,28,Incheon-gwangyeoksi,,,numeric,2,False,True,True
KR,KR-29,29,Gwangju-gwangyeoksi,,,numeric,2,False,True,True
KR,KR-30,30,Daejeon-gwangyeoksi,,,numeric,2,False,True,True
KR,KR-31,31,Ulsan-gwangyeoksi,울산 광역시,KR-48,numeric,2,False,True,True
KR,KR-41,41,Gyeonggi-do,,,numeric,2,False,True,True
KR,KR-42,42,Gangwon-do,,,numeric,2,False,True,True
KR,KR-43,43,Chungcheongbuk-do,,,numeric,2,False,True,True
KR,KR-44,44,Chungcheongnam-do,충청남도,,numeric,2,False,True,True
KR,KR-45,45,Jeollabuk-do,,,numeric,2,False,True,True
KR,KR-46,46,Jeollanam-do,,,numeric,2,False,True,True
KR,KR-47,47,Gyeongsangbuk-do,,,numeric,2,False,True,True
KR,KR-48,48,Gyeongsangnam-do,,,numeric,2,False,True,True
KR,KR-49,49,Jeju-teukbyeoljachido,제주도,,numeric,2,False,True,True
KR,KR-50,50,Sejong,,,numeric,2,False,False,True
KW,KW-AH,AH,Al Ahmadi,الاحمدي,,alpha,2,False,True,True
KW,KW-FA,FA,Al Farwaniyah,,,alpha,2,False,True,True
KW,KW-HA,HA,Hawalli,,,alpha,2,True,True,True
KW,KW-JA,JA,Al Jahra',,,alpha,2,False,True,True
KW,KW-KU,KU,Al 'Asimah,,,alpha,2,False,True,True
KW,KW-MU,MU,Mubarak al Kabir,,,alpha,2,True,True,True
KZ,KZ-10,10,Abai Region,Абай облысы,,numeric,2,False,False,True
KZ,KZ-11,11,Akmola Region,Ақмола облысы,,numeric,2,False,False,True
KZ,KZ-15,15,Aktobe Region,Ақтөбе облысы,,numeric,2,False,False,True
KZ,KZ-19,19,Almaty Region,Алматы облысы,,numeric,2,False,False,True
KZ,KZ-23,23,Atyrau Region,Атырау облысы,,numeric,2,False,False,True
KZ,KZ-27,27,West Kazakhstan Region,Батыс Қазақстан облысы,,numeric,2,False,False,True
KZ,KZ-31,31,Jambyl Region,Жамбыл облысы,,numeric,2,False,False,True
KZ,KZ-33,33,Zhetisu Region,"Жетісу облысы, Jetısu oblysy",,numeric,2,False,False,True
KZ,KZ-35,35,Karaganda Region,"Қарағанды облысы, Qarağandy oblysy",,numeric,2,False,False,True
KZ,KZ-39,39,Kostanay Region,Қостанай облысы,,numeric,2,False,False,True
KZ,KZ-43,43,Kyzylorda Region,Қызылорда облысы,,numeric,2,False,False,True
KZ,KZ-47,47,Mangystau Region,Маңғыстау облысы,,numeric,2,False,False,True
KZ,KZ-55,55,Pavlodar Region,Павлодар облысы,,numeric,2,False,False,True
KZ,KZ-59,59,North Kazakhstan Region,Солтүстік Қазақстан облысы,,numeric,2,False,False,True
KZ,KZ-61,61,Turkistan Region,Түркістан облысы,,numeric,2,False,False,True
KZ,KZ-62,62,Ulytau Region,,,numeric,2,False,False,True
KZ,KZ-63,63,East Kazakhstan Region,Шығыс Қазақстан облысы,,numeric,2,False,False,True
KZ,KZ-71,71,Astana,Астана,,numeric,2,False,False,True
KZ,KZ-75,75,Almaty,Алматы,,numeric,2,False,False,True
KZ,KZ-79,79,Shymkent,Шымкент,,numeric,2,False,False,True
KZ,KZ-AKM,AKM,Aqmola oblysy,,,alpha,3,False,True,False
KZ,KZ-AKT,AKT,Aqtobe oblysy,,,alpha,3,False,True,False
KZ,KZ-ALA,ALA,Almaty,,,alpha,3,False,True,False
KZ,KZ-ALM,ALM,Almaty oblysy,,,alpha,3,True,True,False
KZ,KZ-ATY,ATY,Atyrau oblysy,,,alpha,3,True,True,False
KZ,KZ-KAR,KAR,Qaraghandy oblysy,,,alpha,3,False,True,False
KZ,KZ-KOK,KOK,Kokchetav Oblast,Көкшетау облысы,,alpha,3,True,False,True
KZ,KZ-KUS,KUS,Qostanay oblysy,,,alpha,3,False,True,False
KZ,KZ-KZY,KZY,Qyzylorda oblysy,,,alpha,3,False,True,False
KZ,KZ-MAN,MAN,Mangghystau oblysy,,,alpha,3,True,True,False
KZ,KZ-PAV,PAV,Pavlodar oblysy,,,alpha,3,True,True,False
KZ,KZ-SEV,SEV,Soltustik Qazaqstan oblysy,,,alpha,3,False,True,False
KZ,KZ-VOS,VOS,Shyghys Qazaqstan oblysy,,,alpha,3,False,True,False
KZ,KZ-YUZ,YUZ,Ongtustik Qazaqstan oblysy,,,alpha,3,False,True,False
KZ,KZ-ZAP,ZAP,Batys Qazaqstan oblysy,,,alpha,3,False,True,False
KZ,KZ-ZHA,ZHA,Zhambyl oblysy,,,alpha,3,True,True,False
LA,LA-AT,AT,Attapeu Province,,,alpha,2,True,False,True
LA,LA-BK,BK,Bokeo Province,,,alpha,2,False,False,True
LA,LA-BL,BL,Bolikhamxai,,,alpha,2,False,True,True
LA,LA-CH,CH,Champasak,ຈຳປາສັກ,,alpha,2,True,True,True
LA,LA-HO,HO,Houaphan,,,alpha,2,True,True,True
LA,LA-KH,KH,Khammouan,,,alpha,2,True,True,True
LA,LA-LM,LM,Louang Namtha,,,alpha,2,False,True,True
LA,LA-LP,LP,Louangphabang,ແຂວງ ຫຼວງ ພະບາງ,,alpha,2,False,True,True
LA,LA-OU,OU,Oudomxai,,,alpha,2,True,True,True
LA,LA-PH,PH,Phongsali,,,alpha,2,True,True,True
LA,LA-SL,SL,Salavan,,,alpha,2,False,True,True
LA,LA-SV,SV,Savannakhet,,,alpha,2,False,True,True
LA,LA-VI,VI,Viangchan,,,alpha,2,True,True,True
LA,LA-VT,VT,Vientiane,,,alpha,2,False,False,True
LA,LA-XA,XA,Xaignabouli,ໄຊຍະບູລີ,,alpha,2,True,True,True
LA,LA-XE,XE,Xekong,ເຊກອງ,,alpha,2,True,True,True
LA,LA-XI,XI,Xiangkhouang,ຊຽງຂວາງ,,alpha,2,True,True,True
LA,LA-XN,XN,Xaisomboun,,,alpha,2,False,False,True
LA,LA-XS,XS,Xaisomboun Province,ໄຊສົມບູນ,,alpha,2,False,False,True
LB,LB-AK,AK,Aakkar,,,alpha,2,False,True,True
LB,LB-AS,AS,Liban-Nord,,,alpha,2,False,True,True
LB,LB-BA,BA,Beyrouth,,,alpha,2,False,True,True
LB,LB-BH,BH,Baalbek-Hermel,,,alpha,2,True,True,True
LB,LB-BI,BI,Beqaa,البقاع,,alpha,2,False,True,True
LB,LB-JA,JA,Liban-Sud,,,alpha,2,False,True,True
LB,LB-JL,JL,Mont-Liban,جبل لبنان,,alpha,2,False,True,True
LB,LB-NA,NA,Nabatiye,,,alpha,2,True,True,True
LC,LC-01,01,Anse la Raye,Anse la Raye Quarter,,numeric,2,False,True,True
LC,LC-02,02,Castries,,,numeric,2,False,True,True
LC,LC-03,03,Choiseul Quarter,,,numeric,2,False,False,True
LC,LC-04,04,Dauphin Quarter,,,numeric,2,False,False,True
LC,LC-05,05,Dennery,,,numeric,2,False,True,True
LC,LC-06,06,Gros Islet,,,numeric,2,False,True,True
LC,LC-07,07,Laborie,,,numeric,2,False,True,True
LC,LC-08,08,Micoud,,,numeric,2,False,True,True
LC,LC-09,09,Praslin Quarter,,,numeric,2,False,False,True
LC,LC-10,10,Soufriere,,,numeric,2,False,True,True
LC,LC-11,11,Vieux Fort,,,numeric,2,False,True,True
LC,LC-12,12,Canaries,,,numeric,2,False,False,True
LI,LI-01,01,Balzers,Balzers,,numeric,2,False,True,True
LI,LI-02,02,Eschen,,,numeric,2,False,True,True
LI,LI-03,03,Gamprin,,,numeric,2,False,True,True
LI,LI-04,04,Mauren,,,numeric,2,False,True,True
LI,LI-05,05,Planken,,,numeric,2,False,True,True
LI,LI-06,06,Ruggell,,,numeric,2,False,True,True
LI,LI-07,07,Schaan,Schaan,,numeric,2,False,True,True
LI,LI-08,08,Schellenberg,Schellenberg,,numeric,2,False,True,True
LI,LI-09,09,Triesen,Triesen,,numeric,2,False,True,True
LI,LI-10,10,Triesenberg,Triesenberg,,numeric,2,False,True,True
LI,LI-11,11,Vaduz,Vaduz,,numeric,2,False,True,True
LK,LK-1,1,Western Province,බස්නාහිර පළාත,,numeric,1,False,True,True
LK,LK-11,11,Colombo District,කොළඹ දිස්ත්රික්කය,LK-1,numeric,2,False,False,True
LK,LK-12,12,Gampaha District,,LK-1,numeric,2,False,False,True
LK,LK-13,13,Kalutara District,,LK-1,numeric,2,False,False,True
LK,LK-2,2,Central Province,,,numeric,1,False,True,True
LK,LK-21,21,Kandy District,கண்டி மாவட்டம்,LK-2,numeric,2,False,False,True
LK,LK-22,22,Matale District,மாத்தளை மாவட்டம்,LK-2,numeric,2,False,False,True
LK,LK-23,23,Nuwara Eliya District,நுவரெலியா மாவட்டம்,LK-2,numeric,2,False,False,True
LK,LK-3,3,Southern Province,,,numeric,1,False,True,True
LK,LK-31,31,Galle District,ගාල්ල දිස්ත්රික්කය,LK-3,numeric,2,False,False,True
LK,LK-32,32,Matara District,,LK-3,numeric,2,False,False,True
LK,LK-33,33,Hambantota District,,LK-3,numeric,2,False,False,True
LK,LK-4,4,Northern Province,,,numeric,1,False,True,True
LK,LK-41,41,Jaffna District,யாழ்ப்பாண மாவட்டம்,LK-4,numeric,2,False,False,True
LK,LK-42,42,Kilinochchi District,,LK-4,numeric,2,False,False,True
LK,LK-43,43,Mannar District,மன்னார் மாவட்டம்,LK-4,numeric,2,False,False,True
LK,LK-44,44,Vavuniya District,வவுனியா மாவட்டம்,LK-4,numeric,2,False,False,True
LK,LK-45,45,Mullaitivu District,முல்லைத்தீவு மாவட்டம்,LK-4,numeric,2,False,False,True
LK,LK-5,5,Eastern Province,,,numeric,1,False,True,True
LK,LK-51,51,Batticaloa District,மட்டக்களப்பு மாவட்டம்,LK-5,numeric,2,False,False,True
LK,LK-52,52,Ampara District,,LK-5,numeric,2,False,False,True
LK,LK-53,53,Trincomalee District,,LK-5,numeric,2,False,False,True
LK,LK-6,6,North Western Province,,,numeric,1,False,True,True
LK,LK-61,61,Kurunegala District,,LK-6,numeric,2,False,False,True
LK,LK-62,62,Puttalam District,,LK-6,numeric,2,False,False,True
LK,LK-7,7,North Central Province,,,numeric,1,False,True,True
LK,LK-71,71,Anuradhapura District,අනුරාධපුර දිස්ත්රික්කය,LK-7,numeric,2,False,False,True
LK,LK-72,72,Polonnaruwa District,பொலன்னறுவை மாவட்டம்,LK-7,numeric,2,False,False,True
LK,LK-8,8,Uva Province,,,numeric,1,False,True,True
LK,LK-81,81,Badulla District,,LK-8,numeric,2,False,False,True
LK,LK-82,82,Monaragala District,,LK-8,numeric,2,False,False,True
LK,LK-9,9,Sabaragamuwa Province,,,numeric,1,False,True,True
LK,LK-91,91,Ratnapura district,இரத்தினபுரி மாவட்டம்,LK-9,numeric,2,False,False,True
LK,LK-92,92,Kegalle District,,LK-9,numeric,2,False,False,True
LR,LR-BG,BG,Bong County,,,alpha,2,False,False,True
LR,LR-BM,BM,Bomi County,,,alpha,2,False,False,True
LR,LR-CM,CM,Grand Cape Mount County,,,alpha,2,False,False,True
LR,LR-GB,GB,Grand Bassa,,,alpha,2,True,True,True
LR,LR-GG,GG,Grand Gedeh,,,alpha,2,True,True,True
LR,LR-GK,GK,Grand Kru County,,,alpha,2,True,False,True
LR,LR-GP,GP,Gbarpolu County,,,alpha,2,False,False,True
LR,LR-LO,LO,Lofa County,,,alpha,2,True,False,True
LR,LR-MG,MG,Margibi,,,alpha,2,False,True,True
LR,LR-MO,MO,Montserrado,Montserrado,,alpha,2,True,True,True
LR,LR-MY,MY,Maryland County,,,alpha,2,False,False,True
LR,LR-NI,NI,Nimba,,,alpha,2,True,False,True
LR,LR-RG,RG,River Gee County,,,alpha,2,True,False,True
LR,LR-RI,RI,River Cess County,,,alpha,2,True,False,True
LR,LR-SI,SI,Sinoe,,,alpha,2,True,True,True
LS,LS-A,A,Maseru,,,alpha,1,False,True,True
LS,LS-B,B,Butha-Buthe District,,,alpha,1,True,False,True
LS,LS-C,C,Leribe,,,alpha,1,False,True,True
LS,LS-D,D,Berea District,,,alpha,1,False,False,True
LS,LS-E,E,Mafeteng,,,alpha,1,False,True,True
LS,LS-F,F,Mohale's Hoek District,,,alpha,1,False,False,True
LS,LS-G,G,Quthing,,,alpha,1,False,True,True
LS,LS-H,H,Qacha's Nek District,,,alpha,1,False,False,True
LS,LS-J,J,Mokhotlong,,,alpha,1,False,True,True
LS,LS-K,K,Thaba-Tseka,,,alpha,1,False,True,True
LT,LT-01,01,Akmenė District Municipality,Akmenės rajono savivaldybė,,numeric,2,False,False,True
LT,LT-02,02,Alytus City Municipality,,,numeric,2,False,False,True
LT,LT-03,03,Alytus District Municipality,,,numeric,2,False,False,True
LT,LT-04,04,Anykščiai District Municipality,Anykščių rajono savivaldybė,,numeric,2,False,False,True
LT,LT-05,05,Birštonas Municipality,Birštono savivaldybė,,numeric,2,False,False,True
LT,LT-06,06,Biržai District Municipality,Biržų rajono savivaldybė,,numeric,2,False,False,True
LT,LT-07,07,Druskininkai municipality,Druskininkų savivaldybė,,numeric,2,False,False,True
LT,LT-08,08,Elektrėnai Municipality,Elektrėnų savivaldybė,,numeric,2,False,False,True
LT,LT-09,09,Ignalina District Municipality,Ignalinos rajono savivaldybė,,numeric,2,False,False,True
LT,LT-10,10,Jonava District Municipality,Jonavos rajono savivaldybė,,numeric,2,False,False,True
LT,LT-11,11,Joniškis District Municipality,Joniškio rajono savivaldybė,,numeric,2,False,False,True
LT,LT-12,12,Jurbarkas District Municipality,Jurbarko rajono savivaldybė,,numeric,2,False,False,True
LT,LT-13,13,Kaišiadorys District Municipality,Kaišiadorių rajono savivaldybė,,numeric,2,False,False,True
LT,LT-14,14,Kalvarija Municipality,Kalvarijos savivaldybė,,numeric,2,False,False,True
LT,LT-15,15,Kaunas City Municipality,,,numeric,2,False,False,True
LT,LT-16,16,Kaunas District Municipality,Kauno rajono savivaldybė,,numeric,2,False,False,True
LT,LT-17,17,Kazlų Rūda Municipality,Kazlų Rūdos savivaldybė,,numeric,2,False,False,True
LT,LT-18,18,Kėdainiai District Municipality,Kėdainių rajono savivaldybė,,numeric,2,False,False,True
LT,LT-19,19,Kelmė District Municipality,Kelmės rajono savivaldybė,,numeric,2,False,False,True
LT,LT-20,20,Klaipeda City Municipality,,,numeric,2,False,False,True
LT,LT-21,21,Klaipėda District Municipality,Klaipėdos rajono savivaldybė,,numeric,2,False,False,True
LT,LT-22,22,Kretinga Municipality,Kretingos rajono savivaldybė,,numeric,2,False,False,True
LT,LT-23,23,Kupiškis District Municipality,Kupiškio rajono savivaldybė,,numeric,2,False,False,True
LT,LT-24,24,Lazdijai District Municipality,Lazdijų rajono savivaldybė,,numeric,2,False,False,True
LT,LT-25,25,Marijampolė Municipality,Marijampolės savivaldybė,,numeric,2,False,False,True
LT,LT-26,26,Mažeikiai District Municipality,Mažeikių rajono savivaldybė,,numeric,2,False,False,True
LT,LT-27,27,Molėtai District Municipality,Molėtų rajono savivaldybė,,numeric,2,False,False,True
LT,LT-28,28,Neringa Municipality,,,numeric,2,False,False,True
LT,LT-29,29,Pagėgiai Municipality,Pagėgių savivaldybė,,numeric,2,False,False,True
LT,LT-30,30,Pakruojis District Municipality,Pakruojo rajono savivaldybė,,numeric,2,False,False,True
LT,LT-31,31,Palanga City Municipality,,,numeric,2,False,False,True
LT,LT-32,32,Panevėžys City Municipality,,,numeric,2,False,False,True
LT,LT-33,33,Panevėžys District Municipality,Panevėžio rajono savivaldybė,,numeric,2,False,False,True
LT,LT-34,34,Pasvalys District Municipality,Pasvalio rajono savivaldybė,,numeric,2,False,False,True
LT,LT-35,35,Plungė District Municipality,Plungės rajono savivaldybė,,numeric,2,False,False,True
LT,LT-36,36,Prienai District Municipality,Prienų rajono savivaldybė,,numeric,2,False,False,True
LT,LT-37,37,Radviliškis District Municipality,Radviliškio rajono savivaldybė,,numeric,2,False,False,True
LT,LT-38,38,Raseiniai District Municipality,Raseinių rajono savivaldybė,,numeric,2,False,False,True
LT,LT-39,39,Rietavas Municipality,Rietavo savivaldybė,,numeric,2,False,False,True
LT,LT-40,40,Rokiškis District Municipality,Rokiškio rajono savivaldybė,,numeric,2,False,False,True
LT,LT-41,41,Šakiai District Municipality,Šakių rajono savivaldybė,,numeric,2,False,False,True
LT,LT-42,42,Šalčininkai District Municipality,Šalčininkų rajono savivaldybė,,numeric,2,False,False,True
LT,LT-43,43,Šiauliai City Municipality,,,numeric,2,False,False,True
LT,LT-44,44,Šiauliai District Municipality,Šiaulių rajono savivaldybė,,numeric,2,False,False,True
LT,LT-45,45,Šilalė District Municipality,Šilalės rajono savivaldybė,,numeric,2,False,False,True
LT,LT-46,46,Šilutė District Municipality,Šilutės rajono savivaldybė,,numeric,2,False,False,True
LT,LT-47,47,Širvintos District Municipality,Širvintų rajono savivaldybė,,numeric,2,False,False,True
LT,LT-48,48,Skuodas District Municipality,Skuodo rajono savivaldybė,,numeric,2,False,False,True
LT,LT-49,49,Švenčionys District Municipality,Švenčionių rajono savivaldybė,,numeric,2,False,False,True
LT,LT-50,50,Tauragė District Municipality,Tauragės rajono savivaldybė,,numeric,2,False,False,True
LT,LT-51,51,Telšiai District Municipality,Telšių rajono savivaldybė,,numeric,2,False,False,True
LT,LT-52,52,Trakai District Municipality,Trakų rajono savivaldybė,,numeric,2,False,False,True
LT,LT-53,53,Ukmergė District Municipality,Ukmergės rajono savivaldybė,,numeric,2,False,False,True
LT,LT-54,54,Utena District Municipality,Utenos rajono savivaldybė,,numeric,2,False,False,True
LT,LT-55,55,Varėna District Municipality,Varėnos rajono savivaldybė,,numeric,2,False,False,True
LT,LT-56,56,Vilkaviškis District Municipality,Vilkaviškio rajono savivaldybė,,numeric,2,False,False,True
LT,LT-57,57,Vilnius City Municipality,Vilniaus miesto savivaldybė,,numeric,2,False,False,True
LT,LT-58,58,Vilnius District Municipality,Vilniaus rajono savivaldybė,,numeric,2,False,False,True
LT,LT-59,59,Visaginas Municipality,Visagino savivaldybė,,numeric,2,False,False,True
LT,LT-60,60,Zarasai District Municipality,Zarasų rajono savivaldybė,,numeric,2,False,False,True
LT,LT-AL,AL,Alytaus apskritis,Alytaus apskritis,,alpha,2,True,True,True
LT,LT-KL,KL,Klaipedos apskritis,Klaipėdos apskritis,,alpha,2,True,True,True
LT,LT-KU,KU,Kauno apskritis,Kauno apskritis,,alpha,2,False,True,True
LT,LT-MR,MR,Marijampoles apskritis,Marijampolės apskritis,,alpha,2,False,True,True
LT,LT-PN,PN,Panevezio apskritis,Panevėžio apskritis,,alpha,2,False,True,True
LT,LT-SA,SA,Siauliu apskritis,Šiaulių apskritis,,alpha,2,True,True,True
LT,LT-TA,TA,Taurages apskritis,Tauragės apskritis,,alpha,2,True,True,True
LT,LT-TE,TE,Telsiu apskritis,,,alpha,2,True,True,True
LT,LT-UT,UT,Utenos apskritis,Utenos apskritis,,alpha,2,True,True,True
LT,LT-VL,VL,Vilniaus apskritis,Vilniaus apskritis,,alpha,2,False,True,True
LU,LU-CA,CA,Canton of Capellen,,,alpha,2,True,False,True
LU,LU-CL,CL,Canton of Clervaux,Klierf,LU-D,alpha,2,False,False,True
LU,LU-D,D,Diekirch District,,,alpha,1,True,False,True
LU,LU-DI,DI,Diekirch,Dikrech,,alpha,2,True,True,True
LU,LU-EC,EC,Canton of Echternach,,,alpha,2,False,False,True
LU,LU-ES,ES,Canton of Esch-sur-Alzette,,,alpha,2,False,False,True
LU,LU-G,G,Grevenmacher District,Distrikt Gréiwemaacher,,alpha,1,True,False,True
LU,LU-GR,GR,Grevenmacher,Gréiwemaacher,LU-G,alpha,2,True,True,True
LU,LU-L,L,Luxembourg District,Lëtzebuerg,,alpha,1,True,False,True
LU,LU-LU,LU,Luxembourg,,,alpha,2,True,True,True
LU,LU-ME,ME,Canton of Mersch,Miersch,LU-L,alpha,2,False,False,True
LU,LU-RD,RD,Canton of Redange,Réiden,LU-D,alpha,2,False,False,True
LU,LU-RM,RM,Canton of Remich,Réimech,,alpha,2,False,False,True
LU,LU-VD,VD,Canton of Vianden,,,alpha,2,False,False,True
LU,LU-WI,WI,Canton of Wiltz,,LU-D,alpha,2,False,False,True
LV,LV-001,001,Aglonas novads,,,numeric,3,False,True,True
LV,LV-002,002,Aizkraukles novads,,,numeric,3,False,True,True
LV,LV-003,003,Aizputes novads,,,numeric,3,False,True,True
LV,LV-004,004,Aknīste Municipality,,,numeric,3,False,False,True
LV,LV-005,005,Alojas novads,,,numeric,3,False,True,True
LV,LV-006,006,Alsunga Municipality,,,numeric,3,False,False,True
LV,LV-007,007,Aluksnes novads,,,numeric,3,False,True,True
LV,LV-008,008,Amata Municipality,,,numeric,3,False,False,True
LV,LV-009,009,Ape Municipality,,,numeric,3,False,False,True
LV,LV-010,010,Auce Municipality,,,numeric,3,False,False,True
LV,LV-011,011,Adazu novads,,,numeric,3,False,True,True
LV,LV-012,012,Babites novads,,,numeric,3,False,True,True
LV,LV-013,013,Baldones novads,,,numeric,3,False,True,True
LV,LV-014,014,Baltinava Municipality,,,numeric,3,False,False,True
LV,LV-015,015,Balvu novads,,,numeric,3,False,True,True
LV,LV-016,016,Bauskas novads,,,numeric,3,False,True,True
LV,LV-017,017,Beverinas novads,,,numeric,3,False,True,True
LV,LV-018,018,Brocenu novads,,,numeric,3,False,True,True
LV,LV-019,019,Burtnieki Municipality,,,numeric,3,False,False,True
LV,LV-020,020,Carnikavas novads,,,numeric,3,False,True,True
LV,LV-021,021,Cesvaines novads,,,numeric,3,False,True,True
LV,LV-022,022,Cesu novads,,,numeric,3,False,True,True
LV,LV-023,023,Cibla Municipality,,,numeric,3,False,False,True
LV,LV-024,024,Dagda Municipality,,,numeric,3,False,False,True
LV,LV-025,025,Daugavpils novads,,,numeric,3,False,True,True
LV,LV-026,026,Dobeles novads,,,numeric,3,False,True,True
LV,LV-027,027,Dundagas novads,,,numeric,3,False,True,True
LV,LV-028,028,Durbe Municipality,,,numeric,3,False,False,True
LV,LV-029,029,Engure Municipality,,,numeric,3,False,False,True
LV,LV-030,030,Erglu novads,,,numeric,3,False,True,True
LV,LV-031,031,Garkalne Municipality,,,numeric,3,False,False,True
LV,LV-032,032,Grobiņa Municipality,,,numeric,3,False,False,True
LV,LV-033,033,Gulbenes novads,,,numeric,3,False,True,True
LV,LV-034,034,Iecavas novads,,,numeric,3,False,True,True
LV,LV-035,035,Ikskiles novads,,,numeric,3,False,True,True
LV,LV-036,036,Ilūkste Municipality,,,numeric,3,False,False,True
LV,LV-037,037,Incukalna novads,,,numeric,3,False,True,True
LV,LV-038,038,Jaunjelgavas novads,,,numeric,3,False,True,True
LV,LV-039,039,Jaunpiebalgas novads,,,numeric,3,False,True,True
LV,LV-040,040,Jaunpils novads,,,numeric,3,False,True,True
LV,LV-041,041,Jelgavas novads,,,numeric,3,False,True,True
LV,LV-042,042,Jekabpils novads,,,numeric,3,False,True,True
LV,LV-043,043,Kandava Municipality,,,numeric,3,False,False,True
LV,LV-044,044,Kārsava Municipality,,,numeric,3,False,False,True
LV,LV-045,045,Kocēni Municipality,,,numeric,3,False,False,True
LV,LV-046,046,Kokneses novads,,,numeric,3,False,True,True
LV,LV-047,047,Kraslavas novads,,,numeric,3,False,True,True
LV,LV-048,048,Krimulda Municipality,,,numeric,3,False,False,True
LV,LV-049,049,Krustpils Municipality,,,numeric,3,False,False,True
LV,LV-050,050,Kuldigas novads,,,numeric,3,False,True,True
LV,LV-051,051,Ķegums Municipality,,,numeric,3,False,False,True
LV,LV-052,052,Kekavas novads,,,numeric,3,False,True,True
LV,LV-053,053,Lielvardes novads,,,numeric,3,False,True,True
LV,LV-054,054,Limbazu novads,,,numeric,3,False,True,True
LV,LV-055,055,Līgatne Municipality,,,numeric,3,False,False,True
LV,LV-056,056,Livanu novads,,,numeric,3,False,True,True
LV,LV-057,057,Lubanas novads,,,numeric,3,False,True,True
LV,LV-058,058,Ludzas novads,,,numeric,3,False,True,True
LV,LV-059,059,Madonas novads,,,numeric,3,False,True,True
LV,LV-060,060,Mazsalaca Municipality,,,numeric,3,False,False,True
LV,LV-061,061,Malpils novads,,,numeric,3,False,True,True
LV,LV-062,062,Mārupe Municipality,,,numeric,3,False,False,True
LV,LV-063,063,Mērsrags Municipality,,,numeric,3,False,False,True
LV,LV-064,064,Nauksenu novads,,,numeric,3,False,True,True
LV,LV-065,065,Nereta Municipality,,,numeric,3,False,False,True
LV,LV-066,066,Nīca Municipality,,,numeric,3,False,False,True
LV,LV-067,067,Ogres novads,,,numeric,3,False,True,True
LV,LV-068,068,Olaines novads,,,numeric,3,False,True,True
LV,LV-069,069,Ozolnieku novads,,,numeric,3,False,True,True
LV,LV-070,070,Pārgauja Municipality,,,numeric,3,False,False,True
LV,LV-071,071,Pāvilosta Municipality,,,numeric,3,False,False,True
LV,LV-072,072,Pļaviņas Municipality,,,numeric,3,False,False,True
LV,LV-073,073,Preilu novads,,,numeric,3,False,True,True
LV,LV-074,074,Priekule Municipality,,,numeric,3,False,False,True
LV,LV-075,075,Priekuļi Municipality,,,numeric,3,False,False,True
LV,LV-076,076,Rauna Municipality,,,numeric,3,False,False,True
LV,LV-077,077,Rezeknes novads,,,numeric,3,False,True,True
LV,LV-078,078,Riebinu novads,,,numeric,3,False,True,True
LV,LV-079,079,Rojas novads,,,numeric,3,False,True,True
LV,LV-080,080,Ropazu novads,,,numeric,3,False,True,True
LV,LV-081,081,Rucava Municipality,,,numeric,3,False,False,True
LV,LV-082,082,Rugāji Municipality,,,numeric,3,False,False,True
LV,LV-083,083,Rundales novads,,,numeric,3,False,True,True
LV,LV-084,084,Rūjiena Municipality,,,numeric,3,False,False,True
LV,LV-085,085,Sala Municipality,,,numeric,3,False,False,True
LV,LV-086,086,Salacgrivas novads,,,numeric,3,False,True,True
LV,LV-087,087,Salaspils novads,,,numeric,3,False,True,True
LV,LV-088,088,Saldus novads,,,numeric,3,False,True,True
LV,LV-089,089,Saulkrastu novads,,,numeric,3,False,True,True
LV,LV-090,090,Sejas novads,,,numeric,3,False,True,True
LV,LV-091,091,Siguldas novads,,,numeric,3,False,True,True
LV,LV-092,092,Skrīveri Municipality,,,numeric,3,False,False,True
LV,LV-093,093,Skrundas novads,,,numeric,3,False,True,True
LV,LV-094,094,Smiltene Municipality,,,numeric,3,False,False,True
LV,LV-095,095,Stopinu novads,,,numeric,3,False,True,True
LV,LV-096,096,Strenči Municipality,,,numeric,3,False,False,True
LV,LV-097,097,Talsu novads,,,numeric,3,False,True,True
LV,LV-098,098,Tērvete Municipality,,,numeric,3,False,False,True
LV,LV-099,099,Tukuma novads,,,numeric,3,False,True,True
LV,LV-100,100,Vaiņode Municipality,,,numeric,3,False,False,True
LV,LV-101,101,Valkas novads,,,numeric,3,False,True,True
LV,LV-102,102,Varakļāni Municipality,,,numeric,3,False,False,True
LV,LV-103,103,Varkavas novads,,,numeric,3,False,True,True
LV,LV-104,104,Vecpiebalga Municipality,,,numeric,3,False,False,True
LV,LV-105,105,Vecumnieku novads,,,numeric,3,False,True,True
LV,LV-106,106,Ventspils novads,,,numeric,3,False,True,True
LV,LV-107,107,Viesīte Municipality,,,numeric,3,False,False,True
LV,LV-108,108,Viļaka Municipality,,,numeric,3,False,False,True
LV,LV-109,109,Viļāni Municipality,,,numeric,3,False,False,True
LV,LV-110,110,Zilupe Municipality,,,numeric,3,False,False,True
LV,LV-111,111,Augšdaugava Municipality,,,numeric,3,False,False,True
LV,LV-112,112,South Kurzeme Municipality,,,numeric,3,False,False,True
LV,LV-113,113,Valmiera Municipality,,,numeric,3,False,False,True
LV,LV-DGV,DGV,Daugavpils,Daugpiļs,,alpha,3,False,False,True
LV,LV-JEL,JEL,Jelgava,Jelgava,,alpha,3,True,True,True
LV,LV-JKB,JKB,Jēkabpils,Jēkabpils,LV-042,alpha,3,False,False,True
LV,LV-JUR,JUR,Jurmala,Jūrmala,,alpha,3,True,True,True
LV,LV-LPX,LPX,Liepaja,Liepāja,,alpha,3,False,True,True
LV,LV-REZ,REZ,Rēzekne,Rēzne,,alpha,3,True,False,True
LV,LV-RIX,RIX,Riga,Rīga,,alpha,3,False,True,True
LV,LV-VEN,VEN,Ventspils,Ventspils,,alpha,3,True,False,True
LV,LV-VMR,VMR,Valmiera,Вольмар,LV-113,alpha,3,False,True,True
LY,LY-BA,BA,Banghazi,بنغازي,,alpha,2,True,True,True
LY,LY-BU,BU,Al Butnan,,,alpha,2,False,True,True
LY,LY-DR,DR,Darnah,,,alpha,2,False,True,True
LY,LY-GT,GT,Ghat District,,,alpha,2,False,False,True
LY,LY-JA,JA,Al Jabal al Akhdar,,,alpha,2,False,True,True
LY,LY-JG,JG,Al Jabal al Gharbi,الجبل الغربي,,alpha,2,False,True,True
LY,LY-JI,JI,Al Jafarah,الجفارة,,alpha,2,False,True,True
LY,LY-JU,JU,Al Jufrah,,,alpha,2,False,True,True
LY,LY-KF,KF,Al Kufrah,,,alpha,2,False,True,True
LY,LY-MB,MB,Al Marqab,,,alpha,2,False,True,True
LY,LY-MI,MI,Misratah,,,alpha,2,True,True,True
LY,LY-MJ,MJ,Al Marj,,,alpha,2,False,True,True
LY,LY-MQ,MQ,Murzuq,,,alpha,2,False,True,True
LY,LY-NL,NL,Nalut,,,alpha,2,False,True,True
LY,LY-NQ,NQ,An Nuqat al Khams,,,alpha,2,False,True,True
LY,LY-SB,SB,Sabha,,,alpha,2,False,True,True
LY,LY-SR,SR,Surt,سرت,,alpha,2,False,True,True
LY,LY-TB,TB,Tarabulus,,,alpha,2,False,True,True
LY,LY-WA,WA,Al Wahat,,,alpha,2,False,True,True
LY,LY-WD,WD,Wadi al Hayaa District,وادي الحياة,,alpha,2,False,False,True
LY,LY-WS,WS,Wadi al Shatii District,,,alpha,2,False,False,True
LY,LY-ZA,ZA,Az Zawiyah,,,alpha,2,False,True,True
MA,MA-01,01,Tanger-Tetouan-Al Hoceima,ⵜⴰⵎⵏⴰⴹⵜ ⵜⴰⵏⵊⴰ ⵜⵉⵟⵟⴰⵡⵉⵏ ⵍⵃⵓⵙⵉⵎⴰ,,numeric,2,False,True,True
MA,MA-02,02,L'Oriental,ⵜⴰⵎⵏⴰⴹⵜ ⵜⴰⴳⵎⵓⴹⴰⵏⵜ,,numeric,2,False,True,True
MA,MA-03,03,Fes- Meknes,ⵜⴰⵎⵏⴰⴹⵜ ⵏ ⵜⴰⵣⴰ ⵍⵃⵓⵙⵉⵎⴰ ⵜⴰⵡⵏⴰⵜ,,numeric,2,False,True,True
MA,MA-04,04,Rabat-Sale-Kenitra,ⵜⴰⵎⵏⴰⴹⵜ ⵏ ⵕⵕⴱⴰⵟ ⵙⵍⴰ ⵇⵏⵉⵟⵔⴰ,,numeric,2,False,True,True
MA,MA-05,05,Beni-Mellal-Khenifra,ⵜⴰⵏⴱⴰⴹⵜ ⵏ ⴰⵢⵜ ⵎⵍⵍⴰⵍ ⵅⵏⵉⴼⵔⴰ,,numeric,2,False,True,True
MA,MA-06,06,Casablanca-Settat,ⵜⴰⵏⴱⴰⴹⵜ ⵏ ⴰⵏⴼⴰ ⴰⵥⵟⵟⴰⴹ,,numeric,2,False,True,True
MA,MA-07,07,Marrakech-Safi,ⵜⴰⵙⴳⴰ ⵏ ⵎⵕⵕⴰⴽⵛ ⴰⵙⴼⵉ,,numeric,2,False,True,True
MA,MA-08,08,Draa-Tafilalet,ⵜⴰⵎⵏⴰⴹⵜ ⵏ ⴷⵔⴰ ⵜⴰⴼⵉⵍⴰⵍⵜ,,numeric,2,False,True,True
MA,MA-09,09,Souss-Massa,ⵜⴰⵎⵏⴰⴹⵜ ⵏ ⵙⵓⵙ ⵎⴰⵙⵙⵜ,,numeric,2,False,True,True
MA,MA-10,10,Guelmim-Oued Noun (EH-partial),ⵜⴰⵙⴳⴰ ⵏ ⴳⵓⵍⵎⵉⵎ ⴰⵙⵉⴼ ⵏ ⵏⵓⵏ,,numeric,2,False,True,True
MA,MA-11,11,Laayoune-Sakia El Hamra (EH-partial),ⵜⴰⵙⴳⴰ ⵏ ⵍⵄⵢⵓⵏ ⵜⴰⵔⴳⴰ ⵜⴰⵣⴳⴳⵯⴰⵖⵜ,,numeric,2,False,True,True
MA,MA-12,12,Dakhla-Oued Ed-Dahab,ⵜⴰⵎⵏⴰⴹⵜ ⵏ ⴷⴷⴰⵅⵍⴰ-ⴰⵙⵉⴼ ⵏ ⵡⵓⵔⵖ,,numeric,2,False,False,True
MA,MA-13,13,Suss-Massa-Draa,سوس ماسة درعة,,numeric,2,False,False,True
MA,MA-14,14,Guelmim-Es Semara,كلميم السمارة,,numeric,2,False,False,True
MA,MA-15,15,Laâyoune-Boujdour-Sakia El Hamra,العيون بوجدور الساقية الحمراء,,numeric,2,False,False,True
MA,MA-16,16,Oued Ed-Dahab-Lagouira,ⴷⴰⵅⵍⴰ-ⵡⴰⴷ ⴷⴰⵀⴰⴱ,,numeric,2,False,False,True
MA,MA-AGD,AGD,Agadir-Ida-Ou-Tanane Prefecture,ⵜⴰⵎⵏⴱⴰⴹⵜ ⵏ ⴰⴳⴰⴷⵉⵔ ⴰⵢⴷⴰ ⵓⵜⴰⵏⴰⵏ,MA-09,alpha,3,False,False,True
MA,MA-AOU,AOU,Aousserd Province,ⵜⴰⵎⵏⴱⴰⴹⵜ ⵏ ⴰⵡⵙⴻⵔⴷ,MA-12,alpha,3,True,False,True
MA,MA-ASZ,ASZ,Assa-Zag Province,ⵜⴰⵎⵏⴱⴰⴹⵜ ⵏ ⴰⵙⵙⴰ ⵥⴰⴳ,MA-10,alpha,3,True,False,True
MA,MA-AZI,AZI,Azilal Province,ⵜⴰⵎⵏⴱⴰⴹⵜ ⵏ ⴰⵣⵉⵍⴰⵍ,MA-05,alpha,3,True,False,True
MA,MA-BEM,BEM,Béni-Mellal Province,ⵜⴰⵎⵏⴱⴰⴹⵜ ⵏ ⴰⵢⵜ ⵎⵍⵍⴰⵍ,MA-05,alpha,3,True,False,True
MA,MA-BER,BER,Berkane Province,ⵜⴰⵎⵏⴱⴰⴹⵜ ⵏ ⴱⵔⴽⴰⵏ,MA-02,alpha,3,True,False,True
MA,MA-BES,BES,Ben Slimane Province,ⵜⴰⵎⵏⴱⴰⴹⵜ ⵏ ⵅⵏⵉⴼⵔⴰ,MA-06,alpha,3,True,False,True
MA,MA-BOD,BOD,Boujdour Province,ⵜⴰⵎⵏⴱⴰⴹⵜ ⵏ ⴱⵓⵊⴹⵓⵕ,MA-11,alpha,3,False,False,True
MA,MA-BOM,BOM,Boulemane Province,ⵜⴰⵎⵏⴱⴰⴹⵜ ⵏ ⴱⵓⵍⵎⴰⵏ,MA-03,alpha,3,False,False,True
MA,MA-BRR,BRR,Berrechid Province,ⵜⴰⵎⵏⴱⴰⴹⵜ ⵏ ⴱⴰⵔⵛⵉⴷ,MA-06,alpha,3,False,False,True
MA,MA-CAS,CAS,Casablanca Prefecture,ⵜⴰⵎⵏⴱⴰⴹⵜ ⵏ ⴰⵏⴼⴰ,MA-06,alpha,3,True,False,True
MA,MA-CHE,CHE,Chefchaouen Province,ⵜⴰⵎⵏⴱⴰⴹⵜ ⵏ ⴰⵛⴰⵡⵏ,MA-01,alpha,3,True,False,True
MA,MA-CHI,CHI,Chichaoua (Province),ⵜⴰⵎⵏⴱⴰⴹⵜ ⵏ ⵛⵉⵛⴰⵡⴰ,MA-07,alpha,3,True,False,True
MA,MA-CHT,CHT,Shtouka Ait Baha Province,ⵜⴰⵎⵏⴱⴰⴹⵜ ⵏ ⴰⵛⵜⵓⴽⵏ ⴰⵢⵜ ⴱⴰⵀⴰ,MA-09,alpha,3,False,False,True
MA,MA-DRI,DRI,Driouch Province,ⵜⴰⵎⵏⴱⴰⴹⵜ ⵏ ⴻⴷⴷⵔⵉⵡⴻⵛ,MA-02,alpha,3,True,False,True
MA,MA-ERR,ERR,Errachidia Province,ⵜⴰⵎⵏⴱⴰⴹⵜ ⵏ ⵉⵎⵜⵖⵔⵏ,MA-08,alpha,3,True,False,True
MA,MA-ESI,ESI,Essaouira Province,ⵜⴰⵎⵏⴱⴰⴹⵜ ⵏ ⵎⵓⴳⴰⴹⵓⵔ,MA-07,alpha,3,False,False,True
MA,MA-ESM,ESM,Es Semara Province,ⵜⴰⵎⵏⴱⴰⴹⵜ ⵏ ⵙⵙⵎⴰⵔⴰ,MA-11,alpha,3,False,False,True
MA,MA-FAH,FAH,Fahs Anjra Province,ⵜⴰⵎⵏⴱⴰⴹⵜ ⵏ ⵍⴼⴰⵃⵚ ⴰⵏⵊⵔⴰ,MA-01,alpha,3,True,False,True
MA,MA-FES,FES,Fez Prefecture,ⵜⴰⵎⵏⴱⴰⴹⵜ ⵏ ⴼⴰⵙ,MA-03,alpha,3,False,False,True
MA,MA-FIG,FIG,Figuig Province,ⵜⴰⵎⵏⴱⴰⴹⵜ ⵏ ⵉⴼⵉⵢⵢⵉⵢ,MA-02,alpha,3,True,False,True
MA,MA-FQH,FQH,Fquih Ben Salah Province,ⵜⴰⵎⵏⴱⴰⴹⵜ ⵏ ⴼⵇⵉⵀ ⴱⵏ ⵚⴰⵍⵃ,MA-05,alpha,3,False,False,True
MA,MA-GUE,GUE,Guelmim Province,ⵜⴰⵎⵏⴱⴰⴹⵜ ⵏ ⴳⵓⵍⵎⵉⵎ,MA-10,alpha,3,True,False,True
MA,MA-GUF,GUF,Guercif Province,ⵜⴰⵎⵏⴱⴰⴹⵜ ⵏ ⴳⵔⵙⵉⴼ,MA-02,alpha,3,False,False,True
MA,MA-HAJ,HAJ,El Hajeb Province,ⵜⴰⵎⵏⴱⴰⴹⵜ ⵏ ⵍⵃⴰⵊⴱ,MA-03,alpha,3,False,False,True
MA,MA-HAO,HAO,Al Haouz Province,ⵜⴰⵎⵏⴰⴹⵜ ⵏ ⵍⵃⴰⵡⵣ,MA-07,alpha,3,False,False,True
MA,MA-HOC,HOC,Al Hoceima Province,ⵜⴰⵎⵏⴱⴰⴹⵜ ⵏ ⵍⵃⵓⵙⵉⵎⴰ,MA-01,alpha,3,False,False,True
MA,MA-IFR,IFR,Ifrane Province,ⵜⴰⵎⵏⴱⴰⴹⵜ ⵏ ⵉⴼⵔⴰⵏ,MA-03,alpha,3,True,False,True
MA,MA-INE,INE,Inezgane-Aït Melloul Prefecture,ⵜⴰⵎⵏⴱⴰⴹⵜ ⵏ ⵉⵏⵣⴳⴳⴰⵏ ⴰⵢⵜ ⵎⵍⵍⵓⵍ,MA-09,alpha,3,True,False,True
MA,MA-JDI,JDI,El Jadida Province,ⵜⴰⵎⵏⴱⴰⴹⵜ ⵏ ⵊⴷⵉⴷⴰ,MA-06,alpha,3,False,False,True
MA,MA-JRA,JRA,Jerada Province,ⵜⴰⵎⵏⴱⴰⴹⵜ ⵏ ⵊⵔⴰⴷⴰ,MA-02,alpha,3,False,False,True
MA,MA-KEN,KEN,Kénitra Province,ⵜⴰⵎⵏⴱⴰⴹⵜ ⵏ ⵇⵏⵉⵟⵕⴰ,MA-04,alpha,3,True,False,True
MA,MA-KES,KES,Kelaat Sraghna Province,ⵜⴰⵎⵏⴱⴰⴹⵜ ⵏ ⵇⴰⵍⵄⴰⵜ ⵙⵔⴰⵄⵏⴰ,MA-07,alpha,3,True,False,True
MA,MA-KHE,KHE,Khémisset Province,ⵜⴰⵎⵏⴱⴰⴹⵜ ⵏ ⵅⵎⵉⵙⴰⵜ,MA-04,alpha,3,True,False,True
MA,MA-KHN,KHN,Khénifra Province,ⵜⴰⵎⵏⴱⴰⴹⵜ ⵏ ⵅⵏⵉⴼⵔⴰ,MA-05,alpha,3,False,False,True
MA,MA-KHO,KHO,Khouribga Province,ⵜⴰⵎⵏⴱⴰⴹⵜ ⵏ ⵅⵔⵉⴱⴳⴰ,MA-05,alpha,3,True,False,True
MA,MA-LAA,LAA,Laâyoune Province,ⵜⴰⵎⵏⴱⴰⴹⵜ ⵏ ⵍⵄⵢⵓⵏ,MA-11,alpha,3,True,False,True
MA,MA-LAR,LAR,Larache Province,ⵜⴰⵎⵏⴱⴰⴹⵜ ⵏ ⵍⵄⵔⴰⵢⵛ,MA-01,alpha,3,True,False,True
MA,MA-MAR,MAR,Marrakesh Prefecture,ⵜⴰⵎⵏⴱⴰⴹⵜ ⵏ ⵎⵕⵕⴰⴽⵛ,MA-07,alpha,3,True,False,True
MA,MA-MDF,MDF,M'diq-Fnideq Prefecture,ⵜⴰⵎⵏⴱⴰⴹⵜ ⵏ ⵍⵎⴹⵉⵢⴰⵇ ⴼⵏⵉⴷⵇ,MA-01,alpha,3,True,False,True
MA,MA-MED,MED,Mediouna Province,ⵜⴰⵎⵏⴱⴰⴹⵜ ⵏ ⵎⴷⵢⵓⵏⴰ,MA-06,alpha,3,True,False,True
MA,MA-MEK,MEK,Meknès Prefecture,ⵜⴰⵎⵏⴱⴰⴹⵜ ⵏ ⴰⵎⴽⵏⴰⵙ,MA-03,alpha,3,True,False,True
MA,MA-MID,MID,Midelt Province,ⵜⴰⵙⴳⴰ ⵏ ⴰⵡⵟⴰⵟ,MA-08,alpha,3,True,False,True
MA,MA-MMD,MMD,Marrakech-Medina,,MA-11,alpha,3,False,False,True
MA,MA-MMN,MMN,Marrakech-Menara,,MA-11,alpha,3,False,False,True
MA,MA-MOH,MOH,Mohammedia Prefecture,ⵜⴰⵎⵏⴱⴰⴹⵜ ⵏ ⵍⵎⵓⵃⵎⵎⴰⴷⵉⵢⴰ (ⴼⴹⴰⵍⴰ),MA-06,alpha,3,True,False,True
MA,MA-MOU,MOU,Moulay Yacoub Province,ⵜⴰⵎⵏⴱⴰⴹⵜ ⵏ ⵎⵓⵍⴰⵢ ⵢⴰⵄⵇⵓⴱ,MA-03,alpha,3,True,False,True
MA,MA-NAD,NAD,Nador Province,ⵜⴰⵎⵏⴱⴰⴹⵜ ⵏ ⵏⵏⴰⴹⵓⵔ,MA-02,alpha,3,True,False,True
MA,MA-NOU,NOU,Nouaceur Province,ⵜⴰⵎⵏⴱⴰⴹⵜ ⵏ ⵏⴻⵡⴰⵚⵔ,MA-06,alpha,3,True,False,True
MA,MA-OUA,OUA,Ouarzazate Province,ⵜⴰⵎⵏⴱⴰⴹⵜ ⵏ ⵡⴰⵔ ⵣⴰⵣⴰⵜ,MA-08,alpha,3,True,False,True
MA,MA-OUD,OUD,Oued Ed-Dahab Province,ⵜⴰⵎⵏⴱⴰⴹⵜ ⵏ ⴰⵙⵉⴼ ⵏ ⵡⵓⵔⵄ,MA-12,alpha,3,False,False,True
MA,MA-OUJ,OUJ,Oujda,ⵡⵊⴷⴰ,MA-OUJ,alpha,3,True,False,True
MA,MA-OUZ,OUZ,Ouezzane Province,ⵜⴰⵎⵏⴱⴰⴹⵜ ⵏ ⵡⴰⵣⵣⴰⵏ,MA-01,alpha,3,False,False,True
MA,MA-RAB,RAB,Rabat Prefecture,ⵜⴰⵎⵏⴱⴰⴹⵜ ⵏ ⴻⵔⵔⴱⴰⵟ,MA-04,alpha,3,True,False,True
MA,MA-REH,REH,Rhamna Province,ⵜⴰⵎⵏⴱⴰⴹⵜ ⵏ ⵕⵕⵃⴰⵎⵏⴰ,MA-07,alpha,3,False,False,True
MA,MA-SAF,SAF,Safi Province,ⵜⴰⵎⵏⴱⴰⴹⵜ ⵏ ⴰⵙⴼⵉ,MA-07,alpha,3,True,False,True
MA,MA-SAL,SAL,Salé Prefecture,ⵜⴰⵎⵏⴱⴰⴹⵜ ⵏ ⵙⵍⴰ,MA-04,alpha,3,True,False,True
MA,MA-SEF,SEF,Sefrou Province,ⵜⴰⵎⵏⴱⴰⴹⵜ ⵏ ⵚⴼⵕⵓ,MA-03,alpha,3,True,False,True
MA,MA-SET,SET,Settat Province,ⵜⴰⵎⵏⴱⴰⴹⵜ ⵏ ⵥⴻⵟⵟⴰⵟ,MA-06,alpha,3,True,False,True
MA,MA-SIB,SIB,Sidi Bennour Province,ⵜⴰⵙⴳⴰ ⵏ ⵙⵉⴷⵉ ⴱⵏⵏⵓⵔ,MA-06,alpha,3,True,False,True
MA,MA-SIF,SIF,Sidi Ifni Province,ⵜⴰⵎⵏⴱⴰⴹⵜ ⵏ ⵉⴼⵏⵉ,MA-10,alpha,3,True,False,True
MA,MA-SIK,SIK,Sidi Kacem Province,ⵜⴰⵎⵏⴱⴰⴹⵜ ⵏ ⵙⵉⴷⵉ ⵇⴰⵙⴰⵎ,MA-04,alpha,3,True,False,True
MA,MA-SIL,SIL,Sidi Slimane Province,ⵜⴰⵎⵏⴱⴰⴹⵜ ⵏ ⵙⵉⴷⵉ ⵙⵍⵉⵎⴰⵏ,MA-04,alpha,3,False,False,True
MA,MA-SKH,SKH,Temara,ⵜⵎⴰⵔⴰ,MA-SKH,alpha,3,False,False,True
MA,MA-TAF,TAF,Tarfaya Province,ⵜⴰⵎⵏⴱⴰⴹⵜ ⵏ ⵟⴰⵔⴼⴰⵢⴰ,MA-11,alpha,3,False,False,True
MA,MA-TAI,TAI,Taourirt Province,ⵜⴰⵎⵏⴱⴰⴹⵜ ⵏ ⵜⴰⵡⵔⵉⵔⵜ,MA-02,alpha,3,False,False,True
MA,MA-TAO,TAO,Taounate Province,ⵜⴰⵎⵏⴱⴰⴹⵜ ⵏ ⵜⴰⵡⵏⴰⵜ,MA-03,alpha,3,True,False,True
MA,MA-TAR,TAR,Taroudant Province,ⵜⴰⵎⵏⴱⴰⴹⵜ ⵏ ⵜⴰⵔⵓⴷⴰⵏⵜ,MA-09,alpha,3,True,False,True
MA,MA-TAT,TAT,Tata Province,ⵜⴰⵎⵏⴱⴰⴹⵜ ⵏ ⵜⴰⵟⴰ,MA-09,alpha,3,True,False,True
MA,MA-TAZ,TAZ,Taza Province,ⵜⴰⵎⵏⴱⴰⴹⵜ ⵏ ⵜⴰⵣⴰ,MA-03,alpha,3,True,False,True
MA,MA-TET,TET,Tétouan Province,ⵜⴰⵎⵏⴱⴰⴹⵜ ⵏ ⵜⵉⵟⵟⴰⵡⵉⵏ,MA-01,alpha,3,True,False,True
MA,MA-TIN,TIN,Tinghir Province,ⵜⴰⵎⵏⴱⴰⴹⵜ ⵏ ⵜⵉⵏⵉⵖⵉⵔ,MA-08,alpha,3,True,False,True
MA,MA-TIZ,TIZ,Tiznit Province,ⵜⴰⵎⵏⴱⴰⴹⵜ ⵏ ⵜⵉⵣⵏⵉⵜ,MA-09,alpha,3,True,False,True
MA,MA-TNG,TNG,Tangier,ⵟⴰⵏⵊⴰ,MA-TNG,alpha,3,False,False,True
MA,MA-TNT,TNT,Tan-Tan Province,ⵜⴰⵎⵏⴱⴰⴹⵜ ⵏ ⵟⴰⵏⵟⴰⵏ,MA-10,alpha,3,False,False,True
MA,MA-YUS,YUS,Youssoufia Province,ⵜⴰⵎⵏⴱⴰⴹⵜ ⵏ ⵍⵢⵓⵙⴼⵉⵢⴰ,MA-07,alpha,3,False,False,True
MA,MA-ZAG,ZAG,Zagora Province,ⵜⴰⵎⵏⴱⴰⴹⵜ ⵏ ⵜⵣⴰⴳⵓⵔⵜ,MA-08,alpha,3,True,False,True
MC,MC-CL,CL,La Colle,,,alpha,2,False,False,True
MC,MC-CO,CO,La Condamine,La Condamine,,alpha,2,False,True,True
MC,MC-FO,FO,Fontvieille,,,alpha,2,True,True,True
MC,MC-GA,GA,La Gare,,,alpha,2,False,False,True
MC,MC-JE,JE,Jardin Exotique,,,alpha,2,True,False,True
MC,MC-LA,LA,Larvotto,,,alpha,2,True,False,True
MC,MC-MA,MA,Malbousquet,,,alpha,2,True,False,True
MC,MC-MC,MC,Monte-Carlo,Monte-Carlo,,alpha,2,True,True,True
MC,MC-MG,MG,Moneghetti,Les Moneghetti,,alpha,2,False,False,True
MC,MC-MO,MO,Monaco-Ville,Monaco-Ville,,alpha,2,True,True,True
MC,MC-MU,MU,Moulins,,,alpha,2,False,False,True
MC,MC-PH,PH,Port Hercules,,MC-CO,alpha,2,True,False,True
MC,MC-SD,SD,Ravin de Sainte-Dévote,,,alpha,2,False,False,True
MC,MC-SO,SO,La Source,,,alpha,2,False,False,True
MC,MC-SP,SP,Spélugues,,,alpha,2,True,False,True
MC,MC-SR,SR,Saint-Roman,,,alpha,2,True,True,True
MC,MC-VR,VR,Vallon de la Rousse,,,alpha,2,False,False,True
MD,MD-AN,AN,Anenii Noi,,,alpha,2,True,True,True
MD,MD-BA,BA,Balti,,,alpha,2,True,True,True
MD,MD-BD,BD,Bender,,,alpha,2,False,True,True
MD,MD-BR,BR,Briceni,,,alpha,2,True,True,True
MD,MD-BS,BS,Basarabeasca,,,alpha,2,False,True,True
MD,MD-CA,CA,Cahul,Raionul Cahul,,alpha,2,True,True,True
MD,MD-CL,CL,Calarasi,,,alpha,2,False,True,True
MD,MD-CM,CM,Cimislia,,,alpha,2,False,True,True
MD,MD-CR,CR,Criuleni,,,alpha,2,True,True,True
MD,MD-CS,CS,Causeni,,,alpha,2,False,True,True
MD,MD-CT,CT,Cantemir,,,alpha,2,False,True,True
MD,MD-CU,CU,Chisinau,,,alpha,2,False,True,True
MD,MD-DO,DO,Donduseni,,,alpha,2,True,True,True
MD,MD-DR,DR,Drochia,,,alpha,2,True,True,True
MD,MD-DU,DU,Dubasari,,,alpha,2,True,True,True
MD,MD-ED,ED,Edinet,Raionul Edineţ,,alpha,2,True,True,True
MD,MD-FA,FA,Falesti,,,alpha,2,True,True,True
MD,MD-FL,FL,Floresti,,,alpha,2,True,True,True
MD,MD-GA,GA,"Gagauzia, Unitatea teritoriala autonoma",Găgăuzia,,alpha,2,True,True,True
MD,MD-GL,GL,Glodeni,,,alpha,2,True,True,True
MD,MD-HI,HI,Hincesti,,,alpha,2,True,True,True
MD,MD-IA,IA,Ialoveni,,,alpha,2,True,True,True
MD,MD-LE,LE,Leova,,,alpha,2,True,True,True
MD,MD-NI,NI,Nisporeni,,,alpha,2,True,True,True
MD,MD-OC,OC,Ocnita,Raionul Ocnița,,alpha,2,True,True,True
MD,MD-OR,OR,Orhei,,,alpha,2,True,True,True
MD,MD-RE,RE,Rezina,,,alpha,2,True,True,True
MD,MD-RI,RI,Riscani,Raionul Rîşcani,,alpha,2,True,True,True
MD,MD-SD,SD,Soldanesti,,,alpha,2,False,True,True
MD,MD-SI,SI,Singerei,,,alpha,2,True,True,True
MD,MD-SN,SN,"Stinga Nistrului, unitatea teritoriala din",Unitățile administrativ-teritoriale din stînga Nistrului,,alpha,2,True,True,True
MD,MD-SO,SO,Soroca,,,alpha,2,True,True,True
MD,MD-ST,ST,Straseni,,,alpha,2,True,True,True
MD,MD-SV,SV,Stefan Voda,,,alpha,2,True,True,True
MD,MD-TA,TA,Taraclia,Raionul Taraclia,,alpha,2,True,True,True
MD,MD-TE,TE,Telenesti,,,alpha,2,True,True,True
MD,MD-UN,UN,Ungheni,,,alpha,2,True,True,True
ME,ME-01,01,Andrijevica Municipality,Општина Андријевица,,numeric,2,False,False,True
ME,ME-02,02,Bar,Општина Бар,,numeric,2,False,True,True
ME,ME-03,03,Berane,Општина Беране,,numeric,2,False,True,True
ME,ME-04,04,Bijelo Polje,Општина Бијело Поље,,numeric,2,False,True,True
ME,ME-05,05,Budva,Општина Будва,,numeric,2,False,True,True
ME,ME-06,06,Cetinje,Пријестоница Цетиње,YU-CG,numeric,2,False,True,True
ME,ME-07,07,Danilovgrad,Општина Даниловград,,numeric,2,False,True,True
ME,ME-08,08,Herceg-Novi,Општина Херцег Нови,,numeric,2,False,True,True
ME,ME-09,09,Kolasin,Општина Колашин,,numeric,2,False,True,True
ME,ME-10,10,Kotor,Општина Котор,,numeric,2,False,True,True
ME,ME-11,11,Mojkovac Municipality,Општина Мојковац,,numeric,2,False,False,True
ME,ME-12,12,Niksic,,YU-CG,numeric,2,False,True,True
ME,ME-13,13,Plav,,,numeric,2,False,True,True
ME,ME-14,14,Pljevlja,,,numeric,2,False,True,True
ME,ME-15,15,Pluzine,Општина Плужине,,numeric,2,False,True,True
ME,ME-16,16,Podgorica,Главни град Подгорица,,numeric,2,False,True,True
ME,ME-17,17,Rozaje,Општина Рожаје,,numeric,2,False,True,True
ME,ME-18,18,Šavnik Municipality,Општина Шавник,,numeric,2,False,False,True
ME,ME-19,19,Tivat,,,numeric,2,False,True,True
ME,ME-20,20,Ulcinj,Улцињ,,numeric,2,False,True,True
ME,ME-21,21,Zabljak,,,numeric,2,False,True,True
ME,ME-22,22,Gusinje Municipality,,,numeric,2,False,False,True
ME,ME-23,23,Petnjica Municipality,,,numeric,2,False,False,True
ME,ME-24,24,Tuzi Municipality,,,numeric,2,False,False,True
ME,ME-25,25,Zeta Municipality,Општина Зета,,numeric,2,False,False,True
MG,MG-A,A,Toamasina,,,alpha,1,False,True,True
MG,MG-D,D,Antsiranana,,,alpha,1,False,True,True
MG,MG-F,F,Fianarantsoa,Fianarantsoa,,alpha,1,True,True,True
MG,MG-M,M,Mahajanga,,,alpha,1,True,True,True
MG,MG-T,T,Antananarivo,,,alpha,1,False,True,True
MG,MG-U,U,Toliara,Toliara,,alpha,1,False,True,True
MH,MH-ALK,ALK,Ailuk Atoll,,,alpha,3,False,False,True
MH,MH-ALL,ALL,Ailinglaplap Atoll,,,alpha,3,False,False,True
MH,MH-ARN,ARN,Arno Atoll,,,alpha,3,True,False,True
MH,MH-AUR,AUR,Aur Atoll,,,alpha,3,True,False,True
MH,MH-EBO,EBO,Ebon Atoll,,,alpha,3,True,False,True
MH,MH-ENI,ENI,Enewetak Atoll,,,alpha,3,False,False,True
MH,MH-JAB,JAB,Jabat Island,,,alpha,3,True,False,True
MH,MH-JAL,JAL,Jaluit Atoll,,,alpha,3,True,False,True
MH,MH-KIL,KIL,Kili Island,,,alpha,3,True,False,True
MH,MH-KWA,KWA,Kwajalein,Kwajalein,,alpha,3,True,True,True
MH,MH-L,L,Ralik Chain,,,alpha,1,False,False,True
MH,MH-LAE,LAE,Lae Atoll,,,alpha,3,True,False,True
MH,MH-LIB,LIB,Lib Island,,,alpha,3,True,False,True
MH,MH-LIK,LIK,Likiep Atoll,,,alpha,3,True,False,True
MH,MH-MAJ,MAJ,Majuro,,,alpha,3,True,True,True
MH,MH-MAL,MAL,Maloelap Atoll,,,alpha,3,True,False,True
MH,MH-MEJ,MEJ,Mejit Island,,,alpha,3,True,False,True
MH,MH-MIL,MIL,Mili Atoll,Mili,,alpha,3,True,False,True
MH,MH-NMK,NMK,Namdrik Atoll,,,alpha,3,False,False,True
MH,MH-NMU,NMU,Namu Atoll,,,alpha,3,False,False,True
MH,MH-RON,RON,Rongelap Atoll,,,alpha,3,True,False,True
MH,MH-T,T,Ratak Chain,,,alpha,1,False,False,True
MH,MH-UJA,UJA,Ujae Atoll,,,alpha,3,True,False,True
MH,MH-UTI,UTI,Utirik Atoll,,,alpha,3,True,False,True
MH,MH-WTH,WTH,Wotho Atoll,,,alpha,3,False,False,True
MH,MH-WTJ,WTJ,Wotje Atoll,,,alpha,3,False,False,True
MK,MK-101,101,Veles,Велес,,numeric,3,False,True,True
MK,MK-102,102,Gradsko Municipality,,,numeric,3,False,False,True
MK,MK-103,103,Demir Kapija Municipality,Општина Демир Капија,,numeric,3,False,False,True
MK,MK-104,104,Kavadarci,,,numeric,3,False,True,True
MK,MK-105,105,Lozovo Municipality,,,numeric,3,False,False,True
MK,MK-106,106,Negotino,Неготино,,numeric,3,False,True,True
MK,MK-107,107,Rosoman,,,numeric,3,False,True,True
MK,MK-108,108,Sveti Nikole,,,numeric,3,False,True,True
MK,MK-109,109,Caska,,,numeric,3,False,True,True
MK,MK-15,15,Vraneštica Municipality,,,numeric,2,False,False,True
MK,MK-201,201,Berovo,,,numeric,3,False,True,True
MK,MK-202,202,Vinica,,,numeric,3,False,True,True
MK,MK-203,203,Delcevo,Делчево,,numeric,3,False,True,True
MK,MK-204,204,Zrnovci Municipality,,,numeric,3,False,False,True
MK,MK-205,205,Karbinci,,,numeric,3,False,True,True
MK,MK-206,206,Kocani,,,numeric,3,False,True,True
MK,MK-207,207,Makedonska Kamenica,,,numeric,3,False,True,True
MK,MK-208,208,Pehcevo,,,numeric,3,False,True,True
MK,MK-209,209,Probistip,,,numeric,3,False,True,True
MK,MK-210,210,Cesinovo-Oblesevo,,,numeric,3,False,True,True
MK,MK-211,211,Stip,,,numeric,3,False,True,True
MK,MK-28,28,Drugovo Municipality,,,numeric,2,False,False,True
MK,MK-301,301,Vevčani Municipality,,,numeric,3,False,False,True
MK,MK-303,303,Debar,Дебар,,numeric,3,False,True,True
MK,MK-304,304,Debarca Municipality,,,numeric,3,False,False,True
MK,MK-307,307,Kicevo,,,numeric,3,False,True,True
MK,MK-308,308,Makedonski Brod Municipality,,,numeric,3,False,False,True
MK,MK-31,31,Zajas Municipality,,,numeric,2,False,False,True
MK,MK-310,310,Ohrid,Општина Охрид,,numeric,3,False,True,True
MK,MK-311,311,Plasnica,,,numeric,3,False,True,True
MK,MK-312,312,Struga,,,numeric,3,False,True,True
MK,MK-313,313,Centar Zupa,Општина Центар-Жупа,,numeric,3,False,True,True
MK,MK-401,401,Bogdanci,,,numeric,3,False,True,True
MK,MK-402,402,Bosilovo,,,numeric,3,False,True,True
MK,MK-403,403,Valandovo,,,numeric,3,False,True,True
MK,MK-404,404,Vasilevo,,,numeric,3,False,True,True
MK,MK-405,405,Gevgelija,Гевгелија,,numeric,3,False,True,True
MK,MK-406,406,Dojran,Општина Дојран,,numeric,3,False,True,True
MK,MK-407,407,Konče Municipality,,,numeric,3,False,False,True
MK,MK-408,408,Novo Selo,,,numeric,3,False,True,True
MK,MK-409,409,Radovis,,,numeric,3,False,True,True
MK,MK-410,410,Strumica,Струмица,,numeric,3,False,True,True
MK,MK-47,47,Kumanovo,Куманово,MK-703,numeric,2,False,False,True
MK,MK-501,501,Bitola,Битола,,numeric,3,False,True,True
MK,MK-502,502,Demir Hisar Municipality,Општина Демир Хисар,,numeric,3,False,False,True
MK,MK-503,503,Dolneni,Долнени,,numeric,3,False,True,True
MK,MK-504,504,Krivogastani,,,numeric,3,False,True,True
MK,MK-505,505,Krusevo,,,numeric,3,False,True,True
MK,MK-506,506,Mogila,Општина Могила,,numeric,3,False,True,True
MK,MK-507,507,Novaci Municipality,,,numeric,3,False,False,True
MK,MK-508,508,Prilep,Прилеп,,numeric,3,False,True,True
MK,MK-509,509,Resen,,,numeric,3,False,True,True
MK,MK-57,57,Oslomej Municipality,Општина Осломей,,numeric,2,False,False,True
MK,MK-601,601,Bogovinje,,,numeric,3,False,True,True
MK,MK-602,602,Brvenica,Брвеница,,numeric,3,False,True,True
MK,MK-603,603,Vrapciste,,,numeric,3,False,True,True
MK,MK-604,604,Gostivar,,,numeric,3,False,True,True
MK,MK-605,605,Zelino,,,numeric,3,False,True,True
MK,MK-606,606,Jegunovce,,,numeric,3,False,True,True
MK,MK-607,607,Mavrovo i Rostusa,,,numeric,3,False,True,True
MK,MK-608,608,Tearce,,,numeric,3,False,True,True
MK,MK-609,609,Tetovo,Тетово,,numeric,3,False,True,True
MK,MK-701,701,Kratovo,Кратово,,numeric,3,False,True,True
MK,MK-702,702,Kriva Palanka,Крива Паланка,,numeric,3,False,True,True
MK,MK-703,703,Kumanovo,Куманово,,numeric,3,False,True,True
MK,MK-704,704,Lipkovo,,,numeric,3,False,True,True
MK,MK-705,705,Rankovce,,,numeric,3,False,True,True
MK,MK-706,706,Staro Nagoričane Municipality,,,numeric,3,False,False,True
MK,MK-801,801,Aerodrom Municipality,,MK-85,numeric,3,False,False,True
MK,MK-802,802,Aracinovo,Општина Арачиново,,numeric,3,False,True,True
MK,MK-803,803,Butel Municipality,,MK-85,numeric,3,False,False,True
MK,MK-804,804,Gazi Baba Municipality,Општина Гази Баба,MK-85,numeric,3,False,False,True
MK,MK-805,805,Ǵorče Petrov Municipality,,MK-85,numeric,3,False,False,True
MK,MK-806,806,Zelenikovo,,,numeric,3,False,True,True
MK,MK-807,807,Ilinden,Илинден,,numeric,3,False,True,True
MK,MK-808,808,Karpoš Municipality,,MK-85,numeric,3,False,False,True
MK,MK-809,809,Kisela Voda Municipality,Кисела Вода,MK-85,numeric,3,False,False,True
MK,MK-810,810,Petrovec,,,numeric,3,False,True,True
MK,MK-811,811,Saraj Municipality,,MK-85,numeric,3,False,False,True
MK,MK-812,812,Sopiste,,,numeric,3,False,True,True
MK,MK-813,813,Studenicani,,,numeric,3,False,True,True
MK,MK-814,814,Centar Municipality,,MK-85,numeric,3,False,False,True
MK,MK-815,815,Čair Municipality,Општина Чаир,MK-85,numeric,3,False,False,True
MK,MK-816,816,Čučer-Sandevo Municipality,,,numeric,3,False,False,True
MK,MK-817,817,Šuto Orizari Municipality,,MK-85,numeric,3,False,False,True
MK,MK-85,85,City of Skopje,,,numeric,2,False,False,True
ML,ML-1,1,Kayes,,,numeric,1,False,True,True
ML,ML-10,10,Taoudénit Region,استان توئودنیت,,numeric,2,False,False,True
ML,ML-11,11,Nioro Region,,,numeric,2,False,False,True
ML,ML-12,12,Kita Region,,,numeric,2,False,False,True
ML,ML-13,13,Dioila Region,,,numeric,2,False,False,True
ML,ML-14,14,Nara Region,,,numeric,2,False,False,True
ML,ML-15,15,Bougouni Region,,,numeric,2,False,False,True
ML,ML-16,16,Koutiala Region,,,numeric,2,False,False,True
ML,ML-17,17,San Region,,,numeric,2,False,False,True
ML,ML-18,18,Douentza Region,,,numeric,2,False,False,True
ML,ML-19,19,Bandiagara Region,,,numeric,2,False,False,True
ML,ML-2,2,Koulikoro,,,numeric,1,False,True,True
ML,ML-3,3,Sikasso,Sikasso,,numeric,1,False,True,True
ML,ML-4,4,Segou,Ségou,,numeric,1,False,True,True
ML,ML-5,5,Mopti,Mopti,,numeric,1,False,True,True
ML,ML-6,6,Tombouctou,Tombouctou,,numeric,1,False,True,True
ML,ML-7,7,Gao,Gao,,numeric,1,False,True,True
ML,ML-8,8,Kidal,Kidal,,numeric,1,False,True,True
ML,ML-9,9,Ménaka Region,,,numeric,1,False,False,True
ML,ML-BKO,BKO,Bamako,𞤄𞤢𞤥𞤢𞤳𞤮,,alpha,3,False,True,True
MM,MM-01,01,Sagaing,,,numeric,2,False,True,True
MM,MM-02,02,Bago,,,numeric,2,False,True,True
MM,MM-03,03,Magway,,,numeric,2,False,True,True
MM,MM-04,04,Mandalay,,,numeric,2,False,True,True
MM,MM-05,05,Tanintharyi,,,numeric,2,False,True,True
MM,MM-06,06,Yangon,,,numeric,2,False,True,True
MM,MM-07,07,Ayeyarwady,,,numeric,2,False,True,True
MM,MM-11,11,Kachin,,,numeric,2,False,True,True
MM,MM-12,12,Kayah,,,numeric,2,False,True,True
MM,MM-13,13,Kayin,,,numeric,2,False,True,True
MM,MM-14,14,Chin State,,,numeric,2,False,False,True
MM,MM-15,15,Mon,မွန်ပြည်နယ်,,numeric,2,False,True,True
MM,MM-16,16,Rakhine,ရခိုင်ပြည်နယ်,,numeric,2,False,True,True
MM,MM-17,17,Shan,မိူင်းတႆး,,numeric,2,False,True,True
MM,MM-18,18,Nay Pyi Taw,,,numeric,2,False,True,True
MN,MN-035,035,Orhon,ᠣᠷᠬᠣᠨ ᠠᠶᠢᠮᠠᠭ,,numeric,3,False,True,True
MN,MN-037,037,Darhan uul,ᠳᠠᠷᠬᠠᠨ ᠠᠭᠤᠯᠠ ᠠᠶᠢᠮᠠᠭ,,numeric,3,False,True,True
MN,MN-039,039,Khentii Province,ᠬᠡᠨᠲᠡᠢ ᠠᠶᠢᠮᠠᠭ,,numeric,3,False,False,True
MN,MN-041,041,Khövsgöl Province,ᠬᠥᠪᠰᠦᠭᠦᠯ ᠠᠶᠢᠮᠠᠭ,,numeric,3,False,False,True
MN,MN-043,043,Khovd Province,ᠬᠣᠪᠳᠤ ᠠᠶᠢᠮᠠᠭ,,numeric,3,False,False,True
MN,MN-046,046,Uvs Province,ᠤᠪᠰᠤ ᠠᠶᠢᠮᠠᠭ,,numeric,3,False,False,True
MN,MN-047,047,Tov,ᠲᠥᠪ ᠠᠶᠢᠮᠠᠭ,,numeric,3,False,True,True
MN,MN-049,049,Selenge,ᠰᠡᠯᠡᠩᠭ ᠡᠠᠶᠢᠮᠠᠭ,,numeric,3,False,True,True
MN,MN-051,051,Sükhbaatar Province,ᠰᠦᠬᠡᠪᠠᠭᠠᠲᠤᠷ ᠠᠶᠢᠮᠠᠭ,,numeric,3,False,False,True
MN,MN-053,053,Omnogovi,ᠡᠮᠦᠨᠡᠭᠣᠪᠢ ᠠᠶᠢᠮᠠᠭ,,numeric,3,False,True,True
MN,MN-055,055,Ovorhangay,ᠥᠪᠦᠷᠬᠠᠩᠭ᠋ᠠᠢ ᠠᠶᠢᠮᠠᠭ,,numeric,3,False,True,True
MN,MN-057,057,Zavkhan Province,ᠵᠠᠪᠬᠠᠨ ᠠᠶᠢᠮᠠᠭ,,numeric,3,False,False,True
MN,MN-059,059,Dundgovi Province,ᠳᠤᠮᠳᠠᠭᠣᠪᠢ ᠠᠶᠢᠮᠠᠭ,,numeric,3,False,False,True
MN,MN-061,061,Dornod Province,ᠳᠣᠷᠤᠨᠠᠳᠤ ᠠᠶᠢᠮᠠᠭ,,numeric,3,False,False,True
MN,MN-063,063,Dornogovi,ᠳᠣᠷᠤᠨᠠᠭᠣᠪᠢ ᠠᠶᠢᠮᠠᠭ,,numeric,3,False,True,True
MN,MN-064,064,Govisümber Province,ᠭᠣᠪᠢᠰᠦᠮᠪᠦᠷ ᠠᠶᠢᠮᠠᠭ,,numeric,3,False,False,True
MN,MN-065,065,Govi-Altay,ᠭᠣᠪᠢ ᠠᠯᠲᠠᠢ ᠠᠶᠢᠮᠠᠭ,,numeric,3,False,True,True
MN,MN-067,067,Bulgan Province,ᠪᠤᠯᠠᠭᠠᠨ ᠠᠶᠢᠮᠠᠭ,,numeric,3,False,False,True
MN,MN-069,069,Bayankhongor Province,ᠪᠠᠶᠠᠨᠬᠣᠩᠭᠣᠷ ᠠᠶᠢᠮᠠᠭ,,numeric,3,False,False,True
MN,MN-071,071,Bayan-Olgiy,ᠪᠠᠶ᠋ᠠᠨ ᠥᠯᠦᠭᠡᠢ ᠠᠶᠢᠮᠠᠭ,,numeric,3,False,True,True
MN,MN-073,073,Arkhangai Province,ᠠᠷᠤᠬᠠᠩᠭᠠᠢ ᠠᠶᠢᠮᠠᠭ,,numeric,3,False,False,True
MN,MN-1,1,Ulaanbaatar,ᠤᠯᠠᠭᠠᠨᠪᠠᠭᠠᠲᠤᠷ,,numeric,1,False,True,True
MR,MR-01,01,Hodh Ech Chargui,,,numeric,2,False,False,True
MR,MR-02,02,Hodh El Gharbi,,,numeric,2,False,False,True
MR,MR-03,03,Assaba,,,numeric,2,False,False,True
MR,MR-04,04,Gorgol,,,numeric,2,False,True,True
MR,MR-05,05,Brakna,,,numeric,2,False,False,True
MR,MR-06,06,Trarza,,,numeric,2,False,True,True
MR,MR-07,07,Adrar,,,numeric,2,False,False,True
MR,MR-08,08,Dakhlet Nouadhibou,,,numeric,2,False,True,True
MR,MR-09,09,Tagant,,,numeric,2,False,False,True
MR,MR-10,10,Guidimaka,,,numeric,2,False,True,True
MR,MR-11,11,Tiris Zemmour,,,numeric,2,False,True,True
MR,MR-12,12,Inchiri,,,numeric,2,False,True,True
MR,MR-13,13,Nouakchott West,,,numeric,2,False,False,True
MR,MR-14,14,Nouakchott-Nord,نواكشوط الشمالية,,numeric,2,False,False,True
MR,MR-15,15,Nouakchott South,نواكشوط الجنوبية,,numeric,2,False,False,True
MR,MR-NKC,NKC,Nouakchott,نواكشوط,MR-15,alpha,3,False,False,True
MT,MT-01,01,Attard,Ħ'Attard,,numeric,2,False,True,True
MT,MT-02,02,Balzan,Balzan,,numeric,2,False,True,True
MT,MT-03,03,Birgu,Birgu,,numeric,2,False,True,True
MT,MT-04,04,Birkirkara,Birkirkara,,numeric,2,False,True,True
MT,MT-05,05,Birzebbuga,Birżebbuġa,,numeric,2,False,True,True
MT,MT-06,06,Bormla,Bormla,,numeric,2,False,True,True
MT,MT-07,07,Dingli,,,numeric,2,False,True,True
MT,MT-08,08,Fgura,,,numeric,2,False,True,True
MT,MT-09,09,Floriana,Il-Furjana,,numeric,2,False,True,True
MT,MT-10,10,Fontana,,,numeric,2,False,True,True
MT,MT-11,11,Gudja,,,numeric,2,False,True,True
MT,MT-12,12,Gzira,,,numeric,2,False,True,True
MT,MT-13,13,Għajnsielem,Għajnsielem,,numeric,2,False,False,True
MT,MT-14,14,Gharb,Għarb,,numeric,2,False,True,True
MT,MT-15,15,Gharghur,,,numeric,2,False,True,True
MT,MT-16,16,Ghasri,Għasri,,numeric,2,False,True,True
MT,MT-17,17,Ghaxaq,Għaxaq,,numeric,2,False,True,True
MT,MT-18,18,Hamrun,,,numeric,2,False,True,True
MT,MT-19,19,Iklin,,,numeric,2,False,True,True
MT,MT-20,20,Isla,,,numeric,2,False,True,True
MT,MT-21,21,Kalkara,,,numeric,2,False,True,True
MT,MT-22,22,Kercem,Ta' Kerċem,,numeric,2,False,True,True
MT,MT-23,23,Kirkop,,,numeric,2,False,True,True
MT,MT-24,24,Lija,,,numeric,2,False,True,True
MT,MT-25,25,Luqa,,,numeric,2,False,True,True
MT,MT-26,26,Marsa,MarsaIl-Kunsill Lokali tal-Marsa,,numeric,2,False,True,True
MT,MT-27,27,Marsaskala,,,numeric,2,False,True,True
MT,MT-28,28,Marsaxlokk,,,numeric,2,False,True,True
MT,MT-29,29,Mdina,L-Imdina,,numeric,2,False,True,True
MT,MT-30,30,Mellieha,,,numeric,2,False,True,True
MT,MT-31,31,Mgarr,,,numeric,2,False,True,True
MT,MT-32,32,Mosta,,,numeric,2,False,True,True
MT,MT-33,33,Mqabba,,,numeric,2,False,True,True
MT,MT-34,34,Msida,,,numeric,2,False,True,True
MT,MT-35,35,Mtarfa,,,numeric,2,False,True,True
MT,MT-36,36,Munxar,,,numeric,2,False,True,True
MT,MT-37,37,Nadur,,,numeric,2,False,True,True
MT,MT-38,38,Naxxar,,,numeric,2,False,True,True
MT,MT-39,39,Paola,,,numeric,2,False,True,True
MT,MT-40,40,Pembroke,,,numeric,2,False,True,True
MT,MT-41,41,Pieta,,,numeric,2,False,True,True
MT,MT-42,42,Qala,,,numeric,2,False,True,True
MT,MT-43,43,Qormi,Ħal Qormi,,numeric,2,False,True,True
MT,MT-44,44,Qrendi,,,numeric,2,False,False,True
MT,MT-45,45,Rabat Gozo,Rabat,,numeric,2,False,True,True
MT,MT-46,46,Rabat Malta,,,numeric,2,False,True,True
MT,MT-47,47,Safi,,,numeric,2,False,False,True
MT,MT-48,48,Saint Julian's,San Ġiljan,,numeric,2,False,True,True
MT,MT-49,49,Saint John,,,numeric,2,False,True,True
MT,MT-50,50,San Lawrenz,,,numeric,2,False,False,True
MT,MT-51,51,Saint Paul's Bay,San Pawl il-Baħar,,numeric,2,False,True,True
MT,MT-52,52,Sannat,,,numeric,2,False,True,True
MT,MT-53,53,Saint Lucia's,,,numeric,2,False,True,True
MT,MT-54,54,Santa Venera,,,numeric,2,False,True,True
MT,MT-55,55,Siggiewi,,,numeric,2,False,True,True
MT,MT-56,56,Sliema,Tas-Sliema,,numeric,2,False,True,True
MT,MT-57,57,Swieqi,,,numeric,2,False,True,True
MT,MT-58,58,Ta' Xbiex,,,numeric,2,False,True,True
MT,MT-59,59,Tarxien,,,numeric,2,False,True,True
MT,MT-60,60,Valletta,Belt Valletta,,numeric,2,False,True,True
MT,MT-61,61,Xaghra,Ix-Xagħra,,numeric,2,False,True,True
MT,MT-62,62,Xewkija,,,numeric,2,False,True,True
MT,MT-63,63,Xghajra,,,numeric,2,False,True,True
MT,MT-64,64,Zabbar,,,numeric,2,False,True,True
MT,MT-65,65,Zebbug Gozo,,,numeric,2,False,True,True
MT,MT-66,66,Żebbuġ,Żebbuġ,,numeric,2,False,False,True
MT,MT-67,67,Zejtun,Żejtun,,numeric,2,False,True,True
MT,MT-68,68,Zurrieq,Żurrieq,,numeric,2,False,True,True
MU,MU-AG,AG,Agaléga,,,alpha,2,True,False,True
MU,MU-BL,BL,Black River,,,alpha,2,True,True,True
MU,MU-CC,CC,Cagados Carajos,,,alpha,2,True,False,True
MU,MU-FL,FL,Flacq,Flacq,,alpha,2,True,True,True
MU,MU-GP,GP,Grand Port,,,alpha,2,True,True,True
MU,MU-MO,MO,Moka,,,alpha,2,True,True,True
MU,MU-PA,PA,Pamplemousses,,,alpha,2,True,True,True
MU,MU-PL,PL,Port Louis,,,alpha,2,True,True,True
MU,MU-PW,PW,Plaines Wilhems,,,alpha,2,True,True,True
MU,MU-RO,RO,Rodrigues Islands,Rodrigues Island,,alpha,2,True,True,True
MU,MU-RR,RR,Riviere du Rempart,,,alpha,2,False,True,True
MU,MU-SA,SA,Savanne,Savanne,,alpha,2,True,True,True
MV,MV-00,00,Alif Dhaal Atoll,,,numeric,2,False,False,True
MV,MV-01,01,Addu Atoll,,,numeric,2,False,False,True
MV,MV-02,02,Alif Alif Atoll,އއ,,numeric,2,False,False,True
MV,MV-03,03,Lhaviyani Atoll,,,numeric,2,False,False,True
MV,MV-04,04,Vaavu Atoll,,,numeric,2,False,False,True
MV,MV-05,05,Laamu Atoll,,,numeric,2,False,False,True
MV,MV-07,07,Haa Alif Atoll,,,numeric,2,False,False,True
MV,MV-08,08,Thaa Atoll,,,numeric,2,False,False,True
MV,MV-12,12,Meemu Atoll,,,numeric,2,False,False,True
MV,MV-13,13,Raa Atoll,މާޅޮސްމަޑުލު އުތުރުބުރި,,numeric,2,False,False,True
MV,MV-14,14,Faafu Atoll,,,numeric,2,False,False,True
MV,MV-17,17,Dhaalu Atoll,,,numeric,2,False,False,True
MV,MV-20,20,Baa Atoll,މާޅޮސްމަޑުލު ދެކުނުބުރި,,numeric,2,False,False,True
MV,MV-23,23,Haa Dhaalu Atoll,,,numeric,2,False,False,True
MV,MV-24,24,Shaviyani Atoll,,,numeric,2,False,False,True
MV,MV-25,25,Noonu Atoll,,,numeric,2,False,False,True
MV,MV-26,26,Kaafu Atoll,,,numeric,2,False,False,True
MV,MV-27,27,Gaafu Alif Atoll,,,numeric,2,False,False,True
MV,MV-28,28,Gaafu Dhaalu Atoll,,,numeric,2,False,False,True
MV,MV-29,29,Gnaviyani Atoll,,,numeric,2,False,False,True
MV,MV-CE,CE,Central Province,,,alpha,2,True,False,True
MV,MV-MLE,MLE,Malé,މާލެ,MV-26,alpha,3,False,False,True
MV,MV-NC,NC,North Central Province,,,alpha,2,True,False,True
MV,MV-NO,NO,North Province,,,alpha,2,True,False,True
MV,MV-SC,SC,South Central Province,,,alpha,2,True,False,True
MV,MV-SU,SU,South Province,,,alpha,2,False,False,True
MV,MV-UN,UN,Upper North Province,,,alpha,2,True,False,True
MV,MV-US,US,Upper South Province,,,alpha,2,True,False,True
MW,MW-BA,BA,Balaka,,MW-S,alpha,2,True,True,True
MW,MW-BL,BL,Blantyre,,MW-S,alpha,2,True,True,True
MW,MW-C,C,Central Region,Central Region,,alpha,1,True,False,True
MW,MW-CK,CK,Chikwawa District,,MW-S,alpha,2,False,False,True
MW,MW-CR,CR,Chiradzulu District,Chiradzulu District,MW-S,alpha,2,False,False,True
MW,MW-CT,CT,Chitipa district,,MW-N,alpha,2,False,False,True
MW,MW-DE,DE,Dedza,,MW-C,alpha,2,True,True,True
MW,MW-DO,DO,Dowa,,MW-C,alpha,2,True,True,True
MW,MW-KR,KR,Karonga,Karonga,MW-N,alpha,2,False,True,True
MW,MW-KS,KS,Kasungu District,,MW-C,alpha,2,False,False,True
MW,MW-LI,LI,Lilongwe,,MW-C,alpha,2,True,True,True
MW,MW-LK,LK,Likoma District,,MW-N,alpha,2,False,False,True
MW,MW-MC,MC,Mchinji District,,MW-C,alpha,2,True,False,True
MW,MW-MG,MG,Mangochi,Mangochi,MW-S,alpha,2,False,True,True
MW,MW-MH,MH,Machinga,,MW-S,alpha,2,False,True,True
MW,MW-MU,MU,Mulanje District,Mulanje,MW-S,alpha,2,True,False,True
MW,MW-MW,MW,Mwanza District,,MW-S,alpha,2,True,False,True
MW,MW-MZ,MZ,Mzimba,,MW-N,alpha,2,True,True,True
MW,MW-N,N,Northern Region,Northern Region,,alpha,1,True,False,True
MW,MW-NB,NB,Nkhata Bay District,Nkhata Bay,MW-N,alpha,2,True,False,True
MW,MW-NE,NE,Neno District,,MW-S,alpha,2,True,False,True
MW,MW-NI,NI,Ntchisi,Ntchisi,MW-C,alpha,2,False,True,True
MW,MW-NK,NK,Nkhotakota,Nkhotakota,MW-C,alpha,2,True,True,True
MW,MW-NS,NS,Nsanje District,Nsanje,MW-S,alpha,2,True,False,True
MW,MW-NU,NU,Ntcheu District,Ntcheu,MW-C,alpha,2,False,False,True
MW,MW-PH,PH,Phalombe District,,MW-S,alpha,2,True,False,True
MW,MW-RU,RU,Rumphi District,Rumphi,MW-N,alpha,2,True,False,True
MW,MW-S,S,Southern Region,Southern Region,,alpha,1,True,False,True
MW,MW-SA,SA,Salima,,MW-C,alpha,2,True,True,True
MW,MW-TH,TH,Thyolo District,,MW-S,alpha,2,True,False,True
MW,MW-ZO,ZO,Zomba,,MW-S,alpha,2,True,True,True
MX,MX-AGU,AGU,Aguascalientes,Aguascalientes,,alpha,3,True,True,True
MX,MX-BCN,BCN,Baja California,Baja California,,alpha,3,False,True,True
MX,MX-BCS,BCS,Baja California Sur,Baja California Sur,,alpha,3,True,True,True
MX,MX-CAM,CAM,Campeche,Campeche,,alpha,3,True,True,True
MX,MX-CHH,CHH,Chihuahua,Chihuahua,,alpha,3,False,True,True
MX,MX-CHP,CHP,Chiapas,Chiapas,,alpha,3,False,True,True
MX,MX-CMX,CMX,Ciudad de Mexico,Ciudad de México,,alpha,3,False,True,True
MX,MX-COA,COA,Coahuila de Zaragoza,Coahuila de Zaragoza,,alpha,3,True,True,True
MX,MX-COL,COL,Colima,Colima,,alpha,3,True,True,True
MX,MX-DUR,DUR,Durango,Durango,,alpha,3,True,True,True
MX,MX-GRO,GRO,Guerrero,Guerrero,,alpha,3,False,True,True
MX,MX-GUA,GUA,Guanajuato,Guanajuato,,alpha,3,True,True,True
MX,MX-HID,HID,Hidalgo,Hidalgo,,alpha,3,True,True,True
MX,MX-JAL,JAL,Jalisco,Jalisco,,alpha,3,True,True,True
MX,MX-MEX,MEX,Mexico,Estado de México,,alpha,3,True,True,True
MX,MX-MIC,MIC,Michoacan de Ocampo,,,alpha,3,True,True,True
MX,MX-MOR,MOR,Morelos,Morelos,,alpha,3,True,True,True
MX,MX-NAY,NAY,Nayarit,,,alpha,3,True,True,True
MX,MX-NLE,NLE,Nuevo Leon,Nuevo León,,alpha,3,True,True,True
MX,MX-OAX,OAX,Oaxaca,Oaxaca,,alpha,3,True,True,True
MX,MX-PUE,PUE,Puebla,Puebla,,alpha,3,True,True,True
MX,MX-QUE,QUE,Queretaro,Querétaro,,alpha,3,True,True,True
MX,MX-ROO,ROO,Quintana Roo,Quintana Roo,,alpha,3,False,True,True
MX,MX-SIN,SIN,Sinaloa,Sinaloa,,alpha,3,True,True,True
MX,MX-SLP,SLP,San Luis Potosi,San Luis Potosí,,alpha,3,True,True,True
MX,MX-SON,SON,Sonora,Sonora,,alpha,3,True,True,True
MX,MX-TAB,TAB,Tabasco,Tabasco,,alpha,3,True,True,True
MX,MX-TAM,TAM,Tamaulipas,Tamaulipas,,alpha,3,True,True,True
MX,MX-TLA,TLA,Tlaxcala,Tlaxcala,,alpha,3,True,True,True
MX,MX-VER,VER,Veracruz de Ignacio de la Llave,,,alpha,3,True,True,True
MX,MX-YUC,YUC,Yucatan,Yucatán,,alpha,3,True,True,True
MX,MX-ZAC,ZAC,Zacatecas,Zacatecas,,alpha,3,True,True,True
MY,MY-01,01,Johor,Johor / جوهور,,numeric,2,False,True,True
MY,MY-02,02,Kedah,,,numeric,2,False,True,True
MY,MY-03,03,Kelantan,,,numeric,2,False,True,True
MY,MY-04,04,Melaka,,,numeric,2,False,True,True
MY,MY-05,05,Negeri Sembilan,,,numeric,2,False,True,True
MY,MY-06,06,Pahang,,,numeric,2,False,True,True
MY,MY-07,07,Pulau Pinang,槟城,,numeric,2,False,True,True
MY,MY-08,08,Perak,,,numeric,2,False,True,True
MY,MY-09,09,Perlis,,,numeric,2,False,True,True
MY,MY-10,10,Selangor,,,numeric,2,False,True,True
MY,MY-11,11,Terengganu,,,numeric,2,False,True,True
MY,MY-12,12,Sabah,,,numeric,2,False,True,True
MY,MY-13,13,Sarawak,Sarawak,,numeric,2,False,True,True
MY,MY-14,14,Wilayah Persekutuan Kuala Lumpur,,,numeric,2,False,True,True
MY,MY-15,15,Wilayah Persekutuan Labuan,ولايه ڤرسکوتوان لابوان,,numeric,2,False,True,True
MY,MY-16,16,Wilayah Persekutuan Putrajaya,,,numeric,2,False,True,True
MZ,MZ-A,A,Niassa,,,alpha,1,False,True,True
MZ,MZ-B,B,Manica,,,alpha,1,False,True,True
MZ,MZ-G,G,Gaza,Gaza,,alpha,1,True,True,True
MZ,MZ-I,I,Inhambane,,,alpha,1,True,True,True
MZ,MZ-L,L,Maputo,,,alpha,1,False,True,True
MZ,MZ-MPM,MPM,Maputo,Maputo,,alpha,3,False,False,True
MZ,MZ-N,N,Nampula,,,alpha,1,True,True,True
MZ,MZ-P,P,Cabo Delgado,,,alpha,1,False,True,True
MZ,MZ-Q,Q,Zambezia,,,alpha,1,False,True,True
MZ,MZ-S,S,Sofala,,,alpha,1,True,True,True
MZ,MZ-T,T,Tete,,,alpha,1,True,True,True
NA,NA-CA,CA,Zambezi,Zambezi Region,,alpha,2,False,True,True
NA,NA-ER,ER,Erongo,,,alpha,2,True,True,True
NA,NA-HA,HA,Hardap,,,alpha,2,True,True,True
NA,NA-KA,KA,Karas,,,alpha,2,True,True,True
NA,NA-KE,KE,Kavango East,,,alpha,2,True,True,True
NA,NA-KH,KH,Khomas,,,alpha,2,True,True,True
NA,NA-KU,KU,Kunene,Kunene Region,,alpha,2,True,True,True
NA,NA-KW,KW,Kavango West Region,,,alpha,2,True,False,True
NA,NA-OD,OD,Otjozondjupa,,,alpha,2,False,True,True
NA,NA-OH,OH,Omaheke,,,alpha,2,False,True,True
NA,NA-OK,OK,Kavango Region,,,alpha,2,False,False,True
NA,NA-ON,ON,Oshana,,,alpha,2,False,True,True
NA,NA-OS,OS,Omusati,,,alpha,2,False,True,True
NA,NA-OT,OT,Oshikoto,,,alpha,2,False,True,True
NA,NA-OW,OW,Ohangwena,,,alpha,2,False,True,True
NE,NE-1,1,Agadez,,,numeric,1,False,True,True
NE,NE-2,2,Diffa Region,,,numeric,1,False,False,True
NE,NE-3,3,Dosso,,,numeric,1,False,True,True
NE,NE-4,4,Maradi,Maradi,,numeric,1,False,True,True
NE,NE-5,5,Tahoua,Tahoua,,numeric,1,False,True,True
NE,NE-6,6,Tillabéri Region,Tillabéri,,numeric,1,False,False,True
NE,NE-7,7,Zinder,Zinder,,numeric,1,False,True,True
NE,NE-8,8,Niamey,ⵏⵉⴰⵎⵢ,,numeric,1,False,True,True
NG,NG-AB,AB,Abia,Abia,,alpha,2,True,True,True
NG,NG-AD,AD,Adamawa,Adamawa State,,alpha,2,True,True,True
NG,NG-AK,AK,Akwa Ibom,,,alpha,2,True,True,True
NG,NG-AN,AN,Anambra,,,alpha,2,True,True,True
NG,NG-BA,BA,Bauchi,,,alpha,2,True,True,True
NG,NG-BE,BE,Benue,,,alpha,2,True,True,True
NG,NG-BO,BO,Borno,Borno State,,alpha,2,True,True,True
NG,NG-BY,BY,Bayelsa,Bayelsa State,,alpha,2,False,True,True
NG,NG-CR,CR,Cross River,Cross River State,,alpha,2,True,True,True
NG,NG-DE,DE,Delta,Delta State,,alpha,2,True,True,True
NG,NG-EB,EB,Ebonyi,,,alpha,2,True,True,True
NG,NG-ED,ED,Edo,,,alpha,2,True,True,True
NG,NG-EK,EK,Ekiti,,,alpha,2,True,True,True
NG,NG-EN,EN,Enugu,,,alpha,2,True,True,True
NG,NG-FC,FC,Abuja Federal Capital Territory,,,alpha,2,False,True,True
NG,NG-GO,GO,Gombe,,,alpha,2,True,True,True
NG,NG-IM,IM,Imo,,,alpha,2,True,True,True
NG,NG-JI,JI,Jigawa,,,alpha,2,True,True,True
NG,NG-KD,KD,Kaduna,Kaduna State,,alpha,2,False,True,True
NG,NG-KE,KE,Kebbi,,,alpha,2,True,True,True
NG,NG-KN,KN,Kano,,,alpha,2,False,True,True
NG,NG-KO,KO,Kogi,Kogi,,alpha,2,True,True,True
NG,NG-KT,KT,Katsina,Katsina State,,alpha,2,False,True,True
NG,NG-KW,KW,Kwara,Kwara,,alpha,2,True,True,True
NG,NG-LA,LA,Lagos,Ìpínlẹ̀ Èkó,,alpha,2,True,True,True
NG,NG-NA,NA,Nasarawa,,,alpha,2,True,True,True
NG,NG-NI,NI,Niger,Niger,,alpha,2,True,True,True
NG,NG-OG,OG,Ogun,,,alpha,2,True,True,True
NG,NG-ON,ON,Ondo,,,alpha,2,True,True,True
NG,NG-OS,OS,Osun,,,alpha,2,True,True,True
NG,NG-OY,OY,Oyo,,,alpha,2,True,True,True
NG,NG-PL,PL,Plateau,,,alpha,2,True,True,True
NG,NG-RI,RI,Rivers,,,alpha,2,True,True,True
NG,NG-SO,SO,Sokoto,,,alpha,2,True,True,True
NG,NG-TA,TA,Taraba,,,alpha,2,True,True,True
NG,NG-YO,YO,Yobe,,,alpha,2,True,True,True
NG,NG-ZA,ZA,Zamfara,Zamfara State,,alpha,2,True,True,True
NI,NI-AN,AN,Costa Caribe Norte,Región Autónoma de la Costa Caribe Norte,,alpha,2,False,True,True
NI,NI-AS,AS,Costa Caribe Sur,Región Autónoma de la Costa del Caribe Sur,,alpha,2,False,True,True
NI,NI-BO,BO,Boaco,,,alpha,2,True,True,True
NI,NI-CA,CA,Carazo,,,alpha,2,True,True,True
NI,NI-CI,CI,Chinandega,,,alpha,2,False,True,True
NI,NI-CO,CO,Chontales,,,alpha,2,False,True,True
NI,NI-ES,ES,Esteli,,,alpha,2,True,True,True
NI,NI-GR,GR,Granada,Granada,,alpha,2,True,True,True
NI,NI-JI,JI,Jinotega,,,alpha,2,True,True,True
NI,NI-LE,LE,Leon,,,alpha,2,True,True,True
NI,NI-MD,MD,Madriz,,,alpha,2,False,True,True
NI,NI-MN,MN,Managua,,,alpha,2,False,True,True
NI,NI-MS,MS,Masaya,,,alpha,2,False,True,True
NI,NI-MT,MT,Matagalpa,Matagalpa,,alpha,2,False,True,True
NI,NI-NS,NS,Nueva Segovia,,,alpha,2,True,True,True
NI,NI-RI,RI,Rivas,,,alpha,2,True,True,True
NI,NI-SJ,SJ,Rio San Juan,,,alpha,2,False,True,True
NI,NI-ZC,ZC,Zelaya Central Department,,,alpha,2,True,False,True
NI,NI-ZE,ZE,Zelaya Department,,,alpha,2,True,False,True
NL,NL-AW,AW,Aruba,,,alpha,2,False,False,True
NL,NL-BQ1,BQ1,Bonaire,Boneiru,,mixed,3,False,False,True
NL,NL-BQ2,BQ2,Saba,Saba,,mixed,3,False,False,True
NL,NL-CW,CW,Curaçao,Kòrsou,,alpha,2,False,False,True
NL,NL-DR,DR,Drenthe,Drenthe,,alpha,2,True,True,True
NL,NL-FL,FL,Flevoland,Flevoland,,alpha,2,True,True,True
NL,NL-FR,FR,Fryslan,Fryslân,,alpha,2,True,True,True
NL,NL-GE,GE,Gelderland,Gelderland,,alpha,2,True,True,True
NL,NL-GR,GR,Groningen,Grinslân,,alpha,2,True,True,True
NL,NL-LI,LI,Limburg,Nederlands Limburg,,alpha,2,True,True,True
NL,NL-NB,NB,Noord-Brabant,Noord-Brabant,,alpha,2,True,True,True
NL,NL-NH,NH,Noord-Holland,Noord-Holland,,alpha,2,True,True,True
NL,NL-OV,OV,Overijssel,Overijssel,,alpha,2,True,True,True
NL,NL-SX,SX,Sint Maarten,Sint Maarten,,alpha,2,False,False,True
NL,NL-UT,UT,Utrecht,Utrecht,,alpha,2,True,True,True
NL,NL-ZE,ZE,Zeeland,Zeeland,,alpha,2,True,True,True
NL,NL-ZH,ZH,Zuid-Holland,Zuid-Holland,,alpha,2,True,True,True
NO,NO-03,03,Oslo,Oslo,,numeric,2,False,True,True
NO,NO-04,04,Hedmark,,,numeric,2,False,False,True
NO,NO-05,05,Oppland,,,numeric,2,False,False,True
NO,NO-09,09,Aust-Agder,,,numeric,2,False,False,True
NO,NO-10,10,Vest-Agder,,,numeric,2,False,False,True
NO,NO-11,11,Rogaland,,,numeric,2,False,True,True
NO,NO-12,12,Hordaland,,,numeric,2,False,False,True
NO,NO-14,14,Sogn og Fjordane,,,numeric,2,False,False,True
NO,NO-15,15,More og Romsdal,,,numeric,2,False,True,True
NO,NO-16,16,Sør-Trøndelag,,,numeric,2,False,False,True
NO,NO-17,17,Nord-Trøndelag,,,numeric,2,False,False,True
NO,NO-18,18,Nordland,Nordlándda fylka,,numeric,2,False,True,True
NO,NO-21,21,Svalbard,,,numeric,2,False,False,True
NO,NO-22,22,Jan Mayen,,,numeric,2,False,False,True
NO,NO-30,30,Viken,,,numeric,2,False,False,True
NO,NO-31,31,Østfold,Østfold,,numeric,2,False,False,True
NO,NO-32,32,Akershus,,,numeric,2,False,False,True
NO,NO-33,33,Buskerud,,,numeric,2,False,False,True
NO,NO-34,34,Innlandet,,,numeric,2,False,False,True
NO,NO-38,38,Vestfold og Telemark,,,numeric,2,False,False,True
NO,NO-39,39,Vestfold,Vestfold,,numeric,2,False,False,True
NO,NO-3905,3905,Tønsberg,Tønsberg,NO-39,numeric,4,False,False,True
NO,NO-40,40,Telemark,Telemark,,numeric,2,False,False,True
NO,NO-42,42,Agder,,,numeric,2,False,False,True
NO,NO-46,46,Vestland,Vestland,,numeric,2,False,False,True
NO,NO-50,50,Trøndelag,,,numeric,2,False,False,True
NO,NO-54,54,Troms og Finnmark,Tromssa ja Finmarkku,,numeric,2,False,False,True
NO,NO-55,55,Troms,Romssa fylka,,numeric,2,False,False,True
NO,NO-56,56,Finnmark,Finnmárku,,numeric,2,False,False,True
NP,NP-1,1,Central Development Region,,,numeric,1,False,False,True
NP,NP-2,2,Mid-Western Development Region,,,numeric,1,False,False,True
NP,NP-3,3,Western Development Region,,,numeric,1,False,False,True
NP,NP-4,4,Eastern Development Region,,,numeric,1,False,False,True
NP,NP-5,5,Far-Western Development Region,,,numeric,1,False,False,True
NP,NP-BA,BA,Bagmati,,NP-1,alpha,2,True,True,True
NP,NP-BH,BH,Bheri,,NP-2,alpha,2,True,True,True
NP,NP-DH,DH,Dhawalagiri,,NP-3,alpha,2,True,True,True
NP,NP-GA,GA,Gandaki,,NP-3,alpha,2,True,True,True
NP,NP-JA,JA,Janakpur,,NP-1,alpha,2,True,True,True
NP,NP-KA,KA,Karnali,कर्णाली अञ्चल,NP-2,alpha,2,True,True,True
NP,NP-KO,KO,Kosi,,NP-4,alpha,2,True,True,True
NP,NP-LU,LU,Lumbini,,NP-3,alpha,2,True,True,True
NP,NP-MA,MA,Mahakali,,NP-5,alpha,2,True,True,True
NP,NP-ME,ME,Mechi,,NP-4,alpha,2,True,True,True
NP,NP-NA,NA,Narayani,,NP-1,alpha,2,True,True,True
NP,NP-P1,P1,Koshi Province,,,mixed,2,False,False,True
NP,NP-P2,P2,Madhesh Province,मधेश प्रदेश,,mixed,2,False,False,True
NP,NP-P3,P3,Bagmati Province,,,mixed,2,False,False,True
NP,NP-P5,P5,Lumbini Province,,,mixed,2,False,False,True
NP,NP-P6,P6,Karnali Province,,,mixed,2,False,False,True
NP,NP-P7,P7,Sudurpashchim Province,,,mixed,2,False,False,True
NP,NP-RA,RA,Rapti,,NP-2,alpha,2,True,True,True
NP,NP-SA,SA,Sagarmatha,,NP-4,alpha,2,True,True,True
NP,NP-SE,SE,Seti,,NP-5,alpha,2,True,True,True
NR,NR-01,01,Aiwo District,Aiwo,,numeric,2,False,False,True
NR,NR-02,02,Anabar District,,,numeric,2,False,False,True
NR,NR-03,03,Anetan District,,,numeric,2,False,False,True
NR,NR-04,04,Anibare District,,,numeric,2,False,False,True
NR,NR-05,05,Baiti District,Baiti,,numeric,2,False,False,True
NR,NR-06,06,Boe District,Boe,,numeric,2,False,False,True
NR,NR-07,07,Buada District,Buada,,numeric,2,False,False,True
NR,NR-08,08,Denigomodu District,Denigomodu,,numeric,2,False,False,True
NR,NR-09,09,Ewa District,,,numeric,2,False,False,True
NR,NR-10,10,Ijuw District,,,numeric,2,False,False,True
NR,NR-11,11,Meneng District,,,numeric,2,False,False,True
NR,NR-12,12,Nibok District,Nibok,,numeric,2,False,False,True
NR,NR-13,13,Uaboe District,Uaboe,,numeric,2,False,False,True
NR,NR-14,14,Yaren,Yaren,,numeric,2,False,True,True
NZ,NZ-AUK,AUK,Auckland,,,alpha,3,False,True,True
NZ,NZ-BOP,BOP,Bay of Plenty,,,alpha,3,True,True,True
NZ,NZ-CAN,CAN,Canterbury,,,alpha,3,True,True,True
NZ,NZ-CIT,CIT,Chatham Islands Territory,Chatham Islands,,alpha,3,True,True,True
NZ,NZ-GIS,GIS,Gisborne,Gisborne,,alpha,3,True,True,True
NZ,NZ-HKB,HKB,Hawke's Bay,,,alpha,3,False,True,True
NZ,NZ-MBH,MBH,Marlborough,,,alpha,3,False,True,True
NZ,NZ-MWT,MWT,Manawatu-Wanganui,,,alpha,3,False,True,True
NZ,NZ-N,N,North Island,Te Ika-a-Māui,,alpha,1,True,False,True
NZ,NZ-NSN,NSN,Nelson,,,alpha,3,False,True,True
NZ,NZ-NTL,NTL,Northland,,,alpha,3,False,True,True
NZ,NZ-OTA,OTA,Otago,,,alpha,3,True,True,True
NZ,NZ-S,S,South Island,Te Waipounamu,,alpha,1,True,False,True
NZ,NZ-STL,STL,Southland,,,alpha,3,False,True,True
NZ,NZ-TAS,TAS,Tasman,,,alpha,3,True,True,True
NZ,NZ-TKI,TKI,Taranaki,Taranaki,,alpha,3,False,True,True
NZ,NZ-WGN,WGN,Wellington,,,alpha,3,False,True,True
NZ,NZ-WKO,WKO,Waikato,,,alpha,3,False,True,True
NZ,NZ-WTC,WTC,West Coast,,,alpha,3,False,True,True
OM,OM-BA,BA,Al Batinah Region,,,alpha,2,False,False,True
OM,OM-BJ,BJ,Janub al Batinah,,,alpha,2,False,True,True
OM,OM-BS,BS,Shamal al Batinah,,,alpha,2,False,True,True
OM,OM-BU,BU,Al Buraymi,,,alpha,2,False,True,True
OM,OM-DA,DA,Ad Dakhiliyah,,,alpha,2,False,True,True
OM,OM-MA,MA,Masqat,,,alpha,2,True,True,True
OM,OM-MU,MU,Musandam,,,alpha,2,True,True,True
OM,OM-SH,SH,Ash Sharqiyah Region,,,alpha,2,False,False,True
OM,OM-SJ,SJ,Janub ash Sharqiyah,,,alpha,2,False,True,True
OM,OM-SS,SS,Shamal ash Sharqiyah,,,alpha,2,False,True,True
OM,OM-WU,WU,Al Wusta,,,alpha,2,False,True,True
OM,OM-ZA,ZA,Az Zahirah,,,alpha,2,False,True,True
OM,OM-ZU,ZU,Zufar,,,alpha,2,True,True,True
PA,PA-1,1,Bocas del Toro,,,numeric,1,False,True,True
PA,PA-10,10,Panamá Oeste Province,,,numeric,2,False,False,True
PA,PA-2,2,Cocle,,,numeric,1,False,True,True
PA,PA-3,3,Colon,,,numeric,1,False,True,True
PA,PA-4,4,Chiriqui,,,numeric,1,False,True,True
PA,PA-5,5,Darien,,,numeric,1,False,True,True
PA,PA-6,6,Herrera,,,numeric,1,False,True,True
PA,PA-7,7,Los Santos,,,numeric,1,False,True,True
PA,PA-8,8,Panama,,,numeric,1,False,True,True
PA,PA-9,9,Veraguas,,,numeric,1,False,True,True
PA,PA-EM,EM,Emberá-Wounaan Comarca,Emberá-Wounaan,,alpha,2,True,False,True
PA,PA-KY,KY,Guna Yala,,,alpha,2,False,False,True
PA,PA-NB,NB,Ngobe-Bugle,,,alpha,2,True,True,True
PA,PA-NT,NT,Naso Tjër-Di Region,,,alpha,2,True,False,True
PE,PE-AMA,AMA,Amazonas,,,alpha,3,True,True,True
PE,PE-ANC,ANC,Ancash,,,alpha,3,True,True,True
PE,PE-APU,APU,Apurimac,,,alpha,3,True,True,True
PE,PE-ARE,ARE,Arequipa,,,alpha,3,True,True,True
PE,PE-AYA,AYA,Ayacucho,,,alpha,3,True,True,True
PE,PE-CAJ,CAJ,Cajamarca,,,alpha,3,True,True,True
PE,PE-CAL,CAL,El Callao,,,alpha,3,False,True,True
PE,PE-CUS,CUS,Cusco,Cuszo,,alpha,3,True,True,True
PE,PE-HUC,HUC,Huanuco,,,alpha,3,False,True,True
PE,PE-HUV,HUV,Huancavelica,,,alpha,3,False,True,True
PE,PE-ICA,ICA,Ica,Región Ica,,alpha,3,True,True,True
PE,PE-JUN,JUN,Junin,,,alpha,3,True,True,True
PE,PE-LAL,LAL,La Libertad,,,alpha,3,True,True,True
PE,PE-LAM,LAM,Lambayeque,,,alpha,3,True,True,True
PE,PE-LIM,LIM,Lima,Lima,,alpha,3,True,True,True
PE,PE-LMA,LMA,Lima,Provincia de Lima,PE-LIM,alpha,3,False,False,True
PE,PE-LOR,LOR,Loreto,,,alpha,3,True,True,True
PE,PE-MDD,MDD,Madre de Dios,Madre de Dios,,alpha,3,True,True,True
PE,PE-MOQ,MOQ,Moquegua,,,alpha,3,True,True,True
PE,PE-PAS,PAS,Pasco,,,alpha,3,True,True,True
PE,PE-PIU,PIU,Piura,,,alpha,3,True,True,True
PE,PE-PUN,PUN,Puno,,,alpha,3,True,True,True
PE,PE-SAM,SAM,San Martin,,,alpha,3,True,True,True
PE,PE-TAC,TAC,Tacna,,,alpha,3,True,True,True
PE,PE-TUM,TUM,Tumbes,,,alpha,3,True,True,True
PE,PE-UCA,UCA,Ucayali,,,alpha,3,True,True,True
PG,PG-CPK,CPK,Chimbu Province,,,alpha,3,False,False,True
PG,PG-CPM,CPM,Central,,,alpha,3,False,True,True
PG,PG-EBR,EBR,East New Britain,,,alpha,3,False,True,True
PG,PG-EHG,EHG,Eastern Highlands,Isten Hailans,,alpha,3,False,True,True
PG,PG-EPW,EPW,Enga Province,,,alpha,3,False,False,True
PG,PG-ESW,ESW,East Sepik,,,alpha,3,False,True,True
PG,PG-GPK,GPK,Gulf Province,,,alpha,3,False,False,True
PG,PG-HLA,HLA,Hela Province,,,alpha,3,False,False,True
PG,PG-JWK,JWK,Jiwaka Province,,,alpha,3,False,False,True
PG,PG-MBA,MBA,Milne Bay,,,alpha,3,True,True,True
PG,PG-MPL,MPL,Morobe,Morobe Province,,alpha,3,False,True,True
PG,PG-MPM,MPM,Madang,,,alpha,3,False,True,True
PG,PG-MRL,MRL,Manus,,,alpha,3,False,True,True
PG,PG-NCD,NCD,National Capital District (Port Moresby),Pot Mosbi,,alpha,3,True,True,True
PG,PG-NIK,NIK,New Ireland,,,alpha,3,False,True,True
PG,PG-NPP,NPP,Oro Province,,,alpha,3,False,False,True
PG,PG-NSB,NSB,Bougainville,,,alpha,3,False,True,True
PG,PG-SAN,SAN,West Sepik,,,alpha,3,False,True,True
PG,PG-SHM,SHM,Southern Highlands,Southern Highlands Province,,alpha,3,False,True,True
PG,PG-WBK,WBK,West New Britain,,,alpha,3,False,True,True
PG,PG-WHM,WHM,Western Highlands,,,alpha,3,False,True,True
PG,PG-WPD,WPD,Western,Western Province,,alpha,3,False,True,True
PH,PH-00,00,National Capital Region,,,numeric,2,False,True,True
PH,PH-01,01,Ilocos Region,,,numeric,2,False,False,True
PH,PH-02,02,Cagayan Valley,,,numeric,2,False,False,True
PH,PH-03,03,Central Luzon,,,numeric,2,False,False,True
PH,PH-05,05,Bicol Region,,,numeric,2,False,False,True
PH,PH-06,06,Western Visayas,,,numeric,2,False,False,True
PH,PH-07,07,Central Visayas,,,numeric,2,False,False,True
PH,PH-08,08,Eastern Visayas,,,numeric,2,False,False,True
PH,PH-09,09,Zamboanga Peninsula,,,numeric,2,False,False,True
PH,PH-10,10,Northern Mindanao,,,numeric,2,False,False,True
PH,PH-11,11,Davao Region,,,numeric,2,False,False,True
PH,PH-12,12,Soccsksargen,,,numeric,2,False,False,True
PH,PH-13,13,Caraga,,,numeric,2,False,False,True
PH,PH-14,14,Autonomous Region in Muslim Mindanao,,,numeric,2,False,False,True
PH,PH-15,15,Cordillera Administrative Region,,,numeric,2,False,False,True
PH,PH-40,40,,,,numeric,2,False,False,False
PH,PH-41,41,,,,numeric,2,False,False,False
PH,PH-ABR,ABR,Abra,,PH-15,alpha,3,True,True,True
PH,PH-AGN,AGN,Agusan del Norte,,PH-13,alpha,3,False,True,False
PH,PH-AGS,AGS,Agusan del Sur,,PH-13,alpha,3,False,True,False
PH,PH-AKL,AKL,Aklan,,PH-06,alpha,3,True,True,True
PH,PH-ALB,ALB,Albay,,PH-05,alpha,3,True,True,False
PH,PH-ANT,ANT,Antique,Hamtik,PH-06,alpha,3,True,True,True
PH,PH-APA,APA,Apayao,,PH-15,alpha,3,True,True,True
PH,PH-AUR,AUR,Aurora,,PH-03,alpha,3,True,True,False
PH,PH-BAN,BAN,Bataan,,PH-03,alpha,3,False,True,True
PH,PH-BAS,BAS,Basilan,,,alpha,3,True,True,False
PH,PH-BEN,BEN,Benguet,,PH-15,alpha,3,True,True,True
PH,PH-BIL,BIL,Biliran,,PH-08,alpha,3,True,True,True
PH,PH-BOH,BOH,Bohol,Bohol,PH-07,alpha,3,True,True,True
PH,PH-BTG,BTG,Batangas,Batangas,PH-40,alpha,3,False,True,False
PH,PH-BTN,BTN,Batanes,Lalawigan ng Batanes,PH-02,alpha,3,False,True,False
PH,PH-BUK,BUK,Bukidnon,,PH-10,alpha,3,True,True,True
PH,PH-BUL,BUL,Bulacan,,PH-03,alpha,3,True,True,True
PH,PH-CAG,CAG,Cagayan,,PH-02,alpha,3,True,True,True
PH,PH-CAM,CAM,Camiguin,,PH-10,alpha,3,True,True,False
PH,PH-CAN,CAN,Camarines Norte,,PH-05,alpha,3,True,True,False
PH,PH-CAP,CAP,Capiz,,PH-06,alpha,3,True,True,True
PH,PH-CAS,CAS,Camarines Sur,,PH-05,alpha,3,True,True,True
PH,PH-CAT,CAT,Catanduanes,,PH-05,alpha,3,True,True,True
PH,PH-CAV,CAV,Cavite,,PH-40,alpha,3,True,True,True
PH,PH-CEB,CEB,Cebu,,PH-07,alpha,3,True,True,False
PH,PH-COM,COM,,,PH-11,alpha,3,False,False,False
PH,PH-DAO,DAO,Davao Oriental,Silangang Dabaw,PH-11,alpha,3,True,True,True
PH,PH-DAS,DAS,Davao del Sur,,PH-11,alpha,3,False,True,False
PH,PH-DAV,DAV,Davao del Norte,,PH-11,alpha,3,True,True,True
PH,PH-DIN,DIN,Dinagat Islands,,PH-13,alpha,3,True,True,True
PH,PH-DVO,DVO,Davao Occidental,,PH-11,alpha,3,False,False,True
PH,PH-EAS,EAS,Eastern Samar,,PH-08,alpha,3,True,True,True
PH,PH-GUI,GUI,Guimaras,,PH-06,alpha,3,True,True,True
PH,PH-IFU,IFU,Ifugao,Ipugaw,PH-15,alpha,3,True,True,True
PH,PH-ILI,ILI,Iloilo,,PH-06,alpha,3,False,True,False
PH,PH-ILN,ILN,Ilocos Norte,,PH-01,alpha,3,True,True,True
PH,PH-ILS,ILS,Ilocos Sur,,PH-01,alpha,3,True,True,True
PH,PH-ISA,ISA,Isabela,,PH-02,alpha,3,True,True,True
PH,PH-KAL,KAL,Kalinga,Lalawigan ng Kalinga,PH-15,alpha,3,True,True,False
PH,PH-LAG,LAG,Laguna,,PH-40,alpha,3,True,True,False
PH,PH-LAN,LAN,Lanao del Norte,Hilagang Lanaw,PH-10,alpha,3,True,True,True
PH,PH-LAS,LAS,Lanao del Sur,Timog Lanaw,,alpha,3,False,True,True
PH,PH-LEY,LEY,Leyte,,PH-08,alpha,3,True,True,False
PH,PH-LUN,LUN,La Union,,PH-01,alpha,3,True,True,True
PH,PH-MAD,MAD,Marinduque,Lalawigan ng Marinduque,PH-41,alpha,3,False,True,False
PH,PH-MAG,MAG,Maguindanao,,,alpha,3,True,True,True
PH,PH-MAS,MAS,Masbate,,PH-05,alpha,3,True,True,True
PH,PH-MDC,MDC,Mindoro Occidental,Province of Occidental Mindoro,PH-41,alpha,3,False,True,True
PH,PH-MDR,MDR,Mindoro Oriental,Silangang Mindoro,PH-41,alpha,3,False,True,True
PH,PH-MGN,MGN,Maguindanao del Norte,,,alpha,3,False,False,True
PH,PH-MGS,MGS,Maguindanao del Sur,,,alpha,3,False,False,True
PH,PH-MOU,MOU,Mountain Province,,PH-15,alpha,3,True,True,True
PH,PH-MSC,MSC,Misamis Occidental,,PH-10,alpha,3,False,True,True
PH,PH-MSR,MSR,Misamis Oriental,Lalawigan sa Silangang Misamis,PH-10,alpha,3,False,True,False
PH,PH-NCO,NCO,Cotabato,,PH-12,alpha,3,False,True,True
PH,PH-NEC,NEC,Negros Occidental,,,alpha,3,False,True,True
PH,PH-NER,NER,Negros Oriental,,,alpha,3,False,True,True
PH,PH-NSA,NSA,Northern Samar,,PH-08,alpha,3,True,True,True
PH,PH-NUE,NUE,Nueva Ecija,,PH-03,alpha,3,True,True,True
PH,PH-NUV,NUV,Nueva Vizcaya,,PH-02,alpha,3,True,True,True
PH,PH-PAM,PAM,Pampanga,,PH-03,alpha,3,True,True,False
PH,PH-PAN,PAN,Pangasinan,,PH-01,alpha,3,True,True,False
PH,PH-PLW,PLW,Palawan,,PH-41,alpha,3,False,True,True
PH,PH-QUE,QUE,Quezon,,PH-40,alpha,3,True,True,False
PH,PH-QUI,QUI,Quirino,,PH-02,alpha,3,True,True,False
PH,PH-RIZ,RIZ,Rizal,,PH-40,alpha,3,True,True,True
PH,PH-ROM,ROM,Romblon,,PH-41,alpha,3,True,True,True
PH,PH-SAR,SAR,Sarangani,,PH-12,alpha,3,True,True,True
PH,PH-SCO,SCO,South Cotabato,,PH-12,alpha,3,True,True,True
PH,PH-SIG,SIG,Siquijor,,,alpha,3,False,True,False
PH,PH-SLE,SLE,Southern Leyte,,PH-08,alpha,3,True,True,True
PH,PH-SLU,SLU,Sulu,wilāya sin Sūg,PH-09,alpha,3,False,True,False
PH,PH-SOR,SOR,Sorsogon,,PH-05,alpha,3,True,True,True
PH,PH-SUK,SUK,Sultan Kudarat,,PH-12,alpha,3,True,True,True
PH,PH-SUN,SUN,Surigao del Norte,,PH-13,alpha,3,False,True,False
PH,PH-SUR,SUR,Surigao del Sur,,PH-13,alpha,3,True,True,False
PH,PH-TAR,TAR,Tarlac,,PH-03,alpha,3,True,True,False
PH,PH-TAW,TAW,Tawi-Tawi,,,alpha,3,True,True,True
PH,PH-WSA,WSA,Samar,Lalawigan ng Samar,PH-08,alpha,3,False,True,True
PH,PH-ZAN,ZAN,Zamboanga del Norte,,PH-09,alpha,3,False,True,False
PH,PH-ZAS,ZAS,Zamboanga del Sur,,PH-09,alpha,3,False,True,False
PH,PH-ZMB,ZMB,Zambales,,PH-03,alpha,3,False,True,False
PH,PH-ZSI,ZSI,Zamboanga Sibugay,Zamboanga Sibugay,PH-09,alpha,3,True,True,False
PK,PK-BA,BA,Balochistan,بلوچِستان,,alpha,2,True,True,True
PK,PK-GB,GB,Gilgit-Baltistan,گلگت بلتستان,,alpha,2,True,True,True
PK,PK-IS,IS,Islamabad,,,alpha,2,True,True,True
PK,PK-JK,JK,Azad Jammu and Kashmir,آزاد کشمیر,,alpha,2,False,True,True
PK,PK-KP,KP,Khyber Pakhtunkhwa,خېبر پښتونخوا,,alpha,2,True,True,True
PK,PK-PB,PB,Punjab,پنجاب,,alpha,2,False,True,True
PK,PK-SD,SD,Sindh,سنڌ,,alpha,2,False,True,True
PK,PK-TA,TA,Federally Administered Tribal Areas,,,alpha,2,False,False,True
PL,PL-02,02,Dolnoslaskie,województwo dolnośląskie,,numeric,2,False,True,True
PL,PL-04,04,Kujawsko-pomorskie,,,numeric,2,False,True,True
PL,PL-06,06,Lubelskie,Województwo lubelskie,,numeric,2,False,True,True
PL,PL-08,08,Lubuskie,,,numeric,2,False,True,True
PL,PL-10,10,Lodzkie,Województwo łódzkie,,numeric,2,False,True,True
PL,PL-12,12,Malopolskie,,,numeric,2,False,True,True
PL,PL-14,14,Mazowieckie,Województwo mazowieckie,,numeric,2,False,True,True
PL,PL-16,16,Opolskie,Województwo opolskie,,numeric,2,False,True,True
PL,PL-18,18,Podkarpackie,województwo podkarpackie,,numeric,2,False,True,True
PL,PL-20,20,Podlaskie,Województwo podlaskie,,numeric,2,False,True,True
PL,PL-22,22,Pomorskie,,,numeric,2,False,True,True
PL,PL-24,24,Slaskie,Województwo śląskie,,numeric,2,False,True,True
PL,PL-26,26,Swietokrzyskie,,,numeric,2,False,True,True
PL,PL-28,28,Warminsko-mazurskie,,,numeric,2,False,True,True
PL,PL-30,30,Wielkopolskie,,,numeric,2,False,True,True
PL,PL-32,32,Zachodniopomorskie,,,numeric,2,False,True,True
PL,PL-KI,KI,Kielce,Kielce,PL-26,alpha,2,True,False,True
PS,PS-BTH,BTH,Bethlehem,محافظة بيت لحم,WBK,alpha,3,False,True,True
PS,PS-DEB,DEB,Deir al-Balah Governorate,محافظة دير البلح,GZZ,alpha,3,False,False,True
PS,PS-GZA,GZA,Gaza,محافظة غزة,GZZ,alpha,3,False,True,True
PS,PS-HBN,HBN,Hebron,محافظة الخليل,WBK,alpha,3,False,True,True
PS,PS-JEM,JEM,Jerusalem,محافظة القدس,WBK,alpha,3,False,True,True
PS,PS-JEN,JEN,Jenin,محافظة جنين,WBK,alpha,3,True,True,True
PS,PS-JRH,JRH,Jericho and Al Aghwar,,WBK,alpha,3,False,True,True
PS,PS-KYS,KYS,Khan Yunis Governorate,,GZZ,alpha,3,False,False,True
PS,PS-NBS,NBS,Nablus,,WBK,alpha,3,False,True,True
PS,PS-NGZ,NGZ,North Gaza Governorate,محافظة شمال غزة,GZZ,alpha,3,False,False,True
PS,PS-QQA,QQA,Qalqilya,محافظة قلقيلية,WBK,alpha,3,False,True,True
PS,PS-RBH,RBH,Ramallah,محافظة رام الله و البيرة,WBK,alpha,3,False,True,True
PS,PS-RFH,RFH,Rafah Governorate,محافظة رفح,GZZ,alpha,3,False,False,True
PS,PS-SLT,SLT,Salfit,,,alpha,3,False,True,True
PS,PS-TBS,TBS,Tubas,محافظة طوباس,WBK,alpha,3,False,True,True
PS,PS-TKM,TKM,Tulkarm,محافظة طولكرم,WBK,alpha,3,False,True,True
PT,PT-01,01,Aveiro,,,numeric,2,False,True,True
PT,PT-02,02,Beja,,,numeric,2,False,True,True
PT,PT-03,03,Braga,Distrito de Braga,,numeric,2,False,True,True
PT,PT-04,04,Braganca,Distrito de Braganza - Bragança,,numeric,2,False,True,True
PT,PT-05,05,Castelo Branco,,,numeric,2,False,True,True
PT,PT-06,06,Coimbra,,,numeric,2,False,True,True
PT,PT-07,07,Evora,,,numeric,2,False,True,True
PT,PT-08,08,Faro,,,numeric,2,False,True,True
PT,PT-09,09,Guarda,,,numeric,2,False,True,True
PT,PT-10,10,Leiria,,,numeric,2,False,True,True
PT,PT-11,11,Lisboa,,,numeric,2,False,True,True
PT,PT-12,12,Portalegre,,,numeric,2,False,True,True
PT,PT-13,13,Porto,Distrito do Porto,,numeric,2,False,True,True
PT,PT-14,14,Santarem,,,numeric,2,False,True,True
PT,PT-15,15,Setubal,Distrito de Setúbal,,numeric,2,False,True,True
PT,PT-16,16,Viana do Castelo,,,numeric,2,False,True,True
PT,PT-17,17,Vila Real,Distrito de Vila Real,,numeric,2,False,True,True
PT,PT-18,18,Viseu,,,numeric,2,False,True,True
PT,PT-20,20,Regiao Autonoma dos Acores,Açores,,numeric,2,False,True,True
PT,PT-30,30,Regiao Autonoma da Madeira,,,numeric,2,False,True,True
PW,PW-002,002,Aimeliik,,,numeric,3,False,False,True
PW,PW-004,004,Airai,,,numeric,3,False,True,True
PW,PW-010,010,Angaur,,,numeric,3,False,False,True
PW,PW-050,050,Hatohobei,,,numeric,3,False,False,True
PW,PW-100,100,Kayangel,Kayangel,,numeric,3,False,True,True
PW,PW-150,150,Koror,,,numeric,3,False,True,True
PW,PW-212,212,Melekeok,,,numeric,3,False,True,True
PW,PW-214,214,Ngaraard,,,numeric,3,False,True,True
PW,PW-218,218,Ngarchelong,,,numeric,3,False,False,True
PW,PW-222,222,Ngardmau,,,numeric,3,False,True,True
PW,PW-224,224,Ngatpang,,,numeric,3,False,False,True
PW,PW-226,226,Ngchesar,,,numeric,3,False,False,True
PW,PW-227,227,Ngeremlengui,ンゲレムレンギ,,numeric,3,False,False,True
PW,PW-228,228,Ngiwal,,,numeric,3,False,False,True
PW,PW-350,350,Peleliu,,,numeric,3,False,False,True
PW,PW-370,370,Sonsorol,,,numeric,3,False,False,True
PY,PY-1,1,Concepcion,,,numeric,1,False,True,True
PY,PY-10,10,Alto Parana,,,numeric,2,False,True,True
PY,PY-11,11,Central,Central,,numeric,2,False,True,True
PY,PY-12,12,Neembucu,,,numeric,2,False,True,True
PY,PY-13,13,Amambay,,,numeric,2,False,True,True
PY,PY-14,14,Canindeyu,,,numeric,2,False,True,True
PY,PY-15,15,Presidente Hayes,,,numeric,2,False,True,True
PY,PY-16,16,Alto Paraguay,,,numeric,2,False,True,True
PY,PY-19,19,Boqueron,,,numeric,2,False,True,True
PY,PY-2,2,San Pedro,,,numeric,1,False,True,True
PY,PY-3,3,Cordillera,Cordillera,,numeric,1,False,True,True
PY,PY-4,4,Guaira,,,numeric,1,False,True,True
PY,PY-5,5,Caaguazu,,,numeric,1,False,True,True
PY,PY-6,6,Caazapa,,,numeric,1,False,True,True
PY,PY-7,7,Itapua,,,numeric,1,False,True,True
PY,PY-8,8,Misiones,,,numeric,1,False,True,True
PY,PY-9,9,Paraguari,,,numeric,1,False,True,True
PY,PY-ASU,ASU,Asuncion,Nuestra Señora Santa María de la Asunción,,alpha,3,True,True,True
QA,QA-DA,DA,Ad Dawhah,الدوحة,,alpha,2,False,True,True
QA,QA-KH,KH,Al Khawr wa adh Dhakhirah,الخور,,alpha,2,False,True,True
QA,QA-MS,MS,Ash Shamal,,,alpha,2,False,True,True
QA,QA-RA,RA,Ar Rayyan,الريان,,alpha,2,False,True,True
QA,QA-SH,SH,Al-Shahaniya,الشحانية,,alpha,2,False,False,True
QA,QA-US,US,Umm Salal,,,alpha,2,True,True,True
QA,QA-WA,WA,Al Wakrah,بلدية الوكرة,,alpha,2,False,True,True
QA,QA-ZA,ZA,Az Za'ayin,الضعاين,,alpha,2,False,True,True
RO,RO-AB,AB,Alba,Fehér megye,,alpha,2,False,True,True
RO,RO-AG,AG,Arges,,,alpha,2,False,True,True
RO,RO-AR,AR,Arad,,,alpha,2,True,True,True
RO,RO-B,B,Bucuresti,București,,alpha,1,True,True,True
RO,RO-BC,BC,Bacau,Bacău,,alpha,2,False,True,True
RO,RO-BH,BH,Bihor,Bihor,,alpha,2,False,True,True
RO,RO-BN,BN,Bistrita-Nasaud,Bistrița-Năsăud,,alpha,2,True,True,True
RO,RO-BR,BR,Braila,,,alpha,2,True,True,True
RO,RO-BT,BT,Botosani,,,alpha,2,False,True,True
RO,RO-BV,BV,Brasov,Județul Brașov,,alpha,2,False,True,True
RO,RO-BZ,BZ,Buzau,Buzău,,alpha,2,False,True,True
RO,RO-CJ,CJ,Cluj,Cluj,,alpha,2,False,True,True
RO,RO-CL,CL,Calarasi,,,alpha,2,False,True,True
RO,RO-CS,CS,Caras-Severin,,,alpha,2,True,True,True
RO,RO-CT,CT,Constanta,Județul Constanța,,alpha,2,False,True,True
RO,RO-CV,CV,Covasna,Kovászna,,alpha,2,False,True,True
RO,RO-DB,DB,Dambovita,,,alpha,2,False,True,True
RO,RO-DJ,DJ,Dolj,,,alpha,2,False,True,True
RO,RO-GJ,GJ,Gorj,,,alpha,2,False,True,True
RO,RO-GL,GL,Galati,,,alpha,2,False,True,True
RO,RO-GR,GR,Giurgiu,,,alpha,2,False,True,True
RO,RO-HD,HD,Hunedoara,,,alpha,2,False,True,True
RO,RO-HR,HR,Harghita,Hargita,,alpha,2,False,True,True
RO,RO-IF,IF,Ilfov,,,alpha,2,False,True,True
RO,RO-IL,IL,Ialomita,,,alpha,2,False,True,True
RO,RO-IS,IS,Iasi,Iași,,alpha,2,False,True,True
RO,RO-MH,MH,Mehedinti,,,alpha,2,False,True,True
RO,RO-MM,MM,Maramures,Maramureș,,alpha,2,False,True,True
RO,RO-MS,MS,Mures,,,alpha,2,False,True,True
RO,RO-NT,NT,Neamt,Neamț,,alpha,2,False,True,True
RO,RO-OT,OT,Olt,Județul Olt,,alpha,2,False,True,True
RO,RO-PH,PH,Prahova,,,alpha,2,False,True,True
RO,RO-SB,SB,Sibiu,Szeben megye,,alpha,2,False,True,True
RO,RO-SJ,SJ,Salaj,Sălaj,,alpha,2,False,True,True
RO,RO-SM,SM,Satu Mare,Szatmár,,alpha,2,True,True,True
RO,RO-SV,SV,Suceava,Suceava,,alpha,2,False,True,True
RO,RO-TL,TL,Tulcea,,,alpha,2,False,True,True
RO,RO-TM,TM,Timis,,,alpha,2,False,True,True
RO,RO-TR,TR,Teleorman,Teleorman,,alpha,2,False,True,True
RO,RO-VL,VL,Valcea,,,alpha,2,False,True,True
RO,RO-VN,VN,Vrancea,,,alpha,2,False,True,True
RO,RO-VS,VS,Vaslui,,,alpha,2,False,True,True
RS,RS-00,00,Beograd,Град Београд,,numeric,2,False,True,True
RS,RS-01,01,Severnobacki okrug,Észak-bácskai körzet,RS-VO,numeric,2,False,True,True
RS,RS-02,02,Srednjebanatski okrug,Közép-bánsági körzet,RS-VO,numeric,2,False,True,True
RS,RS-03,03,Severnobanatski okrug,Севернобанатски округ,RS-VO,numeric,2,False,True,True
RS,RS-04,04,Juznobanatski okrug,Јужнобанатски округ,RS-VO,numeric,2,False,True,True
RS,RS-05,05,Zapadnobacki okrug,Западнобачки округ,RS-VO,numeric,2,False,True,True
RS,RS-06,06,Juznobacki okrug,Јужнобачки округ,RS-VO,numeric,2,False,True,True
RS,RS-07,07,Sremski okrug,Сремски округ,RS-VO,numeric,2,False,True,True
RS,RS-08,08,Macvanski okrug,Мачвански округ,,numeric,2,False,True,True
RS,RS-09,09,Kolubarski okrug,Колубарски управни округ,,numeric,2,False,True,True
RS,RS-10,10,Podunavski okrug,,,numeric,2,False,True,True
RS,RS-11,11,Branicevski okrug,Браничевски округ,,numeric,2,False,True,True
RS,RS-12,12,Sumadijski okrug,Шумадијски округ,,numeric,2,False,True,True
RS,RS-13,13,Pomoravski okrug,Поморавски округ,,numeric,2,False,True,True
RS,RS-14,14,Borski okrug,Борски округ,,numeric,2,False,True,True
RS,RS-15,15,Zajecarski okrug,Зајечарски округ,,numeric,2,False,True,True
RS,RS-16,16,Zlatiborski okrug,Златиборски округ,YU-SR,numeric,2,False,True,True
RS,RS-17,17,Moravicki okrug,Моравички управни округ,,numeric,2,False,True,True
RS,RS-18,18,Raski okrug,Рашки округ,,numeric,2,False,True,True
RS,RS-19,19,Rasinski okrug,Расински округ,,numeric,2,False,True,True
RS,RS-20,20,Nisavski okrug,Нишавски округ,,numeric,2,False,True,True
RS,RS-21,21,Toplicki okrug,Топлички округ,,numeric,2,False,True,True
RS,RS-22,22,Pirotski okrug,Пиротски Oкруг,,numeric,2,False,True,True
RS,RS-23,23,Jablanicki okrug,,,numeric,2,False,True,True
RS,RS-24,24,Pcinjski okrug,Пчињски округ,,numeric,2,False,True,True
RS,RS-25,25,Kosovo District,,RS-KM,numeric,2,False,False,True
RS,RS-26,26,Pecki okrug,,RS-KM,numeric,2,False,True,True
RS,RS-27,27,Prizrenski okrug,,RS-KM,numeric,2,False,True,True
RS,RS-28,28,Kosovsko-Mitrovacki okrug,Косовскомитровички округ,RS-KM,numeric,2,False,True,True
RS,RS-29,29,Kosovo-Pomoravlje District,Косовскопоморавски управни округ,RS-KM,numeric,2,False,False,True
RS,RS-KM,KM,Kosovo and Metohija,Аутономна Покрајина Косово и Метохија / Autonomna Pokrajina Kosovo i Metohija,,alpha,2,False,False,True
RS,RS-VO,VO,Vojvodina,Vajdaság Autonóm Tartomány,,alpha,2,True,False,True
RU,RU-AD,AD,"Adygeya, Respublika",Адыгэ Республик,,alpha,2,True,True,True
RU,RU-AL,AL,"Altay, Respublika",Алтай Республика,,alpha,2,True,True,True
RU,RU-ALT,ALT,Altayskiy kray,Алтайский край,,alpha,3,True,True,True
RU,RU-AMU,AMU,Amurskaya oblast',Амурская область,,alpha,3,True,True,True
RU,RU-ARK,ARK,Arkhangel'skaya oblast',,,alpha,3,True,True,True
RU,RU-AST,AST,Astrakhanskaya oblast',,,alpha,3,True,True,True
RU,RU-BA,BA,"Bashkortostan, Respublika",Башҡортостан Республикаhы,,alpha,2,True,True,True
RU,RU-BEL,BEL,Belgorodskaya oblast',,,alpha,3,True,True,True
RU,RU-BRY,BRY,Bryanskaya oblast',,,alpha,3,True,True,True
RU,RU-BU,BU,"Buryatiya, Respublika",Республика Бурятия,,alpha,2,True,True,True
RU,RU-CE,CE,Chechenskaya Respublika,Нохчийчоь,,alpha,2,False,True,True
RU,RU-CHE,CHE,Chelyabinskaya oblast',,,alpha,3,True,True,True
RU,RU-CHU,CHU,Chukotskiy avtonomnyy okrug,Чукотский автономный округ,,alpha,3,True,True,True
RU,RU-CU,CU,Chuvashskaya Respublika,Чувашская Республика,,alpha,2,False,True,True
RU,RU-DA,DA,"Dagestan, Respublika",Республика Дагестан,,alpha,2,True,True,True
RU,RU-IN,IN,"Ingushetiya, Respublika",ГӀалгӀайчe,,alpha,2,True,True,True
RU,RU-IRK,IRK,Irkutskaya oblast',,,alpha,3,True,True,True
RU,RU-IVA,IVA,Ivanovskaya oblast',,,alpha,3,True,True,True
RU,RU-KAM,KAM,Kamchatskiy kray,Камчатский край,,alpha,3,True,True,True
RU,RU-KB,KB,Kabardino-Balkarskaya Respublika,Къэбэрдей-Балъкъэр Республикэ,,alpha,2,True,True,True
RU,RU-KC,KC,Karachayevo-Cherkesskaya Respublika,Къэрэшей-Шэрджэс Республикэ,,alpha,2,True,True,True
RU,RU-KDA,KDA,Krasnodarskiy kray,Краснодарский край,,alpha,3,False,True,True
RU,RU-KEM,KEM,Kemerovskaya oblast',,,alpha,3,True,True,True
RU,RU-KGD,KGD,Kaliningradskaya oblast',,,alpha,3,False,True,True
RU,RU-KGN,KGN,Kurganskaya oblast',,,alpha,3,False,True,True
RU,RU-KHA,KHA,Khabarovskiy kray,Хабаровский край,,alpha,3,True,True,True
RU,RU-KHM,KHM,Khanty-Mansiyskiy avtonomnyy okrug,Ханты-Мансийский автономный округ — Югра,RU-TYU,alpha,3,True,True,True
RU,RU-KIR,KIR,Kirovskaya oblast',,,alpha,3,True,True,True
RU,RU-KK,KK,"Khakasiya, Respublika",Хакас Республиказы,,alpha,2,False,True,True
RU,RU-KL,KL,"Kalmykiya, Respublika",Хальмг Таңһч,,alpha,2,False,True,True
RU,RU-KLU,KLU,Kaluzhskaya oblast',Калужская область,,alpha,3,False,True,True
RU,RU-KO,KO,"Komi, Respublika",Коми Республика,,alpha,2,True,True,True
RU,RU-KOS,KOS,Kostromskaya oblast',,,alpha,3,True,True,True
RU,RU-KR,KR,"Kareliya, Respublika",Республика Карелия,,alpha,2,True,True,True
RU,RU-KRS,KRS,Kurskaya oblast',,,alpha,3,False,True,True
RU,RU-KYA,KYA,Krasnoyarskiy kray,Красноярский край,,alpha,3,False,True,True
RU,RU-LEN,LEN,Leningradskaya oblast',Ленинградская область,,alpha,3,True,True,True
RU,RU-LIP,LIP,Lipetskaya oblast',,,alpha,3,True,True,True
RU,RU-MAG,MAG,Magadanskaya oblast',Магаданская область,,alpha,3,True,True,True
RU,RU-ME,ME,"Mariy El, Respublika",Мары Эл Республик,,alpha,2,True,True,True
RU,RU-MO,MO,"Mordoviya, Respublika",Республика Мордовия,,alpha,2,True,True,True
RU,RU-MOS,MOS,Moskovskaya oblast',,,alpha,3,True,True,True
RU,RU-MOW,MOW,Moskva,Москва,,alpha,3,False,True,True
RU,RU-MUR,MUR,Murmanskaya oblast',Мурманская область,,alpha,3,True,True,True
RU,RU-NEN,NEN,Nenetskiy avtonomnyy okrug,Ненэцие автономной округ’,RU-ARK,alpha,3,True,True,True
RU,RU-NGR,NGR,Novgorodskaya oblast',,,alpha,3,False,True,True
RU,RU-NIZ,NIZ,Nizhegorodskaya oblast',Нижегородская область,,alpha,3,True,True,True
RU,RU-NVS,NVS,Novosibirskaya oblast',,,alpha,3,False,True,True
RU,RU-OMS,OMS,Omskaya oblast',,,alpha,3,True,True,True
RU,RU-ORE,ORE,Orenburgskaya oblast',,,alpha,3,True,True,True
RU,RU-ORL,ORL,Orlovskaya oblast',,,alpha,3,True,True,True
RU,RU-PER,PER,Permskiy kray,Пермский край,,alpha,3,True,True,True
RU,RU-PNZ,PNZ,Penzenskaya oblast',,,alpha,3,False,True,True
RU,RU-PRI,PRI,Primorskiy kray,Приморский край,,alpha,3,True,True,True
RU,RU-PSK,PSK,Pskovskaya oblast',,,alpha,3,True,True,True
RU,RU-ROS,ROS,Rostovskaya oblast',,,alpha,3,True,True,True
RU,RU-RYA,RYA,Ryazanskaya oblast',Рязанская область,,alpha,3,True,True,True
RU,RU-SA,SA,"Saha, Respublika",Саха Өрөспүүбүлүкэтэ,,alpha,2,True,True,True
RU,RU-SAK,SAK,Sakhalinskaya oblast',,,alpha,3,True,True,True
RU,RU-SAM,SAM,Samarskaya oblast',Самарская область,,alpha,3,True,True,True
RU,RU-SAR,SAR,Saratovskaya oblast',Саратовская область,,alpha,3,True,True,True
RU,RU-SE,SE,"Severnaya Osetiya, Respublika",Цæгат Ирыстон-Алани,,alpha,2,True,True,True
RU,RU-SMO,SMO,Smolenskaya oblast',,,alpha,3,True,True,True
RU,RU-SPE,SPE,Sankt-Peterburg,Санкт-Петербург,,alpha,3,True,True,True
RU,RU-STA,STA,Stavropol'skiy kray,Ставропольский край,,alpha,3,True,True,True
RU,RU-SVE,SVE,Sverdlovskaya oblast',,,alpha,3,True,True,True
RU,RU-TA,TA,"Tatarstan, Respublika",Татарстан,,alpha,2,True,True,True
RU,RU-TAM,TAM,Tambovskaya oblast',,,alpha,3,True,True,True
RU,RU-TOM,TOM,Tomskaya oblast',,,alpha,3,True,True,True
RU,RU-TUL,TUL,Tul'skaya oblast',,,alpha,3,True,True,True
RU,RU-TVE,TVE,Tverskaya oblast',Тверская область,,alpha,3,True,True,True
RU,RU-TY,TY,"Tyva, Respublika",Тыва Республика,,alpha,2,True,True,True
RU,RU-TYU,TYU,Tyumenskaya oblast',,,alpha,3,True,True,True
RU,RU-UD,UD,Udmurtskaya Respublika,Удмурт Элькун,,alpha,2,True,True,True
RU,RU-ULY,ULY,Ul'yanovskaya oblast',,,alpha,3,True,True,True
RU,RU-VGG,VGG,Volgogradskaya oblast',,,alpha,3,False,True,True
RU,RU-VLA,VLA,Vladimirskaya oblast',,,alpha,3,True,True,True
RU,RU-VLG,VLG,Vologodskaya oblast',,,alpha,3,False,True,True
RU,RU-VOR,VOR,Voronezhskaya oblast',,,alpha,3,True,True,True
RU,RU-YAN,YAN,Yamalo-Nenetskiy avtonomnyy okrug,Ямалы-Ненёцие автономной ӈокрук,RU-TYU,alpha,3,True,True,True
RU,RU-YAR,YAR,Yaroslavskaya oblast',Ярославская область,,alpha,3,True,True,True
RU,RU-YEV,YEV,Yevreyskaya avtonomnaya oblast',יידישע אויטאנאמע געגנט,,alpha,3,True,True,True
RU,RU-ZAB,ZAB,Zabaykal'skiy kray,Забайкальский край,,alpha,3,True,True,True
RW,RW-01,01,Ville de Kigali,Kigali,,numeric,2,False,True,True
RW,RW-02,02,Est,Province de l'Est,,numeric,2,False,True,True
RW,RW-03,03,Nord,Province du Nord,,numeric,2,False,True,True
RW,RW-04,04,Ouest,Western Province,,numeric,2,False,True,True
RW,RW-05,05,Sud,Southern Province,,numeric,2,False,True,True
SA,SA-01,01,Ar Riyad,,,numeric,2,False,True,True
SA,SA-02,02,Makkah al Mukarramah,,,numeric,2,False,True,True
SA,SA-03,03,Al Madinah al Munawwarah,,,numeric,2,False,True,True
SA,SA-04,04,Ash Sharqiyah,,,numeric,2,False,True,True
SA,SA-05,05,Al Qasim,,,numeric,2,False,True,True
SA,SA-06,06,Ha'il,,,numeric,2,False,True,True
SA,SA-07,07,Tabuk,تبوك,,numeric,2,False,True,True
SA,SA-08,08,Al Hudud ash Shamaliyah,,,numeric,2,False,True,True
SA,SA-09,09,Jazan,,,numeric,2,False,True,True
SA,SA-10,10,Najran,,,numeric,2,False,True,True
SA,SA-11,11,Al Bahah,,,numeric,2,False,True,True
SA,SA-12,12,Al Jawf,,,numeric,2,False,True,True
SA,SA-14,14,'Asir,,,numeric,2,False,True,True
SB,SB-CE,CE,Central Province,,,alpha,2,True,False,True
SB,SB-CH,CH,Choiseul,,,alpha,2,True,True,True
SB,SB-CT,CT,Honiara,Honiara,SB-GU,alpha,2,False,False,True
SB,SB-GU,GU,Guadalcanal,,,alpha,2,True,True,True
SB,SB-IS,IS,Isabel Province,,,alpha,2,True,False,True
SB,SB-MK,MK,Makira-Ulawa Province,,,alpha,2,False,False,True
SB,SB-ML,ML,Malaita Province,,,alpha,2,False,False,True
SB,SB-RB,RB,Rennell and Bellona Province,,,alpha,2,False,False,True
SB,SB-TE,TE,Temotu Province,Temotu,,alpha,2,True,False,True
SB,SB-WE,WE,Western,,,alpha,2,True,True,True
SC,SC-01,01,Anse aux Pins,,,numeric,2,False,True,True
SC,SC-02,02,Anse Boileau,,,numeric,2,False,True,True
SC,SC-03,03,Anse Etoile,,,numeric,2,False,False,True
SC,SC-04,04,Au Cap,,,numeric,2,False,False,True
SC,SC-05,05,Anse Royale,,,numeric,2,False,False,True
SC,SC-06,06,Baie Lazare,,,numeric,2,False,True,True
SC,SC-07,07,Baie Sainte Anne,,,numeric,2,False,False,True
SC,SC-08,08,Beau Vallon,,,numeric,2,False,True,True
SC,SC-09,09,Bel Air,,,numeric,2,False,False,True
SC,SC-10,10,Bel Ombre,,,numeric,2,False,True,True
SC,SC-11,11,Cascade,,,numeric,2,False,True,True
SC,SC-12,12,Glacis,,,numeric,2,False,False,True
SC,SC-13,13,Grand Anse Mahe,,,numeric,2,False,True,True
SC,SC-14,14,Grand'Anse Praslin,,,numeric,2,False,False,True
SC,SC-15,15,La Digue,,,numeric,2,False,True,True
SC,SC-16,16,English River,,,numeric,2,False,True,True
SC,SC-17,17,Mont Buxton,,,numeric,2,False,False,True
SC,SC-18,18,Mont Fleuri,,,numeric,2,False,False,True
SC,SC-19,19,Plaisance,,,numeric,2,False,False,True
SC,SC-20,20,Pointe Larue,,,numeric,2,False,True,True
SC,SC-21,21,Port Glaud,,,numeric,2,False,False,True
SC,SC-22,22,Saint Louis,,,numeric,2,False,False,True
SC,SC-23,23,Takamaka,,,numeric,2,False,True,True
SC,SC-24,24,Les Mamelles,,,numeric,2,False,False,True
SC,SC-25,25,Roche Caiman,,,numeric,2,False,False,True
SC,SC-26,26,Ile Perseverance I,,,numeric,2,False,False,True
SC,SC-27,27,Ile Perseverance II,,,numeric,2,False,False,True
SD,SD-DC,DC,Central Darfur,,,alpha,2,False,False,True
SD,SD-DE,DE,East Darfur,,,alpha,2,False,False,True
SD,SD-DN,DN,North Darfur,شمال دارفور,,alpha,2,False,True,True
SD,SD-DS,DS,South Darfur,,,alpha,2,False,True,True
SD,SD-DW,DW,West Darfur,,,alpha,2,False,True,True
SD,SD-GD,GD,Gedaref,,,alpha,2,False,True,True
SD,SD-GK,GK,West Kordofan,,,alpha,2,False,False,True
SD,SD-GZ,GZ,Gezira,ولاية الجزيرة,,alpha,2,False,True,True
SD,SD-KA,KA,Kassala,,,alpha,2,True,True,True
SD,SD-KH,KH,Khartoum,,,alpha,2,True,True,True
SD,SD-KN,KN,North Kordofan,,,alpha,2,False,True,True
SD,SD-KS,KS,South Kordofan,,,alpha,2,False,True,True
SD,SD-NB,NB,Blue Nile,,,alpha,2,False,True,True
SD,SD-NO,NO,Northern,,,alpha,2,True,True,True
SD,SD-NR,NR,River Nile,,,alpha,2,False,True,True
SD,SD-NW,NW,White Nile,,,alpha,2,False,True,True
SD,SD-RS,RS,Red Sea,,,alpha,2,True,True,True
SD,SD-SI,SI,Sennar,,,alpha,2,False,True,True
SE,SE-AB,AB,Stockholms lan,Stockholms län,,alpha,2,False,True,True
SE,SE-AC,AC,Vasterbottens lan,,,alpha,2,False,True,True
SE,SE-BD,BD,Norrbottens lan,Norrbottena leatna,,alpha,2,False,True,True
SE,SE-C,C,Uppsala lan,,,alpha,1,False,True,True
SE,SE-D,D,Sodermanlands lan,,,alpha,1,False,True,True
SE,SE-E,E,Ostergotlands lan,,,alpha,1,False,True,True
SE,SE-F,F,Jonkopings lan,Jönköpings län,,alpha,1,False,True,True
SE,SE-G,G,Kronobergs lan,,,alpha,1,False,True,True
SE,SE-H,H,Kalmar lan,Kalmar län,,alpha,1,False,True,True
SE,SE-I,I,Gotlands lan,Gotlands län,,alpha,1,False,True,True
SE,SE-K,K,Blekinge lan,Blekinge län,,alpha,1,False,True,True
SE,SE-M,M,Skane lan,Skåne län,,alpha,1,False,True,True
SE,SE-N,N,Hallands lan,Hallands län,,alpha,1,False,True,True
SE,SE-O,O,Vastra Gotalands lan,,,alpha,1,False,True,True
SE,SE-S,S,Varmlands lan,,,alpha,1,False,True,True
SE,SE-T,T,Orebro lan,,,alpha,1,False,True,True
SE,SE-U,U,Vastmanlands lan,,,alpha,1,False,True,True
SE,SE-W,W,Dalarnas lan,,,alpha,1,False,True,True
SE,SE-X,X,Gavleborgs lan,Gävleborgs län,,alpha,1,False,True,True
SE,SE-Y,Y,Vasternorrlands lan,,,alpha,1,False,True,True
SE,SE-Z,Z,Jamtlands lan,Jämtlands län,,alpha,1,False,True,True
SG,SG-01,01,Central Singapore Community Development Council,,,numeric,2,False,False,True
SG,SG-02,02,North East Community Development Council,,,numeric,2,False,False,True
SG,SG-03,03,North West Community Development Council,,,numeric,2,False,False,True
SG,SG-04,04,South East Community Development Council,,,numeric,2,False,False,True
SG,SG-05,05,South West Community Development Council,,,numeric,2,False,False,True
SH,SH-AC,AC,Ascension,,,alpha,2,False,False,True
SH,SH-HL,HL,Saint Helena,,,alpha,2,False,True,True
SH,SH-TA,TA,Tristan da Cunha,,,alpha,2,False,False,True
SI,SI-001,001,Ajdovscina,Ajdovščina,,numeric,3,False,True,True
SI,SI-002,002,Beltinci,,,numeric,3,False,True,True
SI,SI-003,003,Bled,,,numeric,3,False,True,True
SI,SI-004,004,Bohinj,Občina Bohinj,,numeric,3,False,True,True
SI,SI-005,005,Borovnica,,,numeric,3,False,True,True
SI,SI-006,006,Bovec,,,numeric,3,False,True,True
SI,SI-007,007,Brda,,,numeric,3,False,True,True
SI,SI-008,008,Brezovica,,,numeric,3,False,True,True
SI,SI-009,009,Brezice,,,numeric,3,False,True,True
SI,SI-010,010,Tisina,,,numeric,3,False,True,True
SI,SI-011,011,Celje,,,numeric,3,False,True,True
SI,SI-012,012,Cerklje na Gorenjskem,,,numeric,3,False,True,True
SI,SI-013,013,Cerknica,Občina Cerknica,,numeric,3,False,True,True
SI,SI-014,014,Cerkno,,,numeric,3,False,True,True
SI,SI-015,015,Crensovci,,,numeric,3,False,True,True
SI,SI-016,016,Haloze,,,numeric,3,False,False,True
SI,SI-017,017,Crnomelj,,,numeric,3,False,True,True
SI,SI-018,018,Destrnik,,,numeric,3,False,True,True
SI,SI-019,019,Divaca,,,numeric,3,False,True,True
SI,SI-020,020,Dobrepolje,,,numeric,3,False,True,True
SI,SI-021,021,Dobrova-Polhov Gradec,,,numeric,3,False,True,True
SI,SI-022,022,Municipality of Dol pri Ljubljani,,,numeric,3,False,False,True
SI,SI-023,023,Domzale,,,numeric,3,False,True,True
SI,SI-024,024,Dornava,Dornava,,numeric,3,False,True,True
SI,SI-025,025,Dravograd,,,numeric,3,False,True,True
SI,SI-026,026,Duplek,,,numeric,3,False,True,True
SI,SI-027,027,Municipality of Gorenja Vas-Poljane,,,numeric,3,False,False,True
SI,SI-028,028,Municipality of Gorišnica,,,numeric,3,False,False,True
SI,SI-029,029,Gornja Radgona,,,numeric,3,False,True,True
SI,SI-030,030,Municipality of Gornji Grad,,,numeric,3,False,False,True
SI,SI-031,031,Gornji Petrovci,,,numeric,3,False,True,True
SI,SI-032,032,Grosuplje,,,numeric,3,False,True,True
SI,SI-033,033,Salovci,,,numeric,3,False,True,True
SI,SI-034,034,Hrastnik,,,numeric,3,False,True,True
SI,SI-035,035,Hrpelje-Kozina,,,numeric,3,False,True,True
SI,SI-036,036,Idrija,,,numeric,3,False,True,True
SI,SI-037,037,Ig,,,numeric,3,False,True,True
SI,SI-038,038,Ilirska Bistrica,,,numeric,3,False,True,True
SI,SI-039,039,Ivancna Gorica,,,numeric,3,False,True,True
SI,SI-040,040,Izola,Izola,SI-040,numeric,3,False,True,True
SI,SI-041,041,Jesenice,,,numeric,3,False,True,True
SI,SI-042,042,Jursinci,,,numeric,3,False,True,True
SI,SI-043,043,Kamnik,,,numeric,3,False,True,True
SI,SI-044,044,Kanal,,SI-044,numeric,3,False,True,True
SI,SI-045,045,Kidricevo,,,numeric,3,False,True,True
SI,SI-046,046,Kobarid,,,numeric,3,False,True,True
SI,SI-047,047,Kobilje,,,numeric,3,False,True,True
SI,SI-048,048,Kocevje,,,numeric,3,False,True,True
SI,SI-049,049,Komen,,SI-049,numeric,3,False,True,True
SI,SI-050,050,Koper,,,numeric,3,False,True,True
SI,SI-051,051,Municipality of Kozje,,,numeric,3,False,False,True
SI,SI-052,052,Kranj,Kranj,SI-052,numeric,3,False,True,True
SI,SI-053,053,Kranjska Gora,,,numeric,3,False,True,True
SI,SI-054,054,Krsko,,,numeric,3,False,True,True
SI,SI-055,055,Kungota,,,numeric,3,False,True,True
SI,SI-056,056,Kuzma,,,numeric,3,False,True,True
SI,SI-057,057,Lasko,,,numeric,3,False,True,True
SI,SI-058,058,Lenart,,,numeric,3,False,True,True
SI,SI-059,059,Lendava,,,numeric,3,False,True,True
SI,SI-060,060,Litija,,,numeric,3,False,True,True
SI,SI-061,061,Ljubljana,,,numeric,3,False,True,True
SI,SI-062,062,Municipality of Ljubno,,,numeric,3,False,False,True
SI,SI-063,063,Ljutomer,,,numeric,3,False,True,True
SI,SI-064,064,Logatec,,,numeric,3,False,True,True
SI,SI-065,065,Loška Dolina Municipality,Loška dolina,,numeric,3,False,False,True
SI,SI-066,066,Loski Potok,,,numeric,3,False,True,True
SI,SI-067,067,Luce,,,numeric,3,False,True,True
SI,SI-068,068,Lukovica,,,numeric,3,False,True,True
SI,SI-069,069,Majsperk,,,numeric,3,False,True,True
SI,SI-070,070,Maribor,Maribor,,numeric,3,False,True,True
SI,SI-071,071,Medvode,Medvode,,numeric,3,False,True,True
SI,SI-072,072,Menges,Mengeš,,numeric,3,False,True,True
SI,SI-073,073,Metlika,,,numeric,3,False,True,True
SI,SI-074,074,Mezica,,,numeric,3,False,True,True
SI,SI-075,075,Miren-Kostanjevica,,,numeric,3,False,True,True
SI,SI-076,076,Mislinja,Mislinja,SI-076,numeric,3,False,True,True
SI,SI-077,077,Moravce,,,numeric,3,False,True,True
SI,SI-078,078,Municipality of Moravske Toplice,,,numeric,3,False,False,True
SI,SI-079,079,Mozirje,,,numeric,3,False,True,True
SI,SI-080,080,Murska Sobota,,,numeric,3,False,True,True
SI,SI-081,081,Muta,,,numeric,3,False,True,True
SI,SI-082,082,Naklo,,,numeric,3,False,True,True
SI,SI-083,083,Nazarje,,,numeric,3,False,True,True
SI,SI-084,084,Nova Gorica,,,numeric,3,False,True,True
SI,SI-085,085,Novo Mesto,,,numeric,3,False,True,True
SI,SI-086,086,Odranci,,,numeric,3,False,True,True
SI,SI-087,087,Ormoz,,,numeric,3,False,True,True
SI,SI-088,088,Municipality of Osilnica,,,numeric,3,False,False,True
SI,SI-089,089,Municipality of Pesnica,,,numeric,3,False,False,True
SI,SI-090,090,Piran,Pirano,SI-090,numeric,3,False,True,True
SI,SI-091,091,Pivka,,,numeric,3,False,True,True
SI,SI-092,092,Podcetrtek,,,numeric,3,False,True,True
SI,SI-093,093,Municipality of Podvelka,Podvelka,,numeric,3,False,False,True
SI,SI-094,094,Postojna,,,numeric,3,False,True,True
SI,SI-095,095,Preddvor,,,numeric,3,False,True,True
SI,SI-096,096,Ptuj,Ptuj,SI-096,numeric,3,False,True,True
SI,SI-097,097,Puconci,,,numeric,3,False,True,True
SI,SI-098,098,Race-Fram,,,numeric,3,False,True,True
SI,SI-099,099,Radece,,,numeric,3,False,True,True
SI,SI-100,100,Radenci,,,numeric,3,False,True,True
SI,SI-101,101,Radlje ob Dravi,,,numeric,3,False,True,True
SI,SI-102,102,Radovljica,,,numeric,3,False,True,True
SI,SI-103,103,Ravne na Koroskem,,,numeric,3,False,True,True
SI,SI-104,104,Ribnica,Ribnica,,numeric,3,False,True,True
SI,SI-105,105,Rogasovci,,,numeric,3,False,True,True
SI,SI-106,106,Rogaska Slatina,Rogaška Slatina,SI-106,numeric,3,False,True,True
SI,SI-107,107,Municipality of Rogatec,,,numeric,3,False,False,True
SI,SI-108,108,Ruse,,,numeric,3,False,True,True
SI,SI-109,109,Semic,,,numeric,3,False,True,True
SI,SI-110,110,Sevnica,,,numeric,3,False,True,True
SI,SI-111,111,Sezana,,,numeric,3,False,True,True
SI,SI-112,112,Slovenj Gradec,,,numeric,3,False,True,True
SI,SI-113,113,Slovenska Bistrica,,,numeric,3,False,True,True
SI,SI-114,114,Slovenske Konjice,,,numeric,3,False,True,True
SI,SI-115,115,Starse,,,numeric,3,False,True,True
SI,SI-116,116,Municipality of Sveti Jurij ob Ščavnici,,,numeric,3,False,False,True
SI,SI-117,117,Sencur,,,numeric,3,False,True,True
SI,SI-118,118,Sentilj,,,numeric,3,False,True,True
SI,SI-119,119,Sentjernej,,,numeric,3,False,True,True
SI,SI-120,120,Sentjur,,,numeric,3,False,True,True
SI,SI-121,121,Skocjan,,,numeric,3,False,True,True
SI,SI-122,122,Skofja Loka,,,numeric,3,False,True,True
SI,SI-123,123,Skofljica,,,numeric,3,False,True,True
SI,SI-124,124,Smarje pri Jelsah,,,numeric,3,False,True,True
SI,SI-125,125,Smartno ob Paki,,,numeric,3,False,True,True
SI,SI-126,126,Sostanj,,,numeric,3,False,True,True
SI,SI-127,127,Store,,,numeric,3,False,True,True
SI,SI-128,128,Tolmin,,,numeric,3,False,True,True
SI,SI-129,129,Trbovlje,,,numeric,3,False,True,True
SI,SI-130,130,Trebnje,,,numeric,3,False,True,True
SI,SI-131,131,Trzic,,,numeric,3,False,True,True
SI,SI-132,132,Turnisce,,,numeric,3,False,True,True
SI,SI-133,133,Velenje,,,numeric,3,False,True,True
SI,SI-134,134,Velike Lasce,,,numeric,3,False,True,True
SI,SI-135,135,Videm,,,numeric,3,False,True,True
SI,SI-136,136,Vipava,Občina Vipava,,numeric,3,False,True,True
SI,SI-137,137,Vitanje,,,numeric,3,False,True,True
SI,SI-138,138,Vodice,,,numeric,3,False,True,True
SI,SI-139,139,Vojnik,,,numeric,3,False,True,True
SI,SI-140,140,Vrhnika,,,numeric,3,False,True,True
SI,SI-141,141,Vuzenica,Vuzenica,,numeric,3,False,True,True
SI,SI-142,142,Zagorje ob Savi,,,numeric,3,False,True,True
SI,SI-143,143,Zavrc,,,numeric,3,False,True,True
SI,SI-144,144,Zrece,,,numeric,3,False,True,True
SI,SI-146,146,Zelezniki,,,numeric,3,False,True,True
SI,SI-147,147,Ziri,Žiri,,numeric,3,False,True,True
SI,SI-148,148,Benedikt,,,numeric,3,False,True,True
SI,SI-149,149,Bistrica ob Sotli,,,numeric,3,False,True,True
SI,SI-150,150,Bloke,Bloke,,numeric,3,False,True,True
SI,SI-151,151,Braslovce,,,numeric,3,False,True,True
SI,SI-152,152,Cankova,,,numeric,3,False,True,True
SI,SI-153,153,Municipality of Cerkvenjak,,,numeric,3,False,False,True
SI,SI-154,154,Dobje,,,numeric,3,False,True,True
SI,SI-155,155,Dobrna,,,numeric,3,False,True,True
SI,SI-156,156,Dobrovnik,,,numeric,3,False,True,True
SI,SI-157,157,Municipality of Dolenjske Toplice,,,numeric,3,False,False,True
SI,SI-158,158,Grad,,,numeric,3,False,True,True
SI,SI-159,159,Hajdina,,,numeric,3,False,True,True
SI,SI-160,160,Hoce-Slivnica,,,numeric,3,False,True,True
SI,SI-161,161,Hodos,,,numeric,3,False,True,True
SI,SI-162,162,Horjul,,,numeric,3,False,True,True
SI,SI-163,163,Municipality of Jezersko,Jezersko,,numeric,3,False,False,True
SI,SI-164,164,Komenda,,,numeric,3,False,True,True
SI,SI-165,165,Kostel,,,numeric,3,False,True,True
SI,SI-166,166,Krizevci,,,numeric,3,False,True,True
SI,SI-167,167,Lovrenc na Pohorju,,,numeric,3,False,True,True
SI,SI-168,168,Markovci,,,numeric,3,False,True,True
SI,SI-169,169,Municipality of Miklavž na Dravskem Polju,,,numeric,3,False,False,True
SI,SI-170,170,Mirna Pec,,,numeric,3,False,True,True
SI,SI-171,171,Oplotnica,,,numeric,3,False,True,True
SI,SI-172,172,Podlehnik,,,numeric,3,False,True,True
SI,SI-173,173,Polzela,,,numeric,3,False,True,True
SI,SI-174,174,Prebold,,,numeric,3,False,True,True
SI,SI-175,175,Prevalje,Prevalje,,numeric,3,False,True,True
SI,SI-176,176,Razkrizje,,,numeric,3,False,True,True
SI,SI-177,177,Municipality of Ribnica na Pohorju,,,numeric,3,False,False,True
SI,SI-178,178,Municipality of Selnica ob Dravi,,,numeric,3,False,False,True
SI,SI-179,179,Sodrazica,,,numeric,3,False,True,True
SI,SI-180,180,Solcava,,,numeric,3,False,True,True
SI,SI-181,181,Sveta Ana Municipality,,,numeric,3,False,False,True
SI,SI-182,182,Sveti Andraz v Slovenskih Goricah,,,numeric,3,False,True,True
SI,SI-183,183,Sempeter-Vrtojba,,,numeric,3,False,True,True
SI,SI-184,184,Tabor,,,numeric,3,False,True,True
SI,SI-185,185,Trnovska Vas,,,numeric,3,False,True,True
SI,SI-186,186,Trzin,,,numeric,3,False,True,True
SI,SI-187,187,Velika Polana,,,numeric,3,False,True,True
SI,SI-188,188,Verzej,,,numeric,3,False,True,True
SI,SI-189,189,Vransko,,SI-189,numeric,3,False,True,True
SI,SI-190,190,Zalec,,,numeric,3,False,True,True
SI,SI-191,191,Zetale,,,numeric,3,False,True,True
SI,SI-192,192,Municipality of Žirovnica,,,numeric,3,False,False,True
SI,SI-193,193,Zuzemberk,,,numeric,3,False,True,True
SI,SI-194,194,Smartno pri Litiji,,,numeric,3,False,True,True
SI,SI-195,195,Apace,Apače,,numeric,3,False,True,True
SI,SI-196,196,Cirkulane,,,numeric,3,False,True,True
SI,SI-197,197,Kosanjevica na Krki,,,numeric,3,False,True,True
SI,SI-198,198,Makole,,,numeric,3,False,True,True
SI,SI-199,199,Mokronog-Trebelno,,,numeric,3,False,True,True
SI,SI-200,200,Poljcane,,,numeric,3,False,True,True
SI,SI-201,201,Rence-Vogrsko,,,numeric,3,False,True,True
SI,SI-202,202,Središče ob Dravi,,SI-202,numeric,3,False,False,True
SI,SI-203,203,Straza,,,numeric,3,False,True,True
SI,SI-204,204,Municipality of Sveta Trojica v Slovenskih Goricah,,,numeric,3,False,False,True
SI,SI-205,205,Sveti Tomaz,,,numeric,3,False,True,True
SI,SI-206,206,Smarjeske Toplice,,,numeric,3,False,True,True
SI,SI-207,207,Gorje,,,numeric,3,False,True,True
SI,SI-208,208,Log-Dragomer,,,numeric,3,False,True,True
SI,SI-209,209,Recica ob Savinji,,,numeric,3,False,True,True
SI,SI-210,210,Municipality of Sveti Jurij v Slovenskih Goricah,,,numeric,3,False,False,True
SI,SI-211,211,Sentrupert,,,numeric,3,False,True,True
SI,SI-212,212,Mirna Municipality,,,numeric,3,False,False,True
SI,SI-213,213,Ankaran Municipality,,,numeric,3,False,False,True
SK,SK-BC,BC,Banskobystricky kraj,Besztercebányai kerület,,alpha,2,False,True,True
SK,SK-BL,BL,Bratislavsky kraj,Pozsonyi kerület,,alpha,2,False,True,True
SK,SK-KI,KI,Kosicky kraj,Košický kraj,,alpha,2,False,True,True
SK,SK-NI,NI,Nitriansky kraj,Nitriansky kraj,,alpha,2,True,True,True
SK,SK-PV,PV,Presovsky kraj,,,alpha,2,False,True,True
SK,SK-TA,TA,Trnavsky kraj,Trnavský kraj,,alpha,2,False,True,True
SK,SK-TC,TC,Trenciansky kraj,Trenčiansky kraj,,alpha,2,False,True,True
SK,SK-ZI,ZI,Zilinsky kraj,Žilinský kraj,,alpha,2,True,True,True
SL,SL-E,E,Eastern,,,alpha,1,True,True,True
SL,SL-N,N,Northern,,,alpha,1,True,True,True
SL,SL-NW,NW,North West Province,,,alpha,2,True,False,True
SL,SL-S,S,Southern Province,Southern Province,,alpha,1,True,False,True
SL,SL-W,W,Western Area,,,alpha,1,True,True,True
SM,SM-01,01,Acquaviva,Acquaviva,,numeric,2,False,False,True
SM,SM-02,02,Chiesanuova,Chiesanuova,,numeric,2,False,False,True
SM,SM-03,03,Domagnano,Domagnano,,numeric,2,False,True,True
SM,SM-04,04,Faetano,Faetano,,numeric,2,False,False,True
SM,SM-05,05,Fiorentino,Fiorentino,,numeric,2,False,False,True
SM,SM-06,06,Borgo Maggiore,Borgo Maggiore,,numeric,2,False,False,True
SM,SM-07,07,San Marino,Città di San Marino,,numeric,2,False,False,True
SM,SM-08,08,Montegiardino,Montegiardino,,numeric,2,False,False,True
SM,SM-09,09,Serravalle,Serravalle,,numeric,2,False,True,True
SN,SN-DB,DB,Diourbel,,,alpha,2,False,True,True
SN,SN-DK,DK,Dakar,,,alpha,2,False,True,True
SN,SN-FK,FK,Fatick,,,alpha,2,False,True,True
SN,SN-KA,KA,Kaffrine,,,alpha,2,True,True,True
SN,SN-KD,KD,Kolda,,,alpha,2,False,True,True
SN,SN-KE,KE,Kedougou,,,alpha,2,True,True,True
SN,SN-KL,KL,Kaolack,,,alpha,2,False,True,True
SN,SN-LG,LG,Louga,Louga,,alpha,2,False,True,True
SN,SN-MT,MT,Matam,,,alpha,2,False,True,True
SN,SN-SE,SE,Sédhiou,,,alpha,2,True,False,True
SN,SN-SL,SL,Saint-Louis,,,alpha,2,True,True,True
SN,SN-TC,TC,Tambacounda,,,alpha,2,False,True,True
SN,SN-TH,TH,Thies,,,alpha,2,True,True,True
SN,SN-ZG,ZG,Ziguinchor,,,alpha,2,False,True,True
SO,SO-AW,AW,Awdal,Awdal,,alpha,2,True,True,True
SO,SO-BK,BK,Bakool,,,alpha,2,False,False,True
SO,SO-BN,BN,Banaadir,Xamar,,alpha,2,False,True,True
SO,SO-BR,BR,Bari,,,alpha,2,False,False,True
SO,SO-BY,BY,Bay,,,alpha,2,False,False,True
SO,SO-GA,GA,Galguduud,,,alpha,2,True,False,True
SO,SO-GE,GE,Gedo,,,alpha,2,True,False,True
SO,SO-HI,HI,Hiran,,,alpha,2,True,False,True
SO,SO-JD,JD,Middle Juba,,,alpha,2,False,False,True
SO,SO-JH,JH,Lower Juba,Jubbada Hoose,,alpha,2,False,False,True
SO,SO-MU,MU,Mudug,,,alpha,2,True,False,True
SO,SO-NU,NU,Nugaal,,,alpha,2,True,True,True
SO,SO-SD,SD,Middle Shebelle,,,alpha,2,False,False,True
SO,SO-SH,SH,Shabeellaha Hoose,,,alpha,2,True,True,True
SO,SO-SO,SO,Sool,Sool,,alpha,2,True,True,True
SO,SO-TO,TO,Togdheer,Togdheer,,alpha,2,True,True,True
SO,SO-WO,WO,Woqooyi Galbeed,,,alpha,2,True,True,True
SR,SR-BR,BR,Brokopondo,,,alpha,2,True,True,True
SR,SR-CM,CM,Commewijne,,,alpha,2,False,True,True
SR,SR-CR,CR,Coronie District,,,alpha,2,False,False,True
SR,SR-MA,MA,Marowijne District,,,alpha,2,True,False,True
SR,SR-NI,NI,Nickerie,,,alpha,2,True,True,True
SR,SR-PM,PM,Paramaribo,,,alpha,2,False,True,True
SR,SR-PR,PR,Para,,,alpha,2,False,True,True
SR,SR-SA,SA,Saramacca,,,alpha,2,True,True,True
SR,SR-SI,SI,Sipaliwini,,,alpha,2,True,True,True
SR,SR-WA,WA,Wanica,,,alpha,2,True,True,True
SS,SS-BN,BN,Northern Bahr el Ghazal,,,alpha,2,False,True,True
SS,SS-BW,BW,Western Bahr el Ghazal,,,alpha,2,False,False,True
SS,SS-EC,EC,Central Equatoria,Central Equatoria,,alpha,2,False,True,True
SS,SS-EE,EE,Eastern Equatoria,,,alpha,2,True,True,True
SS,SS-EW,EW,Western Equatoria,,,alpha,2,False,True,True
SS,SS-JG,JG,Jonglei,,,alpha,2,False,False,True
SS,SS-LK,LK,Lakes,,,alpha,2,False,False,True
SS,SS-NU,NU,Upper Nile,,,alpha,2,False,True,True
SS,SS-UY,UY,Unity,,,alpha,2,False,False,True
SS,SS-WR,WR,Warrap,,,alpha,2,False,False,True
ST,ST-01,01,Água Grande,,,numeric,2,False,False,True
ST,ST-02,02,Cantagalo,,,numeric,2,False,False,True
ST,ST-03,03,Caué,,,numeric,2,False,False,True
ST,ST-04,04,Lembá,,,numeric,2,False,False,True
ST,ST-05,05,Lobata,,,numeric,2,False,False,True
ST,ST-06,06,Mé-Zóchi,,,numeric,2,False,False,True
ST,ST-P,P,Principe,,,alpha,1,True,True,True
SV,SV-AH,AH,Ahuachapan,,,alpha,2,True,True,True
SV,SV-CA,CA,Cabanas,,,alpha,2,True,True,True
SV,SV-CH,CH,Chalatenango,,,alpha,2,True,True,True
SV,SV-CU,CU,Cuscatlan,,,alpha,2,True,True,True
SV,SV-LI,LI,La Libertad,,,alpha,2,False,True,True
SV,SV-MO,MO,Morazan,,,alpha,2,True,True,True
SV,SV-PA,PA,La Paz,,,alpha,2,False,True,True
SV,SV-SA,SA,Santa Ana,,,alpha,2,True,True,True
SV,SV-SM,SM,San Miguel,,,alpha,2,True,True,True
SV,SV-SO,SO,Sonsonate,,,alpha,2,True,True,True
SV,SV-SS,SS,San Salvador,,,alpha,2,True,True,True
SV,SV-SV,SV,San Vicente,,,alpha,2,True,True,True
SV,SV-UN,UN,La Union,,,alpha,2,False,True,True
SV,SV-US,US,Usulutan,,,alpha,2,True,True,True
SY,SY-DI,DI,Dimashq,,,alpha,2,True,True,True
SY,SY-DR,DR,Dar'a,مُحافظة درعة,,alpha,2,False,True,True
SY,SY-DY,DY,Dayr az Zawr,,,alpha,2,False,True,True
SY,SY-HA,HA,Al Hasakah,محافظة الحسكة,,alpha,2,False,True,True
SY,SY-HI,HI,Hims,,,alpha,2,True,True,True
SY,SY-HL,HL,Halab,,,alpha,2,False,True,True
SY,SY-HM,HM,Hamah,,,alpha,2,False,True,True
SY,SY-ID,ID,Idlib,,,alpha,2,True,True,True
SY,SY-LA,LA,Al Ladhiqiyah,مُحافظة اللاذقية,,alpha,2,False,True,True
SY,SY-QU,QU,Al Qunaytirah,الكونيترا,,alpha,2,False,True,True
SY,SY-RA,RA,Ar Raqqah,مُحافظة الرقة,,alpha,2,False,True,True
SY,SY-RD,RD,Rif Dimashq,ريف دمشق,,alpha,2,True,True,True
SY,SY-SU,SU,As Suwayda',محافظة السويداء,,alpha,2,False,True,True
SY,SY-TA,TA,Tartus,,,alpha,2,True,True,True
SZ,SZ-HH,HH,Hhohho,Hhohho,,alpha,2,True,True,True
SZ,SZ-LU,LU,Lubombo,,,alpha,2,True,True,True
SZ,SZ-MA,MA,Manzini,,,alpha,2,True,True,True
SZ,SZ-SH,SH,Shiselweni Region,,,alpha,2,True,False,True
TD,TD-BA,BA,Batha Region,,,alpha,2,True,False,True
TD,TD-BG,BG,Bahr el Gazel,,,alpha,2,False,False,True
TD,TD-BO,BO,Borkou,,,alpha,2,True,False,True
TD,TD-CB,CB,Chari-Baguirmi Region,,,alpha,2,True,False,True
TD,TD-EE,EE,Ennedi-Est,,,alpha,2,True,False,True
TD,TD-EN,EN,Ennedi Region,,,alpha,2,True,False,True
TD,TD-EO,EO,Ennedi-Ouest,,,alpha,2,True,False,True
TD,TD-GR,GR,Guera,,,alpha,2,False,True,True
TD,TD-HL,HL,Hadjer-Lamis,حجر لميس,,alpha,2,True,False,True
TD,TD-KA,KA,Kanem Region,,,alpha,2,True,False,True
TD,TD-LC,LC,Lac Region,,,alpha,2,False,False,True
TD,TD-LO,LO,Logone-Occidental,,,alpha,2,True,True,True
TD,TD-LR,LR,Logone Oriental Region,,,alpha,2,False,False,True
TD,TD-MA,MA,Mandoul Region,منطقة ماندول,,alpha,2,True,False,True
TD,TD-MC,MC,Moyen-Chari Region,,,alpha,2,True,False,True
TD,TD-ME,ME,Mayo-Kebbi-Est,,,alpha,2,False,True,True
TD,TD-MO,MO,Mayo-Kebbi Ouest Region,,,alpha,2,False,False,True
TD,TD-ND,ND,Ville de Ndjamena,انجمينا,,alpha,2,False,True,True
TD,TD-OD,OD,Ouaddai,وداي,,alpha,2,False,True,True
TD,TD-SA,SA,Salamat Region,,,alpha,2,True,False,True
TD,TD-SI,SI,Sila Region,,,alpha,2,True,False,True
TD,TD-TA,TA,Tandjilé Region,,,alpha,2,True,False,True
TD,TD-TI,TI,Tibesti,,,alpha,2,True,True,True
TD,TD-WF,WF,Wadi Fira Region,منطقة وادي فيرا,,alpha,2,True,False,True
TG,TG-C,C,Centrale,,,alpha,1,True,True,True
TG,TG-K,K,Kara,,,alpha,1,True,True,True
TG,TG-M,M,Maritime,Maritime,,alpha,1,True,True,True
TG,TG-P,P,Plateaux,,,alpha,1,True,True,True
TG,TG-S,S,Savanes Region,,,alpha,1,True,False,True
TH,TH-10,10,Krung Thep Maha Nakhon,กรุงเทพมหานคร,,numeric,2,False,True,True
TH,TH-11,11,Samut Prakan,จังหวัดสมุทรปราการ,,numeric,2,False,True,True
TH,TH-12,12,Nonthaburi,จังหวัดนนทบุรี,,numeric,2,False,True,True
TH,TH-13,13,Pathum Thani,จังหวัดปทุมธานี,,numeric,2,False,True,True
TH,TH-14,14,Phra Nakhon Si Ayutthaya,จังหวัดพระนครศรีอยุธยา,,numeric,2,False,True,True
TH,TH-15,15,Ang Thong,จังหวัดอ่างทอง,,numeric,2,False,True,True
TH,TH-16,16,Lop Buri,จังหวัดลพบุรี,,numeric,2,False,True,True
TH,TH-17,17,Sing Buri,จังหวัดสิงห์บุรี,,numeric,2,False,True,True
TH,TH-18,18,Chai Nat,จังหวัดชัยนาท,,numeric,2,False,True,True
TH,TH-19,19,Saraburi,จังหวัดสระบุรี,,numeric,2,False,True,True
TH,TH-20,20,Chon Buri,จังหวัดชลบุรี,,numeric,2,False,True,True
TH,TH-21,21,Rayong,จังหวัดระยอง,,numeric,2,False,True,True
TH,TH-22,22,Chanthaburi,จังหวัดจันทบุรี,,numeric,2,False,True,True
TH,TH-23,23,Trat,จังหวัดตราด,,numeric,2,False,True,True
TH,TH-24,24,Chachoengsao,จังหวัดฉะเชิงเทรา,,numeric,2,False,True,True
TH,TH-25,25,Prachin Buri,จังหวัดปราจีนบุรี,,numeric,2,False,True,True
TH,TH-26,26,Nakhon Nayok,จังหวัดนครนายก,,numeric,2,False,True,True
TH,TH-27,27,Sa Kaeo,จังหวัดสระแก้ว,,numeric,2,False,True,True
TH,TH-30,30,Nakhon Ratchasima,จังหวัดนครราชสีมา,,numeric,2,False,True,True
TH,TH-31,31,Buri Ram,จังหวัดบุรีรัมย์,,numeric,2,False,True,True
TH,TH-32,32,Surin,จังหวัดสุรินทร์,,numeric,2,False,True,True
TH,TH-33,33,Si Sa Ket,จังหวัดศรีสะเกษ,,numeric,2,False,True,True
TH,TH-34,34,Ubon Ratchathani,จังหวัดอุบลราชธานี,,numeric,2,False,True,True
TH,TH-35,35,Yasothon,จังหวัดยโสธร,,numeric,2,False,True,True
TH,TH-36,36,Chaiyaphum,จังหวัดชัยภูมิ,,numeric,2,False,True,True
TH,TH-37,37,Amnat Charoen,จังหวัดอำนาจเจริญ,,numeric,2,False,True,True
TH,TH-38,38,Bueng Kan,จังหวัดบึงกาฬ,,numeric,2,False,True,True
TH,TH-39,39,Nong Bua Lam Phu,จังหวัดหนองบัวลำภู,,numeric,2,False,True,True
TH,TH-40,40,Khon Kaen,จังหวัดขอนแก่น,,numeric,2,False,True,True
TH,TH-41,41,Udon Thani,จังหวัดอุดรธานี,,numeric,2,False,True,True
TH,TH-42,42,Loei,จังหวัดเลย,,numeric,2,False,True,True
TH,TH-43,43,Nong Khai,จังหวัดหนองคาย,,numeric,2,False,True,True
TH,TH-44,44,Maha Sarakham,จังหวัดมหาสารคาม,,numeric,2,False,True,True
TH,TH-45,45,Roi Et,จังหวัดร้อยเอ็ด,,numeric,2,False,True,True
TH,TH-46,46,Kalasin,จังหวัดกาฬสินธุ์,,numeric,2,False,True,True
TH,TH-47,47,Sakon Nakhon,จังหวัดสกลนคร,,numeric,2,False,True,True
TH,TH-48,48,Nakhon Phanom,จังหวัดนครพนม,,numeric,2,False,True,True
TH,TH-49,49,Mukdahan,จังหวัดมุกดาหาร,,numeric,2,False,True,True
TH,TH-50,50,Chiang Mai,จังหวัดเชียงใหม่,,numeric,2,False,True,True
TH,TH-51,51,Lamphun,จังหวัดลำพูน,,numeric,2,False,True,True
TH,TH-52,52,Lampang,จังหวัดลำปาง,,numeric,2,False,True,True
TH,TH-53,53,Uttaradit,จังหวัดอุตรดิตถ์,,numeric,2,False,True,True
TH,TH-54,54,Phrae,จังหวัดแพร่,,numeric,2,False,True,True
TH,TH-55,55,Nan,จังหวัดน่าน,,numeric,2,False,True,True
TH,TH-56,56,Phayao,จังหวัดพะเยา,,numeric,2,False,True,True
TH,TH-57,57,Chiang Rai,จังหวัดเชียงราย,,numeric,2,False,True,True
TH,TH-58,58,Mae Hong Son,จังหวัดแม่ฮ่องสอน,,numeric,2,False,True,True
TH,TH-60,60,Nakhon Sawan,จังหวัดนครสวรรค์,,numeric,2,False,True,True
TH,TH-61,61,Uthai Thani,จังหวัดอุทัยธานี,,numeric,2,False,True,True
TH,TH-62,62,Kamphaeng Phet,จังหวัดกำแพงเพชร,,numeric,2,False,True,True
TH,TH-63,63,Tak,จังหวัดตาก,,numeric,2,False,True,True
TH,TH-64,64,Sukhothai,จังหวัดสุโขทัย,,numeric,2,False,True,True
TH,TH-65,65,Phitsanulok,จังหวัดพิษณุโลก,,numeric,2,False,True,True
TH,TH-66,66,Phichit,จังหวัดพิจิตร,,numeric,2,False,True,True
TH,TH-67,67,Phetchabun,จังหวัดเพชรบูรณ์,,numeric,2,False,True,True
TH,TH-70,70,Ratchaburi,จังหวัดราชบุรี,,numeric,2,False,True,True
TH,TH-71,71,Kanchanaburi,จังหวัดกาญจนบุรี,,numeric,2,False,True,True
TH,TH-72,72,Suphan Buri,จังหวัดสุพรรณบุรี,,numeric,2,False,True,True
TH,TH-73,73,Nakhon Pathom,จังหวัดนครปฐม,,numeric,2,False,True,True
TH,TH-74,74,Samut Sakhon,จังหวัดสมุทรสาคร,,numeric,2,False,True,True
TH,TH-75,75,Samut Songkhram,จังหวัดสมุทรสงคราม,,numeric,2,False,True,True
TH,TH-76,76,Phetchaburi,จังหวัดเพชรบุรี,,numeric,2,False,True,True
TH,TH-77,77,Prachuap Khiri Khan,จังหวัดประจวบคีรีขันธ์,,numeric,2,False,True,True
TH,TH-80,80,Nakhon Si Thammarat,จังหวัดนครศรีธรรมราช,,numeric,2,False,True,True
TH,TH-81,81,Krabi,จังหวัดกระบี่,,numeric,2,False,True,True
TH,TH-82,82,Phangnga,จังหวัดพังงา,,numeric,2,False,True,True
TH,TH-83,83,Phuket,จังหวัดภูเก็ต,,numeric,2,False,True,True
TH,TH-84,84,Surat Thani,จังหวัดสุราษฎร์ธานี,,numeric,2,False,True,True
TH,TH-85,85,Ranong,จังหวัดระนอง,,numeric,2,False,True,True
TH,TH-86,86,Chumphon,จังหวัดชุมพร,,numeric,2,False,True,True
TH,TH-90,90,Songkhla,จังหวัดสงขลา,,numeric,2,False,True,True
TH,TH-91,91,Satun,จังหวัดสตูล,,numeric,2,False,True,True
TH,TH-92,92,Trang,จังหวัดตรัง,,numeric,2,False,True,True
TH,TH-93,93,Phatthalung,จังหวัดพัทลุง,,numeric,2,False,True,True
TH,TH-94,94,Pattani,จังหวัดปัตตานี,,numeric,2,False,True,True
TH,TH-95,95,Yala,จังหวัดยะลา,,numeric,2,False,True,True
TH,TH-96,96,Narathiwat,จังหวัดนราธิวาส,,numeric,2,False,True,True
TH,TH-S,S,Pattaya,เมืองพัทยา,,alpha,1,False,False,True
TJ,TJ-DU,DU,Dushanbe,دوشنبه,,alpha,2,True,True,True
TJ,TJ-GB,GB,Gorno-Badakhshan Autonomous Region,Вилояти Мухтори Кӯҳистони Бадахшон,,alpha,2,True,False,True
TJ,TJ-KT,KT,Khatlon,Вилояти Хатлон,,alpha,2,False,True,True
TJ,TJ-RA,RA,Nohiyahoi Tobei Jumhuri,Ноҳияҳои тобеи ҷумҳурӣ,,alpha,2,False,True,True
TJ,TJ-SU,SU,Sughd,Вилояти Суғд,,alpha,2,True,True,True
TL,TL-AL,AL,Aileu municipality,,,alpha,2,False,False,True
TL,TL-AN,AN,Ainaro,,,alpha,2,False,True,True
TL,TL-BA,BA,Baucau Municipality,,,alpha,2,True,False,True
TL,TL-BO,BO,Bobonaro Municipality,,,alpha,2,True,False,True
TL,TL-CO,CO,Cova Lima,,,alpha,2,True,True,True
TL,TL-DI,DI,Dili,,,alpha,2,True,True,True
TL,TL-ER,ER,Ermera Municipality,,,alpha,2,True,False,True
TL,TL-LA,LA,Lautém Municipality,,,alpha,2,True,False,True
TL,TL-LI,LI,Liquiçá Municipality,,,alpha,2,True,False,True
TL,TL-MF,MF,Manufahi Municipality,,,alpha,2,False,False,True
TL,TL-MT,MT,Manatuto Municipality,,,alpha,2,False,False,True
TL,TL-OE,OE,Oe-Cusse Ambeno,Oecussi-Ambeno,,alpha,2,True,False,True
TL,TL-VI,VI,Viqueque Municipality,,,alpha,2,True,False,True
TM,TM-A,A,Ahal,Ahal welaýaty,,alpha,1,True,True,True
TM,TM-B,B,Balkan,,,alpha,1,True,True,True
TM,TM-D,D,Dasoguz,,,alpha,1,True,True,True
TM,TM-L,L,Lebap,,,alpha,1,True,True,True
TM,TM-M,M,Mary,,,alpha,1,True,True,True
TM,TM-S,S,Ashgabat,Aşgabat,,alpha,1,False,False,True
TN,TN-11,11,Tunis,ولاية تونس),,numeric,2,False,True,True
TN,TN-12,12,L'Ariana,ولاية أريانة,,numeric,2,False,True,True
TN,TN-13,13,Ben Arous,ولاية بن عروس,,numeric,2,False,True,True
TN,TN-14,14,La Manouba,,,numeric,2,False,True,True
TN,TN-21,21,Nabeul,ولاية نابل,,numeric,2,False,True,True
TN,TN-22,22,Zaghouan,ولاية زغوان,,numeric,2,False,True,True
TN,TN-23,23,Bizerte,ولاية بنزرت,,numeric,2,False,True,True
TN,TN-31,31,Beja,ولاية باجة,,numeric,2,False,True,True
TN,TN-32,32,Jendouba,ولاية جندوبة,,numeric,2,False,True,True
TN,TN-33,33,Le Kef,ولاية الكاف,,numeric,2,False,True,True
TN,TN-34,34,Siliana,ولاية سليانة,,numeric,2,False,True,True
TN,TN-41,41,Kairouan,ولاية القيروان,,numeric,2,False,True,True
TN,TN-42,42,Kasserine,ولاية القصرين,,numeric,2,False,True,True
TN,TN-43,43,Sidi Bouzid,ولاية سيدي بوزيد,,numeric,2,False,True,True
TN,TN-51,51,Sousse,ولاية سوسة,,numeric,2,False,True,True
TN,TN-52,52,Monastir,ولاية المنستــير,,numeric,2,False,True,True
TN,TN-53,53,Mahdia,ولاية المهدية,,numeric,2,False,True,True
TN,TN-61,61,Sfax,,,numeric,2,False,True,True
TN,TN-71,71,Gafsa,ولاية قفصة,,numeric,2,False,True,True
TN,TN-72,72,Tozeur,ولاية توزر,,numeric,2,False,True,True
TN,TN-73,73,Kebili,ولاية قبلي,,numeric,2,False,True,True
TN,TN-81,81,Gabes,ولاية قابس,,numeric,2,False,True,True
TN,TN-82,82,Medenine,ولاية مدنين,,numeric,2,False,True,True
TN,TN-83,83,Tataouine,ولاية تطاوين,,numeric,2,False,True,True
TO,TO-01,01,ʻEua district,,,numeric,2,False,False,True
TO,TO-02,02,Haʻapai district,,,numeric,2,False,False,True
TO,TO-03,03,Niuas,,,numeric,2,False,True,True
TO,TO-04,04,Tongatapu,,,numeric,2,False,True,True
TO,TO-05,05,Vava‘u,Vavaʻu,,numeric,2,False,False,True
TR,TR-01,01,Adana,Adana ili,,numeric,2,False,True,True
TR,TR-02,02,Adiyaman,Adıyaman ili,,numeric,2,False,True,True
TR,TR-03,03,Afyonkarahisar,Afyonkarahisar ili,,numeric,2,False,True,True
TR,TR-04,04,Agri,Ağrı il,,numeric,2,False,True,True
TR,TR-05,05,Amasya,Amasya ili,,numeric,2,False,True,True
TR,TR-06,06,Ankara,Ankara ili,,numeric,2,False,True,True
TR,TR-07,07,Antalya,Antalya ili,,numeric,2,False,True,True
TR,TR-08,08,Artvin,Artvin ili,,numeric,2,False,True,True
TR,TR-09,09,Aydin,Aydın ili,,numeric,2,False,True,True
TR,TR-10,10,Balikesir,Balıkesir ili,,numeric,2,False,True,True
TR,TR-11,11,Bilecik,Bilecik ili,,numeric,2,False,True,True
TR,TR-12,12,Bingol,Bingöl ili,,numeric,2,False,True,True
TR,TR-13,13,Bitlis,Bitlis ili,,numeric,2,False,True,True
TR,TR-14,14,Bolu,Bolu ili,,numeric,2,False,True,True
TR,TR-15,15,Burdur,Burdur ili,,numeric,2,False,True,True
TR,TR-16,16,Bursa,Bursa ili,,numeric,2,False,True,True
TR,TR-17,17,Canakkale,Çanakkale ili,,numeric,2,False,True,True
TR,TR-18,18,Cankiri,Çankırı ili,,numeric,2,False,True,True
TR,TR-19,19,Corum,Çorum ili,,numeric,2,False,True,True
TR,TR-20,20,Denizli,Denizli ili,,numeric,2,False,True,True
TR,TR-21,21,Diyarbakir,Diyarbakır ili,,numeric,2,False,True,True
TR,TR-22,22,Edirne,Edirne ili,,numeric,2,False,True,True
TR,TR-23,23,Elazig,Elâzığ ili,,numeric,2,False,True,True
TR,TR-24,24,Erzincan,Erzincan ili,,numeric,2,False,True,True
TR,TR-25,25,Erzurum,Erzurum ili,,numeric,2,False,True,True
TR,TR-26,26,Eskisehir,Eskişehir ili,,numeric,2,False,True,True
TR,TR-27,27,Gaziantep,,,numeric,2,False,True,True
TR,TR-28,28,Giresun,Giresun ili,,numeric,2,False,True,True
TR,TR-29,29,Gumushane,Gümüşhane ili,,numeric,2,False,True,True
TR,TR-30,30,Hakkari,Hakkâri ili,,numeric,2,False,True,True
TR,TR-31,31,Hatay,Hatay ili,,numeric,2,False,True,True
TR,TR-32,32,Isparta,Isparta ili,,numeric,2,False,True,True
TR,TR-33,33,Mersin,Mersin ili,,numeric,2,False,True,True
TR,TR-34,34,Istanbul,İstanbul ili,,numeric,2,False,True,True
TR,TR-35,35,Izmir,ازمیر ولایت,,numeric,2,False,True,True
TR,TR-36,36,Kars,Kars ili,,numeric,2,False,True,True
TR,TR-37,37,Kastamonu,Kastamonu ili,,numeric,2,False,True,True
TR,TR-38,38,Kayseri,Kayseri ili,,numeric,2,False,True,True
TR,TR-39,39,Kirklareli,Kirklareli ili,,numeric,2,False,True,True
TR,TR-40,40,Kirsehir,Kırşehir ili,,numeric,2,False,True,True
TR,TR-41,41,Kocaeli,Kocaeli ili,,numeric,2,False,True,True
TR,TR-42,42,Konya,Konya ili,,numeric,2,False,True,True
TR,TR-43,43,Kutahya,Kütahya ili,,numeric,2,False,True,True
TR,TR-44,44,Malatya,Malatya ili,,numeric,2,False,True,True
TR,TR-45,45,Manisa,Manisa ili,,numeric,2,False,True,True
TR,TR-46,46,Kahramanmaras,Kahramanmaraş ili,,numeric,2,False,True,True
TR,TR-47,47,Mardin,Mardin ili,,numeric,2,False,True,True
TR,TR-48,48,Mugla,Muğla ili,,numeric,2,False,True,True
TR,TR-49,49,Mus,Muş,,numeric,2,False,True,True
TR,TR-50,50,Nevsehir,Nevşehir ili,,numeric,2,False,True,True
TR,TR-51,51,Nigde,Niğde ili,,numeric,2,False,True,True
TR,TR-52,52,Ordu,Ordu ili,,numeric,2,False,True,True
TR,TR-53,53,Rize,Rize ili,,numeric,2,False,True,True
TR,TR-54,54,Sakarya,Sakarya ili,,numeric,2,False,True,True
TR,TR-55,55,Samsun,Samsun ili,,numeric,2,False,True,True
TR,TR-56,56,Siirt,Siirt ili,,numeric,2,False,True,True
TR,TR-57,57,Sinop,Sinop ili,,numeric,2,False,True,True
TR,TR-58,58,Sivas,Sivas ili,,numeric,2,False,True,True
TR,TR-59,59,Tekirdag,Tekirdağ ili,,numeric,2,False,True,True
TR,TR-60,60,Tokat,Tokat ili,,numeric,2,False,True,True
TR,TR-61,61,Trabzon,Trabzon ili,,numeric,2,False,True,True
TR,TR-62,62,Tunceli,Tunceli ili,,numeric,2,False,True,True
TR,TR-63,63,Sanliurfa,Şanlıurfa ili,,numeric,2,False,True,True
TR,TR-64,64,Usak,Uşak ili,,numeric,2,False,True,True
TR,TR-65,65,Van,Van ili,,numeric,2,False,True,True
TR,TR-66,66,Yozgat,Yozgat ili,,numeric,2,False,True,True
TR,TR-67,67,Zonguldak,Zonguldak ili,,numeric,2,False,True,True
TR,TR-68,68,Aksaray,Aksaray ili,,numeric,2,False,True,True
TR,TR-69,69,Bayburt,Bayburt ili,,numeric,2,False,True,True
TR,TR-70,70,Karaman,Karaman ili,,numeric,2,False,True,True
TR,TR-71,71,Kirikkale,Kırıkkale ili,,numeric,2,False,True,True
TR,TR-72,72,Batman,Batman ili,,numeric,2,False,True,True
TR,TR-73,73,Sirnak,Şırnak ili,,numeric,2,False,True,True
TR,TR-74,74,Bartin,Bartın ili,,numeric,2,False,True,True
TR,TR-75,75,Ardahan,Ardahan ili,,numeric,2,False,True,True
TR,TR-76,76,Igdir,Iğdır ili,,numeric,2,False,True,True
TR,TR-77,77,Yalova,Yalova ili,,numeric,2,False,True,True
TR,TR-78,78,Karabuk,Karabük ili,,numeric,2,False,True,True
TR,TR-79,79,Kilis,Kilis ili,,numeric,2,False,True,True
TR,TR-80,80,Osmaniye,Osmaniye ili,,numeric,2,False,True,True
TR,TR-81,81,Duzce,Düzce ili,,numeric,2,False,True,True
TT,TT-ARI,ARI,Arima,,,alpha,3,True,True,True
TT,TT-CHA,CHA,Chaguanas,,,alpha,3,True,True,True
TT,TT-CTT,CTT,Couva-Tabaquite-Talparo,,,alpha,3,True,True,True
TT,TT-DMN,DMN,Diego Martin,,,alpha,3,False,True,True
TT,TT-ETO,ETO,Eastern Tobago,,,alpha,3,True,False,True
TT,TT-MRC,MRC,Mayaro-Rio Claro,,,alpha,3,True,True,True
TT,TT-PED,PED,Penal-Debe,,,alpha,3,True,True,True
TT,TT-POS,POS,Port of Spain,Port of Spain,,alpha,3,True,True,True
TT,TT-PRT,PRT,Princes Town,,,alpha,3,True,True,True
TT,TT-PTF,PTF,Point Fortin,,,alpha,3,False,True,True
TT,TT-SFO,SFO,San Fernando,,,alpha,3,False,True,True
TT,TT-SGE,SGE,Sangre Grande,,,alpha,3,False,True,True
TT,TT-SIP,SIP,Siparia,,,alpha,3,True,True,True
TT,TT-SJL,SJL,San Juan-Laventille,,,alpha,3,True,True,True
TT,TT-TOB,TOB,Tobago,Tobago,,alpha,3,True,True,True
TT,TT-TUP,TUP,Tunapuna-Piarco,,,alpha,3,True,True,True
TT,TT-WTO,WTO,Western Tobago,,,alpha,3,True,False,True
TV,TV-FUN,FUN,Funafuti,,,alpha,3,True,True,True
TV,TV-NIT,NIT,Niutao,Niutao,TV-NIT,alpha,3,False,False,True
TV,TV-NKF,NKF,Nukufetau,,,alpha,3,False,False,True
TV,TV-NKL,NKL,Nukulaelae,,,alpha,3,False,False,True
TV,TV-NMA,NMA,Nanumea,,,alpha,3,False,False,True
TV,TV-NMG,NMG,Nanumanga,,,alpha,3,False,False,True
TV,TV-NUI,NUI,Nui,,,alpha,3,True,False,True
TV,TV-VAI,VAI,Vaitupu,,,alpha,3,True,False,True
TW,TW-CHA,CHA,Changhua,彰化縣,,alpha,3,True,True,True
TW,TW-CYI,CYI,Chiayi City,,,alpha,3,False,False,True
TW,TW-CYQ,CYQ,Chiayi,嘉義縣,,alpha,3,False,True,True
TW,TW-HSQ,HSQ,Hsinchu,新竹縣,,alpha,3,False,True,True
TW,TW-HSZ,HSZ,Hsinchu City,,,alpha,3,False,False,True
TW,TW-HUA,HUA,Hualien,花蓮縣,,alpha,3,True,True,True
TW,TW-ILA,ILA,Yilan,,,alpha,3,False,True,True
TW,TW-KEE,KEE,Keelung,基隆市,,alpha,3,True,True,True
TW,TW-KHH,KHH,Kaohsiung,高雄市,,alpha,3,False,True,True
TW,TW-KHQ,KHQ,Kaohsiung County,,,alpha,3,False,False,True
TW,TW-KIN,KIN,Kinmen,,,alpha,3,True,True,True
TW,TW-LIE,LIE,Lienchiang,,,alpha,3,True,True,True
TW,TW-MIA,MIA,Miaoli,,,alpha,3,True,True,True
TW,TW-NAN,NAN,Nantou,,,alpha,3,True,True,True
TW,TW-NWT,NWT,New Taipei,,,alpha,3,False,True,True
TW,TW-PEN,PEN,Penghu,,,alpha,3,True,True,True
TW,TW-PIF,PIF,Pingtung,,,alpha,3,False,True,True
TW,TW-TAO,TAO,Taoyuan,桃園市,,alpha,3,True,True,True
TW,TW-TNN,TNN,Tainan,,,alpha,3,False,True,True
TW,TW-TNQ,TNQ,Tainan County,,,alpha,3,False,False,True
TW,TW-TPE,TPE,Taipei,臺北市,,alpha,3,False,True,True
TW,TW-TTT,TTT,Taitung,,,alpha,3,False,True,True
TW,TW-TXG,TXG,Taichung,,,alpha,3,False,True,True
TW,TW-TXQ,TXQ,Taichung County,,,alpha,3,False,False,True
TW,TW-YUN,YUN,Yunlin,,,alpha,3,True,True,True
TZ,TZ-01,01,Arusha,,,numeric,2,False,True,True
TZ,TZ-02,02,Dar es Salaam,,,numeric,2,False,True,True
TZ,TZ-03,03,Dodoma,,,numeric,2,False,True,True
TZ,TZ-04,04,Iringa,,,numeric,2,False,True,True
TZ,TZ-05,05,Kagera,,,numeric,2,False,True,True
TZ,TZ-06,06,North Pemba Region,,,numeric,2,False,False,True
TZ,TZ-07,07,Kaskazini Unguja,,,numeric,2,False,True,True
TZ,TZ-08,08,Kigoma,,,numeric,2,False,True,True
TZ,TZ-09,09,Kilimanjaro,,,numeric,2,False,True,True
TZ,TZ-10,10,South Pemba Region,,,numeric,2,False,False,True
TZ,TZ-11,11,Kusini Unguja,,,numeric,2,False,True,True
TZ,TZ-12,12,Lindi,,,numeric,2,False,True,True
TZ,TZ-13,13,Mara,,,numeric,2,False,True,True
TZ,TZ-14,14,Mbeya,,,numeric,2,False,True,True
TZ,TZ-15,15,Mjini Magharibi,,,numeric,2,False,True,True
TZ,TZ-16,16,Morogoro,,,numeric,2,False,True,True
TZ,TZ-17,17,Mtwara,,,numeric,2,False,True,True
TZ,TZ-18,18,Mwanza,,,numeric,2,False,True,True
TZ,TZ-19,19,Pwani,Pwani,,numeric,2,False,True,True
TZ,TZ-20,20,Rukwa,,,numeric,2,False,True,True
TZ,TZ-21,21,Ruvuma,,,numeric,2,False,True,True
TZ,TZ-22,22,Shinyanga,Shinyanga,,numeric,2,False,True,True
TZ,TZ-23,23,Singida,,,numeric,2,False,True,True
TZ,TZ-24,24,Tabora,,,numeric,2,False,True,True
TZ,TZ-25,25,Tanga,Mkoa wa Tanga,,numeric,2,False,True,True
TZ,TZ-26,26,Manyara,,,numeric,2,False,True,True
TZ,TZ-27,27,Geita,,,numeric,2,False,True,True
TZ,TZ-28,28,Katavi,,,numeric,2,False,True,True
TZ,TZ-29,29,Njombe,,,numeric,2,False,True,True
TZ,TZ-30,30,Simiyu,,,numeric,2,False,True,True
TZ,TZ-31,31,Songwe Region,,,numeric,2,False,False,True
UA,UA-05,05,Vinnytska oblast,Вінницька область,,numeric,2,False,True,True
UA,UA-07,07,Volynska oblast,Волинська область,,numeric,2,False,True,True
UA,UA-09,09,Luhanska oblast,Луганська область,,numeric,2,False,True,True
UA,UA-12,12,Dnipropetrovska oblast,Дніпропетровська область,,numeric,2,False,True,True
UA,UA-14,14,Donetska oblast,Сталінська область,,numeric,2,False,True,True
UA,UA-18,18,Zhytomyrska oblast,Житомирська область,,numeric,2,False,True,True
UA,UA-21,21,Zakarpatska oblast,Закарпатска область,,numeric,2,False,True,True
UA,UA-23,23,Zaporizka oblast,Запорізька oбласть,,numeric,2,False,True,True
UA,UA-26,26,Ivano-Frankivska oblast,Івано-Франківська область,,numeric,2,False,True,True
UA,UA-30,30,Kyiv,Київ,,numeric,2,False,True,True
UA,UA-32,32,Kyivska oblast,Київська область,,numeric,2,False,True,True
UA,UA-35,35,Kirovohradska oblast,Кіровоградська область,,numeric,2,False,True,True
UA,UA-40,40,Sevastopol,Севастополь,,numeric,2,False,True,True
UA,UA-43,43,Avtonomna Respublika Krym,Автономна Республіка Крим,,numeric,2,False,True,True
UA,UA-46,46,Lvivska oblast,Львівська область,,numeric,2,False,True,True
UA,UA-48,48,Mykolaivska oblast,Миколаївська область,,numeric,2,False,True,True
UA,UA-51,51,Odeska oblast,Одеська область,,numeric,2,False,True,True
UA,UA-53,53,Poltavska oblast,Полтавська область,,numeric,2,False,True,True
UA,UA-56,56,Rivnenska oblast,Рівненська область,,numeric,2,False,True,True
UA,UA-59,59,Sumska oblast,Сумська область,,numeric,2,False,True,True
UA,UA-61,61,Ternopilska oblast,Терно́пільська о́бласть,,numeric,2,False,True,True
UA,UA-63,63,Kharkivska oblast,Харьковская область,,numeric,2,False,True,True
UA,UA-65,65,Khersonska oblast,Херсонська область,,numeric,2,False,True,True
UA,UA-68,68,Khmelnytska oblast,Хмельницька область,,numeric,2,False,True,True
UA,UA-71,71,Cherkaska oblast,Черкаська область,,numeric,2,False,True,True
UA,UA-74,74,Chernihivska oblast,Чернігівська область,,numeric,2,False,True,True
UA,UA-77,77,Chernivetska oblast,Чернівецька область,,numeric,2,False,True,True
UG,UG-101,101,Kalangala,,UG-C,numeric,3,False,True,True
UG,UG-102,102,Kampala,,UG-C,numeric,3,False,True,True
UG,UG-103,103,Kiboga,,UG-C,numeric,3,False,True,True
UG,UG-104,104,Luwero,,UG-C,numeric,3,False,True,True
UG,UG-105,105,Masaka,,UG-C,numeric,3,False,True,True
UG,UG-106,106,Mpigi,Mpigi,UG-C,numeric,3,False,True,True
UG,UG-107,107,Mubende,,UG-C,numeric,3,False,True,True
UG,UG-108,108,Mukono,,UG-C,numeric,3,False,True,True
UG,UG-109,109,Nakasongola,,UG-C,numeric,3,False,True,True
UG,UG-110,110,Rakai District,,UG-C,numeric,3,False,False,True
UG,UG-111,111,Ssembabule District,,UG-C,numeric,3,False,False,True
UG,UG-112,112,Kayunga,,UG-C,numeric,3,False,True,True
UG,UG-113,113,Wakiso,,UG-C,numeric,3,False,True,True
UG,UG-114,114,Lyantonde District,,UG-C,numeric,3,False,False,True
UG,UG-115,115,Mityana,,UG-C,numeric,3,False,True,True
UG,UG-116,116,Nakaseke,,UG-C,numeric,3,False,True,True
UG,UG-117,117,Buikwe,,UG-C,numeric,3,False,True,True
UG,UG-118,118,Bukomansimbi District,,UG-C,numeric,3,False,False,True
UG,UG-119,119,Butambala District,,UG-C,numeric,3,False,False,True
UG,UG-120,120,Buvuma,,UG-C,numeric,3,False,True,True
UG,UG-121,121,Gomba District,,UG-C,numeric,3,False,False,True
UG,UG-122,122,Kalungu,,UG-C,numeric,3,False,True,True
UG,UG-123,123,Kyankwanzi District,Kyankwanzi,UG-C,numeric,3,False,False,True
UG,UG-124,124,Lwengo District,Lwengo,UG-C,numeric,3,False,False,True
UG,UG-125,125,Kyotera District,,UG-C,numeric,3,False,False,True
UG,UG-201,201,Bugiri,,UG-E,numeric,3,False,True,True
UG,UG-202,202,Busia District,,UG-E,numeric,3,False,False,True
UG,UG-203,203,Iganga,,UG-E,numeric,3,False,True,True
UG,UG-204,204,Jinja,,UG-E,numeric,3,False,True,True
UG,UG-205,205,Kamuli,,UG-E,numeric,3,False,True,True
UG,UG-206,206,Kapchorwa,,UG-E,numeric,3,False,True,True
UG,UG-207,207,Katakwi District,,UG-E,numeric,3,False,False,True
UG,UG-208,208,Kumi District,,UG-E,numeric,3,False,False,True
UG,UG-209,209,Mbale,,UG-E,numeric,3,False,True,True
UG,UG-210,210,Pallisa,,UG-E,numeric,3,False,True,True
UG,UG-211,211,Soroti,,UG-E,numeric,3,False,True,True
UG,UG-212,212,Tororo District,,UG-E,numeric,3,False,False,True
UG,UG-213,213,Kaberamaido District,,UG-E,numeric,3,False,False,True
UG,UG-214,214,Mayuge,,UG-E,numeric,3,False,True,True
UG,UG-215,215,Sironko,,UG-E,numeric,3,False,True,True
UG,UG-216,216,Amuria District,,UG-E,numeric,3,False,False,True
UG,UG-217,217,Budaka District,,UG-E,numeric,3,False,False,True
UG,UG-218,218,Bududa District,,UG-E,numeric,3,False,False,True
UG,UG-219,219,Bukedea,,UG-E,numeric,3,False,True,True
UG,UG-220,220,Bukwo District,,UG-E,numeric,3,False,False,True
UG,UG-221,221,Butaleja District,,UG-E,numeric,3,False,False,True
UG,UG-222,222,Kaliro,,UG-E,numeric,3,False,True,True
UG,UG-223,223,Manafwa District,,UG-E,numeric,3,False,False,True
UG,UG-224,224,Namutumba District,,UG-E,numeric,3,False,False,True
UG,UG-225,225,Bulambuli District,,UG-E,numeric,3,False,False,True
UG,UG-226,226,Buyende District,,UG-E,numeric,3,False,False,True
UG,UG-227,227,Kibuku District,,UG-E,numeric,3,False,False,True
UG,UG-228,228,Kween District,,UG-E,numeric,3,False,False,True
UG,UG-229,229,Luuka District,,UG-E,numeric,3,False,False,True
UG,UG-230,230,Namayingo District,,UG-E,numeric,3,False,False,True
UG,UG-231,231,Ngora District,,UG-E,numeric,3,False,False,True
UG,UG-232,232,Serere District,,UG-E,numeric,3,False,False,True
UG,UG-233,233,Butebo District,,UG-E,numeric,3,False,False,True
UG,UG-234,234,Namisindwa District,,UG-E,numeric,3,False,False,True
UG,UG-237,237,Kalaki District,,UG-E,numeric,3,False,False,True
UG,UG-301,301,Adjumani District,,UG-N,numeric,3,False,False,True
UG,UG-302,302,Apac District,,UG-N,numeric,3,False,False,True
UG,UG-303,303,Arua,,UG-N,numeric,3,False,True,True
UG,UG-304,304,Gulu,,UG-N,numeric,3,False,True,True
UG,UG-305,305,Kitgum,,UG-N,numeric,3,False,True,True
UG,UG-306,306,Kotido District,,UG-N,numeric,3,False,False,True
UG,UG-307,307,Lira,,UG-N,numeric,3,False,True,True
UG,UG-308,308,Moroto District,,UG-N,numeric,3,False,False,True
UG,UG-309,309,Moyo District,,UG-N,numeric,3,False,False,True
UG,UG-310,310,Nebbi District,,UG-N,numeric,3,False,False,True
UG,UG-311,311,Nakapiripirit District,,UG-N,numeric,3,False,False,True
UG,UG-312,312,Pader District,,UG-N,numeric,3,False,False,True
UG,UG-313,313,Yumbe District,,UG-N,numeric,3,False,False,True
UG,UG-314,314,Abim District,,UG-N,numeric,3,False,False,True
UG,UG-315,315,Amolatar District,,UG-N,numeric,3,False,False,True
UG,UG-316,316,Amuru,,UG-N,numeric,3,False,True,True
UG,UG-317,317,Dokolo District,,UG-N,numeric,3,False,False,True
UG,UG-318,318,Kaabong District,,UG-N,numeric,3,False,False,True
UG,UG-319,319,Koboko District,,UG-N,numeric,3,False,False,True
UG,UG-320,320,Maracha District,,UG-N,numeric,3,False,False,True
UG,UG-321,321,Oyam,,UG-N,numeric,3,False,True,True
UG,UG-322,322,Agago District,,UG-N,numeric,3,False,False,True
UG,UG-323,323,Alebtong District,,UG-N,numeric,3,False,False,True
UG,UG-324,324,Amudat District,,UG-N,numeric,3,False,False,True
UG,UG-325,325,Kole District,,UG-N,numeric,3,False,False,True
UG,UG-326,326,Lamwo District,,UG-N,numeric,3,False,False,True
UG,UG-327,327,Napak District,,UG-N,numeric,3,False,False,True
UG,UG-328,328,Nwoya District,,UG-N,numeric,3,False,False,True
UG,UG-329,329,Otuke District,,UG-N,numeric,3,False,False,True
UG,UG-330,330,Zombo District,,UG-N,numeric,3,False,False,True
UG,UG-331,331,Omoro District,,UG-N,numeric,3,False,False,True
UG,UG-332,332,Pakwach District,,UG-N,numeric,3,False,False,True
UG,UG-335,335,Karenga District,,UG-N,numeric,3,False,False,True
UG,UG-336,336,Madi-Okollo District,,UG-N,numeric,3,False,False,True
UG,UG-337,337,Obongi District,,UG-N,numeric,3,False,False,True
UG,UG-401,401,Bundibugyo District,Bundibugyo,UG-W,numeric,3,False,False,True
UG,UG-402,402,Bushenyi District,,UG-W,numeric,3,False,False,True
UG,UG-403,403,Hoima,,UG-W,numeric,3,False,True,True
UG,UG-404,404,Kabale,,UG-W,numeric,3,False,True,True
UG,UG-405,405,Kabarole,,UG-W,numeric,3,False,True,True
UG,UG-406,406,Kasese,,UG-W,numeric,3,False,True,True
UG,UG-407,407,Kibaale,,UG-W,numeric,3,False,True,True
UG,UG-408,408,Kisoro,,UG-W,numeric,3,False,True,True
UG,UG-409,409,Masindi,,UG-W,numeric,3,False,True,True
UG,UG-410,410,Mbarara,,UG-W,numeric,3,False,True,True
UG,UG-411,411,Ntungamo,,UG-W,numeric,3,False,True,True
UG,UG-412,412,Rukungiri,,UG-W,numeric,3,False,True,True
UG,UG-413,413,Kamwenge,,UG-W,numeric,3,False,True,True
UG,UG-414,414,Kanungu District,,UG-W,numeric,3,False,False,True
UG,UG-415,415,Kyenjojo,,UG-W,numeric,3,False,True,True
UG,UG-416,416,Buliisa,,UG-W,numeric,3,False,True,True
UG,UG-417,417,Ibanda District,,UG-W,numeric,3,False,False,True
UG,UG-418,418,Isingiro District,,UG-W,numeric,3,False,False,True
UG,UG-419,419,Kiruhura,,UG-W,numeric,3,False,True,True
UG,UG-420,420,Buhweju District,,UG-W,numeric,3,False,False,True
UG,UG-421,421,Kiryandongo District,,UG-W,numeric,3,False,False,True
UG,UG-422,422,Kyegegwa District,,UG-W,numeric,3,False,False,True
UG,UG-423,423,Mitooma District,,UG-W,numeric,3,False,False,True
UG,UG-424,424,Ntoroko District,,UG-W,numeric,3,False,False,True
UG,UG-425,425,Rubirizi District,,UG-W,numeric,3,False,False,True
UG,UG-426,426,Sheema District,,UG-W,numeric,3,False,False,True
UG,UG-427,427,Kagadi District,,UG-W,numeric,3,False,False,True
UG,UG-428,428,Kakumiro District,,UG-W,numeric,3,False,False,True
UG,UG-429,429,Rubanda District,,UG-W,numeric,3,False,False,True
UG,UG-430,430,Bunyangabu District,,UG-W,numeric,3,False,False,True
UG,UG-431,431,Rukiga District,,UG-W,numeric,3,False,False,True
UG,UG-433,433,Kazo District,,UG-W,numeric,3,False,False,True
UG,UG-434,434,Kitagwenda District,,UG-W,numeric,3,False,False,True
UG,UG-435,435,Rwampara district,,UG-W,numeric,3,False,False,True
UG,UG-C,C,Central Region,,,alpha,1,True,False,True
UG,UG-E,E,Eastern Region,,,alpha,1,True,False,True
UG,UG-N,N,Northern Region,,,alpha,1,True,False,True
UG,UG-W,W,Western Region,,,alpha,1,True,False,True
UM,UM-67,67,Johnston Atoll,Johnston Atoll,US-UM,numeric,2,False,False,True
UM,UM-71,71,Midway Atoll,Midway Atoll,US-UM,numeric,2,False,False,True
UM,UM-76,76,Navassa Island,Navassa Island,US-UM,numeric,2,False,False,True
UM,UM-79,79,Wake Island,Ānen Kio,US-UM,numeric,2,False,False,True
UM,UM-81,81,Baker Island,Baker Island,US-UM,numeric,2,False,False,True
UM,UM-84,84,Howland Island,Howland Island,US-UM,numeric,2,False,False,True
UM,UM-86,86,Jarvis Island,Jarvis Island,US-UM,numeric,2,False,False,True
UM,UM-89,89,Kingman Reef,Kingman Reef,US-UM,numeric,2,False,False,True
UM,UM-95,95,Palmyra Atoll,Palmyra Atoll,US-UM,numeric,2,False,True,True
US,US-AK,AK,Alaska,Alaska,,alpha,2,False,True,True
US,US-AL,AL,Alabama,Alabama,,alpha,2,True,True,True
US,US-AR,AR,Arkansas,Arkansas,,alpha,2,True,True,True
US,US-AS,AS,American Samoa,Amerika Sāmoa,,alpha,2,True,False,True
US,US-AZ,AZ,Arizona,Arizona,,alpha,2,False,True,True
US,US-CA,CA,California,California,,alpha,2,True,True,True
US,US-CO,CO,Colorado,Colorado,,alpha,2,True,True,True
US,US-CT,CT,Connecticut,Connecticut,,alpha,2,False,True,True
US,US-DC,DC,District of Columbia,District of Columbia,,alpha,2,False,True,True
US,US-DE,DE,Delaware,Delaware,,alpha,2,True,True,True
US,US-FL,FL,Florida,Florida,,alpha,2,True,True,True
US,US-GA,GA,Georgia,Georgia,,alpha,2,False,True,True
US,US-GU,GU,Guam,Guåhan,,alpha,2,True,False,True
US,US-HI,HI,Hawaii,Hawaiʻi,,alpha,2,False,True,True
US,US-IA,IA,Iowa,Iowa,,alpha,2,False,True,True
US,US-ID,ID,Idaho,Idaho,,alpha,2,True,True,True
US,US-IL,IL,Illinois,Illinois,,alpha,2,True,True,True
US,US-IN,IN,Indiana,Indiana,,alpha,2,True,True,True
US,US-KS,KS,Kansas,Kansas,,alpha,2,False,True,True
US,US-KY,KY,Kentucky,Kentucky,,alpha,2,False,True,True
US,US-LA,LA,Louisiana,Louisiana,,alpha,2,False,True,True
US,US-MA,MA,Massachusetts,Massachusetts,,alpha,2,True,True,True
US,US-MD,MD,Maryland,Maryland,,alpha,2,False,True,True
US,US-ME,ME,Maine,Maine,,alpha,2,False,True,True
US,US-MI,MI,Michigan,Michigan,,alpha,2,True,True,True
US,US-MN,MN,Minnesota,Minnesota,,alpha,2,False,True,True
US,US-MO,MO,Missouri,Missouri,,alpha,2,False,True,True
US,US-MP,MP,Northern Mariana Islands,Notte Mariånas,,alpha,2,False,False,True
US,US-MS,MS,Mississippi,Mississippi,,alpha,2,False,True,True
US,US-MT,MT,Montana,Montana,,alpha,2,False,True,True
US,US-NC,NC,North Carolina,North Carolina,,alpha,2,True,True,True
US,US-ND,ND,North Dakota,North Dakota,,alpha,2,True,True,True
US,US-NE,NE,Nebraska,Nebraska,,alpha,2,True,True,True
US,US-NH,NH,New Hampshire,New Hampshire,,alpha,2,True,True,True
US,US-NJ,NJ,New Jersey,New Jersey,,alpha,2,True,True,True
US,US-NM,NM,New Mexico,New Mexico,,alpha,2,True,True,True
US,US-NV,NV,Nevada,Nevada,,alpha,2,False,True,True
US,US-NY,NY,New York,New York,,alpha,2,True,True,True
US,US-OH,OH,Ohio,Ohio,,alpha,2,True,True,True
US,US-OK,OK,Oklahoma,Oklahoma,,alpha,2,True,True,True
US,US-OR,OR,Oregon,Oregon,,alpha,2,True,True,True
US,US-PA,PA,Pennsylvania,Pennsylvania,,alpha,2,False,True,True
US,US-PR,PR,Puerto Rico,Puerto Rico,,alpha,2,True,False,True
US,US-RI,RI,Rhode Island,Rhode Island,,alpha,2,True,True,True
US,US-SC,SC,South Carolina,South Carolina,,alpha,2,True,True,True
US,US-SD,SD,South Dakota,South Dakota,,alpha,2,True,True,True
US,US-TN,TN,Tennessee,Tennessee,,alpha,2,False,True,True
US,US-TX,TX,Texas,Texas,,alpha,2,False,True,True
US,US-UM,UM,United States Minor Outlying Islands,,,alpha,2,False,False,True
US,US-UT,UT,Utah,Utah,,alpha,2,True,True,True
US,US-VA,VA,Virginia,Virginia,,alpha,2,False,True,True
US,US-VT,VT,Vermont,Vermont,,alpha,2,False,True,True
US,US-WA,WA,Washington,Washington,,alpha,2,True,True,True
US,US-WI,WI,Wisconsin,Wisconsin,,alpha,2,True,True,True
US,US-WV,WV,West Virginia,West Virginia,,alpha,2,True,True,True
US,US-WY,WY,Wyoming,Wyoming,,alpha,2,True,True,True
UY,UY-AR,AR,Artigas,Artigas,,alpha,2,True,True,True
UY,UY-CA,CA,Canelones,Departamento de Canelones,,alpha,2,True,True,True
UY,UY-CL,CL,Cerro Largo,,,alpha,2,True,True,True
UY,UY-CO,CO,Colonia,,,alpha,2,True,True,True
UY,UY-DU,DU,Durazno,,,alpha,2,True,True,True
UY,UY-FD,FD,Florida,,,alpha,2,False,True,True
UY,UY-FS,FS,Flores,,,alpha,2,False,True,True
UY,UY-LA,LA,Lavalleja,,,alpha,2,True,True,True
UY,UY-MA,MA,Maldonado,,,alpha,2,True,True,True
UY,UY-MO,MO,Montevideo,,,alpha,2,True,True,True
UY,UY-PA,PA,Paysandu,,,alpha,2,True,True,True
UY,UY-RN,RN,Rio Negro,,,alpha,2,True,True,True
UY,UY-RO,RO,Rocha,,,alpha,2,True,True,True
UY,UY-RV,RV,Rivera,,,alpha,2,False,True,True
UY,UY-SA,SA,Salto,,,alpha,2,True,True,True
UY,UY-SJ,SJ,San Jose,,,alpha,2,True,True,True
UY,UY-SO,SO,Soriano,,,alpha,2,True,True,True
UY,UY-TA,TA,Tacuarembo,,,alpha,2,True,True,True
UY,UY-TT,TT,Treinta y Tres,,,alpha,2,False,True,True
UZ,UZ-AN,AN,Andijon,Andijon viloyati,,alpha,2,True,True,True
UZ,UZ-BU,BU,Buxoro,Buxoro viloyati,,alpha,2,True,True,True
UZ,UZ-FA,FA,Farg'ona,Farg‘ona viloyati,,alpha,2,True,True,True
UZ,UZ-JI,JI,Jizzax,Jizzax viloyati,,alpha,2,True,True,True
UZ,UZ-NG,NG,Namangan,Namangan viloyati,,alpha,2,False,True,True
UZ,UZ-NW,NW,Navoiy,Navoiy viloyati,,alpha,2,False,True,True
UZ,UZ-QA,QA,Qashqadaryo,Qashqadaryo viloyati,,alpha,2,True,True,True
UZ,UZ-QR,QR,Qoraqalpog'iston Respublikasi,Qoraqalpog'iston Respublikasi,,alpha,2,False,True,True
UZ,UZ-SA,SA,Samarqand,Samarqand viloyati,,alpha,2,True,True,True
UZ,UZ-SI,SI,Sirdaryo Region,Sirdaryo viloyati,,alpha,2,True,False,True
UZ,UZ-SU,SU,Surxondaryo,Surxondaryo viloyati,,alpha,2,True,True,True
UZ,UZ-TK,TK,Toshkent,Тошкент,,alpha,2,False,True,True
UZ,UZ-TO,TO,Tashkent Region,Toshkent viloyati,,alpha,2,False,False,True
UZ,UZ-XO,XO,Xorazm,Xorazm viloyati,,alpha,2,True,True,True
VC,VC-01,01,Charlotte,,,numeric,2,False,True,True
VC,VC-02,02,Saint Andrew Parish,,,numeric,2,False,False,True
VC,VC-03,03,Saint David,,,numeric,2,False,True,True
VC,VC-04,04,Saint George,,,numeric,2,False,True,True
VC,VC-05,05,Saint Patrick,,,numeric,2,False,True,True
VC,VC-06,06,Grenadines,Grenadines Parish,,numeric,2,False,True,True
VE,VE-A,A,Distrito Capital,,,alpha,1,False,True,True
VE,VE-B,B,Anzoategui,,,alpha,1,False,True,True
VE,VE-C,C,Apure,,,alpha,1,False,True,True
VE,VE-D,D,Aragua,Aragua,,alpha,1,False,True,True
VE,VE-E,E,Barinas,,,alpha,1,False,True,True
VE,VE-F,F,Bolivar,,,alpha,1,False,True,True
VE,VE-G,G,Carabobo,Estado Carabobo,,alpha,1,False,True,True
VE,VE-H,H,Cojedes,,,alpha,1,False,True,True
VE,VE-I,I,Falcon,Falcón,,alpha,1,False,True,True
VE,VE-J,J,Guarico,,,alpha,1,False,True,True
VE,VE-K,K,Lara,Estado Lara,,alpha,1,False,True,True
VE,VE-L,L,Merida,,,alpha,1,False,True,True
VE,VE-M,M,Miranda,,,alpha,1,True,True,True
VE,VE-N,N,Monagas,,,alpha,1,False,True,True
VE,VE-O,O,Nueva Esparta,Estado Nueva Esparta,,alpha,1,False,True,True
VE,VE-P,P,Portuguesa,,,alpha,1,True,True,True
VE,VE-R,R,Sucre,,,alpha,1,False,True,True
VE,VE-S,S,Tachira,,,alpha,1,False,True,True
VE,VE-T,T,Trujillo,Estado Trujillo,,alpha,1,True,True,True
VE,VE-U,U,Yaracuy,,,alpha,1,False,True,True
VE,VE-V,V,Zulia,,,alpha,1,False,True,True
VE,VE-W,W,Federal Dependencies,Dependencias Federales,,alpha,1,False,False,True
VE,VE-X,X,La Guaira state,,,alpha,1,False,False,True
VE,VE-Y,Y,Delta Amacuro,,,alpha,1,False,True,True
VE,VE-Z,Z,Amazonas,,,alpha,1,False,True,True
VN,VN-01,01,Lai Chau,,,numeric,2,False,True,True
VN,VN-02,02,Lao Cai,,,numeric,2,False,True,True
VN,VN-03,03,Ha Giang,,,numeric,2,False,True,True
VN,VN-04,04,Cao Bang,,,numeric,2,False,True,True
VN,VN-05,05,Son La,,,numeric,2,False,True,True
VN,VN-06,06,Yen Bai,,,numeric,2,False,True,True
VN,VN-07,07,Tuyen Quang,,,numeric,2,False,True,True
VN,VN-09,09,Lang Son,,,numeric,2,False,True,True
VN,VN-13,13,Quang Ninh,,,numeric,2,False,True,True
VN,VN-14,14,Hoa Binh,,,numeric,2,False,True,True
VN,VN-15,15,Hà Tây,,,numeric,2,False,False,True
VN,VN-18,18,Ninh Binh,,,numeric,2,False,True,True
VN,VN-20,20,Thai Binh,,,numeric,2,False,True,True
VN,VN-21,21,Thanh Hoa,Tỉnh Thanh Hóa,,numeric,2,False,True,True
VN,VN-22,22,Nghe An,,,numeric,2,False,True,True
VN,VN-23,23,Ha Tinh,Hà Tĩnh,,numeric,2,False,True,True
VN,VN-24,24,Quang Binh,,,numeric,2,False,True,True
VN,VN-25,25,Quang Tri,,,numeric,2,False,True,True
VN,VN-26,26,Thua Thien-Hue,Huế,,numeric,2,False,True,True
VN,VN-27,27,Quang Nam,,,numeric,2,False,True,True
VN,VN-28,28,Kon Tum,,,numeric,2,False,True,True
VN,VN-29,29,Quang Ngai,,,numeric,2,False,True,True
VN,VN-30,30,Gia Lai,,,numeric,2,False,True,True
VN,VN-31,31,Binh Dinh,,,numeric,2,False,True,True
VN,VN-32,32,Phu Yen,,,numeric,2,False,True,True
VN,VN-33,33,Dak Lak,,,numeric,2,False,True,True
VN,VN-34,34,Khanh Hoa,,,numeric,2,False,True,True
VN,VN-35,35,Lam Dong,,,numeric,2,False,True,True
VN,VN-36,36,Ninh Thuan,,,numeric,2,False,True,True
VN,VN-37,37,Tay Ninh,,,numeric,2,False,True,True
VN,VN-39,39,Dong Nai,,,numeric,2,False,True,True
VN,VN-40,40,Binh Thuan,,,numeric,2,False,True,True
VN,VN-41,41,Long An,ខេត្តកំពង់គោ,,numeric,2,False,True,True
VN,VN-43,43,Ba Ria - Vung Tau,,,numeric,2,False,True,True
VN,VN-44,44,An Giang,ខេត្តមាត់ជ្រូក,,numeric,2,False,True,True
VN,VN-45,45,Dong Thap,ខេត្តផ្សារដែក,,numeric,2,False,True,True
VN,VN-46,46,Tien Giang,,,numeric,2,False,True,True
VN,VN-47,47,Kien Giang,ខេត្តក្រមួនស,,numeric,2,False,True,True
VN,VN-49,49,Vinh Long,,,numeric,2,False,True,True
VN,VN-50,50,Ben Tre,,,numeric,2,False,True,True
VN,VN-51,51,Tra Vinh,,,numeric,2,False,True,True
VN,VN-52,52,Soc Trang,,,numeric,2,False,True,True
VN,VN-53,53,Bac Kan,,,numeric,2,False,True,True
VN,VN-54,54,Bac Giang,,,numeric,2,False,True,True
VN,VN-55,55,Bac Lieu,ខេត្តពលលាវ,,numeric,2,False,True,True
VN,VN-56,56,Bac Ninh,,,numeric,2,False,True,True
VN,VN-57,57,Binh Duong,,,numeric,2,False,True,True
VN,VN-58,58,Binh Phuoc,,,numeric,2,False,True,True
VN,VN-59,59,Ca Mau,ខេត្តទឹកខ្មៅ,,numeric,2,False,True,True
VN,VN-61,61,Hai Duong,,,numeric,2,False,True,True
VN,VN-63,63,Ha Nam,,,numeric,2,False,True,True
VN,VN-66,66,Hung Yen,,,numeric,2,False,True,True
VN,VN-67,67,Nam Dinh,,,numeric,2,False,True,True
VN,VN-68,68,Phu Tho,,,numeric,2,False,True,True
VN,VN-69,69,Thai Nguyen,,,numeric,2,False,True,True
VN,VN-70,70,Vinh Phuc,,,numeric,2,False,True,True
VN,VN-71,71,Dien Bien,Điện Biên,,numeric,2,False,True,True
VN,VN-72,72,Dak Nong,,,numeric,2,False,True,True
VN,VN-73,73,Hậu Giang,,,numeric,2,False,False,True
VN,VN-CT,CT,Can Tho,Cần Thơ,,alpha,2,True,True,True
VN,VN-DN,DN,Da Nang,Đà Nẵng,,alpha,2,True,True,True
VN,VN-HN,HN,Ha Noi,Hà Nội,,alpha,2,True,True,True
VN,VN-HP,HP,Hai Phong,Hải Phòng,,alpha,2,True,True,True
VN,VN-SG,SG,Ho Chi Minh,ក្រុងព្រៃនគរ,,alpha,2,False,True,True
VU,VU-MAP,MAP,Malampa,Malampa,,alpha,3,False,False,True
VU,VU-PAM,PAM,Penama,,,alpha,3,False,True,True
VU,VU-SAM,SAM,Sanma,,,alpha,3,False,False,True
VU,VU-SEE,SEE,Shefa,,,alpha,3,False,True,True
VU,VU-TAE,TAE,Tafea,,,alpha,3,False,True,True
VU,VU-TOB,TOB,Torba,,,alpha,3,False,True,True
WF,WF-AL,AL,Alo,Alo,FR-WF,alpha,2,True,False,True
WF,WF-SG,SG,Sigave,Sigave,FR-WF,alpha,2,False,True,True
WF,WF-UV,UV,Uvea,Uvea,FR-WF,alpha,2,True,True,True
WS,WS-AA,AA,A'ana,A'ana,,alpha,2,True,False,True
WS,WS-AL,AL,Aiga-i-le-Tai,,,alpha,2,False,False,True
WS,WS-AT,AT,Atua,Atua,,alpha,2,True,True,True
WS,WS-FA,FA,Fa'asaleleaga,,,alpha,2,True,True,True
WS,WS-GE,GE,Gaga'emauga,,,alpha,2,True,False,True
WS,WS-GI,GI,Gaga'ifomauga,,,alpha,2,True,False,True
WS,WS-PA,PA,Palauli,,,alpha,2,True,False,True
WS,WS-SA,SA,Satupa'itea,,,alpha,2,True,False,True
WS,WS-TU,TU,Tuamasaga,,,alpha,2,True,True,True
WS,WS-VF,VF,Va'a-o-Fonoti,,,alpha,2,False,False,True
WS,WS-VS,VS,Vaisigano,,,alpha,2,False,False,True
YE,YE-AB,AB,Abyan,,,alpha,2,True,True,True
YE,YE-AD,AD,'Adan,عدن,,alpha,2,True,True,True
YE,YE-AM,AM,'Amran,,,alpha,2,True,True,True
YE,YE-BA,BA,Al Bayda',,,alpha,2,False,True,True
YE,YE-DA,DA,Ad Dali',الضالع,,alpha,2,False,True,True
YE,YE-DH,DH,Dhamar,,,alpha,2,True,True,True
YE,YE-HD,HD,Hadramawt,,,alpha,2,False,True,True
YE,YE-HJ,HJ,Hajjah,,,alpha,2,False,True,True
YE,YE-HU,HU,Al Hudaydah,,,alpha,2,False,True,True
YE,YE-IB,IB,Ibb,,,alpha,2,True,True,True
YE,YE-JA,JA,Al Jawf Governorate,,,alpha,2,False,False,True
YE,YE-LA,LA,Lahij,,,alpha,2,True,True,True
YE,YE-MA,MA,Ma'rib,,,alpha,2,True,True,True
YE,YE-MR,MR,Al Mahrah,,,alpha,2,False,True,True
YE,YE-MW,MW,Al Mahwit Governorate,,,alpha,2,False,False,True
YE,YE-RA,RA,Raymah Governorate,,,alpha,2,True,False,True
YE,YE-SA,SA,Amanat al 'Asimah,,,alpha,2,False,True,True
YE,YE-SD,SD,Sa'dah,,,alpha,2,True,True,True
YE,YE-SH,SH,Shabwah,,,alpha,2,True,True,True
YE,YE-SN,SN,San'a',,,alpha,2,False,True,True
YE,YE-SU,SU,Socotra Archipelago Governorate,,,alpha,2,False,False,True
YE,YE-TA,TA,Ta'izz,تعز,,alpha,2,True,True,True
YU,YU-CG,CG,Republic of Montenegro,,,alpha,2,False,False,True
YU,YU-SR,SR,Republic of Serbia,,,alpha,2,False,False,True
ZA,ZA-EC,EC,Eastern Cape,Oos-Kaap,,alpha,2,True,True,True
ZA,ZA-FS,FS,Free State,IPhondo yaFreyistata,,alpha,2,True,True,True
ZA,ZA-GP,GP,Gauteng,Gauteng,,alpha,2,False,True,True
ZA,ZA-KZN,KZN,Kwazulu-Natal,KwaZulu-Natal,,alpha,3,False,True,True
ZA,ZA-LP,LP,Limpopo,Limpopo,,alpha,2,False,True,True
ZA,ZA-MP,MP,Mpumalanga,iMpumalanga,,alpha,2,True,True,True
ZA,ZA-NC,NC,Northern Cape,IPhondo yaseMntla-Koloni,,alpha,2,True,True,True
ZA,ZA-NW,NW,North-West,,,alpha,2,True,True,True
ZA,ZA-WC,WC,Western Cape,Western Cape,,alpha,2,True,True,True
ZM,ZM-01,01,Western,,,numeric,2,False,True,True
ZM,ZM-02,02,Central,,,numeric,2,False,True,True
ZM,ZM-03,03,Eastern,,,numeric,2,False,True,True
ZM,ZM-04,04,Luapula,,,numeric,2,False,True,True
ZM,ZM-05,05,Northern,,,numeric,2,False,True,True
ZM,ZM-06,06,North-Western,,,numeric,2,False,True,True
ZM,ZM-07,07,Southern,,,numeric,2,False,True,True
ZM,ZM-08,08,Copperbelt,Copperbelt Province,,numeric,2,False,True,True
ZM,ZM-09,09,Lusaka,,,numeric,2,False,True,True
ZM,ZM-10,10,Muchinga Province,,,numeric,2,False,False,True
ZW,ZW-BU,BU,Bulawayo,,,alpha,2,True,True,True
ZW,ZW-HA,HA,Harare,,,alpha,2,True,True,True
ZW,ZW-MA,MA,Manicaland,,,alpha,2,True,True,True
ZW,ZW-MC,MC,Mashonaland Central,Mashonaland Central Province,,alpha,2,True,True,True
ZW,ZW-ME,ME,Mashonaland East,,,alpha,2,True,True,True
ZW,ZW-MI,MI,Midlands,,,alpha,2,True,True,True
ZW,ZW-MN,MN,Matabeleland North,,,alpha,2,True,True,True
ZW,ZW-MS,MS,Matabeleland South,,,alpha,2,True,True,True
ZW,ZW-MV,MV,Masvingo,,,alpha,2,False,True,True
ZW,ZW-MW,MW,Mashonaland West,Mashonaland West Province,,alpha,2,True,True,True
