admin2_id,name,type,admin2_id_admin1,admin2_id_source,admin2_id_wikidata,name_original
AD-AL,Andorra la Vella,parish of Andorra,,pinned,Q2522163,
AD-CA,Canillo,parish of Andorra,,pinned,Q24260,
AD-EE,Escaldes-Engordany,parish of Andorra,,pinned,Q24286,Les Escaldes i Engordany
AD-EN,Encamp,parish of Andorra,,pinned,Q24269,Encamp
AD-LM,La Massana,parish of Andorra,,pinned,Q24276,
AD-OR,Ordino,parish of Andorra,,pinned,Q24272,
AD-SJ,Sant Julià de Lòria,parish of Andorra,,pinned,Q24282,Sant Julià de Lòria
AE-AD,Abu Dhabi,Emirate,,initials,,
AE-AJ,Ajman,Emirate,,anchor,,
AE-DU,Dubai,Emirate,,name,,
AE-FU,Fujairah,Emirate,,name,,
AE-RK,Ras Al-Khaimah,Emirate,,initials,,
AE-SH,Sharjah,Emirate,,name,,
AE-UQ,Umm al-Qaywayn,Emirate,,anchor,,
AF-BA,Badakhshan,province of Afghanistan,,pinned,Q165376,
AF-BD,Badghis,province of Afghanistan,,pinned,Q172052,
AF-BG,Baghlan,province of Afghanistan,,pinned,Q170309,
AF-BL,Balkh,province of Afghanistan,,pinned,Q121104,
AF-BM,Bamyan,province of Afghanistan,,pinned,Q171382,
AF-DA,Daykundi,province of Afghanistan,,pinned,Q181220,دایکندی
AF-FA,Faryab,province of Afghanistan,,pinned,Q173830,فاریاب
AF-FR,Farah,province of Afghanistan,,pinned,Q180330,
AF-GH,Ghazni,province of Afghanistan,,pinned,Q180415,
AF-GO,Ghor,province of Afghanistan,,pinned,Q186392,
AF-HE,Helmand,province of Afghanistan,,name,Q173821,
AF-HR,Herat,province of Afghanistan,,skeleton,Q182844,هرات
AF-JO,Jowzjan,province of Afghanistan,,name,Q183036,
AF-KA,Kabul,province of Afghanistan,,pinned,Q188933,کابل
AF-KH,Khost,province of Afghanistan,,pinned,Q185752,خوست
AF-KN,Kandahar,province of Afghanistan,,pinned,Q173808,کندهار ولايت
AF-KP,Kapisa,province of Afghanistan,,pinned,Q173816,کاپیسا
AF-KR,Kunar,province of Afghanistan,,pinned,Q188147,کونړ
AF-KU,Kunduz,province of Afghanistan,,pinned,Q186418,کندز
AF-LA,Laghman,province of Afghanistan,,pinned,Q185442,لغمان
AF-LO,Logar,province of Afghanistan,,pinned,Q6667298,
AF-MW,Maidan Wardak,province of Afghanistan,,initials,Q183056,دایکندی
AF-NA,Nangarhar,province of Afghanistan,,pinned,Q178471,
AF-NM,Nimruz,province of Afghanistan,,skeleton,Q183021,نیمروز
AF-NU,Nuristan,province of Afghanistan,,pinned,Q167485,
AF-PK,Paktika,province of Afghanistan,,pinned,Q185575,پکتیکا
AF-PN,Panjshir,province of Afghanistan,,pinned,Q181235,
AF-PR,Parwan,province of Afghanistan,,pinned,Q188157,
AF-PT,Paktia,province of Afghanistan,,any2,Q182493,پکتيا
AF-SA,Samangan,province of Afghanistan,,pinned,Q183015,
AF-SE,Sar-e Pol,province of Afghanistan,,compound.alt,Q182487,سر پل
AF-TA,Takhar,province of Afghanistan,,pinned,Q186395,
AF-UR,Uruzgan,province of Afghanistan,,pinned,Q183028,
AF-ZA,Zabul,province of Afghanistan,,pinned,Q139126,
AG-BA,Barbuda,dependency of Antigua and Barbuda,,pinned,Q238752,Baabyuuda
AG-RE,Redonda,dependency of Antigua and Barbuda,,pinned,Q457261,Redonda
AG-SA,Saint Peter,parish of Antigua and Barbuda,,pinned,Q1952603,
AG-SG,Saint George,parish of Antigua and Barbuda,,pinned,Q1770796,
AG-SI,Saint Philip,parish of Antigua and Barbuda,,pinned,Q1996895,
AG-SJ,Saint John,parish of Antigua and Barbuda,,pinned,Q548816,
AG-SM,Saint Mary,parish of Antigua and Barbuda,,pinned,Q1999872,
AG-SP,Saint Paul,parish of Antigua and Barbuda,,pinned,Q386093,
AI-BL,"Blowing Point, Anguilla",administrative territorial entity of Anguilla,,any2,Q4928593,
AI-EE,East End,administrative territorial entity of Anguilla,,pinned,Q5328283,
AI-FA,The Farrington,administrative territorial entity of Anguilla,,pinned,Q7733473,
AI-GE,"George Hill, Anguilla",administrative territorial entity of Anguilla,,any2,Q5540604,
AI-IH,Island Harbour,administrative territorial entity of Anguilla,,pinned,Q6083157,
AI-NO,"North Hill, Anguilla",administrative territorial entity of Anguilla,,any2,Q7055619,
AI-NR,"North Side, Anguilla",administrative territorial entity of Anguilla,,any2,Q7056734,
AI-QU,The Quarter,administrative territorial entity of Anguilla,,pinned,Q7758898,
AI-SD,"Sandy Hill, Anguilla",administrative territorial entity of Anguilla,,any2,Q7417283,
AI-SG,Stoney Ground,administrative territorial entity of Anguilla,,pinned,Q7619412,
AI-SN,Sandy Ground,administrative territorial entity of Anguilla,,pinned,Q2989314,
AI-SU,"South Hill, Anguilla",administrative territorial entity of Anguilla,,any2,Q7567466,
AI-VA,The Valley,administrative territorial entity of Anguilla,,pinned,Q30994,The Valley
AI-WS,"West End, Anguilla",administrative territorial entity of Anguilla,,any2,Q7985024,
AL-BR,Berat,County,,anchor,,
AL-DI,Dibër,County,,anchor,,
AL-DR,Durrës,County,,anchor,,
AL-EL,Elbasan,County,,anchor,,
AL-FR,Fier,County,,anchor,,
AL-GJ,Gjirokastër,County,,anchor,,
AL-KO,Korçë,County,,anchor,,
AL-KU,Kukës,County,,anchor,,
AL-LE,Lezhë,County,,anchor,,
AL-SH,Shkodër,County,,anchor,,
AL-TI,Tiranë,County,,name,,
AL-VL,Vlorë,County,,anchor,,
AM-AA,Aragatsotn,province of Armenia,,pinned,Q17915,Արագածոտնի մարզ
AM-AR,Ararat,province of Armenia,,pinned,Q199880,Արարատի մարզ
AM-AV,Armavir,province of Armenia,,pinned,Q201147,
AM-GE,Gegharkunik,province of Armenia,,pinned,Q199905,Գեղարքունիքի մարզ
AM-KT,Kotayk,province of Armenia,,pinned,Q4511,Կոտայքի մարզ
AM-LO,Lori,province of Armenia,,pinned,Q200350,
AM-SH,Shirak,province of Armenia,,pinned,Q201063,Շիրակի մարզ
AM-SU,Syunik,province of Armenia,,pinned,Q2523428,Սյունիքի մարզ
AM-TA,Tavush,province of Armenia,,pinned,Q201140,
AM-VD,Vayots Dzor,province of Armenia,,pinned,Q200124,Վայոց Ձորի մարզ
AM-YE,Yerevan,first-level administrative division,,name,Q1953,Երևան
AO-BE,Benguela,Province,,name,,
AO-BI,Bié,Province,,name,,
AO-BN,Bengo,Province,,skeleton,,
AO-CA,Cabinda,Province,,name,,
AO-CC,Cuando Cubango,Province,,initials,,
AO-CN,Cuanza Norte,Province,,initials,,
AO-CS,Cuanza Sul,Province,,initials,,
AO-CU,Cunene,Province,,name,,
AO-HM,Huambo,Province,,skeleton,,
AO-HU,Huíla,Province,,name,,
AO-LN,Lunda Norte,Province,,initials,,
AO-LS,Lunda Sul,Province,,initials,,
AO-LU,Luanda,Province,,name,,
AO-MA,Malanje,Province,,name,,
AO-MO,Moxico,Province,,name,,
AO-NA,Namibe,Province,,name,,
AO-UI,Uíge,Province,,name,,
AO-ZA,Zaire,Province,,name,,
AR-BA,Buenos Aires,city of Argentina,,pinned,Q1486,Ciudad Autónoma de Buenos Aires
AR-BU,Buenos Aires,province of Argentina,,any2,Q44754,Provincia de Buenos Aires
AR-CA,Catamarca,province of Argentina,,pinned,Q44756,Provincia de Catamarca
AR-CH,Chaco,province of Argentina,,pinned,Q44757,Provincia del Chaco
AR-CO,Córdoba,province of Argentina,,pinned,Q44759,Provincia de Córdoba
AR-CR,Corrientes,province of Argentina,,pinned,Q44758,Provincia de Corrientes
AR-CU,Chubut,province of Argentina,,pinned,Q45007,Talaith Chubut
AR-ER,Entre Ríos,province of Argentina,,pinned,Q44762,Provincia de Entre Ríos
AR-FO,Formosa,province of Argentina,,pinned,Q44761,Provincia de Formosa
AR-JU,Jujuy,province of Argentina,,pinned,Q44764,Provincia du Jujuy
AR-ME,Mendoza,province of Argentina,,pinned,Q44797,Provincia de Mendoza
AR-MI,Misiones,province of Argentina,,pinned,Q44798,Provincia de Misiones
AR-NE,Neuquén,province of Argentina,,pinned,Q44800,Provincia de Neuquén
AR-PA,La Pampa,province of Argentina,,pinned,Q44795,Provincia de La Pampa
AR-RI,La Rioja,province of Argentina,,pinned,Q44796,Provincia de La Rioja
AR-RN,Río Negro,province of Argentina,,pinned,Q44802,Provincia de Río Negro
AR-SA,Salta,province of Argentina,,pinned,Q44803,Provincia de Salta
AR-SC,Santa Cruz,province of Argentina,,pinned,Q44821,Provincia de Santa Cruz
AR-SE,Santiago del Estero,province of Argentina,,pinned,Q44827,Provincia de Santiago del Estero
AR-SF,Santa Fe,province of Argentina,,pinned,Q44823,
AR-SJ,San Juan,province of Argentina,,pinned,Q44805,Provincia de San Juan
AR-SL,San Luis,province of Argentina,,pinned,Q44818,Provincia de San Luis
AR-TI,"Tierra del Fuego, Antártida e Islas del Atlántico Sur",province of Argentina,,any2,Q44832,"Provincia de Tierra del Fuego, Antártida e Islas del Atlántico Sur"
AR-TU,Tucumán,province of Argentina,,pinned,Q44829,Provincia de Tucumán
AS-EA,Eastern,district of American Samoa,,pinned,Q2625563,
AS-EV,East Vaifanua,county of American Samoa,,initials,Q21847650,
AS-MN,Manuʻa,district of American Samoa,,any2,Q1247537,
AS-RA,Rose Atoll,unorganized atoll of American Samoa,,initials,Q1636779,
AS-SI,Swains Island,unorganized atoll of American Samoa,,initials,Q1128488,Olosega
AS-WE,Western,district of American Samoa,,pinned,Q2437227,
AT-BU,Burgenland,federal state of Austria,,pinned,Q43210,Gradišće
AT-KA,Kärnten,federal state of Austria,,pinned,Q37985,Kärnten
AT-NI,Niederösterreich,federal state of Austria,,pinned,Q42497,Niederösterreich
AT-OB,Oberösterreich,federal state of Austria,,pinned,Q41967,
AT-SA,Salzburg,federal state of Austria,,pinned,Q43325,
AT-ST,Steiermark,federal state of Austria,,pinned,Q41358,Štajerska
AT-TI,Tirol,federal state of Austria,,pinned,Q42880,Tirol
AT-VO,Vorarlberg,federal state of Austria,,pinned,Q38981,Vorarlberg
AT-WI,Wien,federal state of Austria,,pinned,Q1741,Wien
AU-AC,Ashmore and Cartier Islands,Territory,,conjunction,,
AU-AU,Australian Capital Territory,Territory,,any2,,
AU-CS,Coral Sea Islands Territory,Territory,,initials,,
AU-JB,Jervis Bay Territory,Territory,,initials,,
AU-NS,New South Wales,State,,qualifier,,
AU-NT,Northern Territory,Territory,,anchor,,
AU-QU,Queensland,State,,name,,
AU-SA,South Australia,State,,anchor,,
AU-TA,Tasmania,State,,name,,
AU-VI,Victoria,State,,name,,
AU-WA,Western Australia,State,,anchor,,
AX-BR,Brändö,municipality of Finland,,name,Q179706,
AX-EC,Eckerö,municipality of Finland,,name,Q51909,
AX-FI,Finström,municipality of Finland,,name,Q51914,
AX-FO,Föglö,municipality of Finland,,name,Q179722,
AX-GE,Geta,municipality of Finland,,name,Q134675,
AX-HA,Hammarland,municipality of Finland,,name,Q134685,Hammarland
AX-JO,Jomala,municipality of Finland,,name,Q176178,
AX-KO,Kökar,municipality of Finland,,name,Q179730,
AX-KU,Kumlinge,municipality of Finland,,name,Q179726,
AX-LE,Lemland,municipality of Finland,,name,Q176186,
AX-LU,Lumparland,municipality of Finland,,name,Q176191,Lumparland
AX-MA,Mariehamn,municipality of Finland,,pinned,Q48329,Mariehamn
AX-SA,Saltvik,municipality of Finland,,name,Q176196,
AX-SO,Sottunga,municipality of Finland,,name,Q179739,
AX-SU,Sund,municipality of Finland,,name,Q176201,Sund
AX-VA,Vårdö,municipality of Finland,,name,Q179749,
AZ-AB,Absheron,Region,,name,,
AZ-AR,Aran,Region,,name,,
AZ-DS,Daglig-Shirvan,Region,,initials,,
AZ-GQ,Ganja-Qazakh,Region,,initials,,
AZ-KL,Kalbajar-Lachin,Region,,initials,,
AZ-LA,Lankaran,Region,,anchor,,
AZ-NV,Nakhchivan,Region,,anchor,,
AZ-QK,Quba-Khachmaz,Region,,initials,,
AZ-SZ,Shaki-Zaqatala,Region,,initials,,
AZ-YK,Yukhari-Karabakh,Region,,initials,,
BA-BR,Brčko,District,,name,,
BA-FB,Federacija Bosna i Hercegovina,Entity,,initials,,
BA-RS,Repuplika Srpska,Entity,,initials,,
BB-CHC,Christ Church,parish of Barbados,,pinned,Q1626524,Christ Church
BB-SAA,Saint Andrew,parish of Barbados,,pinned,Q1647439,Saint-Andrew
BB-SAG,Saint George,parish of Barbados,,pinned,Q1647443,
BB-SAI,Saint Joseph,parish of Barbados,,pinned,Q550249,Saint Joseph
BB-SAJ,Saint James,parish of Barbados,,pinned,Q592141,
BB-SAL,Saint Lucy,parish of Barbados,,pinned,Q1647447,
BB-SAM,Saint Michael,parish of Barbados,,pinned,Q819170,
BB-SAP,Saint Philip,parish of Barbados,,pinned,Q1647436,
BB-SAT,Saint Thomas,parish of Barbados,,pinned,Q1647432,
BB-SJO,Saint John,parish of Barbados,,pinned,Q1626540,
BB-SPE,Saint Peter,parish of Barbados,,pinned,Q932723,
BD-BA,Barisal,division of Bangladesh,,pinned,Q459723,
BD-CA,Chattogram,division of Bangladesh,,any2,Q158087,
BD-DH,Dhaka,division of Bangladesh,,pinned,Q330158,
BD-KH,Khulna,division of Bangladesh,,pinned,Q501696,
BD-MY,Mymensingh,division of Bangladesh,,pinned,Q19594930,
BD-RA,Rajshahi,division of Bangladesh,,pinned,Q379382,
BD-RN,Rangpur,division of Bangladesh,,pinned,Q876023,
BD-SY,Sylhet,division of Bangladesh,,pinned,Q459732,
BE-BC,Bruxelles-Capitale,region of Belgium,,initials,Q240,Brussel
BE-FL,flamande,region of Belgium,,name,Q9337,Vlaanderen
BE-WL,wallonne,region of Belgium,,skeleton,Q231,
BF-BA,Bankui,region of Burkina Faso,,name,Q527093,
BF-DJ,Djôrô,region of Burkina Faso,,name,Q429149,
BF-GO,Goulmou,region of Burkina Faso,,name,Q850088,
BF-GU,Guiriko,region of Burkina Faso,,name,Q845303,Hauts-Bassins
BF-KA,Kadiogo,region of Burkina Faso,,name,Q515655,
BF-KU,Kuilsé,region of Burkina Faso,,name,Q850064,
BF-LI,Liptako,region of Burkina Faso,,name,Q665514,
BF-NA,Nakambé,region of Burkina Faso,,name,Q543006,
BF-ND,Nando,region of Burkina Faso,,skeleton,Q850075,
BF-NZ,Nazinon,region of Burkina Faso,,skeleton,Q853405,
BF-OU,Oubri,region of Burkina Faso,,name,Q862606,
BF-TA,Tannounyan,region of Burkina Faso,,name,Q850043,
BF-TP,Tapoa,region of Burkina Faso,,skeleton,Q621983,Tapoa
BF-YA,Yaadga,region of Burkina Faso,,name,Q502320,Nord
BG-BL,Blagoevgrad,oblast of Bulgaria,,pinned,Q804311,Област Благоевград
BG-BU,Burgas,oblast of Bulgaria,,pinned,Q369220,Burgaz ili
BG-DO,Dobrich,oblast of Bulgaria,,pinned,Q907395,
BG-GA,Gabrovo,oblast of Bulgaria,,pinned,Q1007272,
BG-HA,Haskovo,oblast of Bulgaria,,pinned,Q182809,Хасково
BG-KA,Kardzhali,oblast of Bulgaria,,pinned,Q1104675,Kırcaali
BG-KY,Kyustendil,oblast of Bulgaria,,pinned,Q1112985,Област Кюстендил
BG-LO,Lovech,oblast of Bulgaria,,pinned,Q6587068,
BG-MO,Montana,oblast of Bulgaria,,pinned,Q2012057,
BG-PA,Pazardzhik,oblast of Bulgaria,,pinned,Q2012227,
BG-PE,Pleven,oblast of Bulgaria,,pinned,Q2012242,Плевен
BG-PL,Plovdiv,oblast of Bulgaria,,pinned,Q187874,
BG-PR,Pernik,oblast of Bulgaria,,pinned,Q2012234,
BG-RA,Razgrad,oblast of Bulgaria,,pinned,Q2790675,
BG-RU,Ruse,oblast of Bulgaria,,pinned,Q1251933,
BG-SF,Sofia,oblast of Bulgaria,,skeleton,Q202904,
BG-SH,Shumen,oblast of Bulgaria,,pinned,Q184981,Област Шумен
BG-SI,Silistra,oblast of Bulgaria,,pinned,Q2012423,Област Силистра
BG-SL,Sliven,oblast of Bulgaria,,pinned,Q113120,
BG-SM,Smolyan,oblast of Bulgaria,,pinned,Q2012430,Smolyan ili
BG-SO,Sofia,oblast of Bulgaria,,pinned,Q1585725,Област София (столица)
BG-SZ,Stara Zagora,oblast of Bulgaria,,pinned,Q2012583,
BG-TA,Targovishte,oblast of Bulgaria,,pinned,Q2012589,Област Търговище
BG-VA,Varna,oblast of Bulgaria,,pinned,Q183487,Област Варна
BG-VI,Vidin,oblast of Bulgaria,,pinned,Q2012772,Област Видин
BG-VR,Vratsa,oblast of Bulgaria,,pinned,Q2012785,Област Враца
BG-VT,Veliko Tarnovo,oblast of Bulgaria,,pinned,Q2012621,
BG-YA,Yambol,oblast of Bulgaria,,pinned,Q220736,
BH-CA,Capital,governorate of Bahrain,,pinned,Q528953,محافظة العاصمة
BH-MU,Muharraq,governorate of Bahrain,,pinned,Q375630,
BH-NO,Northern,governorate of Bahrain,,pinned,Q840445,
BH-SO,Southern,governorate of Bahrain,,pinned,Q838532,
BI-BH,Buhumuza,province,,skeleton,Q131844468,Buhumuza
BI-BT,Butanyerera,province,,skeleton,Q131844755,Butanyerera
BI-BU,Burunga,province of Burundi,,name,Q131844612,Burundi
BI-GI,Gitega,province of Burundi,,pinned,Q720843,Gitega
BI-RM,Rumonge,province of Burundi,,anchor,Q20669646,Rumonge
BJ-AK,Atacora,department of Benin,,anchor,Q29154,
BJ-AL,Alibori,department of Benin,,pinned,Q29165,
BJ-AQ,Atlantique,department of Benin,,pinned,Q29147,
BJ-BO,Borgou,department of Benin,,pinned,Q29136,
BJ-CF,Couffo,department of Benin,,skeleton,Q29173,Couffo
BJ-CO,Collines,department of Benin,,pinned,Q29141,Collines
BJ-DO,Donga,department of Benin,,pinned,Q29161,
BJ-LI,Littoral,department of Benin,,pinned,Q29158,
BJ-MO,Mono,department of Benin,,pinned,Q29135,
BJ-OU,Ouémé,department of Benin,,pinned,Q29169,
BJ-PL,Plateau,department of Benin,,pinned,Q32108,
BJ-ZO,Zou,department of Benin,,pinned,Q29172,Zou
BM-DE,Devonshire,parish of Bermuda,,pinned,Q1207018,
BM-GS,St. George's Parish,parish of Bermuda,,saintless.compound.alt,Q1521745,
BM-HI,Hamilton,municipality of Bermuda,,any2,Q30985,Hamilton
BM-HL,Hamilton Parish,parish of Bermuda,,any2,Q289876,
BM-PA,Paget,parish of Bermuda,,pinned,Q2046204,
BM-PE,Pembroke,parish of Bermuda,,pinned,Q1756036,
BM-SA,Sandys,parish of Bermuda,,pinned,Q121782,Sandys Parish
BM-SM,Smith's,parish of Bermuda,,pinned,Q1735847,
BM-SO,Southampton,parish of Bermuda,,pinned,Q1323054,
BM-ST,St. George's,municipality of Bermuda,,any2,Q28063,
BM-WA,Warwick,parish of Bermuda,,pinned,Q1468860,
BN-BE,Belait,district of Brunei Darussalam,,pinned,Q40395,Belait
BN-BR,Brunei-Muara,district of Brunei Darussalam,,any2,Q153009,Daerah Brunei dan Muara
BN-TE,Temburong,district of Brunei Darussalam,,pinned,Q263285,Daerah Temburong
BN-TU,Tutong,district of Brunei Darussalam,,pinned,Q40398,
BO-BE,Beni,department of Bolivia,,pinned,Q233169,Beni
BO-CH,Chuquisaca,department of Bolivia,,pinned,Q235110,
BO-CO,Cochabamba,department of Bolivia,,pinned,Q233917,Cochabamba
BO-OR,Oruro,department of Bolivia,,pinned,Q1061368,
BO-PA,La Paz,department of Bolivia,,pinned,Q272784,La Paz
BO-PN,Pando,department of Bolivia,,pinned,Q235362,
BO-PO,Potosí,department of Bolivia,,pinned,Q238079,
BO-SC,Santa Cruz,department of Bolivia,,pinned,Q235106,Santa Cruz
BO-TA,Tarija,department of Bolivia,,pinned,Q233933,
BR-AC,Acre,federative unit of Brazil,,pinned,Q40780,Acre
BR-AL,Alagoas,federative unit of Brazil,,pinned,Q40885,Alagoas
BR-AM,Amazonas,federative unit of Brazil,,pinned,Q40040,Estado do Amazonas
BR-AP,Amapá,federative unit of Brazil,,pinned,Q40130,Amapá
BR-BA,Bahia,federative unit of Brazil,,pinned,Q40430,Bahia
BR-CE,Ceará,federative unit of Brazil,,pinned,Q40123,
BR-DF,Federal,federative unit of Brazil,,pinned,Q119158,
BR-ES,Espírito Santo,federative unit of Brazil,,pinned,Q43233,Espírito Santo
BR-GO,Goiás,federative unit of Brazil,,pinned,Q41587,
BR-MA,Maranhão,federative unit of Brazil,,pinned,Q42362,
BR-MG,Minas Gerais,federative unit of Brazil,,pinned,Q39109,Estat de Minas Gerais
BR-MS,Mato Grosso do Sul,federative unit of Brazil,,pinned,Q43319,
BR-MT,Mato Grosso,federative unit of Brazil,,pinned,Q42824,Mato Grosso
BR-PA,Pará,federative unit of Brazil,,pinned,Q39517,
BR-PB,Paraíba,federative unit of Brazil,,pinned,Q38088,
BR-PE,Pernambuco,federative unit of Brazil,,pinned,Q40942,
BR-PI,Piauí,federative unit of Brazil,,pinned,Q42722,
BR-PR,Paraná,federative unit of Brazil,,pinned,Q15499,
BR-RJ,Rio de Janeiro,federative unit of Brazil,,pinned,Q41428,
BR-RN,Rio Grande do Norte,federative unit of Brazil,,pinned,Q43255,
BR-RO,Rondônia,federative unit of Brazil,,pinned,Q43235,
BR-RR,Roraima,federative unit of Brazil,,pinned,Q42508,
BR-RS,Rio Grande do Sul,federative unit of Brazil,,pinned,Q40030,Rio Grande do Sul
BR-SC,Santa Catarina,federative unit of Brazil,,pinned,Q41115,
BR-SE,Sergipe,federative unit of Brazil,,pinned,Q43783,
BR-SP,São Paulo,federative unit of Brazil,,pinned,Q175,São Paulo
BR-TO,Tocantins,federative unit of Brazil,,pinned,Q43695,
BS-AK,Acklins,district of The Bahamas,,pinned,Q122687952,
BS-BM,Bimini,district of The Bahamas,,skeleton,Q863476,
BS-BP,Black Point,district of The Bahamas,,pinned,Q2525298,
BS-BY,Berry Islands,district of The Bahamas,,pinned,Q827173,
BS-CE,Central Eleuthera,district of The Bahamas,,pinned,Q938518,
BS-CI,Cat Island,district of The Bahamas,,pinned,Q1050154,
BS-CK,Crooked Island,district of The Bahamas,,pinned,Q1140993,
BS-CO,Central Abaco,district of The Bahamas,,pinned,Q2525371,
BS-CS,Central Andros,district of The Bahamas,,pinned,Q2096558,
BS-EG,East Grand Bahama,district of The Bahamas,,pinned,Q2630334,
BS-EX,Exuma,district of The Bahamas,,pinned,Q1385577,
BS-FR,Freeport,district of The Bahamas,,name,Q867573,
BS-GC,Grand Cay,district of The Bahamas,,pinned,Q2524373,
BS-GT,Green Turtle Cay,district of The Bahamas,,anchor,Q3249446,
BS-HI,Harbour Island,district of The Bahamas,,pinned,Q2357510,
BS-HO,Hope,district of The Bahamas,,name,Q2699709,
BS-IN,Inagua,district of The Bahamas,,pinned,Q1353668,
BS-MC,Mangrove Cay,district of The Bahamas,,pinned,Q2702334,
BS-MG,Mayaguana,district of The Bahamas,,pinned,Q21712462,
BS-MI,Moore's Island,district of The Bahamas,,pinned,Q21713445,
BS-NE,North Eleuthera,district of The Bahamas,,pinned,Q2705535,
BS-NO,North Abaco,district of The Bahamas,,pinned,Q623327,
BS-NP,New Providence,capital district or territory,,pinned,Q3339000,
BS-NS,North Andros,district of The Bahamas,,pinned,Q2699411,
BS-RC,Rum Cay,district of The Bahamas,,pinned,Q21713441,
BS-RI,Ragged Island,district of The Bahamas,,pinned,Q1532634,
BS-SA,South Andros,district of The Bahamas,,pinned,Q2408672,
BS-SE,South Eleuthera,district of The Bahamas,,pinned,Q2699715,
BS-SO,South Abaco,district of The Bahamas,,pinned,Q2703192,
BS-SS,San Salvador Island,district of The Bahamas,,pinned,Q845540,
BS-SW,Spanish Wells,district of The Bahamas,,pinned,Q1771681,
BS-WG,West Grand Bahama,district of The Bahamas,,pinned,Q2702338,
BT-BU,Bumthang,district of Bhutan,,pinned,Q463242,
BT-CU,Chukha,district of Bhutan,,any2,Q652754,
BT-DA,Dagana,district of Bhutan,,pinned,Q735146,དར་དཀར་ན་རྫོང་ཁག་
BT-GA,Gasa,district of Bhutan,,pinned,Q578294,
BT-HA,Haa,district of Bhutan,,pinned,Q754448,
BT-LU,Lhuntse,district of Bhutan,,any2,Q598793,
BT-MN,Mongar,district of Bhutan,,skeleton,Q389734,
BT-PA,Paro,district of Bhutan,,pinned,Q652784,སྤ་རོ་རྫོང་ཁག
BT-PE,Pemagatshel,district of Bhutan,,name,Q167279,
BT-PU,Punakha,district of Bhutan,,pinned,Q587062,སྤུ་ན་ཁ་རྫོང་ཁག
BT-SA,Samtse,district of Bhutan,,pinned,Q728917,བསམ་རྩེ་རྫོང་ཁག་
BT-SJ,Samdrup Jongkhar,district of Bhutan,,pinned,Q728929,
BT-SR,Sarpang,district of Bhutan,,pinned,Q728947,གསར་སྤང་རྫོང་ཁག་
BT-TA,Trashiyangtse,district of Bhutan,,any2,Q600200,
BT-TH,Thimphu,district of Bhutan,,pinned,Q254889,
BT-TO,Trongsa,district of Bhutan,,pinned,Q728938,
BT-TR,Trashigang,district of Bhutan,,pinned,Q652773,
BT-TS,Tsirang,district of Bhutan,,pinned,Q728922,
BT-WP,Wangdue Phodrang,district of Bhutan,,pinned,Q728933,དབང་འདུས་ཕོ་བྲང་རྫོང་ཁག
BT-ZH,Zhemgang,district of Bhutan,,pinned,Q197564,
BW-CE,Central,District,,anchor,,
BW-CH,Chobe,District,,anchor,,
BW-FR,Francistown,City,,anchor,,
BW-GA,Gaborone,City,,anchor,,
BW-GH,Ghanzi,District,,anchor,,
BW-JW,Jwaneng,Town,,anchor,,
BW-KG,Kgalagadi,District,,anchor,,
BW-KL,Kgatleng,District,,anchor,,
BW-KW,Kweneng,District,,anchor,,
BW-LO,Lobatse,Town,,anchor,,
BW-NE,North-East,District,,anchor,,
BW-NW,North-West,District,,anchor,,
BW-SE,South-East,District,,anchor,,
BW-SO,Southern,District,,anchor,,
BW-SP,Selibe Phikwe,Town,,initials,,
BW-ST,Sowa,Town,,anchor,,
BY-BY,Byerastsye,region of Belarus,,name,Q173822,Брэсцкая вобласць
BY-GO,Gomel,region of Belarus,,pinned,Q188732,Гомельская вобласць
BY-HR,Horadnia,region of Belarus,,anchor,Q191061,Гродненская область
BY-MA,Mahilyow,region of Belarus,,name,Q189822,Магілёўская вобласць
BY-MK,Minsk,administrative territorial entity of Belarus,,any2,Q2280,Мінск
BY-MS,Minsk,region of Belarus,,any2,Q192959,Мінская вобласць
BY-VI,Vitebsk,region of Belarus,,pinned,Q185700,Віцебская вобласць
BZ-BZ,Belize,Q138499196,,pinned,Q506056,
BZ-CO,Corozal,Q138499196,,pinned,Q512273,
BZ-CY,Cayo,Q138499196,,pinned,Q508773,
BZ-OW,Orange Walk,district of Belize,,pinned,Q506036,
BZ-SC,Stann Creek,Q138499196,,pinned,Q502652,
BZ-TO,Toledo,Q138499196,,pinned,Q506049,
CA-AB,Alberta,province of Canada,,pinned,Q1951,Alberta
CA-BC,British Columbia,province of Canada,,pinned,Q1973,British Columbia
CA-MB,Manitoba,province of Canada,,pinned,Q1948,Manitoba
CA-NB,New Brunswick,province of Canada,,pinned,Q1965,New Brunswick
CA-NL,Newfoundland and Labrador,province of Canada,,pinned,Q2003,Terre-Neuve-et-Labrador
CA-NS,Nova Scotia,province of Canada,,pinned,Q1952,Alba Nuadh
CA-NT,Northwest Territories,territory of Canada,,pinned,Q2007,Dënéndeh
CA-NU,Nunavut,territory of Canada,,pinned,Q2023,ᓄᓇᕗᑦ
CA-ON,Ontario,province of Canada,,pinned,Q1904,Ontario
CA-PE,Prince Edward Island,province of Canada,,pinned,Q1978,Île-du-Prince-Édouard
CA-QC,Quebec,province of Canada,,pinned,Q176,Québec
CA-SK,Saskatchewan,province of Canada,,pinned,Q1989,Saskatchewan
CA-YT,Yukon,territory of Canada,,pinned,Q2009,
CD-BC,Kongo central,Province of the Democratic Republic of the Congo,,pinned,Q1043494,
CD-BU,Bas-Uele,Province of the Democratic Republic of the Congo,,pinned,Q652056,
CD-EQ,Équateur,Province of the Democratic Republic of the Congo,,pinned,Q988104,
CD-HK,Haut-Katanga,Province of the Democratic Republic of the Congo,,pinned,Q130268,Haut-Katanga
CD-HL,Haut-Lomami,Province of the Democratic Republic of the Congo,,pinned,Q605672,Haut-Lomami
CD-HU,Haut-Uele,Province of the Democratic Republic of the Congo,,pinned,Q751632,
CD-IT,Ituri,Province of the Democratic Republic of the Congo,,pinned,Q24909562,
CD-KC,Kasaï central,Province of the Democratic Republic of the Congo,,pinned,Q6702952,
CD-KE,Kasaï oriental,Province of the Democratic Republic of the Congo,,pinned,Q917992,
CD-KG,Kwango,Province of the Democratic Republic of the Congo,,pinned,Q24205498,
CD-KI,Kinshasa,first-level administrative division,,name,Q3838,Kinshasa
CD-KL,Kwilu,Province of the Democratic Republic of the Congo,,pinned,Q559537,
CD-KN,Kinshasa,province,,pinned,Q2994115,Kinshasa
CD-KS,Kasaï,Province of the Democratic Republic of the Congo,,pinned,Q6373961,
CD-LL,Lulua,district of the Democratic Republic of the Congo,,any2,Q209706,
CD-LM,Lomani,Province of the Democratic Republic of the Congo,,skeleton,Q241886,
CD-LU,Lualaba,Province of the Democratic Republic of the Congo,,pinned,Q1159531,
CD-MA,Maniema,Province of the Democratic Republic of the Congo,,pinned,Q130566,
CD-MN,Mai-Ndombe,Province of the Democratic Republic of the Congo,,pinned,Q1163429,
CD-MO,Mongala,Province of the Democratic Republic of the Congo,,pinned,Q847527,
CD-NK,Nord-Kivu,Province of the Democratic Republic of the Congo,,pinned,Q130625,Mkoa wa Kivu Kaskazini
CD-NU,Nord-Ubangi,Province of the Democratic Republic of the Congo,,pinned,Q843312,
CD-SA,Sankuru,Province of the Democratic Republic of the Congo,,pinned,Q209829,
CD-SK,Sud-Kivu,Province of the Democratic Republic of the Congo,,pinned,Q488326,Intara ya Kivu y’Amajyepfo
CD-SU,Sud-Ubangi,Province of the Democratic Republic of the Congo,,pinned,Q834551,
CD-TA,Tanganyika,Province of the Democratic Republic of the Congo,,pinned,Q826585,
CD-TO,Tshopo,Province of the Democratic Republic of the Congo,,pinned,Q630900,
CD-TU,Tshuapa,Province of the Democratic Republic of the Congo,,pinned,Q427246,
CF-AC,Ouham,prefecture of the Central African Republic,,pinned,Q726620,
CF-BA,Bangui,prefecture of the Central African Republic,,pinned,Q3832,Bangui
CF-BB,Bamingui-Bangoran,prefecture of the Central African Republic,,pinned,Q741025,
CF-BK,Basse-Kotto,prefecture of the Central African Republic,,pinned,Q810484,
CF-HK,Haute-Kotto,prefecture of the Central African Republic,,pinned,Q848596,
CF-HM,Haut-Mbomou,prefecture of the Central African Republic,,pinned,Q848578,
CF-HS,Mambéré-Kadéï,prefecture of the Central African Republic,,pinned,Q848567,
CF-KB,Nana-Grébizi Economic,prefecture of the Central African Republic,,anchor,Q856227,
CF-KG,Kémo,prefecture of the Central African Republic,,pinned,Q848572,
CF-LB,Lobaye,prefecture of the Central African Republic,,pinned,Q821037,
CF-MB,Mbomou,prefecture of the Central African Republic,,pinned,Q848582,
CF-MP,Ombella-M'Poko,prefecture of the Central African Republic,,pinned,Q378970,
CF-NM,Nana-Mambéré,prefecture of the Central African Republic,,pinned,Q742455,
CF-OP,Ouham-Pendé,prefecture of the Central African Republic,,pinned,Q848591,
CF-SE,Sangha-Mbaéré,prefecture of the Central African Republic,,pinned,Q856237,
CF-UK,Ouaka,prefecture of the Central African Republic,,pinned,Q848560,
CF-VK,Vakaga,prefecture of the Central African Republic,,pinned,Q848585,
CG-BO,Bouenza,Region,,name,,
CG-BR,Brazzaville,Region,,name,,
CG-CO,Cuvette-Ouest,Region,,initials,,
CG-CU,Cuvette,Region,,name,,
CG-KO,Kouilou,Region,,name,,
CG-LE,Lékoumou,Region,,name,,
CG-LI,Likouala,Region,,name,,
CG-NI,Niari,Region,,name,,
CG-PL,Plateaux,Region,,name,,
CG-PN,Pointe Noire,Region,,initials,,
CG-PO,Pool,Region,,name,,
CG-SA,Sangha,Region,,name,,
CH-AG,Aargau,Canton,,anchor,,
CH-AI,Appenzell Innerrhoden,Canton,,anchor,,
CH-AR,Appenzell Ausserrhoden,Canton,,anchor,,
CH-BE,Bern,Canton,,anchor,,
CH-BL,Basel-Landschaft,Canton,,anchor,,
CH-BS,Basel-Stadt,Canton,,anchor,,
CH-FR,Fribourg,Canton,,anchor,,
CH-GE,Genève,Canton,,anchor,,
CH-GL,Glarus,Canton,,anchor,,
CH-GR,Graubünden,Canton,,anchor,,
CH-JU,Jura,Canton,,anchor,,
CH-LU,Lucerne,Canton,,name,,
CH-NE,Neuchâtel,Canton,,anchor,,
CH-NW,Nidwalden,Canton,,anchor,,
CH-OW,Obwalden,Canton,,anchor,,
CH-SG,Sankt Gallen,Canton,,anchor,,
CH-SH,Schaffhausen,Canton,,anchor,,
CH-SO,Solothurn,Canton,,anchor,,
CH-SZ,Schwyz,Canton,,anchor,,
CH-TG,Thurgau,Canton,,anchor,,
CH-TI,Ticino,Canton,,anchor,,
CH-UR,Uri,Canton,,anchor,,
CH-VD,Vaud,Canton,,anchor,,
CH-VS,Valais,Canton,,anchor,,
CH-ZG,Zug,Canton,,anchor,,
CH-ZH,Zürich,Canton,,anchor,,
CI-AA,autonome d'Abidjan,district of Ivory Coast,,preposition.significant,Q19830972,
CI-AB,Abidjan,big city,,pinned,Q1515,Abidjan
CI-AY,autonome de Yamoussoukro,district of Ivory Coast,,preposition.significant,Q19830973,
CI-BA,du Bas-Sassandra,district of Ivory Coast,,any2,Q20980352,
CI-CO,de la Comoé,district of Ivory Coast,,name,Q16629374,
CI-DE,du Denguélé,district of Ivory Coast,,name,Q20980374,
CI-GO,du Gôh-Djiboua,district of Ivory Coast,,any2,Q21003640,
CI-LA,des Lagunes,district of Ivory Coast,,name,Q20980365,
CI-LS,des Lacs,district of Ivory Coast,,any2,Q20980363,
CI-SA,des Savanes,district of Ivory Coast,,name,Q21002161,
CI-SS,du Sassandra-Marahoué,district of Ivory Coast,,any2,Q20365127,
CI-VA,de la Vallée du Bandama,district of Ivory Coast,,any2,Q21002356,
CI-WO,du Woroba,district of Ivory Coast,,name,Q20980371,
CI-YM,Yamoussoukro,commune of Ivory Coast,,pinned,Q3768,
CI-ZA,du Zanzan,district of Ivory Coast,,name,Q21003689,
CK-AI,Aitutaki,Island Council,,name,,
CK-AT,Atiu,Island Council,,name,,
CK-MA,Mangaia,Island Council,,name,,
CK-MI,Mitiaro,Island Council,,name,,
CK-MK,Mauke,Island Council,,skeleton,,
CK-MN,Manihiki,Island Council,,skeleton,,
CK-PA,Palmerston,Island Council,,name,,
CK-PE,Penhryn,Island Council,,name,,
CK-PU,Pukapuka,Island Council,,name,,
CK-RA,Rarotonga,Island Council,,name,,
CK-RK,Rakahanga,Island Council,,skeleton,,
CL-AA,La Araucanía,region of Chile,,any2,Q2176,
CL-AN,Antofagasta,region of Chile,,pinned,Q2118,
CL-AP,Arica y Parinacota,region of Chile,,pinned,Q2109,
CL-AT,Atacama,region of Chile,,pinned,Q2120,
CL-AY,Aysén del General Carlos Ibáñez del Campo,region of Chile,,any2,Q2181,
CL-BI,Biobío,region of Chile,,anchor,Q2170,Región del Biobío
CL-CO,Coquimbo,region of Chile,,pinned,Q2121,Región de Coquimbo
CL-LL,Los Lagos,region of Chile,,pinned,Q2178,
CL-LR,Los Ríos,region of Chile,,pinned,Q2177,
CL-MG,Magallanes y de la Antártica Chilena,region of Chile,,any2,Q2189,
CL-ML,Maule,region of Chile,,pinned,Q2166,
CL-NB,Ñuble,region of Chile,,pinned,Q24076693,
CL-OH,O'Higgins,region of Chile,,compound,Q2133,
CL-RM,Metropolitana de Santiago,region of Chile,,anchor,Q2131,
CL-TA,Tarapacá,region of Chile,,pinned,Q2114,
CL-VS,Valparaíso,region of Chile,,pinned,Q219458,
CM-AD,Adamaoua,region of Cameroon,,pinned,Q351514,Région de l’Adamaoua
CM-CE,Centre,region of Cameroon,,pinned,Q739951,Centre Region
CM-EN,Extrême-Nord,region of Cameroon,,pinned,Q823976,Région de l’Extrême-Nord
CM-ES,Est,region of Cameroon,,pinned,Q845168,Région de l’Est
CM-LT,Littoral,region of Cameroon,,pinned,Q845172,Région du Littoral
CM-NO,Nord,region of Cameroon,,pinned,Q502341,North Region
CM-NW,Nord-Ouest,region of Cameroon,,pinned,Q823946,Northwest Region
CM-OU,Ouest,region of Cameroon,,pinned,Q165784,Région de l’Ouest
CM-SU,Sud,region of Cameroon,,pinned,Q857122,Région du Sud
CM-SW,Sud-Ouest,region of Cameroon,,pinned,Q607499,Région du Sud-Ouest
CN-AH,Anhui,Province,,anchor,,
CN-BJ,Beijing,Municipality,,anchor,,
CN-CQ,Chongqing,Municipality,,anchor,,
CN-FJ,Fujian,Province,,anchor,,
CN-GD,Guangdong,Province,,anchor,,
CN-GS,Gansu,Province,,anchor,,
CN-GX,Guangxi,Autonomous Region,,anchor,,
CN-GZ,Guizhou,Province,,anchor,,
CN-HA,Henan,Province,,anchor,,
CN-HB,Hubei,Province,,anchor,,
CN-HE,Hebei,Province,,anchor,,
CN-HI,Hainan,Province,,anchor,,
CN-HK,Hong Kong,Special Administrative Region,,anchor,,
CN-HL,Heilongjiang,Province,,anchor,,
CN-HN,Hunan,Province,,anchor,,
CN-JL,Jilin,Province,,anchor,,
CN-JS,Jiangsu,Province,,anchor,,
CN-JX,Jiangxi,Province,,anchor,,
CN-LN,Liaoning,Province,,anchor,,
CN-MO,Macau,Special Administrative Region,,anchor,,
CN-NH,Ningxia Hui,Autonomous Region,,initials,,
CN-NM,Nei Mongol,Autonomous Region,,anchor,,
CN-QH,Qinghai,Province,,anchor,,
CN-SC,Sichuan,Province,,anchor,,
CN-SD,Shandong,Province,,anchor,,
CN-SH,Shanghai,Municipality,,anchor,,
CN-SN,Shaanxi,Province,,anchor,,
CN-SX,Shanxi,Province,,anchor,,
CN-TJ,Tianjin,Municipality,,anchor,,
CN-XU,Xinjiang Uygur,Autonomous Region,,initials,,
CN-XZ,Xizang,Autonomous Region,,anchor,,
CN-YN,Yunnan,Province,,anchor,,
CN-ZJ,Zhejiang,Province,,anchor,,
CO-AM,Amazonas,Department,91,anchor,,
CO-AN,Antioquia,Department,05,anchor,,
CO-AR,Arauca,Department,81,anchor,,
CO-AS,"Archipiélago de San Andrés, Providencia y Santa Catalina",Department,88,anchor,,
CO-AT,Atlántico,Department,08,anchor,,
CO-BD,"Bogotá, D.C.",Department,11,anchor,,
CO-BO,Bolívar,Department,13,anchor,,
CO-BY,Boyacá,Department,15,anchor,,
CO-CA,Cauca,Department,19,anchor,,
CO-CE,Cesar,Department,20,anchor,,
CO-CH,Chocó,Department,27,anchor,,
CO-CL,Caldas,Department,17,anchor,,
CO-CO,Córdoba,Department,23,anchor,,
CO-CQ,Caquetá,Department,18,anchor,,
CO-CS,Casanare,Department,85,anchor,,
CO-CU,Cundinamarca,Department,25,anchor,,
CO-GJ,La Guajira,Department,44,anchor,,
CO-GU,Guainía,Department,94,anchor,,
CO-GV,Guaviare,Department,95,anchor,,
CO-HU,Huila,Department,41,anchor,,
CO-MA,Magdalena,Department,47,anchor,,
CO-ME,Meta,Department,50,anchor,,
CO-NA,Nariño,Department,52,anchor,,
CO-NS,Norte de Santander,Department,54,anchor,,
CO-PU,Putumayo,Department,86,anchor,,
CO-QU,Quindío,Department,63,anchor,,
CO-RI,Risaralda,Department,66,anchor,,
CO-SA,Santander,Department,68,anchor,,
CO-SU,Sucre,Department,70,anchor,,
CO-TO,Tolima,Department,73,anchor,,
CO-VA,Valle del Cauca,Department,76,anchor,,
CO-VI,Vichada,Department,99,anchor,,
CO-VP,Vaupés,Department,97,anchor,,
CR-AL,Alajuela,province of Costa Rica,,pinned,Q502188,
CR-CA,Cartago,province of Costa Rica,,pinned,Q502181,
CR-GU,Guanacaste,province of Costa Rica,,pinned,Q690026,Guanacaste
CR-HE,Heredia,province of Costa Rica,,pinned,Q502192,
CR-LI,Limón,province of Costa Rica,,pinned,Q642644,
CR-PU,Puntarenas,province of Costa Rica,,pinned,Q502170,
CR-SJ,San José,province of Costa Rica,,pinned,Q647808,
CU-AR,Artemisa,province of Cuba,,name,Q115325,Artemisa
CU-CA,Camagüey,province of Cuba,,pinned,Q215147,Camagüey
CU-CE,Ciego de Ávila,province of Cuba,,pinned,Q220692,
CU-CI,Cienfuegos,province of Cuba,,pinned,Q115444,
CU-GR,Granma,province of Cuba,,pinned,Q115046,
CU-GU,Guantánamo,province of Cuba,,pinned,Q115319,
CU-HA,La Habana,province of Cuba,,pinned,Q12588,
CU-HO,Holguín,province of Cuba,,pinned,Q115302,
CU-IJ,Isla de la Juventud,municipality of Cuba,,pinned,Q115027,Isla de la Juventud
CU-MA,Matanzas,province of Cuba,,pinned,Q115438,
CU-MY,Mayabeque,province of Cuba,,pinned,Q115310,Mayabeque
CU-PR,Pinar del Río,province of Cuba,,pinned,Q115497,Pinar del Río
CU-SA,Santa Clara,province of Cuba,,any2,Q2392373,
CU-SC,Santiago de Cuba,province of Cuba,,pinned,Q234200,
CU-SS,Sancti Spíritus,province of Cuba,,pinned,Q115441,Sancti Spíritus
CU-TU,Las Tunas,province of Cuba,,pinned,Q115334,Las Tunas
CU-VC,Villa Clara,province of Cuba,,pinned,Q115434,Villa Clara
CV-BR,Brava,County,,anchor,,
CV-BV,Boa Vista,County,,anchor,,
CV-CA,Santa Catarina,County,,anchor,,
CV-CF,Santa Catarina do Fogo,County,,anchor,,
CV-CR,Santa Cruz,County,,anchor,,
CV-MA,Maio,County,,anchor,,
CV-MO,Mosteiros,County,,anchor,,
CV-PA,Paúl,County,,anchor,,
CV-PN,Porto Novo,County,,anchor,,
CV-PR,Praia,County,,anchor,,
CV-RB,Ribeira Brava,County,,anchor,,
CV-RG,Ribeira Grande,County,,anchor,,
CV-RS,Ribeira Grande de Santiago,County,,anchor,,
CV-SD,São Domingos,County,,anchor,,
CV-SF,São Filipe,County,,anchor,,
CV-SL,Sal,County,,anchor,,
CV-SM,São Miguel,County,,anchor,,
CV-SO,São Lourenço dos Órgãos,County,,anchor,,
CV-SS,São Salvador do Mundo,County,,anchor,,
CV-SV,São Vicente,County,,anchor,,
CV-TA,Tarrafal,County,,anchor,,
CV-TS,Tarrafal de São Nicolau,County,,anchor,,
CY-FA,Famagusta,district of Cyprus,,pinned,Q59148,Επαρχία Αμμοχώστου
CY-KY,Kyrenia,district of Cyprus,,name,Q59146,Επαρχία Κερύνειας
CY-LA,Larnaca,district of Cyprus,,pinned,Q59153,Επαρχία Λάρνακας
CY-LI,Limassol,district of Cyprus,,pinned,Q59150,Επαρχία Λεμεσού
CY-NI,Nicosia,district of Cyprus,,pinned,Q59147,Επαρχία Λευκωσίας
CY-PA,Paphos,district of Cyprus,,pinned,Q59133,Επαρχία Πάφου
CZ-BR,Brno-City,administrative district of Czech municipality with authorized municipal office,,name,Q850531,Okres Brno-město
CZ-CB,Central Bohemian,region of the Czech Republic,,initials,Q188399,Středočeský kraj
CZ-HK,Hradec Králové,region of the Czech Republic,,initials,Q193295,Královéhradecký kraj
CZ-KL,Karlovy Vary,region of the Czech Republic,,any2,Q191091,Karlovarský kraj
CZ-LB,Liberec,region of the Czech Republic,,skeleton,Q193266,Liberecký kraj
CZ-MS,Moravian-Silesian,region of the Czech Republic,,initials,Q190550,Moravskoslezský kraj
CZ-OO,Olomouc,region of the Czech Republic,,any2,Q193307,Olomoucký kraj
CZ-PD,Pardubice,region of the Czech Republic,,any2,Q193317,Pardubický kraj
CZ-PR,Prague,region of the Czech Republic,,pinned,Q1085,Praha
CZ-PZ,Plzeň,region of the Czech Republic,,any2,Q46070,Plzeňský kraj
CZ-SB,South Bohemian,region of the Czech Republic,,initials,Q188373,Jihočeský kraj
CZ-SM,South Moravian,region of the Czech Republic,,initials,Q192697,Jihomoravský kraj
CZ-UJ,Újezd nad Lesy,cadastral area in the Czech Republic,,any2,Q2467285,
CZ-UN,Ústí nad Labem,region of the Czech Republic,,initials,Q192702,Ústecký kraj
CZ-VY,Vysočina,region of the Czech Republic,,name,Q190930,Kraj Vysočina
CZ-ZI,Zlín,region of the Czech Republic,,any2,Q192536,Zlínský kraj
DE-BB,Brandenburg,Land,12,pinned,,
DE-BE,Berlin,Land,11,pinned,,
DE-BW,Baden-Württemberg,Land,08,pinned,,
DE-BY,Bayern,Freistaat,09,pinned,,
DE-HB,Bremen,Freie Hansestadt,04,pinned,,
DE-HE,Hessen,Land,06,pinned,,
DE-HH,Hamburg,Freie und Hansestadt,02,pinned,,
DE-MV,Mecklenburg-Vorpommern,Land,13,pinned,,
DE-NI,Niedersachsen,Land,03,pinned,,
DE-NW,Nordrhein-Westfalen,Land,05,pinned,,
DE-RP,Rheinland-Pfalz,Land,07,pinned,,
DE-SH,Schleswig-Holstein,Land,01,pinned,,
DE-SL,Saarland,Land,10,pinned,,
DE-SN,Sachsen,Freistaat,14,pinned,,
DE-ST,Sachsen-Anhalt,Land,15,pinned,,
DE-TH,Thüringen,Freistaat,16,pinned,,
DJ-AR,Arta,Region,,anchor,,
DJ-AS,Ali Sabieh,Region,,anchor,,
DJ-DI,Dikhil,Region,,anchor,,
DJ-DJ,Djiboutii,Region,,name,,
DJ-OB,Obock,Region,,anchor,,
DJ-TA,Tadjoura,Region,,name,,
DK-CD,Central Denmark,region of Denmark,,initials,Q26586,Midtjylland
DK-CR,Capital Region of Denmark,region of Denmark,,initials,Q26073,Region Hovedstaden
DK-ED,Eastern Denmark,region of Denmark,,initials,Q131281582,Region Østdanmark
DK-ND,North Denmark,region of Denmark,,initials,Q26067,Nordjylland
DK-SD,Southern Denmark,region of Denmark,,initials,Q26061,Region Syddanmark
DK-ZE,Zealand,region of Denmark,,name,Q26589,Sjælland
DM-SAA,Saint Andrew,parish of Dominica,,pinned,Q732322,
DM-SAD,Saint David,parish of Dominica,,pinned,Q1431129,
DM-SAG,Saint George,parish of Dominica,,pinned,Q617801,
DM-SAJ,Saint John,parish of Dominica,,pinned,Q1476285,
DM-SAL,Saint Luke,parish of Dominica,,pinned,Q1431099,
DM-SAM,Saint Mark,parish of Dominica,,pinned,Q1431115,
DM-SAP,Saint Paul,parish of Dominica,,pinned,Q339063,
DM-SJO,Saint Joseph,parish of Dominica,,pinned,Q1476302,
DM-SPA,Saint Patrick,parish of Dominica,,pinned,Q1431108,
DM-SPE,Saint Peter,parish of Dominica,,pinned,Q1476294,
DO-AL,La Altagracia,province of the Dominican Republic,,pinned,Q1323353,
DO-AZ,Azua,province of the Dominican Republic,,pinned,Q794239,
DO-BA,Barahona,province of the Dominican Republic,,pinned,Q1137551,
DO-BH,Bahoruco,province of the Dominican Republic,,pinned,Q807079,
DO-DA,Dajabón,province of the Dominican Republic,,pinned,Q1138575,
DO-DN,Distrito Nacional,administrative territorial entity of the Dominican Republic,,pinned,Q2499228,
DO-DU,Duarte,province of the Dominican Republic,,pinned,Q1262745,
DO-EP,Elías Piña,province of the Dominican Republic,,initials,Q1137545,
DO-ES,Espaillat,province of the Dominican Republic,,pinned,Q530231,
DO-HE,Hermanas Mirabal,province of the Dominican Republic,,any2,Q549386,
DO-HM,Hato Mayor,province of the Dominican Republic,,pinned,Q937217,
DO-IN,Independencia,province of the Dominican Republic,,pinned,Q1424401,
DO-MC,Monte Cristi,province of the Dominican Republic,,pinned,Q592624,
DO-MN,Monseñor Nouel,province of the Dominican Republic,,pinned,Q1295496,
DO-MP,Monte Plata,province of the Dominican Republic,,pinned,Q1772745,
DO-MT,María Trinidad Sánchez,province of the Dominican Republic,,pinned,Q1949656,
DO-PD,Pedernales,province of the Dominican Republic,,pinned,Q1352533,
DO-PE,Peravia,province of the Dominican Republic,,pinned,Q1331932,
DO-PP,Puerto Plata,province of the Dominican Republic,,pinned,Q693487,
DO-RO,La Romana,province of the Dominican Republic,,pinned,Q1140742,
DO-SB,El Seibo,province of the Dominican Republic,,skeleton,Q1774831,
DO-SC,San Cristóbal,province of the Dominican Republic,,pinned,Q1366107,
DO-SD,Santo Domingo,province of the Dominican Republic,,pinned,Q1352536,
DO-SI,Santiago (República Dominicana),province of the Dominican Republic,,any2,Q1772983,
DO-SJ,San Juan,province of the Dominican Republic,,pinned,Q2001793,
DO-SM,Samaná,province of the Dominican Republic,,pinned,Q1145487,Samaná
DO-SN,San José de Ocoa,province of the Dominican Republic,,pinned,Q1424391,
DO-SP,San Pedro de Macorís,province of the Dominican Republic,,pinned,Q1366119,
DO-SR,Sánchez Ramírez,province of the Dominican Republic,,pinned,Q1836903,
DO-ST,Santiago Rodríguez,province of the Dominican Republic,,pinned,Q2021942,
DO-VA,Valverde,province of the Dominican Republic,,pinned,Q1774848,
DO-VE,La Vega,province of the Dominican Republic,,pinned,Q594405,
DZ-AD,Aïn Defla,Province,,initials,,
DZ-AL,Alger,Province,,name,,
DZ-AN,Annaba,Province,,name,,
DZ-AR,Adrar,Province,,any2,,
DZ-AT,Aïn Témouchent,Province,,initials,,
DZ-BA,Batna,Province,,name,,
DZ-BB,Bordj Bou Arréridj,Province,,initials,,
DZ-BC,Béchar,Province,,skeleton,,
DZ-BE,Béjaïa,Province,,name,,
DZ-BI,Biskra,Province,,name,,
DZ-BL,Blida,Province,,name,,
DZ-BO,Boumerdès,Province,,name,,
DZ-BR,Bouira,Province,,skeleton,,
DZ-CH,Chlef,Province,,name,,
DZ-CO,Constantine,Province,,name,,
DZ-DJ,Djelfa,Province,,name,,
DZ-EB,El Bayadh,Province,,initials,,
DZ-EO,El Oued,Province,,initials,,
DZ-ET,El Tarf,Province,,initials,,
DZ-GH,Ghardaïa,Province,,name,,
DZ-GU,Guelma,Province,,name,,
DZ-IL,Illizi,Province,,name,,
DZ-JI,Jijel,Province,,name,,
DZ-KH,Khenchela,Province,,name,,
DZ-LA,Laghouat,Province,,name,,
DZ-MA,Mascara,Province,,name,,
DZ-ME,Médéa,Province,,name,,
DZ-MI,Mila,Province,,name,,
DZ-MO,Mostaganem,Province,,name,,
DZ-MS,M'Sila,Province,,compound,,
DZ-NA,Naâma,Province,,name,,
DZ-OE,Oum el Bouaghi,Province,,initials,,
DZ-OR,Oran,Province,,name,,
DZ-OU,Ouargla,Province,,name,,
DZ-RE,Relizane,Province,,name,,
DZ-SA,Souk Ahras,Province,,initials,,
DZ-SB,Sidi Bel Abbès,Province,,initials,,
DZ-SD,Saïda,Province,,skeleton,,
DZ-SE,Sétif,Province,,name,,
DZ-SK,Skikda,Province,,name,,
DZ-TA,Tamanghasset,Province,,name,,
DZ-TE,Tébessa,Province,,name,,
DZ-TI,Tiaret,Province,,name,,
DZ-TL,Tlemcen,Province,,name,,
DZ-TN,Tindouf,Province,,skeleton,,
DZ-TO,Tizi Ouzou,Province,,initials,,
DZ-TP,Tipaza,Province,,skeleton,,
DZ-TS,Tissemsilt,Province,,skeleton,,
EC-AZ,Azuay,province of Ecuador,,pinned,Q220451,
EC-BO,Bolívar,province of Ecuador,,pinned,Q261165,
EC-CA,Cañar,province of Ecuador,,pinned,Q335471,
EC-CH,Chimborazo,province of Ecuador,,pinned,Q238492,
EC-CO,Cotopaxi,province of Ecuador,,pinned,Q241140,Cotopaxi
EC-CR,Carchi,province of Ecuador,,pinned,Q321729,
EC-ES,Esmeraldas,province of Ecuador,,pinned,Q335526,
EC-GA,Galápagos,province of Ecuador,,pinned,Q475038,Galápagos
EC-GU,Guayas,province of Ecuador,,pinned,Q335464,
EC-IM,Imbabura,province of Ecuador,,pinned,Q321863,
EC-LO,Loja,province of Ecuador,,pinned,Q504238,
EC-MA,Manabí,province of Ecuador,,pinned,Q504666,
EC-MS,Morona Santiago,province of Ecuador,,pinned,Q549522,Provincia de Morona Santiago
EC-NA,Napo,province of Ecuador,,pinned,Q211900,
EC-OE,Orellana,province of Ecuador,,pinned,Q499475,
EC-OR,El Oro,province of Ecuador,,pinned,Q466019,
EC-PA,Pastaza,province of Ecuador,,pinned,Q214814,
EC-PI,Pichincha,province of Ecuador,,pinned,Q272586,
EC-RI,Los Ríos,province of Ecuador,,pinned,Q504260,
EC-SD,Santo Domingo de los Tsáchilas,province of Ecuador,,pinned,Q1123208,
EC-SE,Santa Elena,province of Ecuador,,pinned,Q1124125,
EC-SU,Sucumbíos,province of Ecuador,,pinned,Q499456,
EC-TU,Tungurahua,province of Ecuador,,pinned,Q504252,
EC-ZC,Zamora Chinchipe,province of Ecuador,,pinned,Q744670,
EE-HA,Harju,county of Estonia,,pinned,Q180200,
EE-HI,Hiiu,county of Estonia,,pinned,Q1466462,Hiiu maakond
EE-IV,Ida-Viru,county of Estonia,,pinned,Q189963,
EE-JA,Järva,county of Estonia,,pinned,Q188068,Järva maakond
EE-JO,Jõgeva,county of Estonia,,pinned,Q189974,
EE-LA,Lääne,county of Estonia,,pinned,Q189968,
EE-LV,Lääne-Viru,county of Estonia,,pinned,Q189952,
EE-PA,Pärnu,county of Estonia,,pinned,Q185036,
EE-PO,Põlva,county of Estonia,,pinned,Q191813,
EE-RA,Rapla,county of Estonia,,pinned,Q192352,Rapla maakond
EE-SA,Saare,county of Estonia,,pinned,Q203272,Saare maakond
EE-TA,Tartu,county of Estonia,,pinned,Q192370,Tartu maakond
EE-VA,Valga,county of Estonia,,pinned,Q192362,Valga maakond
EE-VI,Viljandi,county of Estonia,,pinned,Q192061,
EE-VO,Võru,county of Estonia,,pinned,Q188076,Võrumaa
EG-AS,Asyut,Governorate,,name,,
EG-AW,Aswan,Governorate,,any2,,
EG-BA,Al Bahr al Ahmar,Governorate,,anchor,,
EG-BH,Al Buhayrah,Governorate,,anchor,,
EG-BS,Bani Suwayf,Governorate,,initials,,
EG-BU,Bur Sa`id,Governorate,,any2,,
EG-DK,Ad Daqahliyah,Governorate,,anchor,,
EG-DT,Dumyat,Governorate,,anchor,,
EG-FA,Al Fayyum,Governorate,,name,,
EG-GH,Al Gharbiyah,Governorate,,anchor,,
EG-GZ,Al Jizah,Governorate,,anchor,,
EG-II,Al Isma`iliyah,Governorate,,initials,,
EG-IS,Al Iskandariyah,Governorate,,name,,
EG-JS,Janub Sina',Governorate,,anchor,,
EG-KB,Al Qalyubiyah,Governorate,,anchor,,
EG-KN,Qina,Governorate,,anchor,,
EG-KS,Kafr ash Shaykh,Governorate,,initials,,
EG-LX,Al Uqsur,Governorate,,anchor,,
EG-MA,Matrouh,Governorate,,name,,
EG-MI,Al Minufiyah,Governorate,,name,,
EG-MN,Al Minya,Governorate,,anchor,,
EG-QA,Al Qahirah,Governorate,,name,,
EG-SH,Ash Sharqiyah,Governorate,,name,,
EG-SS,Shamal Sina',Governorate,,initials,,
EG-SU,Suhaj,Governorate,,name,,
EG-SW,As Suways,Governorate,,skeleton,,
EG-WJ,Al Wadi al Jadid,Governorate,,initials,,
ER-AN,Anseba,region of Eritrea,,pinned,Q569468,
ER-DU,Debub,region of Eritrea,,pinned,Q27728,
ER-GB,Gash-Barka,region of Eritrea,,pinned,Q873012,
ER-MA,Maekel,region of Eritrea,,pinned,Q27710,ዞባ ማእከል
ER-NR,Northern Red Sea,region of Eritrea,,initials,Q27910,
ER-SR,Southern Red Sea,region of Eritrea,,initials,Q27928,
ES-AN,Andalucía,autonomous community of Spain,,pinned,Q5783,Andalucía
ES-AR,Aragón,autonomous community of Spain,,pinned,Q4040,Aragón
ES-AS,Asturias,autonomous community of Spain,,name,Q3934,Principáu d'Asturies
ES-CA,Cataluña,autonomous community of Spain,,pinned,Q5705,Catalunya
ES-CB,Cantabria,autonomous community of Spain,,pinned,Q3946,
ES-CL,Castilla y León,autonomous community of Spain,,pinned,Q5739,Castilla y León
ES-CM,Castilla-La Mancha,autonomous community of Spain,,pinned,Q5748,Castilla-La Mancha
ES-CR,Canarias,autonomous community of Spain,,any2,Q5813,Islas Canarias
ES-CT,Ceuta,autonomous city of Spain,,skeleton,Q5823,Ceuta
ES-CV,Comunidad Valenciana,autonomous community of Spain,,pinned,Q5720,Comunidad Valenciana
ES-EX,Extremadura,autonomous community of Spain,,pinned,Q5777,
ES-GA,Galicia,autonomous community of Spain,,pinned,Q3908,Galicia
ES-IB,Islas Baleares,autonomous community of Spain,,pinned,Q107356467,Illes Balears
ES-MD,Comunidad de Madrid,autonomous community of Spain,,pinned,Q5756,Comunidad de Madrid
ES-ML,Melilla,municipality of Spain,,anchor,Q5831,Melilla
ES-MU,Murcia,autonomous community of Spain,,anchor,Q5772,Región de Murcia
ES-NA,Navarra,chartered community,,name,Q4018,Comunidad Foral de Navarra
ES-PV,País Vasco,autonomous community of Spain,,pinned,Q3995,Euskadi
ES-RI,La Rioja,autonomous community of Spain,,pinned,Q5727,
ET-AD,Addis Ababa,region of Ethiopia,,any2,Q3624,አዲስ አበባ
ET-AF,Afar,region of Ethiopia,,pinned,Q193494,Qafár
ET-AM,Amhara,region of Ethiopia,,pinned,Q203009,አማራ
ET-BE,Benishangul-Gumuz,region of Ethiopia,,any2,Q207635,ቤንሻንጉል-ጉምዝ
ET-DD,Dire Dawa,region of Ethiopia,,pinned,Q193486,Diridhabe
ET-GA,Gambela,region of Ethiopia,,anchor,Q207638,
ET-HA,Harari,region of Ethiopia,,name,Q1033855,
ET-OR,Oromia,region of Ethiopia,,pinned,Q202107,
ET-SI,Sidama,region of Ethiopia,,anchor,Q1070673,
ET-SO,Somali,region of Ethiopia,,pinned,Q202800,Soomaali Galbeed
ET-SW,Southwest Ethiopia Regional State,region of Ethiopia,,anchor,Q109788993,የደቡብ ምዕራብ ኢትዮጵያ ህዝቦች ክልልል
ET-TI,Tigray,region of Ethiopia,,pinned,Q200127,ትግራይ ክልል
FI-CF,Central Finland,region of Finland,,initials,Q5697,Keski-Suomi
FI-CO,Central Ostrobothnia,region of Finland,,initials,Q5696,Keski-Pohjanmaa
FI-KA,Kainuu,region of Finland,,name,Q5694,Kainuu
FI-KH,Kanta-Häme,region of Finland,,initials,Q5695,Kanta-Häme
FI-KY,Kymenlaakso,region of Finland,,name,Q5698,Kymenlaakso
FI-LL,Lapland,region of Finland,,pinned,Q5700,Lappland
FI-NK,North Karelia,region of Finland,,initials,Q5703,Pohjois-Karjala
FI-NO,North Ostrobothnia,region of Finland,,initials,Q5704,Pohjois-Pohjanmaa
FI-NS,North Savo,region of Finland,,initials,Q5706,Pohjois-Savo
FI-OS,Ostrobothnia,region of Finland,,name,Q5702,Österbotten
FI-PH,Päijät-Häme,region of Finland,,initials,Q5708,Päijät-Häme
FI-PI,Pirkanmaa,region of Finland,,name,Q5701,Pirkanmaa
FI-SA,Satakunta,region of Finland,,name,Q5709,Satakunta
FI-SK,South Karelia,region of Finland,,initials,Q5691,Etelä-Karjala
FI-SO,South Ostrobothnia,region of Finland,,initials,Q5692,Etelä-Pohjanmaa
FI-SS,South Savo,region of Finland,,initials,Q5693,Etelä-Savo
FI-SU,Southwest Finland,region of Finland,,any2,Q5712,Egentliga Finland
FI-UU,Uusimaa,region of Finland,,name,Q5711,Nyland
FJ-CE,Central,division of Fiji,,pinned,Q1053789,
FJ-EA,Eastern,division of Fiji,,pinned,Q182169,
FJ-NO,Northern,division of Fiji,,pinned,Q1062430,
FJ-RO,Rotuma,dependency of Fiji,,pinned,Q459763,Rotuma
FJ-WE,Western,division of Fiji,,pinned,Q1062451,
FM-CH,Chuuk,state of the Federated States of Micronesia,,pinned,Q221684,
FM-KO,Kosrae,state of the Federated States of Micronesia,,pinned,Q1785093,
FM-PO,Pohnpei,state of the Federated States of Micronesia,,pinned,Q7771127,
FM-YA,Yap,state of the Federated States of Micronesia,,pinned,Q11342951,
FR-AR,Auvergne-Rhône-Alpes,,84,pinned,,
FR-BF,Bourgogne-Franche-Comté,,27,pinned,,
FR-BR,Bretagne,,53,pinned,,
FR-CO,Corse,,94,pinned,,
FR-CV,Centre-Val de Loire,,24,pinned,,
FR-GE,Grand Est,,44,pinned,,
FR-HF,Hauts-de-France,,32,pinned,,
FR-IF,Île-de-France,,11,pinned,,
FR-NA,Nouvelle-Aquitaine,,75,pinned,,
FR-NO,Normandie,,28,pinned,,
FR-OC,Occitanie,,76,pinned,,
FR-PA,Provence-Alpes-Côte d'Azur,,93,pinned,,
FR-PL,Pays de la Loire,,52,pinned,,
GA-ES,Estuaire,province of Gabon,,pinned,Q281109,
GA-HO,Haut-Ogooué,province of Gabon,,pinned,Q654438,
GA-MO,Moyen-Ogooué,province of Gabon,,pinned,Q590802,
GA-NG,Ngounié,province of Gabon,,pinned,Q823774,Ngounié
GA-NY,Nyanga,province of Gabon,,pinned,Q846017,
GA-OI,Ogooué-Ivindo,province of Gabon,,pinned,Q823822,
GA-OL,Ogooué-Lolo,province of Gabon,,pinned,Q823762,
GA-OM,Ogooué-Maritime,province of Gabon,,pinned,Q823751,
GA-WO,Woleu-Ntem,province of Gabon,,any2,Q823800,
GB-EN,England,,E92000001,name,,
GB-NI,Northern Ireland,,N92000002,initials,,
GB-SC,Scotland,,S92000003,name,,
GB-WA,Wales,,W92000004,name,,
GD-CP,Carriacou and Petite Martinique,administrative territorial entity of Grenada,,conjunction,Q3044818,
GD-SA,Saint Andrew,parish of Grenada,,pinned,Q977183,
GD-SD,Saint David,parish of Grenada,,pinned,Q2087806,
GD-SG,Saint George,parish of Grenada,,pinned,Q576651,
GD-SJ,Saint John,parish of Grenada,,pinned,Q1476289,
GD-SM,Saint Mark,parish of Grenada,,pinned,Q1291077,
GD-SP,Saint Patrick,parish of Grenada,,pinned,Q1476309,
GE-AD,Adjara,administrative territorial entity of Georgia,,name,Q45693,აჭარის ავტონომიური რესპუბლიკა
GE-AR,Autonomous Republic of Abkhazia,Mkhare,,initials,Q2914461,Аԥснытәи Автономтә Ареспублика
GE-GU,Guria,Mkhare,,pinned,Q19038,გურიის მხარე
GE-IM,Imereti,Mkhare,,pinned,Q200045,იმერეთის მხარე
GE-KA,Kakheti,Mkhare,,pinned,Q169674,კახეთის მხარე
GE-KK,Kvemo Kartli,Mkhare,,pinned,Q200048,Aşağı Kartli
GE-MM,Mtskheta-Mtianeti,Mkhare,,pinned,Q203339,მცხეთა-მთიანეთის მხარე
GE-RA,Racha-Lechkhumi and Kvemo Svaneti,Mkhare,,any2,Q38893,რაჭა-ლეჩხუმისა და ქვემო სვანეთის მხარე
GE-SJ,Samtskhe–Javakheti,Mkhare,,pinned,Q19039,სამცხე-ჯავახეთის მხარე
GE-SK,Shida Kartli,Mkhare,,pinned,Q200047,შიდა ქართლის მხარე
GE-SZ,Samegrelo-Zemo Svaneti,Mkhare,,pinned,Q200309,სამეგრელო-ზემო სვანეთი
GE-TB,Tbilisi,Mkhare,,pinned,Q994,თბილისი
GF-CA,Cayenne,arrondissement of France,,pinned,Q672744,Cayenne
GF-SG,Saint-Georges,arrondissement of France,,initials,Q116148105,Saint-Georges
GF-SL,Saint-Laurent-du-Maroni,arrondissement of France,,pinned,Q692903,Arrondissement de Saint-Laurent-du-Maroni
GH-AA,Greater Accra,region of Ghana,,pinned,Q431729,
GH-AF,Ahafo,region of Ghana,,pinned,Q48804007,
GH-AH,Ashanti,region of Ghana,,pinned,Q398417,
GH-BE,Bono East,region of Ghana,,pinned,Q60764358,
GH-BO,Bono,region of Ghana,,pinned,Q64685186,Bono Region
GH-CP,Central,region of Ghana,,pinned,Q846323,
GH-EP,Eastern,region of Ghana,,pinned,Q405670,
GH-NE,North East,region of Ghana,,pinned,Q60764359,
GH-NP,Northern,region of Ghana,,pinned,Q502215,
GH-OT,Oti,region of Ghana,,pinned,Q48804004,
GH-SV,Savannah,region of Ghana,,pinned,Q60764352,
GH-TV,Volta,region of Ghana,,pinned,Q712832,Volta
GH-UE,Upper East,region of Ghana,,pinned,Q712828,
GH-UW,Upper West,region of Ghana,,pinned,Q715805,
GH-WN,Western North,region of Ghana,,pinned,Q60764360,
GH-WP,Western,region of Ghana,,pinned,Q870155,
GL-AV,Avannaata,municipality of Greenland,,anchor,Q44593409,Avannaata
GL-KU,Kujalleq,municipality of Greenland,,pinned,Q478813,Kujalleq Kommunia
GL-QE,Qeqqata,municipality of Greenland,,pinned,Q476233,
GL-QT,Qeqertalik,municipality of Greenland,,anchor,Q44593337,
GL-SE,Sermersooq,municipality of Greenland,,pinned,Q695387,Kommuneqarfik Sermersooq
GM-BA,Banjul,region of the Gambia,,pinned,Q3726,
GM-CR,Central River Division,region of the Gambia,,initials,Q824431,
GM-LO,Lower River Division,region of the Gambia,,any2,Q824421,
GM-NO,North Bank Division,region of the Gambia,,any2,Q846161,
GM-UP,Upper River Division,region of the Gambia,,any2,Q824373,Upper River
GM-WC,West Coast Division,region of the Gambia,,initials,Q846158,
GN-BO,Boké,region of Guinea,,pinned,Q862611,Boké
GN-CO,Conakry,city,,pinned,Q3733,𞤑𞤮𞤲𞤢𞥄𞤳𞤭𞤪𞤭
GN-FA,Faranah,region of Guinea,,pinned,Q870166,
GN-KA,Kankan,region of Guinea,,pinned,Q870191,Kankan
GN-KI,Kindia,region of Guinea,,pinned,Q868520,
GN-LA,Labé,region of Guinea,,pinned,Q868515,
GN-MA,Mamou,region of Guinea,,pinned,Q1043650,
GN-NZ,Nzérékoré,region of Guinea,,pinned,Q870146,
GN-RC,Région de Conakry,region of Guinea,,preposition.significant,Q1373230,
GN-SI,Siguiri,region of Guinea,,anchor,Q1780649,
GP-BT,Basse-Terre,District,,initials,,
GP-PA,Pointe-à-Pitre,District,,compound.alt,,
GQ-AN,Annobón,Province,,anchor,,
GQ-BN,Bioko Norte,Province,,anchor,,
GQ-BS,Bioko Sur,Province,,anchor,,
GQ-CS,Centro Sur,Province,,anchor,,
GQ-KN,Kié-Ntem,Province,,anchor,,
GQ-LI,Litoral,Province,,anchor,,
GQ-WN,Wele-Nzas,Province,,anchor,,
GR-AE,Aegean,Decentralized administration,,name,,
GR-AH,Athos,Decentralized administration,,any2,,
GR-AT,Attica,Decentralized administration,,name,,
GR-CR,Crete,Decentralized administration,,name,,
GR-EW,Epirus and Western Macedonia,Decentralized administration,,conjunction,,
GR-MT,Macedonia and Thrace,Decentralized administration,,conjunction,,
GR-PW,"Peloponnese, Western Greece and",Decentralized administration,,conjunction,,
GR-TC,Thessaly and Central Greece,Decentralized administration,,conjunction,,
GT-AV,Alta Verapaz,department of Guatemala,,pinned,Q504637,
GT-BV,Baja Verapaz,department of Guatemala,,pinned,Q504647,
GT-CM,Chimaltenango,department of Guatemala,,pinned,Q765975,
GT-CQ,Chiquimula,department of Guatemala,,pinned,Q753037,
GT-ES,Escuintla,department of Guatemala,,pinned,Q795587,
GT-GU,Guatemala,department of Guatemala,,pinned,Q695660,
GT-HU,Huehuetenango,department of Guatemala,,pinned,Q842266,
GT-IZ,Izabal,department of Guatemala,,pinned,Q693658,Izabal
GT-JA,Jalapa,department of Guatemala,,pinned,Q795441,
GT-JU,Jutiapa,department of Guatemala,,pinned,Q765984,
GT-PE,Petén,department of Guatemala,,pinned,Q466061,Petén
GT-PR,El Progreso,department of Guatemala,,pinned,Q795591,El Progreso
GT-QC,Quiché,department of Guatemala,,pinned,Q669802,El Quiché
GT-QZ,Quetzaltenango,department of Guatemala,,anchor,Q844502,
GT-RE,Retalhuleu,department of Guatemala,,pinned,Q888307,
GT-SA,Sacatepéquez,department of Guatemala,,pinned,Q508804,
GT-SM,San Marcos,department of Guatemala,,pinned,Q883907,
GT-SO,Sololá,department of Guatemala,,pinned,Q178136,
GT-SR,Santa Rosa,department of Guatemala,,pinned,Q885656,
GT-SU,Suchitepéquez,department of Guatemala,,pinned,Q883734,
GT-TO,Totonicapán,department of Guatemala,,pinned,Q885644,
GT-ZA,Zacapa,department of Guatemala,,pinned,Q780784,
GU-AH,Agana Heights,village of Guam,,pinned,Q2714496,
GU-AM,Asan-Maina,village of Guam,,initials,Q926116,
GU-BA,Barrigada,village of Guam,,pinned,Q2714489,
GU-CP,Chalan Pago-Ordot,village of Guam,,pinned,Q2482483,Chalan Pago-Ordot
GU-DE,Dededo,village of Guam,,pinned,Q1182147,
GU-HA,Hagåtña,village of Guam,,pinned,Q30988,
GU-HG,Hågat,village of Guam,,skeleton,Q665845,
GU-IA,Inalåhan,village of Guam,,any2,Q2482456,
GU-MA,Mangilao,village of Guam,,pinned,Q2637935,
GU-ME,Merizo,village of Guam,,pinned,Q2482497,
GU-MT,Mongmong-Toto-Maite,village of Guam,,pinned,Q1780393,Mongmong-Toto-Maite
GU-PI,Piti,village of Guam,,pinned,Q2482463,
GU-SA,Sånta Rita-Sumai,village of Guam,,any2,Q1780381,
GU-SI,Sinajana,village of Guam,,pinned,Q2482489,
GU-TA,Tamuning,village of Guam,,pinned,Q933714,
GU-TL,Talofofo,village of Guam,,pinned,Q2482468,
GU-UM,Umatac,village of Guam,,pinned,Q531529,
GU-YI,Yigo,village of Guam,,pinned,Q2482473,
GU-YO,Yona,village of Guam,,pinned,Q2638381,
GW-BA,Bafatá,Region,,anchor,,
GW-BL,Bolama,Region,,anchor,,
GW-BM,Biombo,Region,,anchor,,
GW-BS,Bissau,Autonomous Sector,,anchor,,
GW-CA,Cacheu,Region,,anchor,,
GW-GA,Gabú,Region,,anchor,,
GW-OI,Oio,Region,,anchor,,
GW-QU,Quinara,Region,,anchor,,
GW-TO,Tombali,Region,,anchor,,
GY-BA,Barima-Waini,Region,,anchor,,
GY-CU,Cuyuni-Mazaruni,Region,,anchor,,
GY-DE,Demerara-Mahaica,Region,,anchor,,
GY-EB,East Berbice-Corentyne,Region,,anchor,,
GY-ES,Essequibo Islands-West Demerara,Region,,anchor,,
GY-MA,Mahaica-Berbice,Region,,anchor,,
GY-PM,Pomeroon-Supenaam,Region,,anchor,,
GY-PT,Potaro-Siparuni,Region,,anchor,,
GY-UD,Upper Demerara-Berbice,Region,,anchor,,
GY-UT,Upper Takutu-Upper Essequibo,Region,,anchor,,
HN-AT,Atlántida,department of Honduras,,pinned,Q622619,
HN-CH,Choluteca,department of Honduras,,pinned,Q899272,
HN-CL,Colón,department of Honduras,,pinned,Q867117,
HN-CM,Comayagua,department of Honduras,,pinned,Q823443,
HN-CP,Copán,department of Honduras,,pinned,Q843984,
HN-CR,Cortés,department of Honduras,,pinned,Q767244,
HN-EP,El Paraíso,department of Honduras,,pinned,Q867108,
HN-FM,Francisco Morazán,department of Honduras,,pinned,Q867126,
HN-GD,Gracias a Dios,department of Honduras,,pinned,Q867112,
HN-IB,Islas de la Bahía,department of Honduras,,pinned,Q751725,
HN-IN,Intibucá,department of Honduras,,pinned,Q262125,
HN-LE,Lempira,department of Honduras,,pinned,Q744138,
HN-LP,La Paz,department of Honduras,,pinned,Q866886,
HN-OC,Ocotepeque,department of Honduras,,pinned,Q867084,
HN-OL,Olancho,department of Honduras,,pinned,Q867089,
HN-SB,Santa Bárbara,department of Honduras,,pinned,Q591139,
HN-VA,Valle,department of Honduras,,pinned,Q867097,
HN-YO,Yoro,department of Honduras,,pinned,Q1123380,Yoro
HR-BJ,Bjelovar-Bilogora,county of Croatia,,any2,Q58060,
HR-BR,Brod-Posavina,county of Croatia,,any2,Q58129,
HR-DU,Dubrovnik-Neretva,county of Croatia,,any2,Q58289,
HR-IT,Istria,county of Croatia,,any2,Q58268,Istarska županija
HR-KL,Karlovac,county of Croatia,,any2,Q57071,
HR-KO,Koprivnica-Križevci,county of Croatia,,any2,Q58026,
HR-KR,Krapina-Zagorje,county of Croatia,,any2,Q57056,
HR-LI,Lika-Senj,county of Croatia,,any2,Q58081,
HR-MI,Međimurje,county of Croatia,,initials,Q58330,
HR-OS,Osijek-Baranja,county of Croatia,,any2,Q58159,
HR-PO,Požega-Slavonia,county of Croatia,,any2,Q58111,
HR-PR,Primorje-Gorski Kotar,county of Croatia,,any2,Q58071,
HR-SB,Šibenik-Knin,county of Croatia,,any2,Q58194,
HR-SI,Sisak-Moslavina,county of Croatia,,any2,Q57060,Sisačko-moslavačka županija
HR-SP,Split-Dalmatia,county of Croatia,,any2,Q58253,
HR-VI,Virovitica-Podravina,county of Croatia,,any2,Q58092,
HR-VR,Varaždin,county of Croatia,,skeleton,Q57967,
HR-VU,Vukovar-Srijem,county of Croatia,,any2,Q58225,Vukovarsko-srijemska županija
HR-ZE,Zagreb County,county of Croatia,,any2,Q27038,Zagrebačka županija
HR-ZG,Zagreb,town in Croatia,,skeleton,Q1435,Zagreb
HR-ZR,Zadar,county of Croatia,,any2,Q58146,
HT-AT,Artibonite,department of Haiti,,any2,Q844024,
HT-CE,Centre,department of Haiti,,pinned,Q844528,
HT-GA,Grand'Anse,department of Haiti,,pinned,Q913231,
HT-ND,Nord,department of Haiti,,pinned,Q943932,
HT-NE,Nord-Est,department of Haiti,,pinned,Q928694,
HT-NI,Nippes,department of Haiti,,pinned,Q125232,
HT-NO,Nord-Ouest,department of Haiti,,pinned,Q608361,
HT-OU,Ouest,department of Haiti,,pinned,Q1434621,
HT-SD,Sud,department of Haiti,,pinned,Q936704,
HT-SE,Sud-Est,department of Haiti,,pinned,Q936717,
HU-BA,Baranya,County,,anchor,,
HU-BE,Békés,County,,anchor,,
HU-BK,Bács-Kiskun,County,,anchor,,
HU-BU,Budapest,Capital City,,anchor,,
HU-BZ,Borsod-Abaúj-Zemplén,County,,anchor,,
HU-CS,Csongrád,County,,anchor,,
HU-FE,Fejér,County,,anchor,,
HU-GS,Gyor-Moson-Sopron,County,,anchor,,
HU-HB,Hajdú-Bihar,County,,anchor,,
HU-HE,Heves,County,,anchor,,
HU-JN,Jász-Nagykun-Szolnok,County,,anchor,,
HU-KE,Komárom-Esztergom,County,,anchor,,
HU-NO,Nógrád,County,,anchor,,
HU-PE,Pest,County,,anchor,,
HU-SO,Somogy,County,,anchor,,
HU-SZ,Szabolcs-Szatmár-Bereg,County,,anchor,,
HU-TO,Tolna,County,,anchor,,
HU-VA,Vas,County,,anchor,,
HU-VE,Veszprém,County,,anchor,,
HU-ZA,Zala,County,,anchor,,
ID-AC,Aceh,province of Indonesia,,pinned,Q1823,
ID-BA,Bali,province of Indonesia,,pinned,Q3125978,Bali
ID-BB,Bangka Belitung Islands,province of Indonesia,,pinned,Q1866,
ID-BE,Bengkulu,province of Indonesia,,pinned,Q1890,
ID-BT,Banten,province of Indonesia,,pinned,Q3540,Banten
ID-CJ,Central Java,province of Indonesia,,initials,Q3557,Jawa Tengah
ID-CK,Central Kalimantan,province of Indonesia,,initials,Q3891,
ID-CS,Central Sulawesi,province of Indonesia,,initials,Q5065,
ID-EJ,East Java,province of Indonesia,,initials,Q3586,Jawa Wétan
ID-EK,East Kalimantan,province of Indonesia,,initials,Q3899,Kalimantan Timur
ID-EN,East Nusa Tenggara,province of Indonesia,,initials,Q5061,
ID-GO,Gorontalo,province of Indonesia,,pinned,Q5067,
ID-JA,Jambi,province of Indonesia,,pinned,Q2051,
ID-JR,Jakarta,province of Indonesia,,any2,Q3630,Jakarta
ID-LA,Lampung,province of Indonesia,,pinned,Q2110,Lampung
ID-MA,Maluku,province of Indonesia,,pinned,Q5093,Maluku
ID-NK,North Kalimantan,province of Indonesia,,initials,Q3903,Kalimantan Utara
ID-NM,North Maluku,province of Indonesia,,initials,Q5094,
ID-NO,North Sumatra,province of Indonesia,,any2,Q2140,
ID-NS,North Sulawesi,province of Indonesia,,initials,Q5068,
ID-PA,Papua,province of Indonesia,,pinned,Q5095,
ID-PD,Southwest Papua,province of Indonesia,,anchor,Q115253263,
ID-PE,Highland Papua,province of Indonesia,,anchor,Q112810104,
ID-PS,South Papua,province of Indonesia,,anchor,Q61439296,
ID-PT,Central Papua,province of Indonesia,,anchor,Q12486766,
ID-RA,Riau,province of Indonesia,,any2,Q2175,
ID-RU,Riau Islands,province of Indonesia,,any2,Q2223,
ID-SE,Southeast Sulawesi,province of Indonesia,,any2,Q5075,
ID-SH,South Sumatra,province of Indonesia,,any2,Q2271,
ID-SK,South Kalimantan,province of Indonesia,,initials,Q3906,
ID-SO,South Sulawesi,province of Indonesia,,any2,Q5078,
ID-WE,West Sumatra,province of Indonesia,,any2,Q2772,Sumatera Barat
ID-WJ,West Java,province of Indonesia,,initials,Q3724,Jawa Kulon
ID-WK,West Kalimantan,province of Indonesia,,initials,Q3916,
ID-WN,West Nusa Tenggara,province of Indonesia,,initials,Q5062,
ID-WP,West Papua,province of Indonesia,,initials,Q5096,
ID-WS,West Sulawesi,province of Indonesia,,initials,Q5082,
ID-YO,Yogyakarta,province of Indonesia,,pinned,Q3741,Yogyakarta
IE-CE,Clare,County,,anchor,,
IE-CN,Cavan,County,,anchor,,
IE-CW,Carlow,County,,anchor,,
IE-DL,Donegal,County,,anchor,,
IE-DU,Dublin,Region,,name,,
IE-GA,Galway,County,,name,,
IE-KE,Kildare,County,,anchor,,
IE-KK,Kilkenny,County,,anchor,,
IE-KY,Kerry,County,,anchor,,
IE-LD,Longford,County,,anchor,,
IE-LH,Louth,County,,anchor,,
IE-LK,Limerick,County,,anchor,,
IE-LM,Leitrim,County,,anchor,,
IE-LS,Laois,County,,anchor,,
IE-MH,Meath,County,,anchor,,
IE-MN,Monaghan,County,,anchor,,
IE-MO,Mayo,County,,anchor,,
IE-OY,Offaly,County,,anchor,,
IE-RN,Roscommon,County,,anchor,,
IE-SO,Sligo,County,,anchor,,
IE-TA,Tipperary,County,,anchor,,
IE-WD,Waterford,County,,anchor,,
IE-WH,Westmeath,County,,anchor,,
IE-WW,Wicklow,County,,anchor,,
IE-WX,Wexford,County,,anchor,,
IE-XA,,County,,placeholder,,
IL-CE,Central,districts of Israel,,name,Q188785,מחוז המרכז
IL-GS,Gaza Strip,occupied territory,,initials,Q39760,
IL-HF,Haifa,districts of Israel,,pinned,Q185845,
IL-JE,Jerusalem,districts of Israel,,pinned,Q192232,מחוז ירושלים
IL-NO,Northern,districts of Israel,,name,Q189942,מחוז הצפון
IL-SO,Southern,districts of Israel,,name,Q188781,מחוז הדרום
IL-TA,Tel Aviv,districts of Israel,,pinned,Q192811,
IM-AN,Andreas,Parish District,,name,,
IM-AR,Arbory & Rushen,Parish District,,initials,,
IM-BA,Ballaugh,Parish District,,name,,
IM-BI,Bride,Parish District,,any2,,
IM-BR,Braddan,Parish District,,name,,
IM-CA,Castletown,Town District,,name,,
IM-DO,Douglas,Town District,,name,,
IM-GA,Garff,Parish District,,name,,
IM-GE,German,Parish District,,name,,
IM-JU,Jurby,Parish District,,name,,
IM-LE,Lezayre,Parish District,,name,,
IM-MA,Malew,Parish District,,name,,
IM-MI,Michael,District,,name,,
IM-MR,Marown,Parish District,,skeleton,,
IM-ON,Onchan,District,,name,,
IM-PA,Patrick,Parish District,,name,,
IM-PE,Peel,Town District,,name,,
IM-PO,Port Erin,Village District,,any2,,
IM-PS,Port Saint Mary,Village District,,initials,,
IM-RA,Ramsey,Town District,,name,,
IM-SA,Santon,Parish District,,name,,
IN-AN,Andaman and Nicobar,Union Territory,,anchor,,
IN-AP,Andhra Pradesh,State,,anchor,,
IN-AR,Arunachal Pradesh,State,,anchor,,
IN-AS,Assam,State,,anchor,,
IN-BR,Bihar,State,,anchor,,
IN-CG,Chhattisgarh,State,,anchor,,
IN-CH,Chandigarh,Union Territory,,anchor,,
IN-DD,Daman and Diu,Union Territory,,anchor,,
IN-DN,Dadra and Nagar Haveli,Union Territory,,anchor,,
IN-GA,Goa,State,,anchor,,
IN-GJ,Gujarat,State,,anchor,,
IN-HP,Himachal Pradesh,Union Territory,,anchor,,
IN-HR,Haryana,State,,anchor,,
IN-JH,Jharkhand,State,,anchor,,
IN-KA,Karnataka,State,,anchor,,
IN-KL,Kerala,State,,anchor,,
IN-LD,Lakshadweep,Union Territory,,anchor,,
IN-MH,Maharashtra,State,,anchor,,
IN-ML,Meghalaya,State,,anchor,,
IN-MN,Manipur,State,,anchor,,
IN-MP,Madhya Pradesh,State,,anchor,,
IN-MZ,Mizoram,State,,anchor,,
IN-ND,NCT of Delhi,Union Territory,,preposition.significant,,
IN-NL,Nagaland,State,,anchor,,
IN-OD,Odisha,State,,anchor,,
IN-PB,Punjab,State,,anchor,,
IN-PY,Puducherry,Union Territory,,anchor,,
IN-RJ,Rajasthan,State,,anchor,,
IN-SK,Sikkim,State,,anchor,,
IN-TG,Telangana,State,,anchor,,
IN-TN,Tamil Nadu,State,,anchor,,
IN-TR,Tripura,State,,anchor,,
IN-UK,Uttarakhand,State,,anchor,,
IN-UP,Uttar Pradesh,State,,anchor,,
IN-WB,West Bengal,State,,anchor,,
IQ-AN,Al Anbar,governorate of Iraq,,pinned,Q187334,الأنبار
IQ-BG,Baghdad,governorate of Iraq,,pinned,Q191075,بغداد
IQ-BS,Basra,governorate of Iraq,,skeleton,Q193551,
IQ-BY,Babylon,governorate of Iraq,,skeleton,Q59202,
IQ-DQ,Dhi Qar,governorate of Iraq,,pinned,Q215649,
IQ-DU,Duhok,governorate of Iraq,,name,Q189541,
IQ-DY,Diyala,governorate of Iraq,,pinned,Q217075,
IQ-ER,Erbil,governorate of Iraq,,name,Q213189,
IQ-HA,Halabja,governorate of Iraq,,anchor,Q15631321,
IQ-KA,Karbala,governorate of Iraq,,pinned,Q214104,
IQ-KI,Kirkuk,governorate of Iraq,,anchor,Q193268,پارێزگای کەرکووک
IQ-MA,Maysan,governorate of Iraq,,pinned,Q213170,ميسان
IQ-MT,Al Muthanna,governorate of Iraq,,skeleton,Q212761,
IQ-NJ,Najaf,governorate of Iraq,,skeleton,Q192882,النجف الأنجس
IQ-NV,Nineveh,governorate of Iraq,,skeleton,Q189352,
IQ-QD,Al-Qādisiyyah,governorate of Iraq,,skeleton,Q62987,
IQ-SA,Saladin,governorate of Iraq,,name,Q190131,صلاح الدين
IQ-SL,Sulaymaniyah,governorate of Iraq,,skeleton,Q213182,
IQ-WA,Wasit,governorate of Iraq,,pinned,Q189747,محافظة واسط
IR-AD,Ardabil,province of Iran,,any2,Q134228,اردبیل اوستانی
IR-AL,Alborz,province of Iran,,pinned,Q392522,استان البرز
IR-BU,Bushehr,province of Iran,,pinned,Q132945,استان بوشهر
IR-CB,Chaharmahal and Bakhtiari,province of Iran,,conjunction,Q171702,استان چهارمحال و بختیاری
IR-ET,East Azerbaijan,province of Iran,,any2,Q176081,شرقی آذربایجان اوستانی
IR-FA,Fars,province of Iran,,pinned,Q1004666,استان فارس
IR-GI,Gilan,province of Iran,,pinned,Q928828,
IR-GO,Golestan,province of Iran,,pinned,Q170041,استان گلستان
IR-HA,Hamadan,province of Iran,,pinned,Q187373,استان همدان
IR-HO,Hormozgan,province of Iran,,pinned,Q633659,استان هرمزگان
IR-IL,Ilam,province of Iran,,pinned,Q170570,
IR-IS,Isfahan,province of Iran,,name,Q1367759,
IR-KE,Kerman,province of Iran,,pinned,Q165352,
IR-KG,Kohgiluyeh and Boyer-Ahmad,province of Iran,,any2,Q180068,
IR-KH,Khuzestan,province of Iran,,pinned,Q241119,استان خوزستان
IR-KR,Kermanshah,province of Iran,,pinned,Q174010,
IR-KU,Kurdistan,province of Iran,,name,Q134386,
IR-LO,Lorestan,province of Iran,,pinned,Q1131727,استان لرستان
IR-MA,Mazandaran,province of Iran,,pinned,Q308864,مازرون اوستان
IR-MR,Markazi,province of Iran,,pinned,Q134417,
IR-NK,North Khorasan,province of Iran,,pinned,Q180075,
IR-QA,Qazvin,province of Iran,,pinned,Q1105893,استان قزوین
IR-QO,Qom,province of Iran,,pinned,Q131664,استان قم
IR-RK,Razavi Khorasan,province of Iran,,pinned,Q587090,استان خراسان رضوی
IR-SB,Sistan and Baluchestan,province of Iran,,pinned,Q939575,سݔستان ءُ بلۏچستانءِ استان
IR-SE,Semnan,province of Iran,,pinned,Q168949,استان سمنان
IR-SK,South Khorasan,province of Iran,,pinned,Q171551,
IR-TE,Tehran,province of Iran,,pinned,Q590866,
IR-WE,West Azerbaijan,province of Iran,,any2,Q134411,استان آذربایجان غربی
IR-YA,Yazd,province of Iran,,pinned,Q170568,استان یزد
IR-ZA,Zanjan,province of Iran,,pinned,Q146726,Zəncan ostanı
IS-CAP,Capital,region of Iceland,,name,Q203304,
IS-EAS,Eastern,region of Iceland,,name,Q220663,
IS-NON,Northeastern,region of Iceland,,name.ends,Q241551,Norðurland eystra
IS-NOR,Northwestern,region of Iceland,,name,Q210866,Norðurland vestra
IS-SOP,Southern Peninsula,region of Iceland,,compound,Q212768,Suðurnes
IS-SOU,Southern,region of Iceland,,name,Q204796,Suðurland
IS-WEN,Western,region of Iceland,,name.ends,Q221791,
IS-WES,Westfjords,region of Iceland,,name,Q727267,
IT-AB,Abruzzo,region of Italy,,pinned,Q1284,Abruzzo
IT-BA,Basilicata,region of Italy,,pinned,Q1452,Basilicata
IT-CA,Campania,region of Italy,,pinned,Q1438,Campania
IT-CL,Calabria,region of Italy,,pinned,Q1458,Calabria
IT-ER,Emilia-Romagna,region of Italy,,pinned,Q1263,Emilia-Romagna
IT-FV,Friuli-Venezia Giulia,autonomous region with special statute,,pinned,Q1250,Friuli-Venezia Giulia
IT-LA,Lazio,region of Italy,,pinned,Q1282,Lazio
IT-LI,Liguria,region of Italy,,pinned,Q1256,Liguria
IT-LO,Lombardia,region of Italy,,pinned,Q1210,Lombardia
IT-MA,Marche,region of Italy,,pinned,Q1279,Marche
IT-MO,Molise,region of Italy,,pinned,Q1443,Molise
IT-PI,Piemonte,region of Italy,,pinned,Q1216,Piemonte
IT-PU,Puglia,region of Italy,,name,Q1447,Puglia
IT-SA,Sardegna,autonomous region with special statute,,pinned,Q1462,Sardegna
IT-SC,Sicilia,autonomous region with special statute,,skeleton,Q1460,Sicilia
IT-TA,Trentino-Alto Adige,autonomous region with special statute,,pinned,Q1237,Trentino-Südtirol
IT-TO,Toscana,region of Italy,,pinned,Q1273,Toscana
IT-UM,Umbria,region of Italy,,pinned,Q1280,Umbria
IT-VA,Valle d'Aosta,autonomous region with special statute,,pinned,Q1222,Vallée d'Aoste
IT-VE,Veneto,region of Italy,,pinned,Q1243,Veneto
JE-GR,Grouville,parish of Jersey,,pinned,Q2429741,
JE-SA,Saint Mary,parish of Jersey,,pinned,Q2212948,Sainte Mathie
JE-SC,Saint Clement,parish of Jersey,,pinned,Q3058160,Saint Cliément
JE-SH,Saint Helier,parish of Jersey,,pinned,Q147738,Saint Hélyi
JE-SI,Saint Brelade,parish of Jersey,,any2,Q1835699,Saint Brélade
JE-SJ,Saint John,parish of Jersey,,pinned,Q954721,
JE-SL,Saint Lawrence,parish of Jersey,,pinned,Q509090,Saint Louothains
JE-SM,Saint Martin,parish of Jersey,,pinned,Q593645,Saint Martîn
JE-SO,Saint Ouen,parish of Jersey,,pinned,Q2305318,St Ouën
JE-SP,Saint Peter,parish of Jersey,,pinned,Q3058152,Saint Pièrre
JE-SS,Saint Saviour,parish of Jersey,,pinned,Q1808243,Saint Saûveux
JE-TR,Trinity,parish of Jersey,,pinned,Q2594704,La Trinneté
JM-CL,Clarendon,parish of Jamaica,,pinned,Q1095557,
JM-HA,Hanover,parish of Jamaica,,pinned,Q1131779,
JM-KI,Kingston,parish of Jamaica,,pinned,Q1473680,
JM-MA,Manchester,parish of Jamaica,,pinned,Q920496,
JM-PO,Portland,parish of Jamaica,,pinned,Q125148,
JM-SA,Saint Andrew,parish of Jamaica,,pinned,Q2212935,
JM-SC,Saint Catherine,parish of Jamaica,,pinned,Q1473663,
JM-SE,Saint Elizabeth,parish of Jamaica,,pinned,Q1473646,
JM-SI,Saint Ann,parish of Jamaica,,pinned,Q1326284,
JM-SJ,Saint James,parish of Jamaica,,pinned,Q1421939,Saint James Parish
JM-SM,Saint Mary,parish of Jamaica,,pinned,Q633565,
JM-ST,Saint Thomas,parish of Jamaica,,pinned,Q1422332,
JM-TR,Trelawny,parish of Jamaica,,pinned,Q1123340,
JM-WE,Westmoreland,parish of Jamaica,,pinned,Q1440250,
JO-AJ,Ajlun,Province,,anchor,,
JO-AM,Amman,Province,,name,,
JO-AQ,Aqaba,Province,,name,,
JO-AT,Tafilah,Province,,anchor,,
JO-BA,Balqa,Province,,name,,
JO-IR,Irbid,Province,,anchor,,
JO-JA,Jarash,Province,,anchor,,
JO-KA,Karak,Province,,name,,
JO-MA,Mafraq,Province,,name,,
JO-MD,Madaba,Province,,anchor,,
JO-MN,Ma`an,Province,,anchor,,
JO-ZA,Zarqa,Province,,name,,
JP-AI,Aichi,,23,pinned,,
JP-AK,Akita,,05,pinned,,
JP-AO,Aomori,,02,pinned,,
JP-CH,Chiba,,12,pinned,,
JP-EH,Ehime,,38,pinned,,
JP-FI,Fukui,,18,pinned,,
JP-FK,Fukushima,,07,pinned,,
JP-FU,Fukuoka,,40,pinned,,
JP-GI,Gifu,,21,pinned,,
JP-GU,Gunma,,10,pinned,,
JP-HI,Hiroshima,,34,pinned,,
JP-HO,Hokkaido,,01,pinned,,
JP-HY,Hyōgo,,28,pinned,,
JP-IB,Ibaraki,,08,pinned,,
JP-IS,Ishikawa,,17,pinned,,
JP-IW,Iwate,,03,pinned,,
JP-KA,Kanagawa,,14,pinned,,
JP-KG,Kagoshima,,46,pinned,,
JP-KO,Kōchi,,39,pinned,,
JP-KU,Kumamoto,,43,pinned,,
JP-KW,Kagawa,,37,pinned,,
JP-KY,Kyoto,,26,pinned,,
JP-ME,Mie,,24,pinned,,
JP-MI,Miyagi,,04,pinned,,
JP-MY,Miyazaki,,45,pinned,,
JP-NA,Nagano,,20,pinned,,
JP-NG,Nagasaki,,42,skeleton,,
JP-NI,Niigata,,15,pinned,,
JP-NR,Nara,,29,pinned,,
JP-OA,Okayama,,33,pinned,,
JP-OI,Ōita,,44,pinned,,
JP-OK,Okinawa,,47,pinned,,
JP-OS,Osaka,,27,pinned,,
JP-SA,Saitama,,11,pinned,,
JP-SG,Saga,,41,pinned,,
JP-SH,Shizuoka,,22,pinned,,
JP-SI,Shiga,,25,pinned,,
JP-SM,Shimane,,32,pinned,,
JP-TC,Tochigi,,09,pinned,,
JP-TK,Tokushima,,36,pinned,,
JP-TO,Tokyo,,13,pinned,,
JP-TR,Tottori,,31,pinned,,
JP-TY,Toyama,,16,pinned,,
JP-WA,Wakayama,,30,pinned,,
JP-YA,Yamaguchi,,35,pinned,,
JP-YM,Yamagata,,06,pinned,,
JP-YN,Yamanashi,,19,pinned,,
KE-BA,Baringo,county of Kenya,,pinned,Q808201,
KE-BO,Bomet,county of Kenya,,pinned,Q891952,
KE-BS,Busia,county of Kenya,,pinned,Q1017519,
KE-BU,Bungoma,county of Kenya,,pinned,Q2928204,
KE-EL,Elgeyo-Marakwet,county of Kenya,,pinned,Q15216433,
KE-EM,Embu,county of Kenya,,pinned,Q1335242,
KE-GA,Garissa,county of Kenya,,pinned,Q1494292,
KE-HB,Homa Bay,county of Kenya,,pinned,Q1625834,
KE-IS,Isiolo,county of Kenya,,pinned,Q1499046,Isiolo County
KE-KA,Kakamega,county of Kenya,,pinned,Q1721867,
KE-KE,Kericho,county of Kenya,,pinned,Q1739252,
KE-KI,Kisii,county of Kenya,,pinned,Q1743730,
KE-KJ,Kajiado,county of Kenya,,pinned,Q285072,
KE-KL,Kilifi,county of Kenya,,pinned,Q1741307,
KE-KM,Kiambu,county of Kenya,,pinned,Q2575594,
KE-KR,Kirinyaga,county of Kenya,,pinned,Q2230311,
KE-KS,Kisumu,county of Kenya,,pinned,Q1743809,
KE-KT,Kitui,county of Kenya,,pinned,Q1722597,
KE-KW,Kwale,county of Kenya,,pinned,Q952571,
KE-LA,Laikipia,county of Kenya,,pinned,Q1800699,
KE-LM,Lamu,county of Kenya,,pinned,Q1951652,
KE-MA,Mandera,county of Kenya,,pinned,Q1477874,
KE-MC,Machakos,county of Kenya,,pinned,Q1882639,
KE-ME,Meru,county of Kenya,,pinned,Q15045704,
KE-MI,Migori,county of Kenya,,pinned,Q429955,
KE-MK,Makueni,county of Kenya,,pinned,Q473717,
KE-MO,Mombasa,county of Kenya,,pinned,Q1112885,
KE-MR,Marsabit,county of Kenya,,pinned,Q1323683,
KE-MU,Muranga,county of Kenya,,pinned,Q1781723,
KE-NA,Nairobi,county of Kenya,,pinned,Q3335223,Nairobi
KE-ND,Nandi,county of Kenya,,pinned,Q1964569,
KE-NE,Nyeri,county of Kenya,,pinned,Q749665,
KE-NK,Nakuru,county of Kenya,,pinned,Q1852202,
KE-NN,Nyandarua,county of Kenya,,pinned,Q1714352,
KE-NR,Narok,county of Kenya,,pinned,Q1852220,
KE-NY,Nyamira,county of Kenya,,pinned,Q1569613,
KE-SA,Samburu,county of Kenya,,pinned,Q2096419,
KE-SI,Siaya,county of Kenya,,pinned,Q3482913,
KE-TH,Tharaka Nithi,county of Kenya,,pinned,Q2189432,
KE-TN,Trans-Nzoia,county of Kenya,,pinned,Q1278653,
KE-TR,Tana River,county of Kenya,,pinned,Q383150,
KE-TT,Taita–Taveta,county of Kenya,,pinned,Q7193788,
KE-TU,Turkana,county of Kenya,,pinned,Q1633078,
KE-UG,Uasin Gishu,county of Kenya,,pinned,Q1121429,
KE-VI,Vihiga,county of Kenya,,pinned,Q1313202,Vihiga County
KE-WA,Wajir,county of Kenya,,pinned,Q1852209,
KE-WP,West Pokot,county of Kenya,,pinned,Q590860,
KG-BA,Batken,region of Kyrgyzstan,,pinned,Q487631,
KG-CH,Chuy,region of Kyrgyzstan,,pinned,Q486370,Çüy oblusu
KG-GB,Bishkek,first-level administrative division,,anchor,Q9361,Бишкек
KG-IK,Issyk-Kul,region of Kyrgyzstan,,initials,Q487413,Ысык-Көл облусу
KG-JA,Jalal-Abad,region of Kyrgyzstan,,pinned,Q487640,Жалал-Абад областы
KG-NA,Naryn,region of Kyrgyzstan,,pinned,Q486375,
KG-OH,Osh,region of Kyrgyzstan,,any2,Q231987,
KG-SH,Osh,first-level administrative division,,skeleton,Q47282,Ош
KG-TA,Talas,region of Kyrgyzstan,,pinned,Q109838,
KH-AM,Kampong Speu,province of Cambodia,,any2,Q652867,
KH-BM,Banteay Meanchey,province of Cambodia,,pinned,Q3817,ខេត្តបន្ទាយមានជ័យ
KH-BT,Battambang,province of Cambodia,,skeleton,Q810923,
KH-KA,Kandal,province of Cambodia,,pinned,Q466031,
KH-KC,Kampong Cham,province of Cambodia,,pinned,Q142258,
KH-KE,Kep,province of Cambodia,,pinned,Q852089,
KH-KG,Kampong Thom,province of Cambodia,,any2,Q502148,
KH-KH,Koh Kong,province of Cambodia,,any2,Q466000,จังหวัดเกาะกง
KH-KI,Kratié,province of Cambodia,,any2,Q785896,
KH-KM,Kampot,province of Cambodia,,pinned,Q748470,
KH-KN,Kampong Chhnang,province of Cambodia,,pinned,Q877468,
KH-MO,Mondulkiri,province of Cambodia,,name,Q652830,
KH-MP,municipality of Phnom Penh,province of Cambodia,,initials,Q30898219,
KH-OD,Oddar Meanchey,province of Cambodia,,any2,Q629538,
KH-PA,Pailin,province of Cambodia,,name,Q506646,
KH-PP,Phnom Penh,provincial municipality of Cambodia,,pinned,Q1850,ភ្នំពេញ
KH-PR,Preah Vihear,province of Cambodia,,pinned,Q502151,
KH-PU,Pursat,province of Cambodia,,name,Q834464,
KH-PV,Prey Veng,province of Cambodia,,pinned,Q856788,
KH-RA,Ratanakiri,province of Cambodia,,name,Q747846,
KH-SE,Siem Reap,province of Cambodia,,any2,Q652818,
KH-SH,Sihanoukville,province of Cambodia,,skeleton,Q220966,
KH-SR,Svay Rieng,province of Cambodia,,pinned,Q751864,
KH-ST,Stung Treng,province of Cambodia,,initials,Q837889,
KH-TE,Takéo,province of Cambodia,,any2,Q613345,ខេត្តតាកែវ
KH-TK,Tbong Khmum,province of Cambodia,,pinned,Q15623578,
KM-AN,Anjouan,autonomous island of the Comoros,,name,Q231324,
KM-GC,Grande Comore,autonomous island of the Comoros,,initials,Q244978,
KM-MO,Mohéli,autonomous island of the Comoros,,name,Q271797,
KN-CCN,Christ Church Nichola Town,Parish,,initials,,
KN-SAP,Saint Paul Charlestown,Parish,,compound,,
KN-SAS,Saint Anne Sandy Point,Parish,,initials,,
KN-SGB,Saint George Basseterre,Parish,,initials,,
KN-SGG,Saint George Gingerland,Parish,,initials,,
KN-SJC,Saint John Capisterre,Parish,,initials,,
KN-SJF,Saint John Figtree,Parish,,initials,,
KN-SJW,Saint James Windward,Parish,,initials,,
KN-SMC,Saint Mary Cayon,Parish,,initials,,
KN-SPB,Saint Peter Basseterre,Parish,,initials,,
KN-SPC,Saint Paul Capisterre,Parish,,initials,,
KN-STL,Saint Thomas Lowland,Parish,,initials,,
KN-STM,Saint Thomas Middle Island,Parish,,initials,,
KN-TPP,Trinity Palmetto Point,Parish,,initials,,
KP-CHD,Chagang-do,Province,,compound,,
KP-HAB,Hamgyŏng-bukto,Province,,compound,,
KP-HAN,Hamgyŏng-namdo,Province,,compound,,
KP-HWB,Hwanghae-bukto,Province,,compound,,
KP-HWN,Hwanghae-namdo,Province,,compound,,
KP-KAD,Kangwŏn-do,Province,,compound,,
KP-KAE,Kaesŏng,Special Administrative Region,,name,,
KP-KUM,Kumgangsan,Special Administrative Region,,name,,
KP-PYB,P'yŏngan-bukto,Province,,initials,,
KP-PYN,P'yŏngan-namdo,Province,,initials,,
KP-PYO,P'yŏngyang,Special City,,compound.alt,,
KP-RAS,Rasŏn,Directly Governed City,,name,,
KP-RYA,Ryanggang,Province,,name,,
KP-SIN,Sinŭiju,Special Administrative Region,,name,,
KR-BS,Busan,Metropolitan City,,anchor,,
KR-CB,Chungcheongbuk-do,Province,,anchor,,
KR-CN,Chungcheongnam-do,Province,,anchor,,
KR-DG,Daegu,Metropolitan City,,anchor,,
KR-DJ,Daejeon,Metropolitan City,,anchor,,
KR-GB,Gyeongsangbuk-do,Province,,anchor,,
KR-GG,Gyeonggi-do,Province,,anchor,,
KR-GJ,Gwangju,Metropolitan City,,anchor,,
KR-GN,Gyeongsangnam-do,Province,,anchor,,
KR-GW,Gangwon-do,Province,,anchor,,
KR-IC,Incheon,Metropolitan City,,anchor,,
KR-JB,Jeollabuk-do,Province,,anchor,,
KR-JJ,Jeju,Province,,anchor,,
KR-JN,Jeollanam-do,Province,,anchor,,
KR-SJ,Sejong,Metropolitan Autonomous City,,anchor,,
KR-SU,Seoul,Capital Metropolitan City,,anchor,,
KR-UL,Ulsan,Metropolitan City,,anchor,,
KW-AH,Al Ahmadi,governorate of Kuwait,,pinned,Q552354,الاحمدي
KW-CA,Capital,governorate of Kuwait,,name,Q1046645,
KW-FR,Farwaniya,governorate of Kuwait,,skeleton,Q1072757,
KW-HA,Hawalli,governorate of Kuwait,,pinned,Q747432,
KW-JH,Al Jahra,governorate of Kuwait,,skeleton,Q405701,
KW-MK,Mubarak Al-Kabeer,governorate of Kuwait,,pinned,Q913370,
KZ-AA,Almaty,largest city,,any2,Q35493,Алматы
KZ-AB,Abai,region of Kazakhstan,,name,Q111279364,Абай облысы
KZ-AK,Aktobe,region of Kazakhstan,,name,Q485437,Ақтөбе облысы
KZ-AL,Almaty,region of Kazakhstan,,pinned,Q186466,Алматы облысы
KZ-AM,Akmola,region of Kazakhstan,,any2,Q485056,Ақмола облысы
KZ-AS,Astana,planned national capital,,name,Q1520,Астана
KZ-AY,Atyrau,region of Kazakhstan,,pinned,Q427658,Атырау облысы
KZ-EK,East Kazakhstan,region of Kazakhstan,,pinned,Q36156,Шығыс Қазақстан облысы
KZ-JA,Jambyl,region of Kazakhstan,,name,Q486657,Жамбыл облысы
KZ-KA,Karaganda,region of Kazakhstan,,name,Q485429,"Қарағанды облысы, Qarağandy oblysy"
KZ-KO,Kostanay,region of Kazakhstan,,name,Q485605,Қостанай облысы
KZ-KY,Kyzylorda,region of Kazakhstan,,name,Q485322,Қызылорда облысы
KZ-MN,Mangystau,region of Kazakhstan,,skeleton,Q238931,Маңғыстау облысы
KZ-NK,North Kazakhstan,region of Kazakhstan,,pinned,Q485088,Солтүстік Қазақстан облысы
KZ-PA,Pavlodar,region of Kazakhstan,,pinned,Q486144,Павлодар облысы
KZ-SH,Shymkent,city of republican significance,,name,Q485496,Шымкент
KZ-TU,Turkistan,region of Kazakhstan,,name,Q815330,Түркістан облысы
KZ-UL,Ulytau,region of Kazakhstan,,name,Q111830286,
KZ-WK,West Kazakhstan,region of Kazakhstan,,pinned,Q486007,Батыс Қазақстан облысы
KZ-ZE,Zhetisu,region of Kazakhstan,,any2,Q111281411,"Жетісу облысы, Jetısu oblysy"
LA-AA,Attapeu,province of Laos,,any2,Q503004,
LA-BK,Bokeo,province of Laos,,pinned,Q334884,
LA-BO,Bolikhamsai,province of Laos,,name,Q2403514,
LA-CH,Champasak,province of Laos,,pinned,Q334888,ຈຳປາສັກ
LA-HU,Hūaphan,province of Laos,,name,Q502997,
LA-KA,Khammouane,province of Laos,,any2,Q506641,
LA-LN,Lūang Namthā,province of Laos,,initials,Q948691,
LA-LP,Luang Prabang,province of Laos,,initials,Q747881,ແຂວງ ຫຼວງ ພະບາງ
LA-PO,Phongsaly,province of Laos,,any2,Q334868,
LA-SE,Sekong,province of Laos,,name,Q585707,ເຊກອງ
LA-SL,Salavan,province of Laos,,anchor,Q302656,
LA-SN,Sainyabūlī,province of Laos,,skeleton,Q465929,ໄຊຍະບູລີ
LA-SV,Savannakhet,province of Laos,,pinned,Q465940,
LA-UD,Udomsai,province of Laos,,name,Q465961,
LA-VN,Vientiane,province of Laos,,skeleton,Q720066,
LA-XG,Xiangkhouang,province of Laos,,any2,Q465947,ຊຽງຂວາງ
LA-XN,Xaisomboun,province of Laos,,pinned,Q20202028,ໄຊສົມບູນ
LB-AK,Akkar,Governorate,,name,,
LB-BE,Bekaa,Governorate,,name,,
LB-BH,Baalbak - Hermel,Governorate,,initials,,
LB-BR,Beirut,Governorate,,skeleton,,
LB-ML,Mount Lebanon,Governorate,,initials,,
LB-NA,Nabatiyeh,Governorate,,name,,
LB-NO,North,Governorate,,name,,
LB-SO,South,Governorate,,name,,
LC-AL,Anse la Raye,quarter of Saint Lucia,,pinned,Q1676934,Anse la Raye Quarter
LC-CA,Castries,quarter of Saint Lucia,,pinned,Q1049867,
LC-CH,Choiseul,quarter of Saint Lucia,,pinned,Q1075816,
LC-DE,Dennery,quarter of Saint Lucia,,pinned,Q1188890,
LC-GI,Gros Islet,quarter of Saint Lucia,,pinned,Q953557,
LC-LA,Laborie,quarter of Saint Lucia,,pinned,Q599347,
LC-MI,Micoud,quarter of Saint Lucia,,pinned,Q1240193,
LC-SQ,Soufrière Quarter,district,,initials,Q1472841,
LC-VI,Vieux Fort Quarter,district,,any2,Q1472864,
LI-BA,Balzers,municipality of Liechtenstein,,pinned,Q49663,Balzers
LI-ES,Eschen,municipality of Liechtenstein,,pinned,Q4540,
LI-GA,Gamprin,municipality of Liechtenstein,,pinned,Q49662,
LI-MA,Mauren,municipality of Liechtenstein,,pinned,Q49661,
LI-PL,Planken,municipality of Liechtenstein,,pinned,Q49660,
LI-RU,Ruggell,municipality of Liechtenstein,,pinned,Q49659,
LI-SC,Schaan,municipality of Liechtenstein,,pinned,Q49657,Schaan
LI-SH,Schellenberg,municipality of Liechtenstein,,pinned,Q49655,Schellenberg
LI-TI,Triesenberg,municipality of Liechtenstein,,pinned,Q49651,Triesenberg
LI-TR,Triesen,municipality of Liechtenstein,,pinned,Q49654,Triesen
LI-VD,Vaduz,municipality of Liechtenstein,,skeleton,Q1844,Vaduz
LK-AM,Ampara,District,,name,,
LK-AN,Anuradhapura,District,,name,,
LK-BA,Badulla,District,,name,,
LK-BT,Batticaloa,District,,skeleton,,
LK-CO,Colombo,District,,name,,
LK-GA,Gampaha,District,,name,,
LK-GL,Galle,District,,skeleton,,
LK-HA,Hambantota,District,,name,,
LK-JA,Jaffna,District,,name,,
LK-KA,Kandy,District,,name,,
LK-KE,Kegalle,District,,name,,
LK-KI,Kilinochchi,District,,name,,
LK-KL,Kalutara,District,,skeleton,,
LK-KU,Kurunegala,District,,name,,
LK-MA,Matara,District,,name,,
LK-MN,Mannar,District,,skeleton,,
LK-MO,Moneragala,District,,name,,
LK-MT,Matale,District,,skeleton,,
LK-MU,Mullaitivu,District,,name,,
LK-NE,Nuwara Eliya,District,,initials,,
LK-PO,Polonnaruwa,District,,name,,
LK-PU,Puttalam,District,,name,,
LK-RA,Ratnapura,District,,name,,
LK-TR,Trincomalee,District,,name,,
LK-VA,Vavuniya,District,,name,,
LR-BG,Bong,county of Liberia,,pinned,Q877578,
LR-BM,Bomi,county of Liberia,,pinned,Q844127,
LR-CM,Grand Cape Mount,county of Liberia,,pinned,Q1047921,
LR-GB,Grand Bassa,county of Liberia,,pinned,Q1047895,
LR-GG,Grand Gedeh,county of Liberia,,pinned,Q950841,
LR-GK,Grand Kru,county of Liberia,,pinned,Q574952,
LR-GP,Gbarpolu,county of Liberia,,anchor,Q592251,
LR-LO,Lofa,county of Liberia,,pinned,Q870130,
LR-MG,Margibi,county of Liberia,,pinned,Q1052737,
LR-MO,Montserrado,county of Liberia,,pinned,Q862608,Montserrado
LR-MY,Maryland,county of Liberia,,pinned,Q870138,
LR-NI,Nimba,county of Liberia,,pinned,Q868497,
LR-RC,River Cess,county of Liberia,,initials,Q955095,
LR-RG,River Gee,county of Liberia,,pinned,Q1047875,
LR-SI,Sinoe,county of Liberia,,pinned,Q1043644,
LS-BB,Butha-Buthe,district of Lesotho,,pinned,Q535632,
LS-BE,Berea,district of Lesotho,,pinned,Q737086,
LS-LE,Leribe,district of Lesotho,,pinned,Q819987,
LS-MA,Maseru,district of Lesotho,,pinned,Q844921,
LS-MF,Mafeteng,district of Lesotho,,pinned,Q817342,
LS-MO,Mokhotlong,district of Lesotho,,pinned,Q817340,
LS-MS,Mohale's Hoek,district of Lesotho,,pinned,Q839074,
LS-QS,Qacha's Nek,district of Lesotho,,pinned,Q850423,
LS-QU,Quthing,district of Lesotho,,pinned,Q839060,
LS-TT,Thaba-Tseka,district of Lesotho,,pinned,Q817327,
LT-AL,Alytaus,County,,name,,
LT-KA,Kauno,County,,name,,
LT-KL,Klaipedos,County,,name,,
LT-MA,Marijampoles,County,,name,,
LT-PA,Panevezio,County,,name,,
LT-SI,Šiauliai,County,,name,,
LT-TA,Taurages,County,,name,,
LT-TE,Telšiai,County,,name,,
LT-UT,Utenos,County,,name,,
LT-VI,Vilniaus,County,,name,,
LU-CA,de Capellen,canton of Luxembourg,,name,Q397678,
LU-CL,de Clervaux,canton of Luxembourg,,name,Q691793,Clervaux
LU-DK,de Diekirch,canton of Luxembourg,,skeleton,Q691842,Diekirch
LU-EC,d’Echternach,canton of Luxembourg,,name,Q720221,
LU-ES,d’Esch-sur-Alzette,canton of Luxembourg,,initials,Q188283,
LU-GE,de Grevenmacher,canton of Luxembourg,,any2,Q836002,Grevenmacher
LU-LX,de Luxembourg,canton of Luxembourg,,skeleton,Q691741,
LU-ME,de Mersch,canton of Luxembourg,,name,Q753917,Miersch
LU-RE,de Redange,canton of Luxembourg,,name,Q835980,Redange
LU-RM,de Remich,canton of Luxembourg,,skeleton,Q691781,Remich
LU-VI,de Vianden,canton of Luxembourg,,name,Q845600,
LU-WI,de Wiltz,canton of Luxembourg,,name,Q550021,
LV-KU,Kurzeme,Province,,name,,
LV-LA,Latgale,Province,,name,,
LV-RI,Riga,Province,,name,,
LV-VI,Vidzeme,Province,,name,,
LV-ZE,Zemgale,Province,,name,,
LY-BG,Benghazi District,district of Libya,,any2,Q33507,بنغازي
LY-BN,Benghazi,municipality of Libya,,skeleton,Q40816,بنغازي
LY-BT,Butnan,district of Libya,,skeleton,Q25931,
LY-BW,Bani Walid,district of Libya,,initials,Q1366684,
LY-DE,Derna,district of Libya,,name,Q26124,
LY-GT,Ghat,district of Libya,,pinned,Q48236,
LY-HA,Hizam al Akhdar,district of Libya,,initials,Q209772,
LY-JB,Jabal al Akhdar,district of Libya,,any2,Q32841,
LY-JF,Jafara,district of Libya,,skeleton,Q329060,الجفارة
LY-JL,Jabal al Gharbi,district of Libya,,any2,Q25632,الجبل الغربي
LY-JR,Jufra,district of Libya,,any2,Q48247,
LY-KU,Kufra,district of Libya,,name,Q48200,
LY-MA,Marj,district of Libya,,name,Q26023,
LY-MQ,Murzuq,district of Libya,,pinned,Q48239,
LY-MS,Misrata,district of Libya,,skeleton,Q32845,
LY-MU,Murqub,district of Libya,,name,Q209778,
LY-NK,Nuqat al Khams,district of Libya,,initials,Q26161,
LY-NL,Nalut,district of Libya,,pinned,Q27659,
LY-SB,Sabha,district of Libya,,pinned,Q26132,
LY-SI,Sirte,district of Libya,,name,Q26417,سرت
LY-TR,Tripoli,district of Libya,,pinned,Q32837,
LY-WA,Al Wahat,district of Libya,,pinned,Q26000,
LY-WD,Wadi al Hayaa,district of Libya,,anchor,Q48233,وادي الحياة
LY-WI,Wadi al Shatii,district of Libya,,any2,Q48232,
LY-ZW,Zawiya,district of Libya,,skeleton,Q26153,
MA-BM,Béni Mellal-Khénifra,region of Morocco,,initials,Q19953016,بني ملال خنيفرة
MA-CS,Casablanca-Settat,region of Morocco,,initials,Q19843788,الدار البيضاء - سطات
MA-DO,Dakhla-Oued Ed-Dahab,region of Morocco,,initials,Q21235104,جهة الداخلة وادي الذهب
MA-DT,Drâa-Tafilalet,region of Morocco,,initials,Q19950954,جهة درعة تافيلالت
MA-FM,Fès-Meknès,region of Morocco,,initials,Q19951027,فاس مكناس
MA-GO,Guelmim-Oued Noun,region of Morocco,,initials,Q19951051,كلميم-وادي نون
MA-LS,Laâyoune-Sakia El Hamra,region of Morocco,,initials,Q19951088,العيون - الساقية الحمراء
MA-MS,Marrakesh-Safi,region of Morocco,,initials,Q19951125,مراكش آسفي
MA-OR,Oriental,region of Morocco,,pinned,Q23048167,جهة الشرق
MA-RA,Rabat-Salé-Kénitra,region of Morocco,,any2,Q19951239,الرباط - سلا - القنيطرة
MA-SO,Souss-Massa,region of Morocco,,any2,Q20652586,سوس ماسة
MA-TN,Tangier-Tetouan-Al Hoceima,region of Morocco,,any2,Q19951300,طنجة-تطوان-الحسيمة
MD-AN,Anenii Noi,district of Moldova,,pinned,Q769224,
MD-AT,Administrative-Territorial Units of the Left Bank of the Dniester,administrative territorial entity of Moldova,,initials,Q648767,Unitățile administrativ-teritoriale din stânga Nistrului
MD-BA,Bălți,Q141439977,,pinned,Q29017181,
MD-BD,Bender,Q141439977,,pinned,Q18088065,
MD-BR,Briceni,district of Moldova,,pinned,Q753795,
MD-BS,Basarabeasca,district of Moldova,,pinned,Q1980044,
MD-CA,Cahul,district of Moldova,,pinned,Q2128882,Raionul Cahul
MD-CL,Călărași,district of Moldova,,pinned,Q2128868,
MD-CM,Cimișlia,district of Moldova,,pinned,Q286646,
MD-CR,Criuleni,district of Moldova,,pinned,Q2128862,
MD-CS,Căușeni,district of Moldova,,pinned,Q2128869,
MD-CT,Cantemir,district of Moldova,,pinned,Q684183,
MD-CU,Chișinău,Q141439977,,pinned,Q17176229,
MD-DO,Dondușeni,district of Moldova,,pinned,Q1061128,
MD-DR,Drochia,district of Moldova,,pinned,Q865594,
MD-DU,Dubăsari,district of Moldova,,pinned,Q878278,
MD-ED,Edineț,district of Moldova,,pinned,Q878290,Raionul Edineţ
MD-FA,Fălești,district of Moldova,,pinned,Q878375,
MD-FL,Florești,district of Moldova,,pinned,Q865726,
MD-GA,Gagauzia,administrative territorial entity of Moldova,,pinned,Q164819,Găgăuzia
MD-GL,Glodeni,district of Moldova,,pinned,Q860716,
MD-HI,Hîncești,district of Moldova,,pinned,Q878297,
MD-IA,Ialoveni,district of Moldova,,pinned,Q2128964,
MD-LE,Leova,district of Moldova,,pinned,Q1826662,
MD-NI,Nisporeni,district of Moldova,,pinned,Q878266,
MD-OC,Ocnița,district of Moldova,,pinned,Q266444,Raionul Ocnița
MD-OR,Orhei,district of Moldova,,pinned,Q2112462,
MD-RE,Rezina,district of Moldova,,pinned,Q878317,
MD-RI,Rîșcani,district of Moldova,,pinned,Q611656,Raionul Rîşcani
MD-SD,Șoldănești,district of Moldova,,pinned,Q865639,
MD-SI,Sîngerei,district of Moldova,,pinned,Q1796621,
MD-SO,Soroca,district of Moldova,,pinned,Q2129022,
MD-ST,Strășeni,district of Moldova,,pinned,Q878308,
MD-SV,Ștefan Vodă,district of Moldova,,pinned,Q2129061,
MD-TA,Taraclia,district of Moldova,,pinned,Q865884,Raionul Taraclia
MD-TE,Telenești,district of Moldova,,pinned,Q2129025,
MD-UN,Ungheni,district of Moldova,,pinned,Q854443,
ME-AN,Andrijevica,municipality of Montenegro,,pinned,Q2384773,Општина Андријевица
ME-BA,Bar,municipality of Montenegro,,pinned,Q2604068,Општина Бар
ME-BE,Berane,municipality of Montenegro,,pinned,Q4853794,Општина Беране
ME-BP,Bijelo Polje,municipality of Montenegro,,pinned,Q4086488,Општина Бијело Поље
ME-BU,Budva,municipality of Montenegro,,pinned,Q3739214,Општина Будва
ME-DA,Danilovgrad,municipality of Montenegro,,pinned,Q3741507,Opština Danilovgrad
ME-GU,Gusinje,municipality of Montenegro,,name,Q16085370,
ME-HN,Herceg Novi,municipality of Montenegro,,pinned,Q3317366,Општина Херцег Нови
ME-KL,Kolašin,municipality of Montenegro,,pinned,Q3303233,Општина Колашин
ME-KO,Kotor,municipality of Montenegro,,pinned,Q4856305,Opština Kotor
ME-MO,Mojkovac,municipality of Montenegro,,pinned,Q3299782,Општина Мојковац
ME-NI,Nikšić,municipality of Montenegro,,pinned,Q4865016,
ME-OR,Old Royal Capital Cetinje,municipality of Montenegro,,initials,Q3305075,Пријестоница Цетиње
ME-PA,Plav,municipality of Montenegro,,pinned,Q4859821,
ME-PC,Podgorica Capital,municipality of Montenegro,,initials,Q3305250,Главни град Подгорица
ME-PE,Petnjica,municipality of Montenegro,,name,Q15630696,
ME-PL,Pljevlja,municipality of Montenegro,,pinned,Q3299950,
ME-PU,Plužine,municipality of Montenegro,,pinned,Q4864476,Општина Плужине
ME-RO,Rožaje,municipality of Montenegro,,pinned,Q3296677,Општина Рожаје
ME-SA,Šavnik,municipality of Montenegro,,pinned,Q13365880,Општина Шавник
ME-TI,Tivat,municipality of Montenegro,,pinned,Q3738564,
ME-TU,Tuzi,municipality of Montenegro,,name,Q12750439,
ME-UL,Ulcinj,municipality of Montenegro,,pinned,Q3305169,Улцињ
ME-ZA,Žabljak,municipality of Montenegro,,pinned,Q3304454,
ME-ZE,Zeta,municipality of Montenegro,,name,Q12750430,Општина Зета
MG-AA,Atsimo-Atsinanana,region of Madagascar,,initials,Q757782,
MG-AD,Androy,region of Madagascar,,any2,Q218981,
MG-AI,Amoron'i Mania,region of Madagascar,,compound.alt,Q474134,
MG-AJ,Analanjirofo,region of Madagascar,,any2,Q178449,Analanjirofo
MG-AL,Analamanga,region of Madagascar,,any2,Q484625,Analamanga
MG-AM,Alaotra-Mangoro,region of Madagascar,,initials,Q1352996,
MG-AO,Anôsy,region of Madagascar,,any2,Q16045730,
MG-AS,Atsimo-Andrefana,region of Madagascar,,any2,Q757781,
MG-BE,Betsiboka,region of Madagascar,,name,Q832223,
MG-BN,Bongolava,region of Madagascar,,skeleton,Q679739,
MG-BO,Boeny,region of Madagascar,,name,Q740164,
MG-DI,Diana,region of Madagascar,,name,Q1143947,
MG-HM,Haute Matsiatra,region of Madagascar,,qualifier,Q1440747,
MG-IH,Ihorombe,region of Madagascar,,name,Q1513970,
MG-IT,Itasy,region of Madagascar,,name,Q573931,
MG-ME,Melaky,region of Madagascar,,name,Q1514040,
MG-MN,Menabe,region of Madagascar,,skeleton,Q1344087,
MG-SA,Sava,region of Madagascar,,name,Q1143915,
MG-SO,Sofia,region of Madagascar,,name,Q1165783,
MG-VA,Vakinankaratra,region of Madagascar,,name,Q1463029,
MH-AA,Ailinglaplap Atoll,administrative territorial entity,,initials,Q405165,
MH-AG,Ailinginae Atoll,administrative territorial entity,,any2,Q405164,
MH-AK,Ailuk Atoll,administrative territorial entity,,any2,Q405378,
MH-AN,Arno Atoll,administrative territorial entity,,any2,Q694057,
MH-BA,Bikini Atoll,administrative territorial entity,,initials,Q152225,Bikini
MH-BO,Bokak Atoll,administrative territorial entity,,any2,Q700138,
MH-EA,Enewetak Atoll,administrative territorial entity,,initials,Q649190,
MH-EO,Ebon Atoll,administrative territorial entity,,any2,Q152754,
MH-ER,Erikub Atoll,administrative territorial entity,,any2,Q703618,
MH-IL,Mili Atoll,administrative territorial entity,,any2,Q700051,Mili
MH-JB,Jabat Island,administrative territorial entity,,pinned,Q697805,
MH-JI,Jemo Island,administrative territorial entity,,initials,Q715830,
MH-JL,Jaluit Atoll,administrative territorial entity,,any2,Q168576,
MH-KA,Kwajalein Atoll,administrative territorial entity,,initials,Q309172,Kwajalein
MH-KI,Kili Island,administrative territorial entity,,initials,Q697832,
MH-LB,Lib Island,administrative territorial entity,,pinned,Q376862,
MH-LE,Lae Atoll,administrative territorial entity,,any2,Q741121,
MH-MA,Majuro,administrative territorial entity,,pinned,Q12919,
MH-ME,Mejit Island,administrative territorial entity,,pinned,Q703543,
MH-MO,Maloelap Atoll,administrative territorial entity,,any2,Q567926,
MH-ND,Namdrik Atoll,administrative territorial entity,,any2,Q697819,
MH-NU,Namu Atoll,administrative territorial entity,,any2,Q703627,
MH-RA,Rongelap Atoll,administrative territorial entity,,initials,Q542619,
MH-RC,Ratak Chain,first-level administrative division,,initials,Q700048,
MH-RL,Ralik Chain,first-level administrative division,,any2,Q697840,
MH-RO,Rongerik Atoll,administrative territorial entity,,any2,Q697826,
MH-TA,Toke Atoll,administrative territorial entity,,initials,Q703587,
MH-UA,Ujelang Atoll,administrative territorial entity,,initials,Q703596,
MH-UE,Ujae Atoll,administrative territorial entity,,any2,Q697802,
MH-UR,Aur Atoll,administrative territorial entity,,any2,Q260549,
MH-WA,Wotho Atoll,administrative territorial entity,,initials,Q175931,
MH-WJ,Wotje Atoll,administrative territorial entity,,any2,Q518210,
MK-AER,Aerodrom,municipality of North Macedonia,,pinned,Q1992708,
MK-ARA,Aračinovo,municipality of North Macedonia,,pinned,Q597345,Komuna e Haraçinës
MK-BER,Berovo,municipality of North Macedonia,,pinned,Q793727,
MK-BIT,Bitola,municipality of North Macedonia,,pinned,Q159380,Битола
MK-BOG,Bogovinje,municipality of North Macedonia,,pinned,Q9035785,
MK-BOI,Bogdanci,municipality of North Macedonia,,pinned,Q1992752,
MK-BOS,Bosilovo,municipality of North Macedonia,,pinned,Q1779775,
MK-BRV,Brvenica,municipality of North Macedonia,,pinned,Q1057563,Брвеница
MK-BUT,Butel,municipality of North Macedonia,,pinned,Q935620,
MK-CAI,Čair,municipality of North Macedonia,,pinned,Q1419314,Општина Чаир
MK-CAS,Čaška,municipality of North Macedonia,,pinned,Q1994547,
MK-CEN,Centar,municipality of North Macedonia,,pinned,Q1463152,
MK-CEO,Češinovo-Obleševo,municipality of North Macedonia,,pinned,Q281898,
MK-CEZ,Centar Župa,municipality of North Macedonia,,pinned,Q1779085,Општина Центар-Жупа
MK-CUS,Čučer-Sandevo,municipality of North Macedonia,,pinned,Q629720,
MK-DEA,Debarca,municipality of North Macedonia,,pinned,Q1323340,
MK-DEB,Debar,municipality of North Macedonia,,pinned,Q1344996,Дебар
MK-DEH,Demir Hisar,municipality of North Macedonia,,pinned,Q856278,Општина Демир Хисар
MK-DEK,Demir Kapija,municipality of North Macedonia,,pinned,Q2370973,Општина Демир Капија
MK-DEL,Delčevo,municipality of North Macedonia,,pinned,Q1323322,Делчево
MK-DOJ,Dojran,municipality of North Macedonia,,name,Q1996413,Општина Дојран
MK-DOL,Dolneni,municipality of North Macedonia,,pinned,Q1992691,Долнени
MK-DRU,Drugovo,municipality of North Macedonia,,name,Q1996439,
MK-GAB,Gazi Baba,municipality of North Macedonia,,pinned,Q2019836,Општина Гази Баба
MK-GEV,Gevgelija,municipality of North Macedonia,,pinned,Q2018974,
MK-GOP,Ǵorče Petrov,municipality of North Macedonia,,compound,Q924278,
MK-GOS,Gostivar,municipality of North Macedonia,,pinned,Q521112,
MK-GRA,Gradsko,municipality of North Macedonia,,pinned,Q1992701,
MK-ILI,Ilinden,municipality of North Macedonia,,pinned,Q657754,Илинден
MK-JEE,Jegunovce,municipality of North Macedonia,,name.ends,Q431908,
MK-KAI,Karbinci,municipality of North Macedonia,,pinned,Q1346554,
MK-KAR,Karpoš,municipality of North Macedonia,,pinned,Q1463246,
MK-KIC,Kičevo,municipality of North Macedonia,,pinned,Q2018957,
MK-KIV,Kisela Voda,municipality of North Macedonia,,pinned,Q1386136,Кисела Вода
MK-KOC,Kočani,municipality of North Macedonia,,pinned,Q1819289,
MK-KON,Konče,municipality of North Macedonia,,pinned,Q1992728,
MK-KRA,Kratovo,municipality of North Macedonia,,pinned,Q1992716,Кратово
MK-KRI,Krivogaštani,municipality of North Macedonia,,pinned,Q2018930,
MK-KRP,Kriva Palanka,municipality of North Macedonia,,pinned,Q1422453,Крива Паланка
MK-KRU,Kruševo,municipality of North Macedonia,,pinned,Q2476159,
MK-KUM,Kumanovo,municipality of North Macedonia,,pinned,Q2352376,Куманово
MK-KVD,Kavadarci,municipality of North Macedonia,,skeleton,Q1155055,
MK-LIP,Lipkovo,municipality of North Macedonia,,pinned,Q2041236,
MK-LOZ,Lozovo,municipality of North Macedonia,,pinned,Q1996470,
MK-MAB,Makedonski Brod,municipality of North Macedonia,,pinned,Q2364199,
MK-MAK,Makedonska Kamenica,municipality of North Macedonia,,pinned,Q2041219,
MK-MIR,Mavrovo i Rostuše,municipality of North Macedonia,,initials,Q1323332,
MK-MOG,Mogila,municipality of North Macedonia,,pinned,Q1839369,Општина Могила
MK-NEG,Negotino,municipality of North Macedonia,,pinned,Q3246545,Неготино
MK-NOI,Novaci,municipality of North Macedonia,,name.ends,Q2088022,
MK-NOS,Novo Selo,municipality of North Macedonia,,pinned,Q1946579,
MK-OHR,Ohrid,municipality of North Macedonia,,pinned,Q1125333,Општина Охрид
MK-OSL,Oslomej,municipality of North Macedonia,,name,Q2001785,Општина Осломей
MK-PEH,Pehčevo,municipality of North Macedonia,,pinned,Q426114,
MK-PET,Petrovec,municipality of North Macedonia,,pinned,Q1018191,
MK-PLA,Plasnica,municipality of North Macedonia,,pinned,Q2018921,
MK-PRI,Prilep,municipality of North Macedonia,,pinned,Q6312454,Прилеп
MK-PRO,Probištip,municipality of North Macedonia,,pinned,Q2270414,
MK-RAD,Radoviš,municipality of North Macedonia,,pinned,Q2738284,
MK-RAN,Rankovce,municipality of North Macedonia,,pinned,Q1475001,
MK-RES,Resen,municipality of North Macedonia,,pinned,Q740591,
MK-ROS,Rosoman,municipality of North Macedonia,,pinned,Q2088585,
MK-SAR,Saraj,municipality of North Macedonia,,pinned,Q1309481,
MK-SOP,Sopište,municipality of North Macedonia,,pinned,Q2282240,
MK-STI,Štip,municipality of North Macedonia,,pinned,Q2423082,
MK-STM,Strumica,municipality of North Macedonia,,any3,Q2308287,Струмица
MK-STN,Staro Nagoričane,municipality of North Macedonia,,pinned,Q2128903,
MK-STR,Struga,municipality of North Macedonia,,pinned,Q749618,
MK-STU,Studeničani,municipality of North Macedonia,,pinned,Q2088034,
MK-SUO,Šuto Orizari,municipality of North Macedonia,,pinned,Q1020859,
MK-SVN,Sveti Nikole,municipality of North Macedonia,,pinned,Q2308277,
MK-TEA,Tearce,municipality of North Macedonia,,pinned,Q2282274,
MK-TET,Tetovo,municipality of North Macedonia,,pinned,Q3245456,Тетово
MK-VAL,Valandovo,municipality of North Macedonia,,pinned,Q2018965,
MK-VAS,Vasilevo,municipality of North Macedonia,,pinned,Q2018980,
MK-VEL,Veles,municipality of North Macedonia,,pinned,Q2088561,Велес
MK-VEV,Vevčani,municipality of North Macedonia,,pinned,Q2029825,
MK-VIA,Vinica,municipality of North Macedonia,,name.ends,Q2479526,
MK-VRA,Vrapčište,municipality of North Macedonia,,pinned,Q1996740,
MK-VRN,Vraneštica,municipality of North Macedonia,,skeleton,Q1998500,
MK-ZAJ,Zajas,municipality of North Macedonia,,name,Q2018939,
MK-ZEL,Želino,municipality of North Macedonia,,pinned,Q1996410,
MK-ZEO,Zelenikovo,municipality of North Macedonia,,pinned,Q9050283,
MK-ZRN,Zrnovci,municipality of North Macedonia,,pinned,Q950881,
ML-BA,Bamako,capital district or territory,,pinned,Q3703,ߓߡߊ߬ߞߐ߬
ML-BN,Bandiagara,region of Mali,,skeleton,Q130581074,
ML-BO,Bougouni,region of Mali,,name,Q130390762,
ML-CB,la capitale de Bamako,region of Mali,,preposition.significant,Q55747201,
ML-DI,Dioïla,region of Mali,,name,Q131468014,
ML-DO,Douentza,region of Mali,,name,Q130755512,
ML-GA,Gao,region of Mali,,pinned,Q332392,Gao
ML-KA,Kayes,region of Mali,,pinned,Q332113,
ML-KI,Kidal,region of Mali,,pinned,Q338988,Kidal
ML-KO,Koulikoro,region of Mali,,pinned,Q287789,
ML-KT,Kita,region of Mali,,skeleton,Q131447789,
ML-KU,Koutiala,region of Mali,,any2,Q131522025,
ML-ME,Ménaka,region of Mali,,name,Q3455550,
ML-MO,Mopti,region of Mali,,pinned,Q214155,Mopti
ML-NA,Nara,region of Mali,,name,Q131467708,
ML-NS,Nioro du Sahel,region of Mali,,preposition.significant,Q131314964,
ML-SA,San,region of Mali,,name,Q131522532,
ML-SE,Ségou,region of Mali,,pinned,Q656845,Ségou
ML-SI,Sikasso,region of Mali,,pinned,Q461298,Sikasso
ML-TA,Taoudénit,region of Mali,,name,Q2424657,استان توئودنیت
ML-TO,Tombouctou,region of Mali,,name,Q339462,Tombouctou
MM-AY,Ayeyarwady,region of Myanmar,,pinned,Q47047,
MM-BA,Bago,region of Myanmar,,pinned,Q800124,
MM-CH,Chin,state of Myanmar,,pinned,Q46910,
MM-KA,Kachin,state of Myanmar,,pinned,Q140646,
MM-KH,Kayah,state of Myanmar,,pinned,Q652845,
MM-KY,Kayin,state of Myanmar,,pinned,Q495342,
MM-MA,Mandalay,region of Myanmar,,pinned,Q119494,
MM-MG,Magway,region of Myanmar,,pinned,Q833013,
MM-MO,Mon,state of Myanmar,,pinned,Q818742,တွဵုရးဍုၚ်မန်၊ ရာမညဒေသ
MM-NY,Naypyidaw,union territory of Myanmar,,skeleton,Q4796,
MM-RA,Rakhine,state of Myanmar,,pinned,Q233838,ရခိုင်ပြည်နယ်
MM-SA,Sagaing,region of Myanmar,,pinned,Q847289,
MM-SH,Shan,state of Myanmar,,pinned,Q456847,မိူင်းတႆး
MM-TA,Tanintharyi,region of Myanmar,,pinned,Q843954,
MM-YA,Yangon,region of Myanmar,,pinned,Q856781,
MN-AK,Arkhangai,province of Mongolia,,any2,Q207809,Архангай аймаг
MN-BN,Bayan-Ölgii,province of Mongolia,,any2,Q191792,Баян-Өлгий аймаг
MN-BU,Bulgan,province of Mongolia,,pinned,Q209774,Булган аймаг
MN-BY,Bayankhongor,province of Mongolia,,skeleton,Q276200,Баянхонгор аймаг
MN-DA,Darkhan-Uul,province of Mongolia,,any2,Q18827,Дархан-Уул аймаг
MN-DN,Dundgovi,province of Mongolia,,pinned,Q211835,Дундговь аймаг
MN-DO,Dornod,province of Mongolia,,pinned,Q207795,Дорнод аймаг
MN-DR,Dornogovi,province of Mongolia,,pinned,Q213272,Дорноговь аймаг
MN-GO,Govisümber,province of Mongolia,,pinned,Q236333,Говьсүмбэр аймаг
MN-GV,Govi-Altai,province of Mongolia,,any2,Q192945,Говь-Алтай аймаг
MN-KE,Khentii,province of Mongolia,,any2,Q239040,Хэнтий аймаг
MN-KH,Khövsgöl,province of Mongolia,,name,Q244788,Хөвсгөл аймаг
MN-KO,Khovd,province of Mongolia,,any2,Q194098,Ховд аймаг
MN-OK,Orkhon,province of Mongolia,,any2,Q234710,Орхон аймаг
MN-OO,Övörkhangai,province of Mongolia,,any2,Q234713,Өвөрхангай аймаг
MN-SE,Selenge,province of Mongolia,,pinned,Q234680,Сэлэнгэ аймаг
MN-SK,Sükhbaatar,province of Mongolia,,skeleton,Q244804,Сүхбаатар аймаг
MN-TO,Töv,province of Mongolia,,pinned,Q276195,Төв аймаг
MN-UL,Ulaanbaatar,first-level administrative division,,pinned,Q23430,Улаанбаатар
MN-UM,Umnugobi,province of Mongolia,,name,Q235579,Өмнөговь аймаг
MN-UV,Uvs,province of Mongolia,,pinned,Q192942,Увс аймаг
MN-ZA,Zavkhan,province of Mongolia,,name,Q167764,Завхан аймаг
MP-NI,Northern Islands,municipality of the Northern Mariana Islands,,pinned,Q1608103,Northern Islands Municipality
MP-RA,Rota Municipality,municipality of the Northern Mariana Islands,,any2,Q27728202,
MP-RT,Rota,municipality of the Northern Mariana Islands,,skeleton,Q949090,
MP-SA,Saipan,municipality of the Northern Mariana Islands,,pinned,Q9332790,
MP-TI,Tinian,municipality of the Northern Mariana Islands,,pinned,Q7808227,
MQ-FD,Fort-de-France,Arrondissement,,initials,,
MQ-LM,Le Marin,Arrondissement,,initials,,
MQ-LT,Le Trinité,Arrondissement,,initials,,
MQ-SP,Saint-Pierre,Arrondissement,,initials,,
MR-AD,Adrar,region of Mauritania,,pinned,Q366626,
MR-AS,Assaba,region of Mauritania,,pinned,Q738546,
MR-BR,Brakna,region of Mauritania,,pinned,Q12632,
MR-DN,Dakhlet Nouadhibou,region of Mauritania,,pinned,Q859573,
MR-GD,Guidimakha,region of Mauritania,,skeleton,Q768119,
MR-GO,Gorgol,region of Mauritania,,pinned,Q859831,
MR-HE,Hodh Ech Chargui,region of Mauritania,,pinned,Q12621,
MR-HO,Hodh El Gharbi,region of Mauritania,,pinned,Q850435,
MR-IN,Inchiri,region of Mauritania,,pinned,Q850022,
MR-NN,Nouakchott-Nord,region of Mauritania,,initials,Q20669647,نواكشوط الشمالية
MR-NS,Nouakchott South,region of Mauritania,,initials,Q20669653,نواكشوط الجنوبية
MR-NW,Nouakchott West,region of Mauritania,,initials,Q20669651,
MR-TA,Tagant,region of Mauritania,,pinned,Q843903,
MR-TR,Trarza,region of Mauritania,,pinned,Q859581,
MR-TZ,Tiris Zemmour,region of Mauritania,,pinned,Q859567,
MS-SG,Saint Georges,civil parish,,pinned,Q3463799,
MS-SI,Saint Anthony,parish,,any2,Q3463656,
MS-SP,Saint Peter,civil parish,,pinned,Q3464018,
MT-CE,Ċentrali,Region,,name,,
MT-GA,Għawdex,Region,,compound,,
MT-NO,Nofsinhar,Region,,name,,
MT-TR,Tramuntana,Region,,name,,
MT-XL,Xlokk,Region,,name,,
MU-AG,Agaléga,administrative territorial entity of Mauritius,,pinned,Q196042,
MU-CC,Cagados Carajos,administrative territorial entity of Mauritius,,anchor,Q511859,
MU-FL,Flacq,district of Mauritius,,pinned,Q911651,Flacq
MU-GP,Grand Port,district of Mauritius,,pinned,Q911635,
MU-MO,Moka,district of Mauritius,,pinned,Q911643,
MU-PA,Pamplemousses,district of Mauritius,,pinned,Q934126,
MU-PL,Port Louis,district of Mauritius,,pinned,Q960645,
MU-PW,Plaines Wilhems,district of Mauritius,,pinned,Q1053595,
MU-RD,Rodrigues,administrative territorial entity of Mauritius,,skeleton,Q208668,Rodrigues Island
MU-RN,Rivière Noire,district of Mauritius,,initials,Q873740,
MU-RR,Rivière du Rempart,district of Mauritius,,pinned,Q1053565,
MU-SA,Savanne,district of Mauritius,,pinned,Q1053600,Savanne
MW-CE,Central,region of Malawi,,name,Q860758,Central Region
MW-NO,Northern,region of Malawi,,name,Q868827,Northern Region
MW-SO,Southern,region of Malawi,,name,Q868784,Southern Region
MX-AG,Aguascalientes,state of Mexico,,pinned,Q79952,Aguascalientes
MX-BA,Baja California Sur,state of Mexico,,pinned,Q46508,Baja California Sur
MX-BC,Baja California,state of Mexico,,pinned,Q58731,Baja California
MX-CA,Campeche,state of Mexico,,pinned,Q80908,Campeche
MX-CH,Chiapas,state of Mexico,,pinned,Q60123,Chiapas
MX-CI,Chihuahua,state of Mexico,,pinned,Q655,Chihuahua
MX-CL,Colima,state of Mexico,,pinned,Q61309,Colima
MX-CM,Ciudad de México,federative entity of Mexico,,preposition.significant,Q1489,Ciudad de México
MX-CZ,Coahuila de Zaragoza,state of Mexico,,preposition.significant,Q53079,Coahuila de Zaragoza
MX-DU,Durango,state of Mexico,,pinned,Q79918,Durango
MX-EM,Estado de México,state of Mexico,,preposition.significant,Q82112,Estado de México
MX-EO,Estado de Oaxaca,state of Mexico,,preposition.significant,Q34110,Oaxaca
MX-EV,Estado de Veracruz,state of Mexico,,preposition.significant,Q60130,
MX-GR,Guerrero,state of Mexico,,pinned,Q60158,Guerrero
MX-GU,Guanajuato,state of Mexico,,pinned,Q46475,Guanajuato
MX-HI,Hidalgo,state of Mexico,,pinned,Q80903,Hidalgo
MX-JA,Jalisco,state of Mexico,,pinned,Q13160,Jalisco
MX-MI,Michoacán,state of Mexico,,pinned,Q79861,
MX-MO,Morelos,state of Mexico,,pinned,Q66117,Morelos
MX-NA,Nayarit,state of Mexico,,pinned,Q79920,
MX-NL,Nuevo León,state of Mexico,,pinned,Q15282,Nuevo León
MX-PU,Puebla,state of Mexico,,pinned,Q79923,Puebla
MX-QR,Quintana Roo,state of Mexico,,pinned,Q80245,Quintana Roo
MX-QU,Querétaro,state of Mexico,,pinned,Q79754,Querétaro
MX-SI,Sinaloa,state of Mexico,,pinned,Q80252,Sinaloa
MX-SL,San Luis Potosí,state of Mexico,,pinned,Q78980,San Luis Potosí
MX-SO,Sonora,state of Mexico,,pinned,Q46422,Sonora
MX-TA,Tamaulipas,state of Mexico,,pinned,Q80007,Tamaulipas
MX-TB,Tabasco,state of Mexico,,pinned,Q80914,Tabasco
MX-TL,Tlaxcala,state of Mexico,,pinned,Q82681,Tlaxcala
MX-YU,Yucatán,state of Mexico,,pinned,Q60176,Yucatán
MX-ZA,Zacatecas,state of Mexico,,pinned,Q80269,Zacatecas
MY-JO,Johor,State,,name,,
MY-KD,Kedah,State,,skeleton,,
MY-KE,Kelantan,State,,name,,
MY-KL,Kuala Lumpur,Federal Territory,,initials,,
MY-LA,Labuan,Federal Territory,,name,,
MY-ME,Melaka,State,,name,,
MY-NS,Negeri Sembilan,State,,initials,,
MY-PA,Pahang,State,,name,,
MY-PE,Perak,State,,name,,
MY-PP,Pulau Pinang,State,,initials,,
MY-PR,Perlis,State,,skeleton,,
MY-PU,Putrajaya,Federal Territory,,name,,
MY-SA,Sabah,State,,name,,
MY-SE,Selangor,State,,name,,
MY-SR,Sarawak,State,,skeleton,,
MY-TR,Trengganu,State,,name,,
MZ-MU,Maputo,municipality of Mozambique,,any2,Q3889,Maputo
MZ-PC,Província de Cabo Delgado,province of Mozambique,,initials,Q466538,
MZ-PG,Província de Gaza,province of Mozambique,,preposition.significant,Q466526,Gaza
MZ-PI,Província de Inhambane,province of Mozambique,,preposition.significant,Q466547,
MZ-PM,Província de Manica,province of Mozambique,,preposition.significant,Q622792,
MZ-PN,Província do Niassa,province of Mozambique,,preposition.significant,Q622799,
MZ-PO,Província de Nampula,province of Mozambique,,any2,Q622794,
MZ-PR,Província de Maputo,province of Mozambique,,any2,Q379658,
MZ-PS,Província de Sofala,province of Mozambique,,preposition.significant,Q622801,
MZ-PT,Província de Tete,province of Mozambique,,preposition.significant,Q605787,
MZ-ZA,Zambézia,province of Mozambique,,pinned,Q622803,
NA-CA,Zambezi,region of Namibia,,pinned,Q473190,Zambezi Region
NA-ER,Erongo,region of Namibia,,pinned,Q648753,
NA-HA,Hardap,region of Namibia,,pinned,Q752676,
NA-KA,Karas,region of Namibia,,pinned,Q573467,
NA-KE,Kavango East,region of Namibia,,anchor,Q14824032,
NA-KH,Khomas,region of Namibia,,pinned,Q834508,
NA-KU,Kunene,region of Namibia,,pinned,Q834513,Kunene Region
NA-KW,Kavango West,region of Namibia,,anchor,Q14824027,
NA-OD,Otjozondjupa,region of Namibia,,pinned,Q876506,
NA-OH,Omaheke,region of Namibia,,pinned,Q838775,
NA-ON,Oshana,region of Namibia,,pinned,Q534528,
NA-OS,Omusati,region of Namibia,,pinned,Q764385,
NA-OT,Oshikoto,region of Namibia,,pinned,Q876512,
NA-OW,Ohangwena,region of Namibia,,pinned,Q845702,
NC-IL,Îles Loyauté,Province,,initials,,
NC-NO,Nord,Province,,name,,
NC-SU,Sud,Province,,name,,
NE-AG,Agadez,region of Niger,,pinned,Q389944,
NE-DI,Diffa,region of Niger,,pinned,Q1053302,
NE-DO,Dosso,region of Niger,,pinned,Q850055,
NE-MA,Maradi,region of Niger,,pinned,Q850036,Maradi
NE-NI,Niamey,administrative territorial entity of Niger,,pinned,Q3674,Yamai
NE-TA,Tahoua,region of Niger,,pinned,Q871083,Tahoua
NE-TL,Tillabéri,region of Niger,,skeleton,Q861914,Tillabéri
NE-ZI,Zinder,region of Niger,,pinned,Q204367,Zinder
NG-AB,Abia,state of Nigeria,,pinned,Q320852,Abia
NG-AD,Adamawa,state of Nigeria,,pinned,Q337514,Adamawa State
NG-AK,Akwa Ibom,state of Nigeria,,pinned,Q424388,
NG-AN,Anambra,state of Nigeria,,pinned,Q117714,
NG-BA,Bauchi,state of Nigeria,,pinned,Q503936,
NG-BE,Benue,state of Nigeria,,pinned,Q429908,
NG-BO,Borno,state of Nigeria,,pinned,Q130626,Borno State
NG-BY,Bayelsa,state of Nigeria,,pinned,Q532153,Bayelsa State
NG-CR,Cross River,state of Nigeria,,pinned,Q739676,Cross River State
NG-DE,Delta,state of Nigeria,,pinned,Q503910,Delta State
NG-EB,Ebonyi,state of Nigeria,,pinned,Q506808,
NG-ED,Edo,state of Nigeria,,pinned,Q682704,
NG-EK,Ekiti,state of Nigeria,,pinned,Q534917,
NG-EN,Enugu,state of Nigeria,,pinned,Q3817714,
NG-FC,Federal Capital,state of Nigeria,,pinned,Q509300,
NG-GO,Gombe,state of Nigeria,,pinned,Q376241,
NG-IM,Imo,state of Nigeria,,pinned,Q842939,
NG-JI,Jigawa,state of Nigeria,,pinned,Q682691,
NG-KD,Kaduna,state of Nigeria,,pinned,Q878284,Kaduna State
NG-KE,Kebbi,state of Nigeria,,pinned,Q748523,
NG-KN,Kano,state of Nigeria,,pinned,Q682571,
NG-KO,Kogi,state of Nigeria,,pinned,Q387745,Kogi
NG-KT,Katsina,state of Nigeria,,pinned,Q657821,Jihar Katsina
NG-KW,Kwara,state of Nigeria,,pinned,Q464953,Kwara
NG-LA,Lagos,state of Nigeria,,pinned,Q815913,Ìpínlẹ̀ Èkó
NG-NA,Nasarawa,state of Nigeria,,pinned,Q836645,
NG-NI,Niger,state of Nigeria,,pinned,Q503932,Niger
NG-OG,Ogun,state of Nigeria,,pinned,Q836657,
NG-ON,Ondo,state of Nigeria,,pinned,Q836654,
NG-OS,Osun,state of Nigeria,,pinned,Q682721,
NG-OY,Oyo,state of Nigeria,,pinned,Q503905,
NG-PL,Plateau,state of Nigeria,,pinned,Q503928,
NG-RI,Rivers,state of Nigeria,,pinned,Q503923,
NG-SO,Sokoto,state of Nigeria,,pinned,Q503941,
NG-TA,Taraba,state of Nigeria,,pinned,Q463959,
NG-YO,Yobe,state of Nigeria,,pinned,Q682777,
NG-ZA,Zamfara,state of Nigeria,,pinned,Q145793,Zamfara State
NI-AC,Autónoma de la Costa Caribe Sur,department of Nicaragua,,initials,Q291279,Región Autónoma de la Costa del Caribe Sur
NI-AU,Autónoma de la Costa Caribe Norte,department of Nicaragua,,any2,Q498452,Región Autónoma de la Costa Caribe Norte
NI-BO,Boaco,department of Nicaragua,,pinned,Q280973,
NI-CA,Carazo,department of Nicaragua,,pinned,Q461133,
NI-CI,Chinandega,department of Nicaragua,,pinned,Q644024,
NI-CO,Chontales,department of Nicaragua,,pinned,Q498443,
NI-ES,Estelí,department of Nicaragua,,pinned,Q728015,
NI-GR,Granada,department of Nicaragua,,pinned,Q258405,Granada
NI-JI,Jinotega,department of Nicaragua,,pinned,Q728120,
NI-LE,León,department of Nicaragua,,pinned,Q586818,
NI-MD,Madriz,department of Nicaragua,,pinned,Q728056,
NI-MN,Managua,department of Nicaragua,,pinned,Q260009,
NI-MS,Masaya,department of Nicaragua,,pinned,Q570358,
NI-MT,Matagalpa,department of Nicaragua,,pinned,Q728099,Matagalpa
NI-NS,Nueva Segovia,department of Nicaragua,,pinned,Q728022,
NI-RI,Rivas,department of Nicaragua,,pinned,Q728127,
NI-SJ,Río San Juan,department of Nicaragua,,pinned,Q728155,
NI-ZC,Zelaya Central,department of Nicaragua,,anchor,Q97184893,
NL-DR,Drenthe,province of the Netherlands,,pinned,Q772,Drenthe
NL-FI,Friesland,province of the Netherlands,,any2,Q770,Fryslân
NL-FL,Flevoland,province of the Netherlands,,pinned,Q707,Flevolaand
NL-GE,Gelderland,province of the Netherlands,,pinned,Q775,Gelderland
NL-GR,Groningen,province of the Netherlands,,pinned,Q752,Grinslân
NL-LI,Limburg,province of the Netherlands,,pinned,Q1093,Nederlands Limburg
NL-NB,Noord-Brabant,province of the Netherlands,,pinned,Q1101,Noord-Brabant
NL-NH,Noord-Holland,province of the Netherlands,,pinned,Q701,Noord-Holland
NL-OV,Overijssel,province of the Netherlands,,pinned,Q773,Overijssel
NL-UT,Utrecht,province of the Netherlands,,pinned,Q776,Utrecht
NL-ZE,Zeeland,province of the Netherlands,,pinned,Q705,Zeeland
NL-ZH,Zuid-Holland,province of the Netherlands,,anchor,Q694,Zuid-Holland
NO-AG,Agder,county of Norway,,name,Q2729021,
NO-AK,Akershus,county of Norway,,pinned,Q50615,
NO-BU,Buskerud,county of Norway,,pinned,Q50618,
NO-FI,Finnmark,county of Norway,,pinned,Q50632,Finnmárku
NO-IN,Innlandet,county of Norway,,name,Q56404886,
NO-JM,Jan Mayen,county,,initials,Q14056,
NO-MR,Møre og Romsdal,county of Norway,,pinned,Q50627,
NO-NC,Norwegian continental shelf,county,,initials,Q2001466,
NO-NO,Nordland,county of Norway,,pinned,Q50630,Nordlándda fylka
NO-OL,Oslo,big city,,any2,Q585,Oslo
NO-OO,Oslo Municipality,county of Norway,,any2,Q5245991,
NO-RO,Rogaland,county of Norway,,pinned,Q50624,
NO-ST,Østfold,county of Norway,,name,Q50614,Østfold
NO-SV,Svalbard,first-level administrative division,,name,Q25231,
NO-TE,Telemark,county of Norway,,pinned,Q2254,Telemark
NO-TN,Trøndelag,county of Norway,,initials,Q127676,
NO-TR,Troms,county of Norway,,pinned,Q50631,Romsa
NO-VE,Vestfold,county of Norway,,pinned,Q50619,Vestfold
NO-VS,Vestland,county of Norway,,skeleton,Q56407177,Vestland
NP-BA,Bagmati,province of Nepal,,anchor,Q25104015,
NP-GA,Gandaki,province of Nepal,,anchor,Q25104016,
NP-KA,Karnali,province of Nepal,,anchor,Q25104017,
NP-KO,Koshi,province of Nepal,,name,Q25104008,
NP-LU,Lumbini,province of Nepal,,anchor,Q25104014,
NP-MA,Madhesh,province of Nepal,,name,Q25104009,मधेश प्रदेश
NP-SU,Sudurpashchim,province of Nepal,,name,Q25104019,
NR-AA,Anabar,district of Nauru,,pinned,Q328735,
NR-AB,Anibare,district of Nauru,,pinned,Q328733,
NR-AI,Aiwo,district of Nauru,,pinned,Q240017,Aiwo
NR-AN,Anetan,district of Nauru,,pinned,Q378813,
NR-BA,Baiti,district of Nauru,,pinned,Q328727,Baiti
NR-BO,Boe,district of Nauru,,pinned,Q378829,Boe
NR-BU,Buada,district of Nauru,,pinned,Q202747,Buada
NR-DE,Denigomodu,district of Nauru,,pinned,Q1187200,Denigomodu
NR-EW,Ewa,district of Nauru,,pinned,Q274381,
NR-IJ,Ijuw,district of Nauru,,pinned,Q328738,
NR-ME,Meneng,district of Nauru,,pinned,Q327788,
NR-NI,Nibok,district of Nauru,,pinned,Q378780,Nibok
NR-UA,Uaboe,district of Nauru,,pinned,Q473764,Uaboe
NR-YA,Yaren,district of Nauru,,pinned,Q31026,Yaren
NZ-AU,Auckland,region of New Zealand,,pinned,Q726917,
NZ-BP,Bay of Plenty,region of New Zealand,,pinned,Q2192924,
NZ-CA,Canterbury,region of New Zealand,,pinned,Q657004,
NZ-GI,Gisborne,region of New Zealand,,pinned,Q140246,Gisborne
NZ-HS,Hawke's Bay,region of New Zealand,,pinned,Q251825,
NZ-MA,Marlborough,region of New Zealand,,pinned,Q140083,
NZ-MN,Manawatū-Whanganui,region of New Zealand,,any2,Q139907,
NZ-NE,Nelson,region of New Zealand,,pinned,Q1995856,
NZ-NO,Northland,region of New Zealand,,pinned,Q59596,
NZ-OT,Otago,region of New Zealand,,pinned,Q692912,
NZ-SO,Southland,region of New Zealand,,pinned,Q864971,
NZ-TA,Taranaki,region of New Zealand,,pinned,Q140207,Taranaki
NZ-TS,Tasman,region of New Zealand,,pinned,Q666142,
NZ-WA,Waikato,region of New Zealand,,pinned,Q139918,
NZ-WC,West Coast,region of New Zealand,,pinned,Q541468,
NZ-WE,Wellington,region of New Zealand,,pinned,Q856010,
OM-BA,Al Batinah,region of Oman,,anchor,Q264245,
OM-BN,Al Batinah North,governorates of Oman,,pinned,Q4703564,
OM-BR,Al Buraimi,governorates of Oman,,skeleton,Q852039,
OM-BS,Al Batinah South,governorates of Oman,,pinned,Q4703565,
OM-DH,Dhofar,governorates of Oman,,pinned,Q1207752,
OM-DK,Ad Dakhiliyah,governorates of Oman,,skeleton,Q792550,
OM-DR,Ad Dhahirah,governorates of Oman,,any2,Q1468596,
OM-MS,Musandam,governorates of Oman,,pinned,Q372144,
OM-MU,Muscat,governorates of Oman,,pinned,Q544762,
OM-SN,Ash Sharqiyah North,governorates of Oman,,pinned,Q4501876,
OM-SS,Ash Sharqiyah South,governorates of Oman,,pinned,Q4501894,
OM-WU,Al Wusta,governorates of Oman,,pinned,Q958518,
PA-BT,Bocas del Toro,Province,,preposition.significant,,
PA-CH,Chiriquí,Province,,name,,
PA-CL,Coclé,Province,,skeleton,,
PA-CO,Colón,Province,,name,,
PA-DA,Darién,Province,,name,,
PA-EM,Emberá,Indigenous Territory,,name,,
PA-HE,Herrera,Province,,name,,
PA-KY,Kuna Yala,Indigenous Territory,,initials,,
PA-NB,Ngöbe Buglé,Indigenous Territory,,anchor,,
PA-PA,Panamá,Province,,name,,
PA-PO,Panamá Oeste,Province,,initials,,
PA-SA,Los Santos,Province,,name,,
PA-VE,Veraguas,Province,,name,,
PE-AM,Amazonas,department of Peru,,pinned,Q201162,
PE-AN,Áncash,department of Peru,,pinned,Q205089,
PE-AP,Apurímac,department of Peru,,pinned,Q208185,
PE-AR,Arequipa,department of Peru,,pinned,Q205068,
PE-AY,Ayacucho,department of Peru,,pinned,Q205112,
PE-CA,Cajamarca,department of Peru,,pinned,Q205078,
PE-CC,Constitucional del Callao,province of Peru,,preposition.significant,Q2634400,
PE-CL,Callao,department of Peru,,pinned,Q2071352,
PE-CU,Cusco,department of Peru,,pinned,Q205057,Cuszo
PE-HN,Huancavelica,department of Peru,,pinned,Q505220,
PE-HU,Huánuco,department of Peru,,pinned,Q215221,
PE-IC,Ica,department of Peru,,pinned,Q208186,Región Ica
PE-IM,Lima,department of Peru,,any2,Q211795,Lima
PE-JU,Junín,department of Peru,,pinned,Q207973,
PE-LA,Lambayeque,department of Peru,,pinned,Q210061,
PE-LB,La Libertad,department of Peru,,pinned,Q205126,
PE-LO,Loreto,department of Peru,,pinned,Q200938,
PE-MD,Madre de Dios,department of Peru,,pinned,Q210896,Madre de Dios
PE-MO,Moquegua,department of Peru,,pinned,Q208182,
PE-PA,Pasco,department of Peru,,pinned,Q211208,
PE-PI,Piura,department of Peru,,pinned,Q208183,
PE-PL,Provincia de Lima,province of Peru,,preposition.significant,Q579240,Provincia de Lima
PE-PU,Puno,department of Peru,,pinned,Q205104,
PE-SM,San Martín,department of Peru,,pinned,Q211793,
PE-TA,Tacna,department of Peru,,pinned,Q207413,
PE-TU,Tumbes,department of Peru,,pinned,Q209597,
PE-UC,Ucayali,department of Peru,,pinned,Q207424,
PF-AI,Austral Islands,administrative subdivision of French Polynesia,,initials,Q930426,Tuha’a pae mā
PF-IA,Îles Australes,administrative subdivision of French Polynesia,,pinned,Q31933141,
PF-IM,Îles Marquises,administrative subdivision of French Polynesia,,pinned,Q31933189,Îles Marquises
PF-IS,Îles Sous-le-Vent,administrative subdivision of French Polynesia,,pinned,Q31933209,
PF-IT,Iles Tuamotu-Gambier,administrative subdivision of French Polynesia,,pinned,Q3773321,
PF-LI,Leeward Islands,administrative subdivision of French Polynesia,,initials,Q1999082,Îles Sous-le-vent
PF-WI,Windward Islands,administrative subdivision of French Polynesia,,initials,Q140298,Îles du Vent
PG-AR,Autonomous Region of Bougainville,administrative territorial entity of Papua New Guinea,,initials,Q18826,
PG-CE,Central,province of Papua New Guinea,,pinned,Q874942,
PG-CH,Chimbu,province of Papua New Guinea,,pinned,Q599448,
PG-EA,East New Britain,province of Papua New Guinea,,pinned,Q753702,
PG-EH,Eastern Highlands,province of Papua New Guinea,,pinned,Q849812,Eastern Highlands Province
PG-EN,Enga,province of Papua New Guinea,,pinned,Q862584,
PG-ES,East Sepik,province of Papua New Guinea,,pinned,Q690880,
PG-GU,Gulf,province of Papua New Guinea,,pinned,Q874980,
PG-HE,Hela,province of Papua New Guinea,,pinned,Q1382499,
PG-JI,Jiwaka,province of Papua New Guinea,,pinned,Q1400625,
PG-MA,Madang,province of Papua New Guinea,,pinned,Q326254,
PG-MB,Milne Bay,province of Papua New Guinea,,pinned,Q874962,
PG-MN,Manus,province of Papua New Guinea,,pinned,Q874935,
PG-MO,Morobe,province of Papua New Guinea,,pinned,Q853664,Morobe Province
PG-NC,National Capital,province of Papua New Guinea,,pinned,Q1378310,
PG-NI,New Ireland,province of Papua New Guinea,,pinned,Q838690,
PG-OR,Oro,province of Papua New Guinea,,pinned,Q753686,
PG-PM,Port Moresby,administrative territorial entity of Papua New Guinea,,initials,Q36526,Pot Mosbi
PG-SA,Sandaun,province of Papua New Guinea,,pinned,Q753689,
PG-SH,Southern Highlands,province of Papua New Guinea,,pinned,Q849801,Southern Highlands Province
PG-WE,Western,province of Papua New Guinea,,pinned,Q849790,Western Province
PG-WH,Western Highlands,province of Papua New Guinea,,pinned,Q849807,
PG-WN,West New Britain,province of Papua New Guinea,,pinned,Q667468,
PH-AB,Abra,Province,1401,pinned,,
PH-AD,Agusan Del Sur,Province,1603,pinned,,
PH-AG,Agusan Del Norte,Province,1602,pinned,,
PH-AK,Aklan,Province,604,pinned,,
PH-AL,Albay,Province,505,pinned,,
PH-AN,Antique,Province,606,pinned,,
PH-AP,Apayao,Province,1481,pinned,,
PH-AU,Aurora,Province,377,pinned,,
PH-BA,Batangas,Province,410,pinned,,
PH-BE,Benguet,Province,1411,pinned,,
PH-BI,Biliran,Province,878,pinned,,
PH-BK,Bukidnon,Province,1013,pinned,,
PH-BN,Batanes,Province,209,pinned,,
PH-BO,Bohol,Province,712,pinned,,
PH-BS,Basilan,Province,1507,pinned,,
PH-BT,Bataan,Province,308,pinned,,
PH-BU,Bulacan,Province,314,pinned,,
PH-CA,Cavite,Province,421,pinned,,
PH-CE,Cebu,Province,722,pinned,,
PH-CG,Cagayan,Province,215,pinned,,
PH-CM,Camiguin,Province,1018,pinned,,
PH-CN,Camarines Norte,Province,516,pinned,,
PH-CP,Capiz,Province,619,pinned,,
PH-CS,Camarines Sur,Province,517,pinned,,
PH-CT,Catanduanes,Province,520,pinned,,
PH-CV,Davao De Oro,Province,1182,pinned,,
PH-DA,Davao Del Norte,Province,1123,pinned,,
PH-DD,Davao Del Sur,Province,1124,pinned,,
PH-DI,Dinagat Islands,Province,1685,pinned,,
PH-DO,Davao Oriental,Province,1125,pinned,,
PH-DV,Davao Occidental,Province,1186,any2,,
PH-ES,Eastern Samar,Province,826,pinned,,
PH-GU,Guimaras,Province,679,pinned,,
PH-IF,Ifugao,Province,1427,pinned,,
PH-IL,Iloilo,Province,630,pinned,,
PH-IN,Ilocos Norte,Province,128,pinned,,
PH-IO,Ilocos Sur,Province,129,pinned,,
PH-IS,Isabela,Province,231,pinned,,
PH-KA,Kalinga,Province,1432,pinned,,
PH-LA,Laguna,Province,434,pinned,,
PH-LD,Lanao Del Norte,Province,1035,pinned,,
PH-LE,Leyte,Province,837,pinned,,
PH-LN,Lanao Del Sur,Province,1536,pinned,,
PH-LU,La Union,Province,133,pinned,,
PH-MA,Masbate,Province,541,pinned,,
PH-MG,Maguindanao,Province,1538,pinned,,
PH-MI,Misamis Occidental,Province,1042,pinned,,
PH-MN,Mountain Province,Province,1444,pinned,,
PH-MO,Misamis Oriental,Province,1043,pinned,,
PH-MR,Marinduque,Province,1740,pinned,,
PH-NC,Cotabato,Province,1247,pinned,,
PH-NE,Nueva Ecija,Province,349,pinned,,
PH-NG,Negros Oriental,Province,746,pinned,,
PH-NO,Negros Occidental,Province,645,pinned,,
PH-NR,NCR,Region,1300,any2,,
PH-NS,Northern Samar,Province,848,pinned,,
PH-NV,Nueva Vizcaya,Province,250,pinned,,
PH-OC,Occidental Mindoro,Province,1751,pinned,,
PH-OM,Oriental Mindoro,Province,1752,pinned,,
PH-PA,Pangasinan,Province,155,pinned,,
PH-PL,Palawan,Province,1753,pinned,,
PH-PM,Pampanga,Province,354,pinned,,
PH-QR,Quirino,Province,257,pinned,,
PH-QU,Quezon,Province,456,pinned,,
PH-RI,Rizal,Province,458,pinned,,
PH-RO,Romblon,Province,1759,pinned,,
PH-SA,Sarangani,Province,1280,pinned,,
PH-SC,South Cotabato,Province,1263,pinned,,
PH-SD,Surigao Del Sur,Province,1668,pinned,,
PH-SI,Siquijor,Province,761,pinned,,
PH-SK,Sultan Kudarat,Province,1265,pinned,,
PH-SL,Southern Leyte,Province,864,pinned,,
PH-SM,Samar,Province,860,pinned,,
PH-SO,Sorsogon,Province,562,pinned,,
PH-SR,Surigao Del Norte,Province,1667,pinned,,
PH-SU,Sulu,Province,1566,pinned,,
PH-TA,Tarlac,Province,369,pinned,,
PH-TT,Tawi-Tawi,Province,1570,pinned,,
PH-ZA,Zambales,Province,371,pinned,,
PH-ZD,Zamboanga Del Sur,Province,973,pinned,,
PH-ZM,Zamboanga Del Norte,Province,972,pinned,,
PH-ZS,Zamboanga Sibugay,Province,983,pinned,,
PK-BA,Balochistan,Province,,anchor,,
PK-FA,Federally Administered Tribal Ar,Territory,,initials,,
PK-IS,Islamabad,Capital Territory,,anchor,,
PK-KP,Khyber-Pakhtunkhwa,Province,,anchor,,
PK-PB,Punjab,Province,,anchor,,
PK-SD,Sindh,Province,,anchor,,
PL-GP,Greater Poland,voivodeship of Poland,,initials,Q54187,
PL-KU,Kuyavian-Pomeranian,voivodeship of Poland,,any2,Q54153,
PL-LL,Lublin,voivodeship of Poland,,any2,Q54155,Województwo lubelskie
PL-LP,Lesser Poland,voivodeship of Poland,,initials,Q54159,
PL-LS,Lower Silesian,voivodeship of Poland,,initials,Q54150,województwo dolnośląskie
PL-LZ,Lubusz,voivodeship of Poland,,any2,Q54157,
PL-MS,Masovian,voivodeship of Poland,,skeleton,Q54169,Województwo mazowieckie
PL-OO,Opole,voivodeship of Poland,,any2,Q54171,Województwo opolskie
PL-OZ,Łódź,voivodeship of Poland,,any2,Q54158,Województwo łódzkie
PL-PD,Podlaskie,voivodeship of Poland,,pinned,Q54177,Województwo podlaskie
PL-PE,Pomeranian,voivodeship of Poland,,any2,Q54180,
PL-PO,Podkarpackie,voivodeship of Poland,,pinned,Q54175,województwo podkarpackie
PL-SI,Silesian,voivodeship of Poland,,name,Q54181,Województwo śląskie
PL-SW,Świętokrzyskie,voivodeship of Poland,,pinned,Q54183,
PL-WA,Warmian-Masurian,voivodeship of Poland,,any2,Q54184,
PL-WP,West Pomeranian,voivodeship of Poland,,initials,Q54188,
PM-ML,Miquelon-Langlade,Commune,,pinned,Q570289,
PM-SP,Saint-Pierre,Commune,,pinned,Q185678,
PR-AB,Aguas Buenas,municipality of Puerto Rico,,pinned,Q2361568,Aguas Buenas
PR-AD,Adjuntas,municipality of Puerto Rico,,pinned,Q1864884,Adjuntas
PR-AG,Aguadilla,municipality of Puerto Rico,,pinned,Q397826,Aguadilla
PR-AI,Aibonito,municipality of Puerto Rico,,pinned,Q2485628,Aibonito
PR-AN,Añasco,municipality of Puerto Rico,,pinned,Q2390910,Añasco
PR-AO,Arroyo,municipality of Puerto Rico,,pinned,Q425678,Arroyo
PR-AR,Arecibo,municipality of Puerto Rico,,pinned,Q640728,Arecibo
PR-AU,Aguada,municipality of Puerto Rico,,pinned,Q397789,Aguada
PR-BA,Bayamón,municipality of Puerto Rico,,pinned,Q739675,Bayamón
PR-BC,Barceloneta,municipality of Puerto Rico,,pinned,Q2025087,Barceloneta
PR-BR,Barranquitas,municipality of Puerto Rico,,pinned,Q2485615,Barranquitas
PR-CA,Carolina,municipality of Puerto Rico,,pinned,Q990293,Carolina
PR-CB,Ceiba,municipality of Puerto Rico,,pinned,Q2307548,Ceiba
PR-CE,Comerío,municipality of Puerto Rico,,pinned,Q2222328,Comerío
PR-CG,Caguas,municipality of Puerto Rico,,pinned,Q527268,Caguas
PR-CI,Cidra,municipality of Puerto Rico,,pinned,Q2485552,Cidra
PR-CL,Ciales,municipality of Puerto Rico,,pinned,Q2485522,Ciales
PR-CM,Camuy,municipality of Puerto Rico,,pinned,Q2380860,Camuy
PR-CN,Canóvanas,municipality of Puerto Rico,,pinned,Q2361552,Canóvanas
PR-CO,Coamo,municipality of Puerto Rico,,pinned,Q1942303,Coamo
PR-CR,Cabo Rojo,municipality of Puerto Rico,,pinned,Q1019607,Cabo Rojo
PR-CT,Cataño,municipality of Puerto Rico,,pinned,Q768483,Cataño
PR-CU,Culebra,municipality of Puerto Rico,,pinned,Q130298273,
PR-CY,Cayey,municipality of Puerto Rico,,pinned,Q2307508,Cayey
PR-CZ,Corozal,municipality of Puerto Rico,,pinned,Q1884385,Corozal
PR-DO,Dorado,municipality of Puerto Rico,,pinned,Q2217567,Dorado
PR-FA,Fajardo,municipality of Puerto Rico,,pinned,Q542833,Fajardo
PR-FL,Florida,municipality of Puerto Rico,,pinned,Q2271950,Florida
PR-GA,Guayanilla,municipality of Puerto Rico,,pinned,Q2333093,Guayanilla
PR-GN,Guánica,municipality of Puerto Rico,,pinned,Q1019645,Guánica
PR-GR,Gurabo,municipality of Puerto Rico,,pinned,Q2159630,Gurabo
PR-GU,Guaynabo,municipality of Puerto Rico,,pinned,Q590060,Guaynabo
PR-GY,Guayama,municipality of Puerto Rico,,pinned,Q1870997,Guayama
PR-HA,Hatillo,municipality of Puerto Rico,,pinned,Q2412723,Hatillo
PR-HO,Hormigueros,municipality of Puerto Rico,,pinned,Q2361536,Hormigueros
PR-HU,Humacao,municipality of Puerto Rico,,pinned,Q2307535,Humacao
PR-IS,Isabela,municipality of Puerto Rico,,pinned,Q2307520,Isabela
PR-JA,Jayuya,municipality of Puerto Rico,,pinned,Q2095818,Jayuya
PR-JD,Juana Díaz,municipality of Puerto Rico,,pinned,Q2361577,Juana Díaz
PR-JU,Juncos,municipality of Puerto Rico,,pinned,Q2347667,Juncos
PR-LA,Lares,municipality of Puerto Rico,,pinned,Q1026894,Lares
PR-LJ,Lajas,municipality of Puerto Rico,,pinned,Q1832296,Called Lagias by the Native Taino Population
PR-LM,Las Marías,municipality of Puerto Rico,,pinned,Q2485590,Las Marías
PR-LO,Loíza,municipality of Puerto Rico,,pinned,Q1853983,Loíza
PR-LP,Las Piedras,municipality of Puerto Rico,,pinned,Q969918,Las Piedras
PR-LU,Luquillo,municipality of Puerto Rico,,pinned,Q1984618,Luquillo
PR-MA,Mayagüez,municipality of Puerto Rico,,pinned,Q632727,Mayagüez
PR-MI,Maricao,municipality of Puerto Rico,,pinned,Q2624359,Maricao
PR-MN,Manatí,municipality of Puerto Rico,,pinned,Q674599,Manatí
PR-MO,Moca,municipality of Puerto Rico,,pinned,Q2288079,Moca
PR-MR,Morovis,municipality of Puerto Rico,,pinned,Q2623982,Morovis
PR-MU,Maunabo,municipality of Puerto Rico,,pinned,Q967149,Maunabo
PR-NA,Naranjito,municipality of Puerto Rico,,pinned,Q2623972,Naranjito
PR-NG,Naguabo,municipality of Puerto Rico,,pinned,Q2659720,Naguabo
PR-OR,Orocovis,municipality of Puerto Rico,,pinned,Q2624345,Orocovis
PR-PA,Patillas,municipality of Puerto Rico,,pinned,Q2485638,Patillas
PR-PE,Peñuelas,municipality of Puerto Rico,,pinned,Q369880,Peñuelas
PR-PO,Ponce,municipality of Puerto Rico,,pinned,Q864024,Ponce
PR-QU,Quebradillas,municipality of Puerto Rico,,pinned,Q2057872,Quebradillas
PR-RG,Río Grande,municipality of Puerto Rico,,pinned,Q979996,Río Grande
PR-RI,Rincón,municipality of Puerto Rico,,pinned,Q1815896,Rincón
PR-SA,Salinas,municipality of Puerto Rico,,pinned,Q637330,Salinas
PR-SB,Sabana Grande,municipality of Puerto Rico,,pinned,Q2413183,Sabana Grande
PR-SG,San Germán,municipality of Puerto Rico,,pinned,Q1598808,San Germán
PR-SI,Santa Isabel,municipality of Puerto Rico,,pinned,Q2485604,Santa Isabel
PR-SJ,San Juan,municipality of Puerto Rico,,pinned,Q41211,San Juan
PR-SL,San Lorenzo,municipality of Puerto Rico,,pinned,Q788749,San Lorenzo
PR-SS,San Sebastián,municipality of Puerto Rico,,pinned,Q2413209,San Sebastián
PR-TA,Toa Alta,municipality of Puerto Rico,,pinned,Q2485509,Toa Alta
PR-TB,Toa Baja,municipality of Puerto Rico,,pinned,Q2238070,Toa Baja
PR-TR,Trujillo Alto,municipality of Puerto Rico,,pinned,Q1150895,Trujillo Alto
PR-UT,Utuado,municipality of Puerto Rico,,pinned,Q617096,Utuado
PR-VA,Vega Alta,municipality of Puerto Rico,,pinned,Q2640843,Vega Alta
PR-VB,Vega Baja,municipality of Puerto Rico,,pinned,Q2179051,Vega Baja
PR-VI,Villalba,municipality of Puerto Rico,,pinned,Q2192472,Villalba
PR-VQ,Vieques,municipality of Puerto Rico,,pinned,Q737624,Vieques
PR-YA,Yauco,municipality of Puerto Rico,,pinned,Q368526,Yauco
PR-YB,Yabucoa,municipality of Puerto Rico,,pinned,Q2361097,Yabucoa
PS-BE,Bethlehem,governorate of the State of Palestine,,name,Q247037,محافظة بيت لحم
PS-DB,Deir al-Balah,governorate of the State of Palestine,,initials,Q592249,محافظة دير البلح
PS-GA,Gaza,governorate of the State of Palestine,,pinned,Q762573,محافظة غزة
PS-HE,Hebron,governorate of the State of Palestine,,name,Q264180,محافظة الخليل
PS-JE,Jenin,governorate of the State of Palestine,,name,Q519311,محافظة جنين
PS-JR,Jericho,governorate of the State of Palestine,,skeleton,Q658527,
PS-KY,Khan Yunis,governorate of the State of Palestine,,initials,Q948026,
PS-NA,Nablus,governorate of the State of Palestine,,name,Q1074138,
PS-NG,North Gaza,governorate of the State of Palestine,,initials,Q181636,محافظة شمال غزة
PS-QA,Qalqilya,governorate of the State of Palestine,,name,Q1074443,محافظة قلقيلية
PS-QU,Quds,governorate of the State of Palestine,,name,Q941828,محافظة القدس
PS-RA,Rafah,governorate of the State of Palestine,,name,Q1074341,محافظة رفح
PS-RB,Ramallah and al-Bireh,governorate of the State of Palestine,,conjunction,Q1093166,محافظة رام الله و البيرة
PS-SA,Salfit,governorate of the State of Palestine,,name,Q926530,
PS-TL,Tulkarm,governorate of the State of Palestine,,skeleton,Q1093157,محافظة طولكرم
PS-TU,Tubas,governorate of the State of Palestine,,name,Q948228,محافظة طوباس
PT-AC,Açores,autonomous region of Portugal,,name,Q25263,Açores
PT-AV,Aveiro,district of Portugal,,pinned,Q210527,
PT-BA,Bragança,district of Portugal,,pinned,Q373528,Distrito de Braganza - Bragança
PT-BE,Beja,district of Portugal,,pinned,Q321455,
PT-BR,Braga,district of Portugal,,pinned,Q326203,Distrito de Braga
PT-CB,Castelo Branco,district of Portugal,,pinned,Q273529,
PT-CO,Coimbra,district of Portugal,,pinned,Q244517,
PT-EV,Évora,district of Portugal,,pinned,Q274118,
PT-FA,Faro,district of Portugal,,pinned,Q244521,
PT-GU,Guarda,district of Portugal,,pinned,Q273533,
PT-LE,Leiria,district of Portugal,,pinned,Q244512,
PT-LI,Lisboa,district of Portugal,,pinned,Q207199,
PT-MA,Madeira,autonomous region of Portugal,,pinned,Q26253,
PT-PO,Porto,district of Portugal,,pinned,Q322792,Distrito do Porto
PT-PR,Portalegre,district of Portugal,,pinned,Q225189,
PT-SA,Santarém,district of Portugal,,pinned,Q244510,
PT-SE,Setúbal,district of Portugal,,pinned,Q274109,Distrito de Setúbal
PT-VC,Viana do Castelo,district of Portugal,,pinned,Q326214,
PT-VI,Viseu,district of Portugal,,pinned,Q273525,
PT-VR,Vila Real,district of Portugal,,pinned,Q379372,Distrito de Vila Real
PW-AIM,Aimeliik,state of Palau,,pinned,Q405589,
PW-AIR,Airai,state of Palau,,pinned,Q407967,
PW-ANG,Angaur,state of Palau,,pinned,Q530813,
PW-HAT,Hatohobei,state of Palau,,pinned,Q3516752,
PW-KAY,Kayangel,state of Palau,,pinned,Q871222,Kayangel
PW-KOR,Koror,state of Palau,,pinned,Q189426,
PW-MEL,Melekeok,state of Palau,,pinned,Q12898552,
PW-NGA,Ngarchelong,state of Palau,,pinned,Q1070185,
PW-NGC,Ngchesar,state of Palau,,pinned,Q1070180,
PW-NGD,Ngaraard,state of Palau,,pinned,Q1154127,
PW-NGE,Ngeremlengui,state of Palau,,pinned,Q975076,ンゲレムレンギ
PW-NGG,Ngatpang,state of Palau,,pinned,Q430385,
PW-NGI,Ngiwal,state of Palau,,pinned,Q1154101,
PW-NGU,Ngardmau,state of Palau,,pinned,Q1144496,
PW-PEL,Peleliu,state of Palau,,pinned,Q497981,
PW-SON,Sonsorol,state of Palau,,pinned,Q866699,
PY-AL,Alto Paraguay,department of Paraguay,,pinned,Q682642,
PY-AM,Amambay,department of Paraguay,,pinned,Q686586,
PY-AP,Alto Paraná,department of Paraguay,,pinned,Q682654,
PY-AS,Asunción,city,,pinned,Q2933,Nuestra Señora Santa María de la Asunción
PY-BO,Boquerón,department of Paraguay,,pinned,Q741017,
PY-CA,Caaguazú,department of Paraguay,,pinned,Q880399,
PY-CE,Central,department of Paraguay,,pinned,Q372461,Central
PY-CN,Canindeyú,department of Paraguay,,pinned,Q279085,
PY-CO,Concepción,department of Paraguay,,pinned,Q741009,
PY-CR,Cordillera,department of Paraguay,,pinned,Q755121,Cordillera
PY-CZ,Caazapá,department of Paraguay,,pinned,Q881839,
PY-GU,Guairá,department of Paraguay,,pinned,Q755116,
PY-IT,Itapúa,department of Paraguay,,pinned,Q222564,
PY-MI,Misiones,department of Paraguay,,pinned,Q591194,
PY-NE,Ñeembucú,department of Paraguay,,pinned,Q755115,
PY-PA,Paraguarí,department of Paraguay,,pinned,Q240014,
PY-PH,Presidente Hayes,department of Paraguay,,pinned,Q750551,
PY-SP,San Pedro,department of Paraguay,,pinned,Q526176,
QA-DA,Ad-Dawhah,municipality of Qatar,,pinned,Q594208,الدوحة
QA-DO,Doha,largest city,,name,Q3861,الدوحة
QA-DY,Al Daayen,municipality of Qatar,,pinned,Q310786,الضعاين
QA-KH,Al Khor,municipality of Qatar,,pinned,Q1156471,الخور
QA-RY,Al Rayyan,municipality of Qatar,,skeleton,Q311272,الريان
QA-SA,Al-Shahaniya,municipality of Qatar,,any2,Q12188815,الشحانية
QA-SH,Al Shamal,municipality of Qatar,,name,Q310872,
QA-US,Umm Salal,municipality of Qatar,,pinned,Q990414,
QA-WA,Al Wakrah,city,,pinned,Q310893,بلدية الوكرة
RE-SA,Saint-Paul,Arrondissement,,any2,,
RE-SB,Saint-Benoît,Arrondissement,,initials,,
RE-SD,Saint-Denis,Arrondissement,,initials,,
RE-SP,Saint-Pierre,Arrondissement,,initials,,
RO-AB,Alba,county of Romania,,pinned,Q45868,Fehér megye
RO-AG,Argeș,county of Romania,,pinned,Q179567,
RO-AR,Arad,county of Romania,,pinned,Q179559,
RO-BC,Bacău,county of Romania,,pinned,Q179779,Bacău
RO-BH,Bihor,county of Romania,,pinned,Q179588,Bihor
RO-BN,Bistrița-Năsăud,county of Romania,,pinned,Q181513,Bistrița-Năsăud
RO-BR,Brăila,county of Romania,,pinned,Q188503,
RO-BT,Botoșani,county of Romania,,pinned,Q178861,
RO-BU,Bucharest,municipality of Romania,,pinned,Q19660,București
RO-BV,Brașov,county of Romania,,pinned,Q182614,Județul Brașov
RO-BZ,Buzău,county of Romania,,pinned,Q185309,Buzău
RO-CJ,Cluj,county of Romania,,pinned,Q182624,Cluj
RO-CL,Călărași,county of Romania,,pinned,Q188948,
RO-CS,Caraș-Severin,county of Romania,,pinned,Q187925,
RO-CT,Constanța,county of Romania,,pinned,Q188505,Județul Constanța
RO-CV,Covasna,county of Romania,,pinned,Q188959,Covasna
RO-DB,Dâmbovița,county of Romania,,pinned,Q188797,
RO-DJ,Dolj,county of Romania,,pinned,Q191065,
RO-GJ,Gorj,county of Romania,,pinned,Q190406,
RO-GL,Galați,county of Romania,,pinned,Q188796,
RO-GR,Giurgiu,county of Romania,,pinned,Q193055,
RO-HD,Hunedoara,county of Romania,,pinned,Q191071,
RO-HR,Harghita,county of Romania,,pinned,Q190702,Hargita
RO-IF,Ilfov,county of Romania,,pinned,Q191670,
RO-IL,Ialomița,county of Romania,,pinned,Q193044,
RO-IS,Iași,county of Romania,,pinned,Q182888,Iași
RO-MH,Mehedinți,county of Romania,,pinned,Q191717,
RO-MM,Maramureș,county of Romania,,pinned,Q188813,Maramureș
RO-MS,Mureș,county of Romania,,pinned,Q190711,
RO-NT,Neamț,county of Romania,,pinned,Q188661,Neamț
RO-OT,Olt,county of Romania,,pinned,Q188945,Județul Olt
RO-PH,Prahova,county of Romania,,pinned,Q188665,
RO-SB,Sibiu,county of Romania,,pinned,Q184797,Sibiu
RO-SJ,Sălaj,county of Romania,,pinned,Q190690,Sălaj
RO-SM,Satu Mare,county of Romania,,pinned,Q165459,Satu Mare
RO-SV,Suceava,county of Romania,,pinned,Q181209,Suceava
RO-TL,Tulcea,county of Romania,,pinned,Q191078,
RO-TM,Timiș,county of Romania,,pinned,Q185586,
RO-TR,Teleorman,county of Romania,,pinned,Q191653,Teleorman
RO-VL,Vâlcea,county of Romania,,pinned,Q186838,
RO-VN,Vrancea,county of Romania,,pinned,Q182778,
RO-VS,Vaslui,county of Romania,,pinned,Q167199,
RS-BA,Braničevo,district of Serbia,,any2,Q861539,Браничевски округ
RS-BE,Belgrade,district of Serbia,,name,Q2074197,Град Београд
RS-CB,Central Banat,district of Serbia,,initials,Q425782,Közép-bánsági körzet
RS-JL,Jablanica,district of Serbia,,any2,Q876541,
RS-KL,Kolubara,district of Serbia,,skeleton,Q1048139,Колубарски управни округ
RS-KM,Kosovska Mitrovica,district of Serbia,,initials,Q2017517,Косовскомитровички округ
RS-KP,Kosovo-Pomoravlje,district of Serbia,,initials,Q124725,Косовскопоморавски управни округ
RS-KS,Kosovo,district of Serbia,,skeleton,Q1452368,
RS-MC,Mačva,district of Serbia,,skeleton,Q867803,Мачвански округ
RS-MR,Moravica,district of Serbia,,skeleton,Q915380,Моравички управни округ
RS-NB,North Banat,district of Serbia,,initials,Q728041,Севернобанатски округ
RS-NO,North Bačka,district of Serbia,,any2,Q648758,Észak-bácskai körzet
RS-NS,Nišava,district of Serbia,,skeleton,Q1061076,Нишавски округ
RS-OR,Bor,district of Serbia,,any2,Q477586,Борски округ
RS-PE,Peć,district of Serbia,,name,Q2510536,
RS-PM,Pomoravlje,district of Serbia,,skeleton,Q867816,Поморавски округ
RS-PN,Pčinja,district of Serbia,,any2,Q1061099,Пчињски округ
RS-PR,Prizren District (Serbia),district of Serbia,,any2,Q201085,
RS-PT,Pirot,district of Serbia,,any2,Q580069,Пиротски Oкруг
RS-PU,Podunavlje,district of Serbia,,any2,Q778561,
RS-RE,Srem,district of Serbia,,any2,Q217331,Сремски округ
RS-RI,Rasina,district of Serbia,,any2,Q1043446,Расински округ
RS-RK,Raška,district of Serbia,,any2,Q1061082,Рашки округ
RS-SM,Šumadija,district of Serbia,,skeleton,Q544118,Шумадијски округ
RS-SO,South Banat,district of Serbia,,any2,Q720030,Јужнобанатски округ
RS-ST,South Bačka,district of Serbia,,any2,Q648718,Јужнобачки округ
RS-TP,Toplica,district of Serbia,,skeleton,Q1048184,Топлички округ
RS-WB,West Bačka,district of Serbia,,initials,Q735169,Западнобачки округ
RS-ZJ,Zaječar,district of Serbia,,skeleton,Q967339,Зајечарски округ
RS-ZT,Zlatibor,district of Serbia,,any2,Q478278,Златиборски округ
RU-ADY,Adygey,Republic,,name,,
RU-ALT,Altay,Territory,,name,,
RU-AMU,Amur,Region,,name,,
RU-ARS,Arkhangel'sk,Region,,compound,,
RU-AST,Astrakhan',Region,,name,,
RU-BAS,Bashkortostan,Republic,,name,,
RU-BEL,Belgorod,Region,,name,,
RU-BRY,Bryansk,Region,,name,,
RU-BUR,Buryat,Republic,,name,,
RU-CHA,Chechnya,Republic,,name.ends,,
RU-CHE,Chelyabinsk,Region,,name,,
RU-CHT,Chukot,Autonomous Province,,name.ends,,
RU-CHU,Chuvash,Republic,,name,,
RU-COS,City of St. Petersburg,City,,initials,,
RU-DAG,Dagestan,Republic,,name,,
RU-GOA,Gorno-Altay,Republic,,compound,,
RU-ING,Ingush,Republic,,name,,
RU-IRK,Irkutsk,Region,,name,,
RU-IVA,Ivanovo,Region,,name,,
RU-KAB,Kabardin-Balkar,Republic,,compound,,
RU-KAC,Karachay-Cherkess,Republic,,compound,,
RU-KAD,Kaliningrad,Region,,name.ends,,
RU-KAK,Kalmyk,Republic,,name.ends,,
RU-KAL,Kaluga,Region,,name,,
RU-KAM,Kamchatka,Territory,,name,,
RU-KAR,Karelia,Republic,,name,,
RU-KEM,Kemerovo,Region,,name,,
RU-KHA,Khabarovsk,Territory,,name,,
RU-KHM,Khanty-Mansiy,Autonomous Province,,compound,,
RU-KHS,Khakass,Republic,,name.ends,,
RU-KIR,Kirov,Region,,name,,
RU-KOM,Komi,Republic,,name,,
RU-KOS,Kostroma,Region,,name,,
RU-KRA,Krasnodar,Territory,,name,,
RU-KRK,Krasnoyarsk,Territory,,name.ends,,
RU-KUN,Kurgan,Region,,name.ends,,
RU-KUR,Kursk,Region,,name,,
RU-LEN,Leningrad,Region,,name,,
RU-LIP,Lipetsk,Region,,name,,
RU-MAE,Mariy-El,Republic,,compound,,
RU-MAG,Magadan,Region,,name,,
RU-MOR,Mordovia,Republic,,name,,
RU-MOS,Moscow City,City,,name,,
RU-MOW,Moskva,Region,,anchor,,
RU-MUR,Murmansk,Region,,name,,
RU-NEN,Nenets,Autonomous Province,,name,,
RU-NIZ,Nizhegorod,Region,,name,,
RU-NOD,Novgorod,Region,,name.ends,,
RU-NOO,North Ossetia,Republic,,compound,,
RU-NOV,Novosibirsk,Region,,name,,
RU-OMS,Omsk,Region,,name,,
RU-ORE,Orenburg,Region,,name,,
RU-ORL,Orel,Region,,name.ends,,
RU-PEN,Penza,Region,,name,,
RU-PER,Perm',Territory,,name,,
RU-PRY,Primor'ye,Territory,,compound,,
RU-PSK,Pskov,Region,,name,,
RU-ROS,Rostov,Region,,name,,
RU-RYA,Ryazan',Region,,name,,
RU-SAK,Sakha,Republic,,name,,
RU-SAM,Samara,Region,,name,,
RU-SAN,Sakhalin,Region,,name.ends,,
RU-SAR,Saratov,Region,,name,,
RU-SMO,Smolensk,Region,,name,,
RU-STA,Stavropol',Territory,,name,,
RU-SVE,Sverdlovsk,Region,,name,,
RU-TAM,Tambov,Region,,name,,
RU-TAT,Tatarstan,Republic,,name,,
RU-TOM,Tomsk,Region,,name,,
RU-TUL,Tula,Region,,name,,
RU-TUV,Tuva,Republic,,name,,
RU-TVE,Tver',Region,,name,,
RU-TYU,Tyumen',Region,,name,,
RU-UDM,Udmurt,Republic,,name,,
RU-ULY,Ul'yanovsk,Region,,compound,,
RU-VLA,Vladimir,Region,,name,,
RU-VOA,Vologda,Region,,name.ends,,
RU-VOL,Volgograd,Region,,name,,
RU-VOR,Voronezh,Region,,name,,
RU-YAN,Yamal-Nenets,Autonomous Province,,compound,,
RU-YAR,Yaroslavl',Region,,name,,
RU-YEV,Yevrey,Autonomous Region,,name,,
RU-ZAY,Zabaykal'ye,Territory,,compound,,
RW-EA,Eastern,province of Rwanda,,name,Q853152,Eastern Province
RW-KI,Kigali,province of Rwanda,,name,Q3859,Kigali
RW-NO,Northern,province of Rwanda,,name,Q845807,Province du Nord
RW-SO,Southern,province of Rwanda,,name,Q853162,Southern Province
RW-WE,Western,province of Rwanda,,name,Q737354,Western Province
SA-AS,'Asir,Province,,name,,
SA-BA,Al Bahah,Province,,name,,
SA-HI,Ḥaʼil,Province,,initials,,
SA-HS,Al Hudud ash Shamaliyah,Province,,initials,,
SA-JA,Al Jawf,Province,,name,,
SA-JI,Jizan,Province,,name,,
SA-MA,Makkah,Province,,name,,
SA-MD,Al Madinah,Province,,skeleton,,
SA-NA,Najran,Province,,name,,
SA-QA,Al Qassim,Province,,name,,
SA-RI,Ar Riyad,Province,,name,,
SA-SH,Ash-Sharqīyah,Province,,name,,
SA-TA,Tabuk,Province,,name,,
SB-CE,Central,Province,,anchor,,
SB-CH,Choiseul,Province,,anchor,,
SB-CT,Honiara,Capital Territory,,anchor,,
SB-GU,Guadalcanal,Province,,anchor,,
SB-IS,Isabel,Province,,anchor,,
SB-MK,Makira Ulawa,Province,,anchor,,
SB-ML,Malaita,Province,,anchor,,
SB-RB,Rennell and Bellona,Province,,anchor,,
SB-TE,Temotu,Province,,anchor,,
SB-WE,Western,Province,,anchor,,
SC-AA,Anse-aux-Pins,district of Seychelles,,pinned,Q569458,
SC-AB,Anse Boileau,district of Seychelles,,pinned,Q569453,
SC-AC,Au Cap,district of Seychelles,,pinned,Q2667004,
SC-AE,Anse Etoile,district of Seychelles,,pinned,Q387293,
SC-AR,Anse Royale,district of Seychelles,,pinned,Q3241674,
SC-BA,Bel Air,district of Seychelles,,pinned,Q815077,
SC-BL,Baie Lazare,district of Seychelles,,pinned,Q2494551,
SC-BO,Bel Ombre,district of Seychelles,,initials,Q3245439,
SC-BS,Baie Sainte Anne,district of Seychelles,,pinned,Q803716,
SC-BV,Beau Vallon,district of Seychelles,,pinned,Q7479348,
SC-CA,Cascade,district of Seychelles,,pinned,Q1928685,
SC-GA,Grand'Anse Praslin,district of Seychelles,,pinned,Q1231388,
SC-GL,Glacis,district of Seychelles,,pinned,Q3241696,
SC-GN,Grand'Anse Mahé,district of Seychelles,,any2,Q3241690,
SC-IL,Ile Perseverance II,district of Seychelles,,any2,Q104032556,
SC-IP,Ile Perseverance I,district of Seychelles,,initials,Q104032277,
SC-LD,La Digue and Inner Islands,district of Seychelles,,pinned,Q1094917,
SC-LM,Les Mamelles,district of Seychelles,,pinned,Q2280357,
SC-LR,La Rivière Anglaise,district of Seychelles,,initials,Q1819963,
SC-MB,Mont Buxton,district of Seychelles,,pinned,Q3241682,
SC-MF,Mont Fleuri,district of Seychelles,,pinned,Q1945413,
SC-PG,Port Glaud,district of Seychelles,,pinned,Q1808165,
SC-PL,Plaisance,district of Seychelles,,pinned,Q2199897,
SC-PO,Pointe La Rue,district of Seychelles,,pinned,Q2877260,
SC-RC,Roche Caiman,district of Seychelles,,pinned,Q2718315,
SC-SL,Saint Louis,district of Seychelles,,pinned,Q2278695,
SC-TA,Takamaka,district of Seychelles,,pinned,Q2287379,
SD-DC,Central Darfur,state of Sudan,,pinned,Q4116493,
SD-DE,East Darfur,state of Sudan,,pinned,Q3545641,
SD-DN,North Darfur,state of Sudan,,pinned,Q688306,شمال دارفور
SD-DS,South Darfur,state of Sudan,,pinned,Q838778,
SD-DW,West Darfur,state of Sudan,,pinned,Q846331,
SD-GK,West Kordofan,state of Sudan,,anchor,Q536396,
SD-GZ,Gezira,state of Sudan,,anchor,Q309469,ولاية الجزيرة
SD-KA,Kassala,state of Sudan,,pinned,Q954963,
SD-KH,Khartoum,state of Sudan,,pinned,Q310385,
SD-KN,North Kordofan,state of Sudan,,anchor,Q864093,
SD-KS,South Kordofan,state of Sudan,,anchor,Q465490,
SD-NB,Blue Nile,state of Sudan,,pinned,Q309489,
SD-NO,Northern,state of Sudan,,pinned,Q310118,
SD-NR,River Nile,state of Sudan,,pinned,Q849297,
SD-NW,White Nile,state of Sudan,,pinned,Q311371,
SD-QA,Al Qadarif,state of Sudan,,pinned,Q309478,
SD-RS,Red Sea,state of Sudan,,pinned,Q310120,
SD-SI,Sennar,state of Sudan,,pinned,Q865534,
SE-BL,Blekinge,county of Sweden,,pinned,Q102377,Blekinge län
SE-DA,Dalarna,county of Sweden,,pinned,Q103732,
SE-GA,Gävleborg,county of Sweden,,pinned,Q103699,Gävleborgs län
SE-GO,Gotland,county of Sweden,,pinned,Q103738,Gotlands län
SE-HA,Halland,county of Sweden,,pinned,Q103691,Hallands län
SE-JA,Jämtland,county of Sweden,,pinned,Q103679,Jämtlands län
SE-JO,Jönköping,county of Sweden,,pinned,Q103672,Jönköpings län
SE-KA,Kalmar,county of Sweden,,pinned,Q103707,Kalmar län
SE-KR,Kronoberg,county of Sweden,,pinned,Q104746,
SE-NO,Norrbotten,county of Sweden,,pinned,Q103686,Norrbottena leatna
SE-OR,Örebro,county of Sweden,,pinned,Q104257,
SE-OS,Östergötland,county of Sweden,,pinned,Q104940,
SE-SK,Skåne,county of Sweden,,pinned,Q103659,Skåne län
SE-SO,Södermanland,county of Sweden,,pinned,Q106915,
SE-ST,Stockholm,county of Sweden,,pinned,Q104231,Stockholms län
SE-UP,Uppsala,county of Sweden,,pinned,Q104926,
SE-VA,Västmanland,county of Sweden,,pinned,Q105075,
SE-VG,Västra Götaland,county of Sweden,,pinned,Q103093,
SE-VR,Värmland,county of Sweden,,pinned,Q106789,
SE-VS,Västerbotten,county of Sweden,,pinned,Q104877,
SE-VT,Västernorrland,county of Sweden,,pinned,Q104891,
SG-CS,Central Singapore Community Development,Community Development Council,,initials,Q2544592,
SG-NR,North East Community Development,Community Development Council,,any2,Q3710534,
SG-NW,North West Community Development,Community Development Council,,qualifier,Q5784118,
SG-SE,South East Community Development,Community Development Council,,qualifier,Q1687545,
SG-SW,South West Community Development,Community Development Council,,qualifier,Q5784126,
SI-GO,Gorenjska,Statistical Region,,name,,
SI-GR,Goriška,Statistical Region,,skeleton,,
SI-JS,Jugovzhodna Slovenija,Statistical Region,,initials,,
SI-KO,Koroška,Statistical Region,,name,,
SI-NK,Notranjsko-kraška,Statistical Region,,initials,,
SI-OK,Obalno-kraška,Statistical Region,,initials,,
SI-OS,Osrednjeslovenska,Statistical Region,,name,,
SI-PM,Pomurska,Statistical Region,,skeleton,,
SI-PO,Podravska,Statistical Region,,name,,
SI-SA,Savinjska,Statistical Region,,name,,
SI-SP,Spodnjeposavska,Statistical Region,,name,,
SI-ZA,Zasavska,Statistical Region,,name,,
SK-BB,Banská Bystrica,region of Slovakia,,initials,Q183640,Besztercebányai kerület
SK-BT,Bratislava,region of Slovakia,,any2,Q183498,Pozsonyi kerület
SK-KS,Košice,region of Slovakia,,skeleton,Q186295,Košický kraj
SK-NT,Nitra,region of Slovakia,,skeleton,Q184548,Nitriansky kraj
SK-PE,Prešov,region of Slovakia,,any2,Q189001,
SK-TA,Trnava,region of Slovakia,,any2,Q181342,Trnavský kraj
SK-TE,Trenčín,region of Slovakia,,any2,Q183139,Trenčiansky kraj
SK-ZL,Žilina,region of Slovakia,,skeleton,Q184228,Žilinský kraj
SL-EA,Eastern,province of Sierra Leone,,pinned,Q1050497,
SL-NO,Northern,province of Sierra Leone,,pinned,Q912359,
SL-NW,North West,province of Sierra Leone,,anchor,Q43371075,
SL-SO,Southern,province of Sierra Leone,,pinned,Q772185,Southern Province
SL-WE,Western,province of Sierra Leone,,pinned,Q1050475,
SM-AC,Acquaviva,municipality of San Marino,,pinned,Q206363,Acquaviva
SM-BM,Borgo Maggiore,municipality of San Marino,,pinned,Q201368,Borgo Maggiore
SM-CH,Chiesanuova,municipality of San Marino,,pinned,Q206980,Chiesanuova
SM-CS,Città di San Marino,municipality of San Marino,,initials,Q1848,Città di San Marino
SM-DO,Domagnano,municipality of San Marino,,pinned,Q202202,Domagnano
SM-FA,Faetano,municipality of San Marino,,pinned,Q206356,Faetano
SM-FI,Fiorentino,municipality of San Marino,,pinned,Q206968,Fiorentino
SM-MO,Montegiardino,municipality of San Marino,,pinned,Q206962,Montegiardino
SM-SE,Serravalle,municipality of San Marino,,pinned,Q185412,Serravalle
SN-DB,Diourbel,region of Senegal,,pinned,Q856261,
SN-DK,Dakar,region of Senegal,,pinned,Q856268,
SN-FK,Fatick,region of Senegal,,pinned,Q856282,
SN-KA,Kaffrine,region of Senegal,,pinned,Q1059694,
SN-KD,Kolda,region of Senegal,,pinned,Q738081,
SN-KE,Kédougou,region of Senegal,,pinned,Q1046666,
SN-KL,Kaolack,region of Senegal,,pinned,Q847671,
SN-LG,Louga,region of Senegal,,pinned,Q738061,Louga
SN-MT,Matam,region of Senegal,,pinned,Q856275,
SN-SE,Sédhiou,region of Senegal,,pinned,Q589848,
SN-SL,Saint-Louis,region of Senegal,,pinned,Q178872,
SN-TC,Tambacounda,region of Senegal,,pinned,Q848554,
SN-TH,Thiès,region of Senegal,,pinned,Q847682,
SN-ZG,Ziguinchor,region of Senegal,,pinned,Q822692,
SO-AW,Awdal,region of Somalia,,pinned,Q791667,Awdal
SO-BK,Bakool,region of Somalia,,pinned,Q282471,
SO-BN,Banaadir,region of Somalia,,pinned,Q806070,Banaadir
SO-BR,Bari,region of Somalia,,pinned,Q729170,
SO-BY,Bay,region of Somalia,,pinned,Q812064,
SO-GA,Galguduud,region of Somalia,,pinned,Q876772,
SO-GE,Gedo,region of Somalia,,pinned,Q856719,
SO-HR,Hiran,region of Somalia,,skeleton,Q660040,
SO-LJ,Lower Juba,region of Somalia,,initials,Q877042,Jubbada Hoose
SO-LS,Lower Shebelle,region of Somalia,,initials,Q877028,
SO-MI,Middle Juba,region of Somalia,,any2,Q1046324,
SO-MJ,Maroodi Jeeh,region of Somaliland,,initials,Q877021,
SO-MS,Middle Shebelle,region of Somalia,,initials,Q678435,
SO-MU,Mudug,region of Somalia,,pinned,Q877034,
SO-NG,Nugal,region of Somalia,,skeleton,Q1046329,
SO-RA,Ra'as Aseir,region of Somalia,,initials,Q60788324,
SO-SO,Sool,region of Somalia,,pinned,Q848864,Sool
SO-TO,Togdheer,region of Somaliland,,pinned,Q865590,Togdheer
SR-BR,Brokopondo,district of Suriname,,pinned,Q847680,
SR-CM,Commewijne,district of Suriname,,pinned,Q952510,
SR-CR,Coronie,district of Suriname,,pinned,Q1130141,
SR-MA,Marowijne,district of Suriname,,pinned,Q1140897,
SR-NI,Nickerie,district of Suriname,,pinned,Q1147515,
SR-PM,Paramaribo,district of Suriname,,pinned,Q1130134,
SR-PR,Para,district of Suriname,,pinned,Q1140891,
SR-SA,Saramacca,district of Suriname,,pinned,Q1351157,
SR-SI,Sipaliwini,district of Suriname,,pinned,Q1130138,
SR-WA,Wanica,district of Suriname,,pinned,Q1147524,
SS-EC,Central Equatoria,State,,anchor,,
SS-EE,Eastern Equatoria,State,,anchor,,
SS-JU,Jungoli,State,,name,,
SS-LK,Lakes,State,,anchor,,
SS-NB,North Bahr-al-Ghazal,State,,initials,,
SS-NU,Upper Nile,State,,anchor,,
SS-UY,Unity,State,,anchor,,
SS-WA,Warap,State,,name,,
SS-WB,West Bahr-al-Ghazal,State,,initials,,
SS-WE,West Equatoria,State,,initials,,
ST-AG,Água Grande,district of São Tomé and Príncipe,,initials,Q249742,
ST-CA,Cantagalo,district of São Tomé and Príncipe,,name,Q1033696,
ST-CU,Caué,district of São Tomé and Príncipe,,any2,Q1051692,
ST-LE,Lembá,district of São Tomé and Príncipe,,name,Q785367,
ST-LO,Lobata,district of São Tomé and Príncipe,,name,Q1139384,
ST-MZ,Mé-Zóchi,district of São Tomé and Príncipe,,initials,Q1139407,
ST-RA,Região Autónoma do Príncipe,autonomous administrative territorial entity,,initials,Q2366966,
SV-AH,Ahuachapán,department of El Salvador,,pinned,Q572993,
SV-CA,Cabañas,department of El Salvador,,pinned,Q914058,
SV-CH,Chalatenango,department of El Salvador,,pinned,Q522221,
SV-CU,Cuscatlán,department of El Salvador,,pinned,Q1130677,
SV-LI,La Libertad,department of El Salvador,,pinned,Q930820,
SV-MO,Morazán,department of El Salvador,,pinned,Q1122836,
SV-PA,La Paz,department of El Salvador,,pinned,Q1129788,
SV-SA,Santa Ana,department of El Salvador,,pinned,Q671158,
SV-SM,San Miguel,department of El Salvador,,pinned,Q930804,
SV-SO,Sonsonate,department of El Salvador,,pinned,Q212540,
SV-SS,San Salvador,department of El Salvador,,pinned,Q1543219,
SV-SV,San Vicente,department of El Salvador,,pinned,Q1130180,
SV-UN,La Unión,department of El Salvador,,pinned,Q1130688,
SV-US,Usulután,department of El Salvador,,pinned,Q1122748,
SY-AL,Aleppo,governorate of Syria,,pinned,Q214064,
SY-AM,Hama,governorate of Syria,,any2,Q232355,
SY-AR,Daraa,governorate of Syria,,any2,Q1689560,مُحافظة درعة
SY-DA,Damascus,governorate of Syria,,pinned,Q2007044,
SY-DE,Deir ez-Zor,governorate of Syria,,initials,Q232387,
SY-HO,Homs,governorate of Syria,,name,Q214094,
SY-HS,Hasakah,governorate of Syria,,skeleton,Q233914,محافظة الحسكة
SY-ID,Idlib,governorate of Syria,,pinned,Q233218,
SY-LT,Latakia,governorate of Syria,,skeleton,Q233236,مُحافظة اللاذقية
SY-QU,Quneitra,governorate of Syria,,pinned,Q219690,الكونيترا
SY-RD,Rif Dimashq,governorate of Syria,,pinned,Q232399,ريف دمشق
SY-RQ,Raqqa,governorate of Syria,,skeleton,Q235563,مُحافظة الرقة
SY-SW,Suwayda,governorate of Syria,,skeleton,Q236797,محافظة السويداء
SY-TA,Tartus,governorate of Syria,,pinned,Q232382,
SZ-HH,Hhohho,region of Eswatini,,pinned,Q735570,Hhohho
SZ-LU,Lubombo,region of Eswatini,,pinned,Q856657,
SZ-MA,Manzini,region of Eswatini,,pinned,Q305395,
SZ-SH,Shiselweni,region of Eswatini,,pinned,Q845934,
TC-GT,Grand Turk,district of the Turks and Caicos Islands,,pinned,Q1473924,
TC-MC,Middle Caicos,district of the Turks and Caicos Islands,,pinned,Q1475037,
TC-NC,North Caicos,district of the Turks and Caicos Islands,,pinned,Q174861,
TC-PR,Providenciales,district of the Turks and Caicos Islands,,name,Q1616654,
TC-SA,Salt Cay,district of the Turks and Caicos Islands,,pinned,Q426843,
TC-SO,South Caicos,district of the Turks and Caicos Islands,,any2,Q1814473,
TD-AH,N'Djaména,province of Chad,,sequential,Q3659,N’Djaména
TD-BA,Batha,province of Chad,,pinned,Q180414,
TD-BO,Borkou,province of Chad,,pinned,Q1139666,
TD-BR,Barh El Gazel,province of Chad,,any2,Q1050621,
TD-CB,Chari-Baguirmi,province of Chad,,pinned,Q843975,
TD-EE,Ennedi Est,province of Chad,,pinned,Q16632169,
TD-EO,Ennedi Ouest,province of Chad,,pinned,Q16632172,
TD-GR,Guéra,province of Chad,,pinned,Q175706,
TD-HL,Hadjer-Lamis,province of Chad,,pinned,Q1042437,Hadjer-Lamis
TD-KA,Kanem,province of Chad,,pinned,Q849841,
TD-LC,Lac,province of Chad,,pinned,Q867869,
TD-LO,Logone Occidental,province of Chad,,pinned,Q305257,
TD-LR,Logone Oriental,province of Chad,,pinned,Q167514,
TD-MA,Mandoul,province of Chad,,pinned,Q597410,Mandoul
TD-MC,Moyen-Chari,province of Chad,,pinned,Q177799,
TD-ME,Mayo-Kebbi Est,province of Chad,,pinned,Q911421,
TD-MO,Mayo-Kebbi Ouest,province of Chad,,pinned,Q910393,
TD-OD,Ouaddaï,province of Chad,,pinned,Q841338,وداي
TD-SA,Salamat,province of Chad,,pinned,Q385584,
TD-SI,Sila,province of Chad,,pinned,Q1149611,
TD-TA,Tandjilé,province of Chad,,pinned,Q867856,
TD-TI,Tibesti,province of Chad,,pinned,Q737711,
TD-WF,Wadi Fira,province of Chad,,pinned,Q860813,منطقة وادي فيرا
TF-AL,Adélie Land,district of the French Southern and Antarctic Lands,,initials,Q184319,
TF-CI,Crozet Islands,district of the French Southern and Antarctic Lands,,initials,Q201698,
TF-KE,Kerguelen Islands,district of the French Southern and Antarctic Lands,,pinned,Q46772,
TF-SI,Scattered Islands in the Indian Ocean,district of the French Southern and Antarctic Lands,,initials,Q190571,
TF-SP,Saint Paul and Amsterdam,district of the French Southern and Antarctic Lands,,conjunction,Q1681727,
TG-CN,Centrale,region of Togo,,skeleton,Q316220,
TG-KR,la Kara,region of Togo,,skeleton,Q316216,
TG-MA,Maritime,region of Togo,,pinned,Q316291,Maritime
TG-PL,Plateaux,region of Togo,,pinned,Q316306,
TG-SA,Savanes,region of Togo,,pinned,Q279945,
TH-AMC,Amnat Charoen,province of Thailand,,pinned,Q243791,จังหวัดอำนาจเจริญ
TH-ANT,Ang Thong,province of Thailand,,pinned,Q243795,จังหวัดอ่างทอง
TH-BAN,Bangkok,special administrative area of Thailand,,name,Q1861,กรุงเทพมหานคร
TH-BUK,Bueng Kan,province of Thailand,,pinned,Q1001862,จังหวัดบึงกาฬ
TH-BUM,Buriram,province of Thailand,,name.ends,Q327510,จังหวัดบุรีรัมย์
TH-CHA,Chaiyaphum,province of Thailand,,pinned,Q275377,จังหวัดชัยภูมิ
TH-CHB,Chon Buri,province of Thailand,,pinned,Q207068,จังหวัดชลบุรี
TH-CHI,Chanthaburi,province of Thailand,,pinned,Q327730,จังหวัดจันทบุรี
TH-CHM,Chiang Mai,province of Thailand,,pinned,Q233588,จังหวัดเชียงใหม่
TH-CHN,Chai Nat,province of Thailand,,pinned,Q459759,จังหวัดชัยนาท
TH-CHO,Chachoengsao,province of Thailand,,pinned,Q334906,จังหวัดฉะเชิงเทรา
TH-CHR,Chiang Rai,province of Thailand,,pinned,Q236419,จังหวัดเชียงราย
TH-CHU,Chumphon,province of Thailand,,pinned,Q244695,จังหวัดชุมพร
TH-KAL,Kalasin,province of Thailand,,pinned,Q382144,จังหวัดกาฬสินธุ์
TH-KAN,Kanchanaburi,province of Thailand,,pinned,Q275740,จังหวัดกาญจนบุรี
TH-KAP,Kamphaeng Phet,province of Thailand,,pinned,Q273807,จังหวัดกำแพงเพชร
TH-KHK,Khon Kaen,province of Thailand,,pinned,Q327533,จังหวัดขอนแก่น
TH-KRA,Krabi,province of Thailand,,pinned,Q236769,จังหวัดกระบี่
TH-LAM,Lampang,province of Thailand,,pinned,Q240495,จังหวัดลำปาง
TH-LAN,Lamphun,province of Thailand,,pinned,Q240540,จังหวัดลำพูน
TH-LOE,Loei,province of Thailand,,pinned,Q275388,จังหวัดเลย
TH-LOP,Lopburi,province of Thailand,,name,Q336122,จังหวัดลพบุรี
TH-MAS,Maha Sarakham,province of Thailand,,pinned,Q468554,จังหวัดมหาสารคาม
TH-MHS,Mae Hong Son,province of Thailand,,pinned,Q269270,จังหวัดแม่ฮ่องสอน
TH-MUK,Mukdahan,province of Thailand,,pinned,Q335119,จังหวัดมุกดาหาร
TH-NAN,Nan,province of Thailand,,pinned,Q244698,จังหวัดน่าน
TH-NAP,Nakhon Pathom,province of Thailand,,pinned,Q334841,จังหวัดนครปฐม
TH-NAR,Nakhon Ratchasima,province of Thailand,,pinned,Q271737,จังหวัดนครราชสีมา
TH-NAS,Nakhon Sawan,province of Thailand,,pinned,Q239844,จังหวัดนครสวรรค์
TH-NAT,Narathiwat,province of Thailand,,pinned,Q271442,จังหวัดนราธิวาส
TH-NNA,Nakhon Nayok,province of Thailand,,pinned,Q466212,จังหวัดนครนายก
TH-NOB,Nong Bua Lamphu,province of Thailand,,compound,Q261241,จังหวัดหนองบัวลำภู
TH-NOK,Nong Khai,province of Thailand,,pinned,Q327737,จังหวัดหนองคาย
TH-NON,Nonthaburi,province of Thailand,,pinned,Q242932,จังหวัดนนทบุรี
TH-NPH,Nakhon Phanom,province of Thailand,,pinned,Q468547,จังหวัดนครพนม
TH-NST,Nakhon Si Thammarat,province of Thailand,,pinned,Q244691,จังหวัดนครศรีธรรมราช
TH-PAA,Pattaya,special administrative area of Thailand,,name.ends,Q170919,เมืองพัทยา
TH-PAI,Pattani,province of Thailand,,pinned,Q236781,จังหวัดปัตตานี
TH-PAT,Pathum Thani,province of Thailand,,pinned,Q459748,จังหวัดปทุมธานี
TH-PHA,Phatthalung,province of Thailand,,pinned,Q243808,จังหวัดพัทลุง
TH-PHC,Phetchaburi,province of Thailand,,pinned,Q244699,จังหวัดเพชรบุรี
TH-PHE,Phetchabun,province of Thailand,,pinned,Q240520,จังหวัดเพชรบูรณ์
TH-PHI,Phitsanulok,province of Thailand,,pinned,Q275781,จังหวัดพิษณุโลก
TH-PHO,Phayao,province of Thailand,,pinned,Q244618,จังหวัดพะเยา
TH-PHR,Phrae,province of Thailand,,pinned,Q244652,จังหวัดแพร่
TH-PHT,Phichit,province of Thailand,,pinned,Q237874,จังหวัดพิจิตร
TH-PHU,Phuket,province of Thailand,,pinned,Q182565,จังหวัดภูเก็ต
TH-PKK,Prachuap Khiri Khan,province of Thailand,,pinned,Q244628,จังหวัดประจวบคีรีขันธ์
TH-PNG,Phang Nga,province of Thailand,,compound.alt,Q273306,จังหวัดพังงา
TH-PNS,Phra Nakhon Si Ayutthaya,province of Thailand,,pinned,Q476222,จังหวัดพระนครศรีอยุธยา
TH-PRB,Prachin Buri,province of Thailand,,pinned,Q321324,จังหวัดปราจีนบุรี
TH-RAN,Ranong,province of Thailand,,pinned,Q236802,จังหวัดระนอง
TH-RAT,Ratchaburi,province of Thailand,,pinned,Q335492,จังหวัดราชบุรี
TH-RAY,Rayong,province of Thailand,,pinned,Q335221,จังหวัดระยอง
TH-ROE,Roi Et,province of Thailand,,pinned,Q625463,จังหวัดร้อยเอ็ด
TH-SAK,Sa Kaeo,province of Thailand,,pinned,Q381889,จังหวัดสระแก้ว
TH-SAN,Sakon Nakhon,province of Thailand,,pinned,Q382125,จังหวัดสกลนคร
TH-SAP,Samut Prakan,province of Thailand,,pinned,Q271529,จังหวัดสมุทรปราการ
TH-SAR,Saraburi,province of Thailand,,pinned,Q337627,จังหวัดสระบุรี
TH-SAS,Samut Sakhon,province of Thailand,,pinned,Q334686,จังหวัดสมุทรสาคร
TH-SAT,Satun,province of Thailand,,pinned,Q236263,จังหวัดสตูล
TH-SIB,Sing Buri,province of Thailand,,pinned,Q334836,จังหวัดสิงห์บุรี
TH-SON,Songkhla,province of Thailand,,pinned,Q235574,จังหวัดสงขลา
TH-SSK,Si Sa Ket,province of Thailand,,pinned,Q380761,จังหวัดศรีสะเกษ
TH-SSO,Samut Songkhram,province of Thailand,,pinned,Q459742,จังหวัดสมุทรสงคราม
TH-SUB,Suphan Buri,province of Thailand,,pinned,Q272247,จังหวัดสุพรรณบุรี
TH-SUK,Sukhothai,province of Thailand,,pinned,Q380764,จังหวัดสุโขทัย
TH-SUR,Surin,province of Thailand,,pinned,Q380757,จังหวัดสุรินทร์
TH-SUT,Surat Thani,province of Thailand,,pinned,Q240463,จังหวัดสุราษฎร์ธานี
TH-TAK,Tak,province of Thailand,,pinned,Q275758,จังหวัดตาก
TH-TRA,Trang,province of Thailand,,pinned,Q243805,จังหวัดตรัง
TH-TRT,Trat,province of Thailand,,pinned,Q241884,จังหวัดตราด
TH-UBR,Ubon Ratchathani,province of Thailand,,pinned,Q629024,จังหวัดอุบลราชธานี
TH-UDT,Udon Thani,province of Thailand,,pinned,Q380752,จังหวัดอุดรธานี
TH-UTH,Uthai Thani,province of Thailand,,pinned,Q244649,จังหวัดอุทัยธานี
TH-UTT,Uttaradit,province of Thailand,,pinned,Q273794,จังหวัดอุตรดิตถ์
TH-YAL,Yala,province of Thailand,,pinned,Q242977,จังหวัดยะลา
TH-YAS,Yasothon,province of Thailand,,pinned,Q506598,จังหวัดยโสธร
TJ-DI,Districts under Central Government Jurisdiction,region of Tajikistan,,any2,Q633490,Ноҳияҳои тобеи ҷумҳурӣ
TJ-DU,Dushanbe,capital city,,pinned,Q9365,دوشنبه
TJ-GO,Gorno-Badakhshan Autonomous,region of Tajikistan,,any2,Q207319,Вилояти Мухтори Кӯҳистони Бадахшон
TJ-KT,Khatlon,region of Tajikistan,,pinned,Q633511,Вилояти Хатлон
TJ-SU,Sughd,region of Tajikistan,,pinned,Q241582,Вилояти Суғд
TL-AL,Aileu,District,,anchor,,
TL-AM,Ambeno,District,,name,,
TL-AN,Ainaro,District,,anchor,,
TL-BA,Baucau,District,,anchor,,
TL-BO,Bobonaro,District,,anchor,,
TL-CO,Covalima,District,,name,,
TL-DI,Dili,District,,anchor,,
TL-ER,Ermera,District,,anchor,,
TL-LA,Lautém,District,,anchor,,
TL-LI,Liquiçá,District,,anchor,,
TL-MF,Manufahi,District,,anchor,,
TL-MT,Manatuto,District,,anchor,,
TL-VI,Viqueque,District,,anchor,,
TM-AG,Ashgabat,city of Turkmenistan,,any2,Q23438,Aşgabat
TM-AH,Ahal,region of Turkmenistan,,pinned,Q399899,Ahal welaýaty
TM-BA,Balkan,region of Turkmenistan,,pinned,Q486073,
TM-DA,Daşoguz,region of Turkmenistan,,pinned,Q487393,
TM-LE,Lebap,region of Turkmenistan,,pinned,Q487389,
TM-MA,Mary,region of Turkmenistan,,pinned,Q487401,
TN-AR,Ariana,governorate of Tunisia,,pinned,Q233116,ولاية أريانة
TN-BE,Béja,governorate of Tunisia,,pinned,Q276576,ولاية باجة
TN-BI,Bizerte,governorate of Tunisia,,pinned,Q241129,ولاية بنزرت
TN-BN,Ben Arous,governorate of Tunisia,,any2,Q238555,ولاية بن عروس
TN-GA,Gabès,governorate of Tunisia,,pinned,Q242263,ولاية قابس
TN-GF,Gafsa,governorate of Tunisia,,pinned,Q269968,ولاية قفصة
TN-JE,Jendouba,governorate of Tunisia,,pinned,Q276580,ولاية جندوبة
TN-KA,Kairouan,governorate of Tunisia,,pinned,Q276574,ولاية القيروان
TN-KE,Kebili,governorate of Tunisia,,pinned,Q286063,ولاية قبلي
TN-KF,Kef,governorate of Tunisia,,skeleton,Q328199,ولاية الكاف
TN-KS,Kasserine,governorate of Tunisia,,pinned,Q388047,ولاية القصرين
TN-MA,Mahdia,governorate of Tunisia,,pinned,Q328164,ولاية المهدية
TN-ME,Medenine,governorate of Tunisia,,pinned,Q327087,ولاية مدنين
TN-MO,Monastir,governorate of Tunisia,,pinned,Q318102,ولاية المنستــير
TN-MU,Manouba,governorate of Tunisia,,any2,Q734328,
TN-NA,Nabeul,governorate of Tunisia,,pinned,Q328145,ولاية نابل
TN-SD,Sidi Bouzid,governorate of Tunisia,,any2,Q327097,ولاية سيدي بوزيد
TN-SF,Sfax,governorate of Tunisia,,pinned,Q241145,
TN-SI,Siliana,governorate of Tunisia,,pinned,Q328115,ولاية سليانة
TN-SO,Sousse,governorate of Tunisia,,pinned,Q276565,ولاية سوسة
TN-TA,Tataouine,governorate of Tunisia,,pinned,Q327045,ولاية تطاوين
TN-TO,Tozeur,governorate of Tunisia,,pinned,Q388059,ولاية توزر
TN-TU,Tunis,governorate of Tunisia,,pinned,Q328109,ولاية تونس)
TN-ZA,Zaghouan,governorate of Tunisia,,pinned,Q27916,ولاية زغوان
TO-AA,Haʻapai,division of Tonga,,sequential,Q4494291,
TO-EU,ʻEua,division of Tonga,,pinned,Q4533167,
TO-NI,Niuas,division of Tonga,,pinned,Q1200954,
TO-TO,Tongatapu,division of Tonga,,pinned,Q10383165,
TO-VA,Vava‘u,division of Tonga,,any2,Q4102091,Vavaʻu
TR-AA,Ardahan,,,pinned,,
TR-AD,Adana,,,pinned,,
TR-AG,Ağrı,,,pinned,,
TR-AI,Adıyaman,,,pinned,,
TR-AK,Aksaray,,,pinned,,
TR-AM,Amasya,,,pinned,,
TR-AN,Ankara,,,pinned,,
TR-AO,Afyonkarahisar,,,any2,,
TR-AR,Artvin,,,pinned,,
TR-AS,Kars,,,pinned,,
TR-AT,Antalya,,,pinned,,
TR-AY,Aydın,,,pinned,,
TR-BA,Balıkesir,,,pinned,,
TR-BD,Burdur,,,pinned,,
TR-BI,Bitlis,,,pinned,,
TR-BL,Bilecik,,,pinned,,
TR-BN,Bingöl,,,pinned,,
TR-BO,Bolu,,,pinned,,
TR-BR,Bartın,,,pinned,,
TR-BT,Batman,,,pinned,,
TR-BU,Bursa,,,pinned,,
TR-BY,Bayburt,,,pinned,,
TR-CA,Çanakkale,,,pinned,,
TR-CN,Çankırı,,,pinned,,
TR-CO,Çorum,,,pinned,,
TR-DE,Denizli,,,pinned,,
TR-DI,Diyarbakır,,,pinned,,
TR-DU,Düzce,,,pinned,,
TR-ED,Edirne,,,pinned,,
TR-EL,Elazığ,,,pinned,,
TR-ER,Erzurum,,,pinned,,
TR-ES,Eskişehir,,,pinned,,
TR-EZ,Erzincan,,,pinned,,
TR-GA,Gaziantep,,,pinned,,
TR-GI,Giresun,,,pinned,,
TR-GU,Gümüşhane,,,pinned,,
TR-HA,Hatay,,,pinned,,
TR-HK,Hakkâri,,,pinned,,
TR-IG,Iğdır,,,pinned,,
TR-IP,Isparta,,,pinned,,
TR-IS,Istanbul,,,pinned,,
TR-IZ,İzmir,,,pinned,,
TR-KA,Kayseri,,,pinned,,
TR-KB,Karabük,,,pinned,,
TR-KC,Kocaeli,,,pinned,,
TR-KE,Kırşehir,,,pinned,,
TR-KH,Kahramanmaraş,,,skeleton,,
TR-KI,Kırklareli,,,pinned,,
TR-KK,Kırıkkale,,,any2,,
TR-KL,Kilis,,,pinned,,
TR-KO,Konya,,,pinned,,
TR-KR,Karaman,,,pinned,,
TR-KS,Kastamonu,,,pinned,,
TR-KU,Kütahya,,,pinned,,
TR-MA,Manisa,,,pinned,,
TR-ME,Mersin,,,pinned,,
TR-ML,Malatya,,,pinned,,
TR-MR,Mardin,,,pinned,,
TR-MS,Muş,,,pinned,,
TR-MU,Muğla,,,pinned,,
TR-NE,Nevşehir,,,pinned,,
TR-NI,Niğde,,,pinned,,
TR-OR,Ordu,,,pinned,,
TR-OS,Osmaniye,,,pinned,,
TR-RI,Rize,,,pinned,,
TR-SA,Şanlıurfa,,,pinned,,
TR-SI,Şırnak,,,pinned,,
TR-SK,Sakarya,,,pinned,,
TR-SM,Samsun,,,pinned,,
TR-SN,Sinop,,,pinned,,
TR-SR,Siirt,,,pinned,,
TR-SV,Sivas,,,pinned,,
TR-TE,Tekirdağ,,,pinned,,
TR-TO,Tokat,,,pinned,,
TR-TR,Trabzon,,,pinned,,
TR-TU,Tunceli,,,pinned,,
TR-US,Uşak,,,pinned,,
TR-VA,Van,,,pinned,,
TR-YA,Yalova,,,pinned,,
TR-YO,Yozgat,,,pinned,,
TR-ZO,Zonguldak,,,name,,
TT-AR,Arima,regional corporation or municipality of Trinidad and Tobago,,pinned,Q661405,
TT-CH,Chaguanas,regional corporation or municipality of Trinidad and Tobago,,pinned,Q1444575,
TT-CT,Couva-Tabaquite-Talparo,regional corporation of Trinidad and Tobago,,pinned,Q2679127,
TT-DM,Diego Martin,regional corporation of Trinidad and Tobago,,pinned,Q2679107,
TT-ET,Eastern Tobago,administrative territorial entity of Trinidad and Tobago,,initials,Q13365873,
TT-MR,Mayaro-Rio Claro,regional corporation of Trinidad and Tobago,,pinned,Q2487249,
TT-PD,Penal-Debe,regional corporation of Trinidad and Tobago,,pinned,Q2056273,
TT-PF,Point Fortin,borough,,pinned,Q786957,
TT-PI,Princes,regional corporation of Trinidad and Tobago,,any2,Q2228167,
TT-PS,Port of Spain,regional corporation or municipality of Trinidad and Tobago,,pinned,Q39178,Port of Spain
TT-SF,San Fernando,regional corporation or municipality of Trinidad and Tobago,,pinned,Q1023712,
TT-SG,Sangre Grande,regional corporation of Trinidad and Tobago,,pinned,Q290292,
TT-SI,Siparia,regional corporation of Trinidad and Tobago,,pinned,Q2679119,
TT-SJ,San Juan–Laventille,regional corporation of Trinidad and Tobago,,pinned,Q979608,
TT-TO,Tobago,administrative territorial entity,,pinned,Q185111,Tobago
TT-TP,Tunapuna–Piarco,regional corporation of Trinidad and Tobago,,pinned,Q1899163,
TT-WT,Western Tobago,administrative territorial entity of Trinidad and Tobago,,initials,Q13365874,
TV-FU,Funafuti,Council of Tuvalu,,pinned,Q34126,
TV-NA,Nanumanga,Council of Tuvalu,,pinned,Q367027,
TV-NI,Niutao Island,Council of Tuvalu,,pinned,Q17578833,
TV-NK,Nukulaelae,Council of Tuvalu,,pinned,Q128654,
TV-NM,Nanumea,Council of Tuvalu,,pinned,Q174618,
TV-NU,Nukufetau,Council of Tuvalu,,pinned,Q745924,
TV-UI,Nui,Council of Tuvalu,,pinned,Q547997,
TV-VA,Vaitupu,Council of Tuvalu,,pinned,Q632495,
TW-CA,Changhua,county of Taiwan,,any2,Q133865,彰化縣
TW-CH,Chiayi County,county of Taiwan,,name,Q166977,嘉義縣
TW-CI,Chiayi City,provincial city,,any2,Q249995,
TW-HI,Hsinchu County,county of Taiwan,,any2,Q74054,新竹縣
TW-HS,Hsinchu City,provincial city,,name,Q249994,
TW-HU,Hualien,county of Taiwan,,name,Q249868,花蓮縣
TW-KA,Kaohsiung,special municipality,,pinned,Q181557,高雄市
TW-KE,Keelung,provincial city,,name,Q249996,基隆市
TW-KI,Kinmen,county of Taiwan,,name,Q249870,
TW-LI,Lienchiang,county of Taiwan,,name,Q249872,
TW-MI,Miaoli,county of Taiwan,,name,Q63706,
TW-NA,Nantou,county of Taiwan,,name,Q82357,
TW-NT,New Taipei,special municipality,,pinned,Q244898,
TW-PE,Penghu,county of Taiwan,,name,Q198525,
TW-PI,Pingtung,county of Taiwan,,name,Q194989,
TW-TC,Taichung,special municipality,,pinned,Q245023,
TW-TI,Taitung,county of Taiwan,,any2,Q249904,
TW-TN,Tainan,special municipality,,pinned,Q140631,
TW-TP,Taipei,special municipality,,pinned,Q1867,台北市
TW-TY,Taoyuan,special municipality,,skeleton,Q115256,Thô-hn̂g-á
TW-YI,Yilan,county of Taiwan,,name,Q237258,
TW-YU,Yunlin,county of Taiwan,,name,Q153221,
TZ-AR,Arusha,region of Tanzania,,pinned,Q329261,
TZ-DE,Dar es Salaam,region of Tanzania,,pinned,Q557539,
TZ-DO,Dodoma,region of Tanzania,,pinned,Q213268,
TZ-GE,Geita,region of Tanzania,,pinned,Q1848521,
TZ-IR,Iringa,region of Tanzania,,pinned,Q309352,
TZ-KA,Kagera,region of Tanzania,,pinned,Q309190,
TZ-KI,Kigoma,region of Tanzania,,pinned,Q747943,
TZ-KL,Kilimanjaro,region of Tanzania,,pinned,Q328922,
TZ-KT,Katavi,region of Tanzania,,pinned,Q2682731,
TZ-LI,Lindi,region of Tanzania,,pinned,Q309339,
TZ-MA,Mara,region of Tanzania,,pinned,Q458406,
TZ-MB,Mbeya,region of Tanzania,,pinned,Q458382,
TZ-MM,Mjini Magharibi,region of Tanzania,,pinned,Q180822,
TZ-MN,Manyara,region of Tanzania,,pinned,Q331117,
TZ-MO,Morogoro,region of Tanzania,,pinned,Q458388,
TZ-MT,Mtwara,region of Tanzania,,pinned,Q499465,
TZ-MW,Mwanza,region of Tanzania,,pinned,Q331153,
TZ-NJ,Njombe,region of Tanzania,,pinned,Q2086273,
TZ-NP,North Pemba,region of Tanzania,,qualifier,Q498073,
TZ-PW,Pwani,region of Tanzania,,pinned,Q458412,Pwani
TZ-RK,Rukwa,region of Tanzania,,pinned,Q153329,
TZ-RU,Ruvuma,region of Tanzania,,pinned,Q115318,
TZ-SH,Shinyanga,region of Tanzania,,pinned,Q153339,Shinyanga
TZ-SI,Simiyu,region of Tanzania,,pinned,Q2787568,
TZ-SN,Singida,region of Tanzania,,pinned,Q153326,
TZ-SO,Songwe,region of Tanzania,,pinned,Q25618976,
TZ-SP,South Pemba,region of Tanzania,,qualifier,Q498067,
TZ-TA,Tabora,region of Tanzania,,pinned,Q153335,
TZ-TN,Tanga,region of Tanzania,,pinned,Q389737,Mkoa wa Tanga
TZ-UN,Unguja North,region of Tanzania,,initials,Q147116,
TZ-US,Unguja South,region of Tanzania,,initials,Q643120,
UA-CE,Chernihiv,Region,,any2,,
UA-CH,Cherkasy,Region,,name,,
UA-CN,Chernivtsi,Region,,any2,,
UA-CR,Crimea,Autonomous Republic,,name,,
UA-DK,Donets'k,Region,,compound.alt,,
UA-DN,Dnipropetrovs'k,Region,,any2,,
UA-IF,Ivano-Frankivs'k,Region,,initials,,
UA-KE,Kherson,Region,,any2,,
UA-KH,Kharkiv,Region,,name,,
UA-KI,Kiev City,Independent City,,name,,
UA-KN,Khmel'nyts'kyy,Region,,initials,,
UA-KR,Kirovohrad,Region,,skeleton,,
UA-KV,Kiev,Region,,skeleton,,
UA-LK,Luhans'k,Region,,compound.alt,,
UA-LV,L'viv,Region,,compound,,
UA-MY,Mykolayiv,Region,,name,,
UA-OD,Odessa,Region,,name,,
UA-PO,Poltava,Region,,name,,
UA-RI,Rivne,Region,,name,,
UA-SE,Sevastopol',Autonomous Republic,,name,,
UA-SU,Sumy,Region,,name,,
UA-TE,Ternopil',Region,,name,,
UA-VI,Vinnytsya,Region,,name,,
UA-VO,Volyn,Region,,name,,
UA-XA,,,,placeholder,,
UA-ZA,Zaporizhia,Region,,name,,
UA-ZH,Zhytomyr,Region,,name,,
UA-ZK,Zakarpattia,Region,,skeleton,,
UG-CEN,Central,region of Uganda,,name,Q429685,
UG-EAS,Eastern,region of Uganda,,name,Q2559220,
UG-NOR,Northern,region of Uganda,,name,Q2559686,
UG-WES,Western,region of Uganda,,name,Q2559188,
UM-BA,Baker Island,insular area of the United States,,pinned,Q46879,Baker Island
UM-HO,Howland Island,insular area of the United States,,pinned,Q131305,Howland Island
UM-JA,Johnston Atoll,insular area of the United States,,initials,Q131008,Johnston Atoll
UM-JI,Jarvis Island,insular area of the United States,,pinned,Q62218,Jarvis Island
UM-KR,Kingman Reef,insular area of the United States,,pinned,Q130895,Kingman Reef
UM-MA,Midway Atoll,insular area of the United States,,initials,Q47863,Midway Atoll
UM-NA,Navassa Island,insular area of the United States,,pinned,Q25359,Navassa Island
UM-PL,Palmyra Atoll,insular area of the United States,,any2,Q123076,Palmyra Atoll
UM-WA,Wake Island,insular area of the United States,,pinned,Q43296,Ānen Kio
US-AK,Alaska,,02,anchor,,
US-AL,Alabama,,01,anchor,,
US-AR,Arkansas,,05,anchor,,
US-AZ,Arizona,,04,anchor,,
US-CA,California,,06,anchor,,
US-CO,Colorado,,08,anchor,,
US-CT,Connecticut,,09,anchor,,
US-DC,District of Columbia,,11,anchor,,
US-DE,Delaware,,10,anchor,,
US-FL,Florida,,12,anchor,,
US-GA,Georgia,,13,anchor,,
US-HI,Hawaii,,15,anchor,,
US-IA,Iowa,,19,anchor,,
US-ID,Idaho,,16,anchor,,
US-IL,Illinois,,17,anchor,,
US-IN,Indiana,,18,anchor,,
US-KS,Kansas,,20,anchor,,
US-KY,Kentucky,,21,anchor,,
US-LA,Louisiana,,22,anchor,,
US-MA,Massachusetts,,25,anchor,,
US-MD,Maryland,,24,anchor,,
US-ME,Maine,,23,anchor,,
US-MI,Michigan,,26,anchor,,
US-MN,Minnesota,,27,anchor,,
US-MO,Missouri,,29,anchor,,
US-MS,Mississippi,,28,anchor,,
US-MT,Montana,,30,anchor,,
US-NC,North Carolina,,37,anchor,,
US-ND,North Dakota,,38,anchor,,
US-NE,Nebraska,,31,anchor,,
US-NH,New Hampshire,,33,anchor,,
US-NJ,New Jersey,,34,anchor,,
US-NM,New Mexico,,35,anchor,,
US-NV,Nevada,,32,anchor,,
US-NY,New York,,36,anchor,,
US-OH,Ohio,,39,anchor,,
US-OK,Oklahoma,,40,anchor,,
US-OR,Oregon,,41,anchor,,
US-PA,Pennsylvania,,42,anchor,,
US-RI,Rhode Island,,44,anchor,,
US-SC,South Carolina,,45,anchor,,
US-SD,South Dakota,,46,anchor,,
US-TN,Tennessee,,47,anchor,,
US-TX,Texas,,48,anchor,,
US-UT,Utah,,49,anchor,,
US-VA,Virginia,,51,anchor,,
US-VT,Vermont,,50,anchor,,
US-WA,Washington,,53,anchor,,
US-WI,Wisconsin,,55,anchor,,
US-WV,West Virginia,,54,anchor,,
US-WY,Wyoming,,56,anchor,,
UY-AR,Artigas,department of Uruguay,,pinned,Q16603,Artigas
UY-CA,Canelones,department of Uruguay,,pinned,Q16577,Departamento de Canelones
UY-CL,Cerro Largo,department of Uruguay,,pinned,Q16575,
UY-CO,Colonia,department of Uruguay,,pinned,Q16580,
UY-DU,Durazno,department of Uruguay,,pinned,Q16591,
UY-FD,Florida,department of Uruguay,,pinned,Q16593,
UY-FS,Flores,department of Uruguay,,pinned,Q16578,
UY-LA,Lavalleja,department of Uruguay,,pinned,Q460435,
UY-MA,Maldonado,department of Uruguay,,pinned,Q331196,
UY-MO,Montevideo,department of Uruguay,,pinned,Q16594,
UY-PA,Paysandú,department of Uruguay,,pinned,Q16576,
UY-RN,Río Negro,department of Uruguay,,pinned,Q16596,
UY-RO,Rocha,department of Uruguay,,pinned,Q16582,
UY-RV,Rivera,department of Uruguay,,pinned,Q16609,
UY-SA,Salto,department of Uruguay,,pinned,Q16595,
UY-SJ,San José,department of Uruguay,,pinned,Q16579,
UY-SO,Soriano,department of Uruguay,,pinned,Q16584,
UY-TA,Tacuarembó,department of Uruguay,,pinned,Q16587,
UY-TT,Treinta y Tres,department of Uruguay,,pinned,Q16610,
UZ-AD,Andijan,region of Uzbekistan,,any2,Q487384,Andijon viloyati
UZ-BK,Bukhara,region of Uzbekistan,,skeleton,Q487372,Buxoro viloyati
UZ-FE,Fergana,region of Uzbekistan,,name,Q487089,Farg‘ona viloyati
UZ-JZ,Jizzakh,region of Uzbekistan,,skeleton,Q488811,Jizzax viloyati
UZ-KA,Karakalpakstan,administrative territorial entity of Uzbekistan,,name,Q484245,Qaraqalpaqstan Respublikası
UZ-NG,Namangan,region of Uzbekistan,,pinned,Q474876,Namangan viloyati
UZ-NW,Navoiy,region of Uzbekistan,,pinned,Q487570,Navoiy viloyati
UZ-QA,Qashqadaryo,region of Uzbekistan,,pinned,Q487577,Qashqadaryo viloyati
UZ-SA,Samarqand,region of Uzbekistan,,pinned,Q487532,Samarqand viloyati
UZ-SI,Sirdaryo,region of Uzbekistan,,pinned,Q487547,Sirdaryo viloyati
UZ-SU,Surxondaryo,region of Uzbekistan,,pinned,Q487537,Surxondaryo viloyati
UZ-TA,Tashkent,region of Uzbekistan,,name,Q487585,Toshkent viloyati
UZ-TO,Tashkent,administrative territorial entity of Uzbekistan,,anchor,Q269,Тошкент
UZ-XO,Xorazm,region of Uzbekistan,,pinned,Q487561,Xorazm viloyati
VC-CH,Charlotte,parish of Saint Vincent and the Grenadines,,pinned,Q2075188,
VC-GR,Grenadines,parish of Saint Vincent and the Grenadines,,pinned,Q2545297,Grenadines Parish
VC-SA,Saint Andrew,parish of Saint Vincent and the Grenadines,,pinned,Q2305115,
VC-SD,Saint David,parish of Saint Vincent and the Grenadines,,pinned,Q2412394,
VC-SG,Saint George,parish of Saint Vincent and the Grenadines,,pinned,Q2300294,
VC-SP,Saint Patrick,parish of Saint Vincent and the Grenadines,,pinned,Q1864637,
VE-AM,Amazonas,state of Venezuela,,pinned,Q170453,
VE-AN,Anzoátegui,state of Venezuela,,pinned,Q190922,
VE-AP,Apure,state of Venezuela,,pinned,Q41146,
VE-AR,Aragua,state of Venezuela,,pinned,Q190687,Aragua
VE-BO,Bolívar,state of Venezuela,,pinned,Q191164,
VE-CA,Carabobo,state of Venezuela,,pinned,Q191186,Estado Carabobo
VE-CO,Cojedes,state of Venezuela,,pinned,Q205460,
VE-DA,Delta Amacuro,state of Venezuela,,pinned,Q201137,
VE-DC,Distrito Capital,capital district or territory,,pinned,Q492791,
VE-DF,Dependencias Federales,administrative territorial entity of Venezuela,,pinned,Q130343,Dependencias Federales
VE-EB,Estado Barinas,state of Venezuela,,initials,Q43271,
VE-EG,Estado La Guaira,state of Venezuela,,initials,Q205843,
VE-FA,Falcón,state of Venezuela,,pinned,Q202071,Falcón
VE-GU,Guárico,state of Venezuela,,pinned,Q202075,
VE-LA,Lara,state of Venezuela,,pinned,Q205796,Estado Lara
VE-ME,Mérida,state of Venezuela,,pinned,Q165582,
VE-MI,Miranda,state of Venezuela,,pinned,Q191174,
VE-MO,Monagas,state of Venezuela,,pinned,Q205776,
VE-NE,Nueva Esparta,state of Venezuela,,pinned,Q204876,Estado Nueva Esparta
VE-PO,Portuguesa,state of Venezuela,,pinned,Q205784,
VE-SU,Sucre,state of Venezuela,,pinned,Q205824,
VE-TA,Táchira,state of Venezuela,,pinned,Q41144,
VE-TR,Trujillo,state of Venezuela,,pinned,Q202068,Estado Trujillo
VE-YA,Yaracuy,state of Venezuela,,pinned,Q201121,
VE-ZU,Zulia,state of Venezuela,,pinned,Q43269,
VI-SA,Saint Thomas and Saint John,district of the United States Virgin Islands,,any2,Q84505324,
VI-SC,Saint Croix,district of the United States Virgin Islands,,pinned,Q20852568,Saint Croix
VN-AL,Đắk Lắk,Province,,initials,,
VN-AN,Đắk Nông,Province,,initials,,
VN-BD,Bình Dương,Province,,initials,,
VN-BE,Bến Tre,Province,,any2,,
VN-BG,Bắc Giang,Province,,initials,,
VN-BI,Bình Định,Province,,initials,,
VN-BK,Bắc Kạn,Province,,initials,,
VN-BL,Bạc Liêu,Province,,initials,,
VN-BN,Bắc Ninh,Province,,initials,,
VN-BP,Bình Phước,Province,,initials,,
VN-BR,Bà Rịa - Vũng Tàu,Province,,initials,,
VN-BT,Bình Thuận,Province,,initials,,
VN-CB,Cao Bằng,Province,,initials,,
VN-CM,Cà Mau,Province,,initials,,
VN-CT,Cần Thơ,City,,anchor,,
VN-DN,Đà Nẵng,City,,anchor,,
VN-GI,An Giang,Province,,name,,
VN-GL,Gia Lai,Province,,initials,,
VN-HA,Hà Nam,Province,,any2,,
VN-HB,Hoà Bình,Province,,initials,,
VN-HD,Hải Dương,Province,,initials,,
VN-HG,Hà Giang,Province,,initials,,
VN-HN,Hà Nội,City,,anchor,,
VN-HP,Hải Phòng,City,,anchor,,
VN-HT,Hà Tĩnh,Province,,initials,,
VN-HU,Hậu Giang,Province,,any2,,
VN-HY,Hưng Yên,Province,,initials,,
VN-IB,Điện Biên,Province,,initials,,
VN-KG,Kiên Giang,Province,,initials,,
VN-KH,Khánh Hòa,Province,,initials,,
VN-KT,Kon Tum,Province,,initials,,
VN-LA,Lai Châu,Province,,any2,,
VN-LC,Lào Cai,Province,,initials,,
VN-LN,Long An,Province,,skeleton,,
VN-LO,Lâm Đồng,Province,,initials,,
VN-LS,Lạng Sơn,Province,,initials,,
VN-NB,Ninh Bình,Province,,initials,,
VN-NG,Nghệ An,Province,,name,,
VN-NI,Nam Định,Province,,initials,,
VN-NT,Ninh Thuận,Province,,initials,,
VN-ON,Đồng Nai,Province,,initials,,
VN-OT,Đồng Tháp,Province,,initials,,
VN-PT,Phú Thọ,Province,,initials,,
VN-PY,Phú Yên,Province,,initials,,
VN-QA,Quảng Ninh,Province,,any2,,
VN-QB,Quảng Bình,Province,,initials,,
VN-QN,Quảng Nam,Province,,initials,,
VN-QT,Quảng Trị,Province,,initials,,
VN-QU,Quảng Ngãi,Province,,any2,,
VN-SG,Hồ Chí Minh,City,,anchor,,
VN-SL,Sơn La,Province,,initials,,
VN-ST,Sóc Trăng,Province,,initials,,
VN-TA,Tây Ninh,Province,,any2,,
VN-TB,Thái Bình,Province,,initials,,
VN-TG,Tiền Giang,Province,,initials,,
VN-TH,Thanh Hóa,Province,,initials,,
VN-TN,Thái Nguyên,Province,,initials,,
VN-TQ,Tuyên Quang,Province,,initials,,
VN-TT,Thừa Thiên Huế,Province,,initials,,
VN-TV,Trà Vinh,Province,,initials,,
VN-VL,Vĩnh Long,Province,,initials,,
VN-VP,Vĩnh Phúc,Province,,initials,,
VN-YB,Yên Bái,Province,,initials,,
VU-MA,Malampa,province of Vanuatu,,pinned,Q740656,Malampa
VU-PE,Penama,province of Vanuatu,,pinned,Q836649,
VU-SA,Sanma,province of Vanuatu,,pinned,Q740640,
VU-SH,Shefa,province of Vanuatu,,pinned,Q650617,
VU-TA,Tafea,province of Vanuatu,,pinned,Q576417,
VU-TO,Torba,province of Vanuatu,,pinned,Q822514,
WF-AL,Alo,customary kingdom of Wallis and Futuna,,pinned,Q2734700,Alo
WF-SG,Sigave,customary kingdom of Wallis and Futuna,,anchor,Q2554877,Sigave
WF-UV,Uvea,customary kingdom of Wallis and Futuna,,pinned,Q7903676,Uvea
WS-AA,A'ana,district of Samoa,,pinned,Q1154121,A'ana
WS-AL,Aiga-i-le-Tai,district of Samoa,,pinned,Q1144488,
WS-AT,Atua,district of Samoa,,pinned,Q1154332,Atua
WS-FA,Fa'asaleleaga,district of Samoa,,pinned,Q1154134,
WS-GE,Gaga'emauga,district of Samoa,,pinned,Q1193143,
WS-GI,Gaga'ifomauga,district of Samoa,,pinned,Q1193134,
WS-PA,Palauli,district of Samoa,,pinned,Q1147216,
WS-SA,Satupa'itea,district of Samoa,,pinned,Q651573,
WS-TU,Tuamasaga,district of Samoa,,pinned,Q1144482,
WS-VF,Va'a-o-Fonoti,district of Samoa,,pinned,Q1154109,
WS-VS,Vaisigano,district of Samoa,,pinned,Q1193139,
XK-FE,Ferizaj,district of Kosovo,,name,Q868964,
XK-GI,Gjilan,district of Kosovo,,any2,Q1048355,
XK-GJ,Gjakova,district of Kosovo,,name,Q1059386,
XK-MI,Mitrovica,district of Kosovo,,name,Q1046673,
XK-PI,Prizren,district of Kosovo,,pinned,Q1048331,
XK-PJ,Peja,district of Kosovo,,skeleton,Q609247,
XK-PR,Pristina,district of Kosovo,,pinned,Q856426,
YE-AA,Saada,governorate of Yemen,,any2,Q275732,
YE-AB,Abyan,governorate of Yemen,,pinned,Q241774,
YE-AE,Aden,governorate of Yemen,,any2,Q275729,عدن
YE-AM,'Amran,governorate of Yemen,,pinned,Q275720,
YE-AN,Sanaa,governorate of Yemen,,any2,Q388291,
YE-BA,Al Bayda',governorate of Yemen,,pinned,Q221212,
YE-DH,Dhamar,governorate of Yemen,,pinned,Q328193,
YE-DL,Dhale,governorate of Yemen,,any2,Q328187,الضالع
YE-HA,Hadhramaut,governorate of Yemen,,name,Q241135,
YE-HJ,Hajjah,governorate of Yemen,,pinned,Q328158,
YE-HU,Al Hudaydah,governorate of Yemen,,pinned,Q275755,
YE-IB,Ibb,governorate of Yemen,,pinned,Q388274,
YE-JA,Al Jawf,governorate of Yemen,,pinned,Q328128,
YE-LA,Lahij,governorate of Yemen,,pinned,Q388318,
YE-MA,Marib,governorate of Yemen,,pinned,Q498465,
YE-MR,Al Mahrah,governorate of Yemen,,pinned,Q275752,
YE-MW,Al Mahwit,governorate of Yemen,,pinned,Q388280,
YE-RA,Raymah,governorate of Yemen,,pinned,Q475033,
YE-SA,Amanat al-Asimah,governorate of Yemen,,pinned,Q32130189,
YE-SH,Shabwah,governorate of Yemen,,pinned,Q328180,
YE-SU,Socotra Archipelago,governorate of Yemen,,anchor,Q15728745,
YE-TA,Ta'izz,governorate of Yemen,,pinned,Q388330,تعز
YT-AC,Acoua,commune of France,,pinned,Q2086991,Acoua
YT-BA,Bandraboua,commune of France,,pinned,Q691779,
YT-BN,Bandrele,commune of France,,pinned,Q2087100,
YT-BO,Bouéni,commune of France,,pinned,Q2087082,
YT-CH,Chirongui,commune of France,,pinned,Q2087001,
YT-CI,Chiconi,commune of France,,pinned,Q2087010,
YT-DE,Dembeni,commune of France,,pinned,Q2087041,Dembeni
YT-DZ,Dzaoudzi,commune of France,,pinned,Q846048,Dzaoudzi
YT-KK,Kani-Kéli,commune of France,,pinned,Q2087092,Kani-Kéli
YT-KO,Koungou,commune of France,,pinned,Q770411,Koungou
YT-MA,Mamoudzou,commune of France,,pinned,Q132676,Mamoudzou
YT-MS,Mtsamboro,commune of France,,pinned,Q745108,Mtsamboro
YT-MT,M'Tsangamouji,commune of France,,pinned,Q955825,M'tsangamouji
YT-OU,Ouangani,commune of France,,pinned,Q427213,Ouangani
YT-PA,Pamandzi,commune of France,,pinned,Q1010634,Pamandzi
YT-SA,Sada,commune of France,,pinned,Q1920630,Sada
YT-TS,Tsingoni,commune of France,,pinned,Q2087020,Tsingoni
Z1-JK,Jammu and Kashmir,State,,conjunction,,
Z2-XU,Xinjiang Uygur,Autonomous Region,,initials,,
Z3-XI,Xizang,Autonomous Region,,name,,
Z3-XU,Xinjiang Uygur,Autonomous Region,,initials,,
Z4-HP,Himachal Pradesh,Union Territory,,initials,,
Z5-UT,Uttarakhand,State,,name,,
Z6-AK,Azad Kashmir,Centrally Administered Area,,initials,,
Z6-GB,Gilgit-Baltistan,Centrally Administered Area,,initials,,
Z7-AP,Arunachal Pradesh,State,,initials,,
Z8-XI,Xizang,Autonomous Region,,name,,
Z9-HP,Himachal Pradesh,Union Territory,,initials,,
Z9-UT,Uttarakhand,State,,name,,
ZA-EC,Eastern Cape,province of South Africa,,pinned,Q130840,Eastern Cape
ZA-FS,Free State,province of South Africa,,pinned,Q160284,Freistata
ZA-GP,Gauteng,province of South Africa,,pinned,Q133083,Gauteng
ZA-KN,KwaZulu-Natal,province of South Africa,,pinned,Q81725,KaZulu
ZA-LP,Limpopo,province of South Africa,,pinned,Q134907,Limpopo
ZA-MP,Mpumalanga,province of South Africa,,pinned,Q132410,Mpumalanga
ZA-NC,Northern Cape,province of South Africa,,pinned,Q132418,IPhondo yaseMntla-Koloni
ZA-NW,North West,province of South Africa,,pinned,Q165956,
ZA-WC,Western Cape,province of South Africa,,pinned,Q127167,Western Cape
ZM-CE,Central,province of Zambia,,pinned,Q190718,
ZM-CO,Copperbelt,province of Zambia,,pinned,Q1131523,Copperbelt Province
ZM-EA,Eastern,province of Zambia,,pinned,Q823810,
ZM-LP,Luapula,province of Zambia,,pinned,Q386667,
ZM-LU,Lusaka,province of Zambia,,pinned,Q819998,
ZM-MU,Muchinga,province of Zambia,,pinned,Q6714242,
ZM-NO,Northern,province of Zambia,,pinned,Q778738,
ZM-NR,Northwestern,province of Zambia,,skeleton,Q846320,
ZM-SO,Southern,province of Zambia,,pinned,Q738382,
ZM-WE,Western,province of Zambia,,pinned,Q748486,
ZW-BU,Bulawayo,province of Zimbabwe,,pinned,Q24045859,
ZW-HA,Harare,province of Zimbabwe,,pinned,Q16928358,
ZW-MA,Manicaland,province of Zimbabwe,,pinned,Q465847,
ZW-MC,Mashonaland Central,province of Zimbabwe,,pinned,Q596156,Mashonaland Central Province
ZW-ME,Mashonaland East,province of Zimbabwe,,pinned,Q465853,
ZW-MI,Midlands,province of Zimbabwe,,pinned,Q456556,
ZW-MN,Matabeleland North,province of Zimbabwe,,pinned,Q456562,
ZW-MS,Matabeleland South,province of Zimbabwe,,pinned,Q498355,
ZW-MV,Masvingo,province of Zimbabwe,,pinned,Q498351,
ZW-MW,Mashonaland West,province of Zimbabwe,,pinned,Q457189,Mashonaland West Province
