admin1_id,admin1_id_a3,admin_level,geoboundaries_level,license,license_spdx,status,held_reason,source,license_url,year,n_units
AW,ABW,1,ADM0,Creative Commons Attribution 4.0 (CC BY 4.0),CC-BY-4.0,open,,Sentinel-2 10m LandCover,sentinel.esa.int/documents/247904/690755/Sentinel_Data_Legal_Notice,2021,1
AF,AFG,1,ADM0,Public Domain,public-domain,open,,"geoBoundaries, ArcGIS Hub",hub.arcgis.com/datasets/2b63527870ef416bacf83bcaf388685f_0?geometry=53.805%2C30.812%2C81.556%2C37.181,2014,1
AF,AFG,2,ADM1,Public Domain,public-domain,open,,"Wikimedia, geoBoundaries",commons.wikimedia.org/wiki/File,2007,34
AF,AFG,3,ADM2,Public Domain,public-domain,open,,"Afghanistan Information Management Services, Esri Disaster Response Program",hub.arcgis.com/datasets/2b63527870ef416bacf83bcaf388685f_0?geometry=53.805%2C30.812%2C81.556%2C37.181,2014,398
AO,AGO,1,ADM0,Creative Commons Attribution-ShareAlike 2.0,,held,share-alike,Open Street Map,osm-boundaries.com/Documentation,2021,1
AO,AGO,2,ADM1,Public Domain,public-domain,open,,U.S. Census Bureau,www.census.gov/geographies/mapping-files/time-series/demo/international-programs/subnationalpopulation.html,2021,18
AO,AGO,3,ADM2,Public Domain,public-domain,open,,"geoBoundaries, Wikimedia Commons",commons.wikimedia.org/wiki/File,2006,158
AO,AGO,4,ADM3,Creative Commons Attribution 3.0 License,CC-BY-3.0,open,,"geoBoundaries, Instituto Nacional de Estatística, República de Angola; citypopulation.de",www.citypopulation.de/termsofuse.html,2014,558
AI,AIA,1,ADM0,Creative Commons Attribution 4.0 International (CC BY 4.0),CC-BY-4.0,open,,raster2polygon from Sentinel-2 10m Land Cover where Image Year = 2021 / exclude gridcode = 1 (water) / dissolve / processed by IMB,sentinel.esa.int/documents/247904/690755/Sentinel_Data_Legal_Notice,2021,1
AL,ALB,1,ADM0,Public Domain,public-domain,open,,"geoBoundaries, Wikipedia",en.wikipedia.org/wiki/Outline_of_Albania#/media/File,2003,1
AL,ALB,2,ADM1,Public Domain,public-domain,open,,"geoBoundaries, Wikipedia",commons.wikimedia.org/wiki/File,2021,12
AL,ALB,3,ADM2,Creative Commons Attribution 2.5 Generic,CC-BY-2.5,open,,"geoBoundaries, Albania districts blank 2.svg",commons.wikimedia.org/wiki/File,2021,37
AL,ALB,4,ADM3,Open Data Commons Open Database License 1.0,,held,share-alike,"OpenStreetMap, Wambacher",www.openstreetmap.org/copyright,2013,373
AD,AND,1,ADM0,Public Domain,public-domain,open,,"geoBoundaries, Wikimedia Commons",commons.wikimedia.org/wiki/File,2007,1
AD,AND,2,ADM1,Public Domain,public-domain,open,,"geoBoundaries, Wikimedia Commons",commons.wikimedia.org/wiki/File,2007,7
AE,ARE,1,ADM0,Public Domain,public-domain,open,,"geoBoundaries, Wikipedia",commons.wikimedia.org/wiki/File,1995,1
AE,ARE,2,ADM1,Open Data Commons Open Database License 1.0,,held,share-alike,"OpenStreetMap, Wambacher",www.openstreetmap.org/copyright,2017,7
AR,ARG,1,ADM0,Creative Commons Attribution 2.5 Generic,CC-BY-2.5,open,,"geoBoundaries, Wikimedia",commons.wikimedia.org/wiki/File,2006,1
AR,ARG,2,ADM1,Creative Commons Attribution 2.5 Generic,CC-BY-2.5,open,,"geoBoundaries, Wikimedia",commons.wikimedia.org/wiki/File,2006,23
AR,ARG,3,ADM2,Creative Commons Attribution 3.0 Intergovernmental Organisations (CC BY 3.0 IGO),CC-BY-3.0-IGO,open,,"Instituto Geografico Nacional and UNHCR, OCHA ROLAC",data.humdata.org/dataset/argentina-administrative-level-0-boundaries,2020,526
AM,ARM,1,ADM0,Creative Commons Attribution 2.5 Generic,CC-BY-2.5,open,,"geoBoundaries, Wikimedia",commons.wikimedia.org/wiki/File,2005,1
AM,ARM,2,ADM1,Creative Commons Attribution 2.5 Generic,CC-BY-2.5,open,,"geoBoundaries, Wikimedia",commons.wikimedia.org/wiki/File,2005,11
AM,ARM,3,ADM2,Creative Commons Attribution 3.0 Intergovernmental Organisations (CC BY 3.0 IGO),CC-BY-3.0-IGO,open,,"Government of Armenia, OCHA ROCCA",data.humdata.org/dataset/armenia-administrative-boundaries,2020,39
AS,ASM,1,ADM0,Creative Commons Attribution 4.0 (CC BY 4.0),CC-BY-4.0,open,,Sentinel-2 10-Meter Land Use/LandCover,livingatlas.arcgis.com/landcover/,2021,1
AS,ASM,4,ADM3,Public Domain,public-domain,open,,"United States Census Bureau, MAF/TIGER",www.census.gov/about/policies/open-gov/open-data.html,2021,16
AQ,ATA,1,ADM0,Public Domain,public-domain,open,,Natural Earth,www.naturalearthdata.com/about/terms-of-use/,2020,1
AG,ATG,1,ADM0,Public Domain,public-domain,open,,"geoBoundaries, Wikimedia",commons.wikimedia.org/wiki/File,2009,1
AG,ATG,2,ADM1,Public Domain,public-domain,open,,"geoBoundaries, Wikimedia",commons.wikimedia.org/wiki/File,2009,8
AU,AUS,1,ADM0,Creative Commons Attribution 4.0 International (CC BY 4.0),CC-BY-4.0,open,,Australian Bureau of Statistics,www.abs.gov.au/website-privacy-copyright-and-disclaimer#copyright-and-creative-commons,2021,1
AU,AUS,2,ADM1,Creative Commons Attribution 4.0 International (CC BY 4.0),CC-BY-4.0,open,,Australian Bureau of Statistics,www.abs.gov.au/website-privacy-copyright-and-disclaimer#copyright-and-creative-commons,2021,9
AU,AUS,3,ADM2,Creative Commons Attribution 4.0 International (CC BY 4.0),CC-BY-4.0,open,,Australian Bureau of Statistics,www.abs.gov.au/website-privacy-copyright-and-disclaimer#copyright-and-creative-commons,2022,547
AT,AUT,1,ADM0,Creative Commons Attribution-ShareAlike 2.0,,held,share-alike,"Federal Office for Metrology and Survey, Austria, Derived from ADM4 layer",www.data.gv.at/katalog/dataset/987d6260-1e87-4314-9039-ccae502819b6,2017,1
AT,AUT,2,ADM1,Creative Commons Attribution-ShareAlike 2.0,,held,share-alike,"geoBoundaries, Federal Office for Metrology and Survey, Austria",twitter.com/WMgeoLab/status/1253487894313959424,2017,9
AT,AUT,3,ADM2,Creative Commons Attribution-ShareAlike 2.0,,held,share-alike,"Federal Office for Metrology and Survey, Austria, Derived from ADM4 layer",twitter.com/WMgeoLab/status/1253487894313959424,2017,94
AT,AUT,4,ADM3,Creative Commons Attribution-ShareAlike 2.0,,held,share-alike,"Federal Office for Metrology and Survey, Austria, Derived from ADM4 layer",twitter.com/WMgeoLab/status/1253487894313959424,2017,2097
AT,AUT,5,ADM4,Creative Commons Attribution-ShareAlike 2.0,,held,share-alike,"Federal Office for Metrology and Survey, Austria, Bundesministerium Digitaliserung und Wirtschaftsstandort",twitter.com/WMgeoLab/status/1253487894313959424,2017,7850
AZ,AZE,1,ADM0,Creative Commons Attribution 4.0 (CC BY 4.0),CC-BY-4.0,open,,Sentinel-2 10-Meter Land Use/LandCover,sentinel.esa.int/documents/247904/690755/Sentinel_Data_Legal_Notice,2021,1
AZ,AZE,2,ADM1,Open Data Commons Open Database License 1.0,,held,share-alike,"geoBoundaries, OpenStreetMap",www.openstreetmap.org/copyright,2021,2
AZ,AZE,3,ADM2,Creative Commons Attribution-ShareAlike 3.0 Unported,,held,share-alike,Wikipedia,en.wikipedia.org/wiki/Administrative_divisions_of_Azerbaijan,2020,79
BI,BDI,1,ADM0,Public Domain,public-domain,open,,"geoBoundaries, Wikimedia Commons",commons.wikimedia.org/wiki/File,2006,1
BI,BDI,2,ADM1,CC0 1.0 Universal (CC0 1.0) Public Domain Dedication,CC0-1.0,open,,"geoBoundaries, Wikimedia",commons.wikimedia.org/wiki/File,2014,18
BI,BDI,3,ADM2,Public Domain,public-domain,open,,"New York University Spatial Data Repository, Stanford University, Map Maker Limited",geo.nyu.edu/catalog/stanford-th822mn7301#iso-metadata-reference-info,2007,119
BI,BDI,4,ADM3,Public Domain,public-domain,open,,Regional Centre For Mapping Of Resources For Development (RCMRD),geoportal.rcmrd.org/layers/servir%3Aburundi_admin4#more,2015,2615
BE,BEL,1,ADM0,Creative Commons Attribution 4.0 (CC BY 4.0),CC-BY-4.0,open,,Eurostat- European Commission,ec.europa.eu/info/legal-notice_en,2022,1
BE,BEL,2,ADM1,Creative Commons Attribution 4.0 (CC BY 4.0),CC-BY-4.0,open,,Eurostat- European Commission,ec.europa.eu/info/legal-notice_en,2022,3
BE,BEL,3,ADM2,Open Data Commons Open Database License 1.0,,held,share-alike,Statistics Belgium,statbel.fgov.be/en/open-data,2015,11
BE,BEL,4,ADM3,CC0 1.0 Universal (CC0 1.0) Public Domain Dedication,CC0-1.0,open,,"GeoBoundaries, https//data.gov.be/en/dataset/0202b8dd-1c7e-4331-8ba7-35e1fef4037a",www.geo.be/catalog/details/0202b8dd-1c7e-4331-8ba7-35e1fef4037a?l=en,2014,43
BE,BEL,5,ADM4,Creative Commons Attribution 4.0 International (CC BY 4.0),CC-BY-4.0,open,,"Namur Capitale, Statistics Belgium",data.namur.be/pages/licence/,2018,589
BJ,BEN,1,ADM0,Public Domain,public-domain,open,,"geoBoundaries, Wikimedia Commons",commons.wikimedia.org/wiki/File,2012,1
BJ,BEN,2,ADM1,Public Domain,public-domain,open,,"geoBoundaries, Wikimedia Commons",commons.wikimedia.org/wiki/File,2012,12
BJ,BEN,3,ADM2,Public Domain,public-domain,open,,"Map Maker Ltd., Stanford earthworks",earthworks.stanford.edu/catalog/stanford-rq343zx0554,2007,77
BJ,BEN,4,ADM3,Open Data Commons Open Database License 1.0,,held,share-alike,"uMap, Open Street Map",www.openstreetmap.org/copyright,2021,546
BQ,BES,1,ADM0,Creative Commons Attribution 4.0 (CC BY 4.0),CC-BY-4.0,open,,Sentinel-2 10-Meter Land Use/LandCover,sentinel.esa.int/documents/247904/690755/Sentinel_Data_Legal_Notice,2021,1
BF,BFA,1,ADM0,Creative Commons Attribution 4.0 (CC BY 4.0),CC-BY-4.0,open,,"GeoBoundaries, World Bank",datacatalog.worldbank.org/public-licenses#cc-by,2017,1
BF,BFA,2,ADM1,Creative Commons Attribution 4.0 (CC BY 4.0),CC-BY-4.0,open,,World Bank,datacatalog.worldbank.org/public-licenses#cc-by,2017,13
BF,BFA,3,ADM2,Creative Commons Attribution 4.0 (CC BY 4.0),CC-BY-4.0,open,,World Bank,datacatalog.worldbank.org/public-licenses#cc-by,2017,45
BF,BFA,4,ADM3,Public Domain,public-domain,open,,"New York University Spatial Data Repository, Stanford University, Map Maker Limited",geo.nyu.edu/catalog/stanford-bv378fk8507,2007,351
BD,BGD,1,ADM0,CC0 1.0 Universal (CC0 1.0) Public Domain Dedication,CC0-1.0,open,,"geoBoundaries, Wikimedia Commons",commons.wikimedia.org/wiki/File,2015,1
BD,BGD,2,ADM1,CC0 1.0 Universal (CC0 1.0) Public Domain Dedication,CC0-1.0,open,,"geoBoundaries, Wikimedia Commons",commons.wikimedia.org/wiki/File,2015,8
BD,BGD,3,ADM2,Creative Commons Attribution 3.0 Intergovernmental Organisations (CC BY 3.0 IGO),CC-BY-3.0-IGO,open,,"Bangladesh Bureau of Statistics (BBS), OCHA ROAP",data.humdata.org/dataset/administrative-boundaries-of-bangladesh-as-of-2015,2020,64
BD,BGD,4,ADM3,Creative Commons Attribution 3.0 Intergovernmental Organisations (CC BY 3.0 IGO),CC-BY-3.0-IGO,open,,"Bangladesh Bureau of Statistics (BBS), OCHA ROAP",data.humdata.org/dataset/administrative-boundaries-of-bangladesh-as-of-2015,2020,544
BD,BGD,5,ADM4,Creative Commons Attribution 3.0 Intergovernmental Organisations (CC BY 3.0 IGO),CC-BY-3.0-IGO,open,,"Bangladesh Bureau of Statistics, OCHA ROAP",data.humdata.org/dataset/administrative-boundaries-of-bangladesh-as-of-2015,2020,5160
BG,BGR,1,ADM0,Public Domain,public-domain,open,,"geoBoundaries, Wikimedia",commons.wikimedia.org/wiki/File,2019,1
BG,BGR,2,ADM1,Public Domain,public-domain,open,,"geoBoundaries, Wikimedia",commons.wikimedia.org/wiki/File,2019,28
BG,BGR,3,ADM2,Public Domain,public-domain,open,,"geoBoundaries, Wikimedia",commons.wikimedia.org/wiki/File,2019,265
BH,BHR,1,ADM0,Open Data Commons Open Database License 1.0,,held,share-alike,"OpenStreetMap, Wambacher",www.openstreetmap.org/copyright,2017,1
BH,BHR,2,ADM1,Open Data Commons Open Database License 1.0,,held,share-alike,"OpenStreetMap, Wambacher",www.openstreetmap.org/copyright,2017,4
BS,BHS,1,ADM0,Public Domain,public-domain,open,,Natural Earth,www.naturalearthdata.com/about/terms-of-use/,2021,1
BS,BHS,2,ADM1,Creative Commons Attribution 4.0 International (CC BY 4.0),CC-BY-4.0,open,,Haiti GeoPortal,httpshttps,09-09-2017 to 24-08-2020,32
BS,BHS,3,ADM2,Open Data Commons Open Database License 1.0,,held,share-alike,"OpenStreetMap, Wambacher",www.openstreetmap.org/copyright,2017,34
BA,BIH,1,ADM0,Public Domain,public-domain,open,,Wikimedia Commons,commons.wikimedia.org/wiki/File,2013,1
BA,BIH,2,ADM1,Public Domain,public-domain,open,,Wikimedia Commons,commons.wikimedia.org/wiki/File,2013,3
BA,BIH,3,ADM2,Public Domain,public-domain,open,,Wikimedia Commons,commons.wikimedia.org/wiki/File,2013,12
BA,BIH,4,ADM3,Public Domain,public-domain,open,,Wikimedia Commons,commons.wikimedia.org/wiki/File,2013,142
BL,BLM,1,ADM0,Creative Commons Attribution 4.0 International (CC BY 4.0),CC-BY-4.0,open,,raster2polygon from Sentinel-2 10m Land Cover where Image Year = 2021 / exclude gridcode = 1 (water) / dissolve / processed by IMB,sentinel.esa.int/documents/247904/690755/Sentinel_Data_Legal_Notice,2021,1
BY,BLR,1,ADM0,Open Government Licence v3.0,OGL-UK-3.0,open,,"OpenDataSoft, WFPGeoNode",www.nationalarchives.gov.uk/doc/open-government-licence/version/3/,2019,1
BY,BLR,2,ADM1,Creative Commons Attribution 3.0 License,CC-BY-3.0,open,,"geoBoundaries, CIESIN",creativecommons.org/licenses/by/3.0/,2005,7
BY,BLR,3,ADM2,Creative Commons Attribution 3.0 License,CC-BY-3.0,open,,"geoBoundaries, CIESIN",creativecommons.org/licenses/by/3.0/,2005,118
BZ,BLZ,1,ADM0,Open Data Commons Open Database License 1.0,,held,share-alike,"OpenStreetMap, Wambacher",www.openstreetmap.org/copyright,2017,1
BZ,BLZ,2,ADM1,Creative Commons Attribution 2.5 Generic,CC-BY-2.5,open,,"geoBoundaries, Wikimedia Commons",commons.wikimedia.org/wiki/File,2006,6
BZ,BLZ,3,ADM2,Public Domain,public-domain,open,,"geoBoundaries, Wikipedia",en.wikipedia.org/wiki/Public_domain,2008,31
BM,BMU,1,ADM0,Creative Commons Attribution 4.0 International (CC BY 4.0),CC-BY-4.0,open,,raster2polygon from Sentinel-2 10m Land Cover where Image Year = 2021 / exclude gridcode = 1 (water) / dissolve / processed by IMB,sentinel.esa.int/documents/247904/690755/Sentinel_Data_Legal_Notice,2021,1
BO,BOL,1,ADM0,Public Domain,public-domain,open,,"GeoBolivia, Derived from ADM3 layer",geo.gob.bo/geonetwork/srv/spa/catalog.search#/metadata/aeeb85a9-23df-48d4-a4e5-dd19e8b206db,2015,1
BO,BOL,2,ADM1,Public Domain,public-domain,open,,"GeoBolivia, Derived from ADM3 layer",geo.gob.bo/geonetwork/srv/spa/catalog.search#/metadata/aeeb85a9-23df-48d4-a4e5-dd19e8b206db,2015,9
BO,BOL,3,ADM2,Public Domain,public-domain,open,,"GeoBolivia, Derived from ADM3 layer",geo.gob.bo/geonetwork/srv/spa/catalog.search#/metadata/aeeb85a9-23df-48d4-a4e5-dd19e8b206db,2015,110
BO,BOL,4,ADM3,Public Domain,public-domain,open,,GeoBolivia,geo.gob.bo/geonetwork/srv/spa/catalog.search#/metadata/aeeb85a9-23df-48d4-a4e5-dd19e8b206db,2015,339
BR,BRA,1,ADM0,Creative Commons Attribution 3.0 Intergovernmental Organisations (CC BY 3.0 IGO),CC-BY-3.0-IGO,open,,Instituto Brasileiro de Geografia e Estatística (IBGE),data.humdata.org/dataset/brazil-administrative-level-0-boundaries,2020,1
BR,BRA,2,ADM1,Creative Commons Attribution 2.5 Generic,CC-BY-2.5,open,,"geoBoundaries, Wikimedia Commons",commons.wikimedia.org/wiki/File,2006,27
BR,BRA,3,ADM2,Creative Commons Attribution 3.0 Intergovernmental Organisations (CC BY 3.0 IGO),CC-BY-3.0-IGO,open,,"Instituto Brasileiro de Geografia e Estatística (IBGE), OCHA ROLAC",data.humdata.org/dataset/brazil-administrative-level-0-boundaries,2020,5570
BB,BRB,1,ADM0,Creative Commons Attribution 2.5 Generic,CC-BY-2.5,open,,"geoBoundaries, Wikimedia",commons.wikimedia.org/wiki/File,2005,1
BB,BRB,2,ADM1,Creative Commons Attribution 2.5 Generic,CC-BY-2.5,open,,"geoBoundaries, Wikimedia",commons.wikimedia.org/wiki/File,2005,11
BN,BRN,1,ADM0,Public Domain,public-domain,open,,Wikimedia Commons,commons.wikimedia.org/wiki/File,2015,1
BN,BRN,2,ADM1,Public Domain,public-domain,open,,"geoBoundaries, Wikimedia Commons; credit to user 'Tachymetre'",commons.wikimedia.org/wiki/File,2011,4
BN,BRN,3,ADM2,Public Domain,public-domain,open,,"geoBoundaries, Wikimedia Commons; credit to user 'Rarelibra'",commons.wikimedia.org/wiki/File,2006,38
BT,BTN,1,ADM0,Creative Commons Attribution 3.0 License,CC-BY-3.0,open,,"geoBoundaries, Wikimedia Commons; credit to author 'Babbage'",commons.wikimedia.org/wiki/File,2010,1
BT,BTN,2,ADM1,Creative Commons Attribution 3.0 License,CC-BY-3.0,open,,"geoBoundaries, Wikimedia Commons; credit to author 'Babbage'",commons.wikimedia.org/wiki/File,2010,20
BT,BTN,3,ADM2,Creative Commons Attribution 3.0 Intergovernmental Organisations (CC BY 3.0 IGO),CC-BY-3.0-IGO,open,,OCHA ROAP,data.humdata.org/dataset/bhutan-administrative-boundaries-levels-0-2,2020,205
BW,BWA,1,ADM0,Public Domain,public-domain,open,,"geoBoundaries, RCMRD",geoportal.rcmrd.org/layers/servir%3Abotswana_district_boundary,2015,1
BW,BWA,2,ADM1,Creative Commons Attribution-ShareAlike 2.0,,held,share-alike,"OpenStreetMap, Wambacher",www.openstreetmap.org/copyright,2017,10
BW,BWA,3,ADM2,Public Domain,public-domain,open,,RCMRD,geoportal.rcmrd.org/layers/servir%3Abotswana_adm2#license-more-above,2015,25
CF,CAF,1,ADM0,Creative Commons Attribution 2.5 Generic,CC-BY-2.5,open,,"geoBoundaries, Wikimedia",commons.wikimedia.org/wiki/File,2006,1
CF,CAF,2,ADM1,Creative Commons Attribution 2.5 Generic,CC-BY-2.5,open,,"geoBoundaries, Wikimedia",commons.wikimedia.org/wiki/File,2006,17
CF,CAF,3,ADM2,Creative Commons Attribution 3.0 License,CC-BY-3.0,open,,"geoBoundaries, UNHCR",data2.unhcr.org/en/documents/details/32968,2015,72
CF,CAF,4,ADM3,Creative Commons Attribution 3.0 Intergovernmental Organisations (CC BY 3.0 IGO),CC-BY-3.0-IGO,open,,"Agency for Technical Cooperation and Development (ACTED), OCHA Central African Republic",data.humdata.org/dataset/central-african-republic-administrative-boundaries,2018,175
CF,CAF,6,ADM5,Creative Commons Attribution 3.0 Intergovernmental Organisations (CC BY 3.0 IGO),CC-BY-3.0-IGO,open,,"Agency for Technical Cooperation and Development (ACTED), OCHA Central African Republic",data.humdata.org/dataset/central-african-republic-administrative-boundaries,2020,202
CA,CAN,1,ADM0,Open Data Commons Open Database License 1.0,,held,share-alike,"OpenStreetMap, Wambacher",www.openstreetmap.org/copyright,2020,1
CA,CAN,2,ADM1,Open Government Canada 2.0,OGL-Canada-2.0,open,,Statistics Canada (StatCan),www.statcan.gc.ca/eng/reference/licence,2023,13
CA,CAN,3,ADM2,Open Government Canada 2.0,OGL-Canada-2.0,open,,Statistics Canada (StatCan),www.statcan.gc.ca/en/reference/licence,2022,76
CA,CAN,4,ADM3,Open Data Commons Open Database License 1.0,,held,share-alike,Statistics Canada (StatCan),www.statcan.gc.ca/eng/reference/licence,2016,5162
CH,CHE,1,ADM0,Federal Office of Topography swisstopo License,swisstopo,open,,Federal Office of Topography swisstopo,www.swisstopo.admin.ch/en/home/meta/conditions/geodata/ogd.html,2022,1
CH,CHE,2,ADM1,Federal Office of Topography swisstopo License,swisstopo,open,,Federal Office of Topography swisstopo,www.swisstopo.admin.ch/en/home/meta/conditions/geodata/ogd.html,2022,26
CH,CHE,3,ADM2,Federal Office of Topography swisstopo License,swisstopo,open,,Federal Office of Topography swisstopo,www.swisstopo.admin.ch/en/home/meta/conditions/geodata/ogd.html,2022,169
CH,CHE,4,ADM3,Federal Office of Topography swisstopo License,swisstopo,open,,Federal Office of Topography swisstopo,www.swisstopo.admin.ch/en/home/meta/conditions/geodata/ogd.html,2022,2286
CL,CHL,1,ADM0,Public Domain,public-domain,open,,Natural Earth,www.naturalearthdata.com/about/terms-of-use/,2009,1
CL,CHL,2,ADM1,Creative Commons Attribution 3.0 Intergovernmental Organisations (CC BY 3.0 IGO),CC-BY-3.0-IGO,open,,"La Biblioteca del Congreso Nacional de Chile (BCN), OCHA ROLAC",data.humdata.org/dataset/chile-administrative-level-0-country-1-region-region,2020,16
CL,CHL,3,ADM2,Open Data Commons Open Database License 1.0,,held,share-alike,"OpenStreetMap, Wambacher",www.openstreetmap.org/copyright,2017,56
CL,CHL,4,ADM3,Creative Commons Attribution 3.0 Intergovernmental Organisations (CC BY 3.0 IGO),CC-BY-3.0-IGO,open,,"La Biblioteca del Congreso Nacional de Chile (BCN), OCHA ROLAC",data.humdata.org/dataset/chile-administrative-level-0-country-1-region-region,2020,345
CN,CHN,1,ADM0,Public Domain,public-domain,open,,"geoBoundaries, Wikimedia Commons",commons.wikimedia.org/wiki/File,2019,1
CN,CHN,2,ADM1,Public Domain,public-domain,open,,"geoBoundaries, Wikimedia Commons",commons.wikimedia.org/wiki/File,2019,34
CN,CHN,3,ADM2,Open Data Commons Public Domain Dedication and License (PDDL) v1.0,PDDL-1.0,open,,"National Administration of Surveying, Mapping and Geoinformation of China, Revolutionary GIS",revolutionarygis.wordpress.com/2014/01/18/china-prefecture-shapefile-and-china-province-shapefile/,2017,2391
CN,CHN,4,ADM3,Open Data Commons Open Database License 1.0,,held,share-alike,"Lee Beryman, OpenStreetMap",www.openstreetmap.org/copyright,2017,2867
CI,CIV,1,ADM0,Public Domain,public-domain,open,,Natural Earth,www.naturalearthdata.com/about/terms-of-use/,2018,1
CI,CIV,2,ADM1,Creative Commons Attribution 4.0 International (CC BY 4.0),CC-BY-4.0,open,,"World Bank Group, OCHA Côte d’Ivoire",datacatalog.worldbank.org/public-licenses#cc-by,2016,14
CI,CIV,3,ADM2,Creative Commons Attribution 4.0 International (CC BY 4.0),CC-BY-4.0,open,,World Bank,datacatalog.worldbank.org/public-licenses#cc-by,2016,33
CI,CIV,4,ADM3,Creative Commons Attribution 3.0 Intergovernmental Organisations (CC BY 3.0 IGO),CC-BY-3.0-IGO,open,,"Comité National de Télédétection et d'Information Géographique (CNTIG), OCHA ROWCA",Humdata,2021,510
CM,CMR,1,ADM0,Creative Commons Attribution 3.0 License,CC-BY-3.0,open,,"geoBoundaries, Wikimedia",commons.wikimedia.org/wiki/File,2016,1
CM,CMR,2,ADM1,Creative Commons Attribution 3.0 License,CC-BY-3.0,open,,"geoBoundaries, Wikimedia",commons.wikimedia.org/wiki/File,2016,10
CM,CMR,3,ADM2,Creative Commons Attribution 4.0 International (CC BY 4.0),CC-BY-4.0,open,,Open Africa,africaopendata.org/dataset/cameroon-maps,2016,60
CM,CMR,4,ADM3,Open Data Commons Open Database License 1.0,,held,share-alike,"OpenStreetMap, Wambacher",www.openstreetmap.org/copyright,2017,360
CD,COD,1,ADM0,Open Data Commons Open Database License 1.0,,held,share-alike,"OpenStreetMap, Wambacher",www.openstreetmap.org/copyright,2017,1
CD,COD,2,ADM1,Open Data Commons Open Database License 1.0,,held,share-alike,"OpenStreetMap, Wambacher",www.openstreetmap.org/copyright,2017,26
CD,COD,3,ADM2,Creative Commons Attribution 3.0 Intergovernmental Organisations (CC BY 3.0 IGO),CC-BY-3.0-IGO,open,,"Referenciel Géographique Commun, OCHA DR Congo",data.humdata.org/dataset/drc-administrative-boundaries-levels-0-2,2019,189
CG,COG,1,ADM0,Open Data Commons Open Database License 1.0,,held,share-alike,"OpenStreetMap, Wambacher",www.openstreetmap.org/copyright,2017,1
CG,COG,2,ADM1,Open Data Commons Open Database License 1.0,,held,share-alike,"OpenStreetMap, Wambacher",www.openstreetmap.org/copyright,2017,12
CG,COG,3,ADM2,Public Domain,public-domain,open,,"New York University Spatial Data Repository, Stanford University, Map Maker Limited",geo.nyu.edu/catalog/stanford-hz799nq4536,2007,46
CK,COK,1,ADM0,Creative Commons Attribution 4.0 International (CC BY 4.0),CC-BY-4.0,open,,raster2polygon from Sentinel-2 10m Land Cover where Image Year = 2021 / exclude gridcode = 1 (water) / dissolve / processed by IMB,sentinel.esa.int/documents/247904/690755/Sentinel_Data_Legal_Notice,2021,1
CO,COL,1,ADM0,CC0 1.0 Universal (CC0 1.0) Public Domain Dedication,CC0-1.0,open,,"Geoboundaries, Wikimedia",commons.wikimedia.org/wiki/File,2022,1
CO,COL,2,ADM1,Open Data Commons Open Database License 1.0,,held,share-alike,"OpenStreetMap, Wambacher",www.openstreetmap.org/copyright,2017,33
CO,COL,3,ADM2,Creative Commons Attribution 4.0 International (CC BY 4.0),CC-BY-4.0,open,,Departamento Administrativo Nacional de Estadistica,geoportal.dane.gov.co/?descarga-marco-geoestadistico-nacional,2020,1122
KM,COM,1,ADM0,Open Data Commons Open Database License 1.0,,held,share-alike,"OpenStreetMap, Wambacher",www.openstreetmap.org/copyright,2017,1
KM,COM,2,ADM1,Open Data Commons Open Database License 1.0,,held,share-alike,"OpenStreetMap, Wambacher",www.openstreetmap.org/copyright,2017,3
KM,COM,3,ADM2,Creative Commons Attribution 4.0 International (CC BY 4.0),CC-BY-4.0,open,,"Comoros National Disaster Management Agency (COSEP-Centre des secours et de la protection civil), OCHA ROSEA",data.humdata.org/dataset/comoros-administrative-level-0-3-boundaries,2019,17
KM,COM,4,ADM3,Creative Commons Attribution 4.0 International (CC BY 4.0),CC-BY-4.0,open,,"Comoros National Disaster Management Agency (COSEP-Centre des secours et de la protection civil), OCHA ROSEA",data.humdata.org/dataset/comoros-administrative-level-0-3-boundaries,2019,55
CV,CPV,1,ADM0,Open Data Commons Open Database License 1.0,,held,share-alike,"OpenStreetMap, Wambacher",www.openstreetmap.org/copyright,2017,1
CV,CPV,2,ADM1,Open Data Commons Open Database License 1.0,,held,share-alike,"OpenStreetMap, Wambacher",www.openstreetmap.org/copyright,2017,22
CV,CPV,3,ADM2,Creative Commons Attribution 3.0 Intergovernmental Organisations (CC BY 3.0 IGO),CC-BY-3.0-IGO,open,,"OCHA ROWCA, OCHA ROWCA",data.humdata.org/dataset/cape-verde-administrative-boundaries,2020,32
CR,CRI,1,ADM0,Open Data Commons Open Database License 1.0,,held,share-alike,"OpenStreetMap, Wambacher",www.openstreetmap.org/copyright,2017,1
CR,CRI,2,ADM1,Open Data Commons Open Database License 1.0,,held,share-alike,"OpenStreetMap, Wambacher",www.openstreetmap.org/copyright,2017,7
CR,CRI,3,ADM2,CC0 1.0 Universal (CC0 1.0) Public Domain Dedication,CC0-1.0,open,,"geoBoundaries, Wikimedia Commons",commons.wikimedia.org/wiki/File,2020,83
CR,CRI,4,ADM3,Open Data Commons Open Database License 1.0,,held,share-alike,"OpenStreetMap, Wambacher",www.openstreetmap.org/copyright,2017,472
CU,CUB,1,ADM0,Open Data Commons Open Database License 1.0,,held,share-alike,"OpenStreetMap, Wambacher",www.openstreetmap.org/copyright,2017,1
CU,CUB,2,ADM1,Open Data Commons Open Database License 1.0,,held,share-alike,"OpenStreetMap, Wambacher",www.openstreetmap.org/copyright,2017,16
CU,CUB,3,ADM2,Open Data Commons Open Database License 1.0,,held,share-alike,"OpenStreetMap, Wambacher",www.openstreetmap.org/copyright,2017,168
CW,CUW,1,ADM0,Creative Commons Attribution 4.0 International (CC BY 4.0),CC-BY-4.0,open,,raster2polygon from Sentinel-2 10m Land Cover where Image Year = 2021 / exclude gridcode = 1 (water) / dissolve / processed by IMB,sentinel.esa.int/documents/247904/690755/Sentinel_Data_Legal_Notice,2021,1
KY,CYM,1,ADM0,Creative Commons Attribution 4.0 International (CC BY 4.0),CC-BY-4.0,open,,raster2polygon from Sentinel-2 10m Land Cover where Image Year = 2021 / exclude gridcode = 1 (water) / dissolve / processed by IMB,sentinel.esa.int/documents/247904/690755/Sentinel_Data_Legal_Notice,2021,1
CY,CYP,1,ADM0,Open Data Commons Open Database License 1.0,,held,share-alike,"OpenStreetMap, Wambacher",www.openstreetmap.org/copyright,2017,1
CY,CYP,2,ADM1,Open Data Commons Open Database License 1.0,,held,share-alike,"OpenStreetMap, Wambacher",www.openstreetmap.org/copyright,2017,6
CY,CYP,3,ADM2,Creative Commons Attribution-ShareAlike 3.0 Unported,,held,share-alike,"Wikipedia, Cyprus Department of Land Registry and Geometry",commons.wikimedia.org/wiki/File,2009,612
CZ,CZE,1,ADM0,Creative Commons Attribution 4.0 International (CC BY 4.0),CC-BY-4.0,open,,Czech Office for Surveying,creativecommons.org/licenses/by/4.0/,2021,1
CZ,CZE,2,ADM1,Creative Commons Attribution 4.0 International (CC BY 4.0),CC-BY-4.0,open,,Czech Office for Surveying,creativecommons.org/licenses/by/4.0/,2021,14
CZ,CZE,3,ADM2,Public Domain,public-domain,open,,"geoBoundaries, Wikimedia Commons",creativecommons.org/share-your-work/public-domain,2010,77
CZ,CZE,4,ADM3,Open Data Commons Open Database License 1.0,,held,share-alike,"OpenStreetMap, Wambacher",www.openstreetmap.org/copyright,2017,6257
CZ,CZE,5,ADM4,Creative Commons Attribution-ShareAlike 2.0,,held,share-alike,"OpenStreetMap, Wambacher",www.openstreetmap.org/copyright,2017,13090
DE,DEU,1,ADM0,Data license Germany - Attribution - Version 2.0,DL-DE-BY-2.0,open,,Federal Agency for Cartography and Geodesy,www.govdata.de/dl-de/by-2-0,2021,1
DE,DEU,2,ADM1,Data license Germany - Attribution - Version 2.0,DL-DE-BY-2.0,open,,Federal Agency for Cartography and Geodesy,www.govdata.de/dl-de/by-2-0,2021,16
DE,DEU,3,ADM2,Data license Germany - Attribution - Version 2.0,DL-DE-BY-2.0,open,,Federal Agency for Cartography and Geodesy,www.govdata.de/dl-de/by-2-0,2021,38
DE,DEU,4,ADM3,Data license Germany - Attribution - Version 2.0,DL-DE-BY-2.0,open,,Federal Agency for Cartography and Geodesy,www.govdata.de/dl-de/by-2-0,2021,428
DJ,DJI,1,ADM0,Public Domain,public-domain,open,,Natural Earth,www.naturalearthdata.com/about/terms-of-use/,2021,1
DJ,DJI,2,ADM1,Public Domain,public-domain,open,,Natural Earth,www.naturalearthdata.com/about/terms-of-use/,2021,6
DJ,DJI,3,ADM2,Creative Commons Attribution 3.0 Intergovernmental Organisations (CC BY 3.0 IGO),CC-BY-3.0-IGO,open,,"FEWS, OCHA FISS",data.humdata.org/dataset/djibouti-administrative-levels-0-2-boundaries,2020,11
DM,DMA,1,ADM0,Creative Commons Attribution 2.5 Generic,CC-BY-2.5,open,,"geoBoundaries, Wikimedia Commons",commons.wikimedia.org/wiki/File,2005,1
DM,DMA,2,ADM1,Creative Commons Attribution 2.5 Generic,CC-BY-2.5,open,,"geoBoundaries, Wikimedia Commons",commons.wikimedia.org/wiki/File,2005,10
DK,DNK,1,ADM0,Creative Commons Attribution 4.0 International (CC BY 4.0),CC-BY-4.0,open,,"geoBoundaries, Web Vectors Map",webvectormaps.com/administrative-map-of-denmark-by-regions/,2021,1
DK,DNK,2,ADM1,Creative Commons Attribution 4.0 International (CC BY 4.0),CC-BY-4.0,open,,"geoBoundaries, Web Vectors Map",webvectormaps.com/administrative-map-of-denmark-by-regions/,2021,5
DK,DNK,3,ADM2,Public Domain,public-domain,open,,"geoBoundaries, Wikimedia Commons",commons.wikimedia.org/wiki/File,2018,98
DO,DOM,1,ADM0,Creative Commons Attribution 4.0 International (CC BY 4.0),CC-BY-4.0,open,,"Caribbean GeoPortal, N/A",creativecommons.org/licenses/by/4.0/,2020,1
DO,DOM,2,ADM1,Public Domain,public-domain,open,,Natural Earth,www.naturalearthdata.com/about/terms-of-use/,2022,32
DO,DOM,3,ADM2,Creative Commons Attribution 4.0 International (CC BY 4.0),CC-BY-4.0,open,,"Caribbean GeoPortal, N/A",creativecommons.org/licenses/by/4.0/,2020,155
DZ,DZA,1,ADM0,Open Data Commons Open Database License 1.0,,held,share-alike,"OpenStreetMap, Wambacher",www.openstreetmap.org/copyright,2017,1
DZ,DZA,2,ADM1,Open Data Commons Open Database License 1.0,,held,share-alike,"OpenStreetMap, Wambacher",www.openstreetmap.org/copyright,2017,48
DZ,DZA,3,ADM2,Public Domain,public-domain,open,,"geoBoundaries, Wikimedia Commons",commons.wikimedia.org/wiki/File,2012,48
DZ,DZA,4,ADM3,Creative Commons Attribution-ShareAlike 2.0,,held,share-alike,Open Street Map,www.openstreetmap.org/copyright,2021,1540
EC,ECU,1,ADM0,CC0 1.0 Universal (CC0 1.0) Public Domain Dedication,CC0-1.0,open,,"geoBoundaries, Wikimedia Commons",commons.wikimedia.org/wiki/File,2011,1
EC,ECU,2,ADM1,CC0 1.0 Universal (CC0 1.0) Public Domain Dedication,CC0-1.0,open,,"geoBoundaries, Wikimedia Commons",commons.wikimedia.org/wiki/File,2011,24
EC,ECU,3,ADM2,Creative Commons Attribution 3.0 Intergovernmental Organisations (CC BY 3.0 IGO),CC-BY-3.0-IGO,open,,"INEC - Instituto Nacional de Estadística y Censos, OCHA ROLAC",data.humdata.org/dataset/ecuador-admin-level-2-boundaries,2019,224
EG,EGY,1,ADM0,Open Data Commons Open Database License 1.0,,held,share-alike,"OpenStreetMap, Wambacher",www.openstreetmap.org/copyright,2017,1
EG,EGY,2,ADM1,Open Data Commons Open Database License 1.0,,held,share-alike,"OpenStreetMap, Wambacher",www.openstreetmap.org/copyright,2017,27
EG,EGY,3,ADM2,Creative Commons Attribution 3.0 Intergovernmental Organisations (CC BY 3.0 IGO),CC-BY-3.0-IGO,open,,"OCHA ROMENA/HDX, Central Agency for Public Mobilization and Statistics (CAPMAS)",data.humdata.org/dataset/egypt-administrative-boundaries-levels-0-3,2020,365
ER,ERI,1,ADM0,Open Data Commons Open Database License 1.0,,held,share-alike,"OpenStreetMap, Wambacher",www.openstreetmap.org/copyright,2017,1
ER,ERI,2,ADM1,Open Data Commons Open Database License 1.0,,held,share-alike,"OpenStreetMap, Wambacher",www.openstreetmap.org/copyright,2017,6
ER,ERI,3,ADM2,Creative Commons Attribution 3.0 Intergovernmental Organisations (CC BY 3.0 IGO),CC-BY-3.0-IGO,open,,"OCHA ROSEA, OCHA ROSEA",data.humdata.org/dataset/eritrea-admin-level-1-boundaries,2020,58
ES,ESP,1,ADM0,Creative Commons Attribution 4.0 International (CC BY 4.0),CC-BY-4.0,open,,Instituto de Geografico Nacional,centrodedescargas.cnig.es/CentroDescargas/index.jsp#,2017,1
ES,ESP,2,ADM1,Creative Commons Attribution 4.0 International (CC BY 4.0),CC-BY-4.0,open,,Instituto de Geografico Nacional,centrodedescargas.cnig.es/CentroDescargas/index.jsp#,2017,19
ES,ESP,3,ADM2,National Institute of Statistics (INE) Data License,,held,terms not reviewed,El Instituto Nacional de Estadstica,www.ine.es/ss/Satellite?L=0&c=Page&cid=1254735849170&p=1254735849170&pagename=Ayuda%2FINELayout,2018,52
ES,ESP,4,ADM3,Creative Commons Attribution 4.0 International (CC BY 4.0),CC-BY-4.0,open,,"Open Data ESRI, IGN Central Registry of Cartography Area",www.ign.es/web/ign/portal/politica-datos,2018,8205
EE,EST,1,ADM0,Open Data Commons Open Database License 1.0,,held,share-alike,"OpenStreetMap, Wambacher",www.openstreetmap.org/copyright,2017,1
EE,EST,2,ADM1,Open Data Commons Open Database License 1.0,,held,share-alike,"OpenStreetMap, Wambacher",www.openstreetmap.org/copyright,2016,15
EE,EST,3,ADM2,Open Data Commons Open Database License 1.0,,held,share-alike,"OpenStreetMap, Wambacher",www.openstreetmap.org/copyright,2017,215
EE,EST,4,ADM3,Open Data Commons Open Database License 1.0,,held,share-alike,"OpenStreetMap, OSM Boundaries",www.openstreetmap.org/copyright,2020,4797
ET,ETH,1,ADM0,Open Data Commons Open Database License 1.0,,held,share-alike,"Open Africa, Code for Ethiopia",africaopendata.org/dataset/ethiopia-shapefiles,2016,1
ET,ETH,2,ADM1,Creative Commons Attribution 4.0 (CC BY 4.0),CC-BY-4.0,open,,"Open Africa, Code for Ethiopia",africaopendata.org/dataset/ethiopia-shapefiles,2016,11
ET,ETH,3,ADM2,Open Data Commons Open Database License 1.0,,held,share-alike,"Open Africa, Code for Ethiopia",africaopendata.org/dataset/ethiopia-shapefiles,2016,74
ET,ETH,4,ADM3,Open Data Commons Open Database License 1.0,,held,share-alike,"Open Africa, Code for Ethiopia",africaopendata.org/dataset/ethiopia-shapefiles,2016,690
FI,FIN,1,ADM0,Open Data Commons Open Database License 1.0,,held,share-alike,"OpenStreetMap, Wambacher",www.openstreetmap.org/copyright,2017,1
FI,FIN,2,ADM1,Open Data Commons Open Database License 1.0,,held,share-alike,"OpenStreetMap, Wambacher",www.openstreetmap.org/copyright,2017,19
FI,FIN,3,ADM2,Open Data Commons Open Database License 1.0,,held,share-alike,"OpenStreetMap, Wambacher",www.openstreetmap.org/copyright,2016,70
FI,FIN,4,ADM3,Open Data Commons Open Database License 1.0,,held,share-alike,"OpenStreetMap, Wambacher",www.openstreetmap.org/copyright,2017,313
FJ,FJI,1,ADM0,Open Data Commons Open Database License 1.0,,held,share-alike,"geoBoundaries, OpenStreetMap",www.openstreetmap.org/copyright,2017,1
FJ,FJI,2,ADM1,Creative Commons Attribution 2.5 Generic,CC-BY-2.5,open,,"geoBoundaries, Wikimedia Commons",en.wikipedia.org/wiki/File,2006,4
FJ,FJI,3,ADM2,Creative Commons Attribution 4.0 (CC BY 4.0),CC-BY-4.0,open,,pacificdata.org,pacificdata.org/data/geographic_data/2007_fji_phc_admin_boundaries/resource/5880cadb-2287-4eac-9f3d-8b321730e6cd,2020,15
FJ,FJI,4,ADM3,Open Data Commons Open Database License 1.0,,held,share-alike,"SOPAC, Fiji Islands Bureau of Statistics, PacGeo",www.pacgeo.org/about/,2017,86
FJ,FJI,5,ADM4,Creative Commons Attribution 4.0 (CC BY 4.0),CC-BY-4.0,open,,Pacific Data Hub,pacificdata.org/data/dataset/2007_fji_phc_admin_boundaries,2007,1602
FK,FLK,1,ADM0,Creative Commons Attribution 4.0 International (CC BY 4.0),CC-BY-4.0,open,,raster2polygon from Sentinel-2 10m Land Cover where Image Year = 2021 / exclude gridcode = 1 (water) / dissolve / processed by IMB,sentinel.esa.int/documents/247904/690755/Sentinel_Data_Legal_Notice,2021,1
FR,FRA,1,ADM0,CC0 1.0 Universal (CC0 1.0) Public Domain Dedication,CC0-1.0,open,,"geoBoundaries, Wikipedia",creativecommons.org/publicdomain/zero/1.0/deed.en,2016,1
FR,FRA,2,ADM1,Etalab Open License 2.0,Etalab-2.0,open,,Institut national de l'information géographique et forestière (IGN-F),geoservices.ign.fr/sites/default/files/2021-11/IGNF_ADMIN_EXPRESS_3-1.html,2022,13
FR,FRA,3,ADM2,Etalab Open License 2.0,Etalab-2.0,open,,Institut national de l'information géographique et forestière (IGN-F),geoservices.ign.fr/sites/default/files/2021-11/IGNF_ADMIN_EXPRESS_3-1.html,2022,96
FR,FRA,4,ADM3,Etalab Open License 2.0,Etalab-2.0,open,,Institut national de l'information géographique et forestière (IGN-F),geoservices.ign.fr/sites/default/files/2021-11/IGNF_ADMIN_EXPRESS_3-1.html,2022,320
FR,FRA,5,ADM4,Open Data Commons Open Database License 1.0,,held,share-alike,"OpenStreetMap, Data.gouv.fr (http//data.gouv.fr)",www.data.gouv.fr/en/datasets/contours-osm-des-cantons-electoraux-departementaux-2015/,2015,2054
FR,FRA,6,ADM5,Open Data Commons Attribution License 1.0,ODC-By-1.0,open,,"Republic of France, Regulatory Authority for Electronic Communications, Posts and Press Distribution (ARCEP)",www.etalab.gouv.fr/wp-content/uploads/2014/05/Licence_Ouverte.pdf,2020,35010
FO,FRO,1,ADM0,Creative Commons Attribution 4.0 International (CC BY 4.0),CC-BY-4.0,open,,raster2polygon from Sentinel-2 10m Land Cover where Image Year = 2021 / exclude gridcode = 1 (water) / dissolve / processed by IMB,sentinel.esa.int/documents/247904/690755/Sentinel_Data_Legal_Notice,2021,1
FM,FSM,1,ADM0,Creative Commons Attribution 3.0 Intergovernmental Organisations (CC BY 3.0 IGO),CC-BY-3.0-IGO,open,,"OCHA ROP, Federated States of Micronesia Division of Statistics, 2010 Census of Population and Housing and Secretariat of the Pacific Community, Statistics for Development Division",Data https,2019,1
FM,FSM,2,ADM1,Creative Commons Attribution 3.0 Intergovernmental Organisations (CC BY 3.0 IGO),CC-BY-3.0-IGO,open,,"OCHA ROP, Federated States of Micronesia Division of Statistics, 2010 Census of Population and Housing and Secretariat of the Pacific Community, Statistics for Development Division",Data https,2019,4
FM,FSM,3,ADM2,Creative Commons Attribution 3.0 Intergovernmental Organisations (CC BY 3.0 IGO),CC-BY-3.0-IGO,open,,"OCHA ROP, Federated States of Micronesia Division of Statistics, 2010 Census of Population and Housing and Secretariat of the Pacific Community, Statistics for Development Division",Data https,2019,75
GA,GAB,1,ADM0,Creative Commons Attribution-ShareAlike 3.0 Unported,,held,share-alike,"geoBoundaries, Wikipedia",en.wikipedia.org/wiki/Subdivisions_of_Gabon#/media/File,2005,1
GA,GAB,2,ADM1,Creative Commons Attribution-ShareAlike 3.0 Unported,,held,share-alike,"geoBoundaries, Wikipedia",en.wikipedia.org/wiki/Subdivisions_of_Gabon#/media/File,2005,9
GA,GAB,3,ADM2,Creative Commons Attribution 3.0 License,CC-BY-3.0,open,,"geoBoundaries, Wikimedia",commons.wikimedia.org/wiki/File,2018,49
GB,GBR,1,ADM0,Creative Commons Attribution 4.0 (CC BY 4.0),CC-BY-4.0,open,,Eurostat- European Commission,ec.europa.eu/info/legal-notice_en,2021,1
GB,GBR,2,ADM1,Creative Commons Attribution 4.0 International (CC BY 4.0),CC-BY-4.0,open,,Eurostat- European Commission,ec.europa.eu/info/legal-notice_en,2021,4
GB,GBR,3,ADM2,Open Government Licence v3.0,OGL-UK-3.0,open,,Office for National Statistics Open Geography Portal,geoportal.statistics.gov.uk/datasets/b216b4c8a4e74f6fb692a1785255d777_0?geometry=-19.125%2C53.451%2C14.252%2C57.788,2019,216
GB,GBR,4,ADM3,Open Government Licence v3.0,OGL-UK-3.0,open,,Office for National Statistics,www.ons.gov.uk/methodology/geography/licences,2020,216
GE,GEO,1,ADM0,Creative Commons Attribution-ShareAlike 2.0,,held,share-alike,"OpenStreetMap, Wambacher",www.openstreetmap.org/copyright,2017,1
GE,GEO,2,ADM1,Creative Commons Attribution 3.0 License,CC-BY-3.0,open,,"geoBoundaries, Wikimedia",commons.wikimedia.org/wiki/File,2015,12
GE,GEO,3,ADM2,Public Domain,public-domain,open,,"geoBoundaries, Wikimedia Commons",commons.wikimedia.org/wiki/File,2007,68
GG,GGY,1,ADM0,Creative Commons Attribution 4.0 International (CC BY 4.0),CC-BY-4.0,open,,raster2polygon from Sentinel-2 10m Land Cover where Image Year = 2021 / exclude gridcode = 1 (water) / dissolve / processed by IMB,sentinel.esa.int/documents/247904/690755/Sentinel_Data_Legal_Notice,2021,1
GH,GHA,1,ADM0,Public Domain,public-domain,open,,Stanford Digital Repository,purl.stanford.edu/rh271yg5585,2007,1
GH,GHA,2,ADM1,Creative Commons Attribution-ShareAlike 2.0,,held,share-alike,Open Street Map,www.openstreetmap.org/copyright,2021,16
GH,GHA,3,ADM2,Creative Commons Attribution 4.0 International (CC BY 4.0),CC-BY-4.0,open,,"USAID Ghana HPNO, Ghana Statistical Service",creativecommons.org/licenses/by/4.0/,2019,260
GI,GIB,1,ADM0,Creative Commons Attribution 4.0 International (CC BY 4.0),CC-BY-4.0,open,,raster2polygon from Sentinel-2 10m Land Cover where Image Year = 2021 / exclude gridcode = 1 (water) / dissolve / erase adm0 overlap / processed by IMB,sentinel.esa.int/documents/247904/690755/Sentinel_Data_Legal_Notice,2021,1
GN,GIN,1,ADM0,Creative Commons Attribution-ShareAlike 2.0,,held,share-alike,OSM Boundaries,www.openstreetmap.org/copyright,2020,1
GN,GIN,2,ADM1,Creative Commons Attribution 3.0 Intergovernmental Organisations (CC BY 3.0 IGO),CC-BY-3.0-IGO,open,,"World Food Programme, OCHA ROWCA",data.humdata.org/dataset/guinea-geodatabase,2017,8
GN,GIN,3,ADM2,Creative Commons Attribution 3.0 Intergovernmental Organisations (CC BY 3.0 IGO),CC-BY-3.0-IGO,open,,"World Food Programme, OCHA ROWCA",data.humdata.org/dataset/guinea-geodatabase,2017,34
GN,GIN,4,ADM3,Creative Commons Attribution 3.0 Intergovernmental Organisations (CC BY 3.0 IGO),CC-BY-3.0-IGO,open,,"World Food Programme, OCHA ROWCA",data.humdata.org/dataset/guinea-geodatabase,2021,340
GP,GLP,1,ADM0,Creative Commons Attribution 4.0 International (CC BY 4.0),CC-BY-4.0,open,,raster2polygon from Sentinel-2 10m Land Cover where Image Year = 2021 / exclude gridcode = 1 (water) / dissolve / processed by IMB,sentinel.esa.int/documents/247904/690755/Sentinel_Data_Legal_Notice,2021,1
GP,GLP,5,ADM4,Etalab Open License 2.0,Etalab-2.0,open,,Institut national de l'information géographique et forestière (IGN-F),geoservices.ign.fr/sites/default/files/2021-11/IGNF_ADMIN_EXPRESS_3-1.html,2022,32
GM,GMB,1,ADM0,Creative Commons Attribution 4.0 (CC BY 4.0),CC-BY-4.0,open,,"geoBoundaries, Knippenberg, Erwin, & Moritz, Meyer. “The Hidden Potential of Mobile Phone Data Insights on COVID-19 in the Gambia.” The World Bank Data Catalog",datacatalog.worldbank.org/search/dataset/0038034,2020,1
GM,GMB,2,ADM1,Creative Commons Attribution 4.0 (CC BY 4.0),CC-BY-4.0,open,,"Knippenberg, Erwin, & Moritz, Meyer. “The Hidden Potential of Mobile Phone Data Insights on COVID-19 in the Gambia.” Data Blog, The World Bank Data Catalog",datacatalog.worldbank.org/search/dataset/0038034,2020,8
GM,GMB,3,ADM2,Creative Commons Attribution 4.0 (CC BY 4.0),CC-BY-4.0,open,,"geoBoundaries, Knippenberg, Erwin, & Moritz, Meyer. “The Hidden Potential of Mobile Phone Data Insights on COVID-19 in the Gambia.” The World Bank Data Catalog",datacatalog.worldbank.org/search/dataset/0038034,2020,48
GM,GMB,4,ADM3,Creative Commons Attribution 4.0 (CC BY 4.0),CC-BY-4.0,open,,"Knippenberg, Erwin, & Moritz, Meyer. “The Hidden Potential of Mobile Phone Data Insights on COVID-19 in the Gambia.” Data Blog, The World Bank Data Catalog",datacatalog.worldbank.org/search/dataset/0038034,2020,120
GW,GNB,1,ADM0,Open Data Commons Open Database License 1.0,,held,share-alike,"OpenStreetMap, Wambacher",www.openstreetmap.org/copyright,2017,1
GW,GNB,2,ADM1,Open Data Commons Open Database License 1.0,,held,share-alike,"OpenStreetMap, Wambacher",www.openstreetmap.org/copyright,2017,9
GW,GNB,3,ADM2,Open Data Commons Open Database License 1.0,,held,share-alike,"OpenStreetMap, Wambacher",www.openstreetmap.org/copyright,2017,39
GQ,GNQ,1,ADM0,Open Data Commons Open Database License 1.0,,held,share-alike,"OpenStreetMap, Wambacher",www.openstreetmap.org/copyright,2016,1
GQ,GNQ,2,ADM1,Open Data Commons Open Database License 1.0,,held,share-alike,"OpenStreetMap, Wambacher",www.openstreetmap.org/copyright,2016,7
GQ,GNQ,3,ADM2,Creative Commons Attribution 4.0 International (CC BY 4.0),CC-BY-4.0,open,,"World Resources Institute, Congo Forest Basin Atlas",gnq-data.forest-atlas.org/datasets/equatorial-guinea-gis-data-2013,2013,31
GR,GRC,1,ADM0,Creative Commons Attribution 4.0 International (CC BY 4.0),CC-BY-4.0,open,,"EuroGeoGraphics, Regional IM Working Group - Europe",data.humdata.org/dataset/gree,2016,1
GR,GRC,2,ADM1,Creative Commons Attribution 4.0 International (CC BY 4.0),CC-BY-4.0,open,,"EuroGeoGraphics, Regional IM Working Group - Europe",data.humdata.org/dataset/gree,2016,8
GR,GRC,3,ADM2,Creative Commons Attribution 4.0 International (CC BY 4.0),CC-BY-4.0,open,,"EuroGeoGraphics, Regional IM Working Group - Europe",data.humdata.org/dataset/gree,2016,14
GR,GRC,4,ADM3,CC0 1.0 Universal (CC0 1.0) Public Domain Dedication,CC0-1.0,open,,"geoBoundaries, Wikimedia Commons",commons.wikimedia.org/wiki/File,2010,326
GD,GRD,1,ADM0,Open Data Commons Open Database License 1.0,,held,share-alike,"OpenStreetMap, Wambacher",www.openstreetmap.org/copyright,2017,1
GD,GRD,2,ADM1,Creative Commons Attribution-ShareAlike 2.0,,held,share-alike,"OpenStreetMap, Wikipedia",osm-boundaries.com/,2017,7
GL,GRL,1,ADM0,Creative Commons Attribution-ShareAlike 2.0,,held,share-alike,"OpenStreetMap, Geofabrik",download.geofabrik.de/north-america/greenland.html,2020,1
GL,GRL,2,ADM1,Creative Commons Attribution-ShareAlike 3.0 Unported,,held,share-alike,"GeoBoundaries, Wikipedia",creativecommons.org/licenses/by-sa/3.0/de/legalcode,2020,6
GT,GTM,1,ADM0,Open Data Commons Open Database License 1.0,,held,share-alike,"OpenStreetMap, Wambacher",www.openstreetmap.org/copyright,2017,1
GT,GTM,2,ADM1,Open Data Commons Open Database License 1.0,,held,share-alike,"OpenStreetMap, Wambacher",www.openstreetmap.org/copyright,2017,22
GT,GTM,3,ADM2,Creative Commons Attribution 3.0 Intergovernmental Organisations (CC BY 3.0 IGO),CC-BY-3.0-IGO,open,,"Coordinadora Nacional Para La Reducción De Desastres, OCHA FISS",data.humdata.org/dataset/guatemala-administrative-level-0-national-1-departments-and-2-municipalities,2021,342
GF,GUF,1,ADM0,Creative Commons Attribution 4.0 International (CC BY 4.0),CC-BY-4.0,open,,raster2polygon from Sentinel-2 10m Land Cover where Image Year = 2021 / exclude gridcode = 1 (water) / dissolve / erase adm0 overlap / processed by IMB,sentinel.esa.int/documents/247904/690755/Sentinel_Data_Legal_Notice,2021,1
GF,GUF,4,ADM3,Etalab Open License 2.0,Etalab-2.0,open,,Institut national de l'information géographique et forestière (IGN-F),geoservices.ign.fr/sites/default/files/2021-11/IGNF_ADMIN_EXPRESS_3-1.html,2022,2
GU,GUM,1,ADM0,Creative Commons Attribution 4.0 (CC BY 4.0),CC-BY-4.0,open,,Sentinel-2 10-Meter Land Use/LandCover,sentinel.esa.int/documents/247904/690755/Sentinel_Data_Legal_Notice,2021,1
GU,GUM,3,ADM2,Public Domain,public-domain,open,,"United States Census Bureau, MAF/TIGER",www.census.gov/about/policies/open-gov/open-data.html,2021,19
GY,GUY,1,ADM0,Creative Commons Attribution 4.0 International (CC BY 4.0),CC-BY-4.0,open,,"geoBoundaries, Wikimedia Commons",commons.wikimedia.org/wiki/File,2014,1
GY,GUY,2,ADM1,Open Data Commons Open Database License 1.0,,held,share-alike,"OpenStreetMap, Wambacher",www.openstreetmap.org/copyright,2017,10
GY,GUY,3,ADM2,Creative Commons Attribution 3.0 Intergovernmental Organisations (CC BY 3.0 IGO),CC-BY-3.0-IGO,open,,"DEVInfo LAC project, OCHA FISS",data.humdata.org/dataset/guyana-administrative-level-0-1-and-2-boundaries,2019,27
HN,HND,1,ADM0,Open Data Commons Open Database License 1.0,,held,share-alike,"OpenStreetMap, Wambacher",www.openstreetmap.org/copyright,2017,1
HN,HND,2,ADM1,Open Data Commons Open Database License 1.0,,held,share-alike,"OpenStreetMap, Wambacher",www.openstreetmap.org/copyright,2017,18
HN,HND,3,ADM2,Creative Commons Attribution 4.0 International (CC BY 4.0),CC-BY-4.0,open,,"ICF - Instituto Nacional de Conservación y Desarrollo Forestal, Áreas Protegidas y Vida Silvestre, Gobierno de la República de Honduras",creativecommons.org/licenses/by/4.0/,2019,299
HR,HRV,1,ADM0,Open Data Commons Open Database License 1.0,,held,share-alike,"OpenStreetMap, Wambacher",www.openstreetmap.org/copyright,2017,1
HR,HRV,2,ADM1,Open Data Commons Open Database License 1.0,,held,share-alike,"OpenStreetMap, Wambacher",www.openstreetmap.org/copyright,2017,21
HR,HRV,3,ADM2,Creative Commons Attribution-ShareAlike 2.0,,held,share-alike,"Open Street Map, geoBoundaries",www.openstreetmap.org/copyright,2021,560
HT,HTI,1,ADM0,Open Data Commons Open Database License 1.0,,held,share-alike,"OpenStreetMap, Wambacher",www.openstreetmap.org/copyright,2017,1
HT,HTI,2,ADM1,Open Data Commons Open Database License 1.0,,held,share-alike,"OpenStreetMap, Wambacher",www.openstreetmap.org/copyright,2017,10
HT,HTI,3,ADM2,Open Data Commons Open Database License 1.0,,held,share-alike,"OpenStreetMap, Wambacher",www.openstreetmap.org/copyright,2017,42
HT,HTI,4,ADM3,Creative Commons Attribution 4.0 International (CC BY 4.0),CC-BY-4.0,open,,FEWS NET,catalog.data.gov/dataset/fews-net-price-volatility-data-2002-2012-9977c,2018,140
HU,HUN,1,ADM0,CC0 1.0 Universal (CC0 1.0) Public Domain Dedication,CC0-1.0,open,,"geoBoundaries, Wikimedia Commons",commons.wikimedia.org/w/index.php?search=Maps+of+Hungary&title=Special,2011,1
HU,HUN,2,ADM1,CC0 1.0 Universal (CC0 1.0) Public Domain Dedication,CC0-1.0,open,,"geoBoundaries, Wikimedia Commons",commons.wikimedia.org/w/index.php?search=Maps+of+Hungary&title=Special,2011,20
HU,HUN,3,ADM2,Open Data Commons Open Database License 1.0,,held,share-alike,"OpenStreetMap, Wambacher",www.openstreetmap.org/copyright,2017,198
HU,HUN,4,ADM3,Open Data Commons Open Database License 1.0,,held,share-alike,"OpenStreetMap, Wambacher",www.openstreetmap.org/copyright,2017,3357
ID,IDN,1,ADM0,Open Data Commons Open Database License 1.0,,held,share-alike,"OpenStreetMap, Wambacher",www.openstreetmap.org/copyright,2017,1
ID,IDN,2,ADM1,Open Data Commons Open Database License 1.0,,held,share-alike,"OpenStreetMap, Wambacher",www.openstreetmap.org/copyright,2017,34
ID,IDN,3,ADM2,Creative Commons Attribution 3.0 Intergovernmental Organisations (CC BY 3.0 IGO),CC-BY-3.0-IGO,open,,"Badan Pusat Statistik (BPS - Statistics Indonesia), World Food Programme, OCHA ROAP",data.humdata.org/dataset/indonesia-administrative-boundary-polygons-lines-and-places-levels-0-4b,2020,519
IM,IMN,1,ADM0,Creative Commons Attribution 4.0 International (CC BY 4.0),CC-BY-4.0,open,,raster2polygon from Sentinel-2 10m Land Cover where Image Year = 2021 / exclude gridcode = 1 (water) / dissolve / processed by IMB,sentinel.esa.int/documents/247904/690755/Sentinel_Data_Legal_Notice,2021,1
IN,IND,2,ADM1,Creative Commons Attribution 2.5 India (CC BY 2.5 IN),CC-BY-2.5-IN,open,,"DataMeet India community, Election Commission of India",github.com/datameet/maps,2011,1
IN,IND,2,ADM1,Creative Commons Attribution 2.5 India (CC BY 2.5 IN),CC-BY-2.5-IN,open,,"DataMeet India community, Election Commission of India",github.com/datameet/maps,2011,36
IN,IND,3,ADM2,Open Data Commons Open Database License 1.0,,held,share-alike,"Pathways Data Pvt. Ltd., lgdirectory.gov.in",geonode.pathwaysdata.com/layers/geonode,2021,736
IN,IND,4,ADM3,Open Data Commons Open Database License 1.0,,held,share-alike,"Pathways Data Pvt. Ltd., lgdirectory.gov.in",geonode.pathwaysdata.com/layers/geonode,2018,6836
IN,IND,5,ADM4,Open Data Commons Open Database License 1.0,,held,share-alike,"Pathways Data Pvt. Ltd., lgdirectory.gov.in",geonode.pathwaysdata.com/layers/geonode,2019,7152
IN,IND,6,ADM5,Open Data Commons Open Database License 1.0,,held,share-alike,"Pathways Data Pvt. Ltd., https//censusindia.gov.in",geonode.pathwaysdata.com/layers/geonode,2011,649771
IE,IRL,1,ADM0,Open Data Commons Open Database License 1.0,,held,share-alike,"OpenStreetMap, Wambacher",www.openstreetmap.org/copyright,2017,1
IE,IRL,2,ADM1,Creative Commons Attribution 4.0 (CC BY 4.0),CC-BY-4.0,open,,Ordce Survey Ireland,www.arcgis.com/sharing/rest/content/items/cac5ddcbbe934edc881d1611c6b910c7/info/metadata/metadata.xml?format=default&output=html,2022,4
IE,IRL,3,ADM2,Creative Commons Attribution 4.0 (CC BY 4.0),CC-BY-4.0,open,,Ordce Survey Ireland,data-osi.opendata.arcgis.com/datasets/OSi,2015,166
IR,IRN,1,ADM0,Public Domain,public-domain,open,,Natural Earth,www.naturalearthdata.com/about/terms-of-use/,2009,1
IR,IRN,2,ADM1,Open Data Commons Open Database License 1.0,,held,share-alike,"OpenStreetMap, Wambacher",www.openstreetmap.org/copyright,2017,33
IR,IRN,3,ADM2,Open Data Commons Open Database License 1.0,,held,share-alike,"OpenStreetMap, Wambacher",www.openstreetmap.org/copyright,2017,432
IR,IRN,4,ADM3,Open Data Commons Open Database License 1.0,,held,share-alike,"OpenStreetMap, Wambacher",www.openstreetmap.org/copyright,2017,1076
IR,IRN,5,ADM4,Creative Commons Attribution-ShareAlike 2.0,,held,share-alike,Open Street Map,osm-boundaries.com/Documentation,2021,2815
IQ,IRQ,1,ADM0,Public Domain,public-domain,open,,Natural Earth,www.naturalearthdata.com/about/terms-of-use/,2021,1
IQ,IRQ,2,ADM1,CC0 1.0 Universal (CC0 1.0) Public Domain Dedication,CC0-1.0,open,,"geoBoundaries, Wikimedia Commons",creativecommons.org/publicdomain/zero/1.0/deed.en,2022,18
IQ,IRQ,3,ADM2,Creative Commons Attribution 3.0 Intergovernmental Organisations (CC BY 3.0 IGO),CC-BY-3.0-IGO,open,,"Iraq Central Statistics Office, OCHA Iraq",data.humdata.org/dataset/iraq-admin-level-1-boundaries,2021,101
IS,ISL,1,ADM0,Creative Commons Attribution 4.0 International (CC BY 4.0),CC-BY-4.0,open,,Lýsigagnagátt,gatt.lmi.is/geonetwork/srv/eng/catalog.search#/metadata/A1919501-BA1F-4AEE-ABB8-00A3217258AA,2020,1
IS,ISL,2,ADM1,Open Data Commons Open Database License 1.0,,held,share-alike,"OpenStreetMap, Wambacher",www.openstreetmap.org/copyright,2017,8
IS,ISL,3,ADM2,Creative Commons Attribution 4.0 International (CC BY 4.0),CC-BY-4.0,open,,National Land Survey of Iceland,gatt.lmi.is/geonetwork/srv/eng/catalog.search#/metadata/%7B7CF6A33E-2588-42A8-A483-0B6F729B528A%7D,2016,74
IL,ISR,1,ADM0,Open Data Commons Open Database License 1.0,,held,share-alike,"OpenStreetMap, Wambacher",www.openstreetmap.org/copyright,2017,1
IL,ISR,2,ADM1,Public Domain,public-domain,open,,"geoBoundaries, Wikimedia",commons.wikimedia.org/wiki/File,2006,6
IL,ISR,3,ADM2,CC0 1.0 Universal (CC0 1.0) Public Domain Dedication,CC0-1.0,open,,"geoBoundaries, Wikimedia Commons",creativecommons.org/publicdomain/zero/1.0/deed.en,2021,15
IT,ITA,1,ADM0,Creative Commons Attribution 3.0 License,CC-BY-3.0,open,,"ISTAT, National Institute of Statistics",www.istat.it/it/note-legali,2023,1
IT,ITA,2,ADM1,Creative Commons Attribution 3.0 License,CC-BY-3.0,open,,"ISTAT, National Institute of Statistics",www.istat.it/it/note-legali,2023,5
IT,ITA,3,ADM2,Creative Commons Attribution 3.0 License,CC-BY-3.0,open,,"ISTAT, National Institute of Statistics",www.istat.it/it/note-legali,2023,20
IT,ITA,4,ADM3,Creative Commons Attribution 3.0 License,CC-BY-3.0,open,,"ISTAT, National Institute of Statistics",www.istat.it/it/note-legali,2023,107
IT,ITA,5,ADM4,Creative Commons Attribution 3.0 License,CC-BY-3.0,open,,"ISTAT, National Institute of Statistics",www.istat.it/it/note-legali,2023,7901
JM,JAM,1,ADM0,Public Domain,public-domain,open,,"geoBoundaries, Wikimedia Commons",commons.wikimedia.org/wiki/File,2014,1
JM,JAM,2,ADM1,Creative Commons Attribution-ShareAlike 2.0,,held,share-alike,"OpenStreetMap, Wambacher",www.openstreetmap.org/copyright,2011,14
JM,JAM,3,ADM2,Open Data Commons Open Database License 1.0,,held,share-alike,"Justin Meyers, Planning Office of Jamaica",github.com/justinelliotmeyers/official_jamaica_administrative_boundary_shapefile/blob/master/Source_License.txt,2017,827
JM,JAM,4,ADM3,Open Data Commons Open Database License 1.0,,held,share-alike,"Justin Meyers, Planning Office of Jamaica",github.com/justinelliotmeyers/official_jamaica_administrative_boundary_shapefile/blob/master/Source_License.txt,2017,829
JO,JOR,1,ADM0,Creative Commons Attribution 4.0 International (CC BY 4.0),CC-BY-4.0,open,,"geoBoundaries, Wikipedia",en.wikipedia.org/wiki/Geography_of_Jordan#/media/File,2016,1
JO,JOR,2,ADM1,Creative Commons Attribution 2.5 Generic,CC-BY-2.5,open,,"geoBoundaries, Wikimedia",commons.wikimedia.org/wiki/File,2006,12
JO,JOR,3,ADM2,Public Domain,public-domain,open,,"geoBoundaries, Wikimedia Commons",commons.wikimedia.org/wiki/File,2006,52
JP,JPN,1,ADM0,Creative Commons Attribution 4.0 International (CC BY 4.0),CC-BY-4.0,open,,"Ministry of Land, Infrastructure, Transport and Tourism National Land Numerical Information Download Site",nlftp.mlit.go.jp/ksj/other/agreement.html#agree-01,2022,1
JP,JPN,2,ADM1,Open Data Commons Open Database License 1.0,,held,share-alike,"OpenStreetMap, Wambacher",www.openstreetmap.org/copyright,2017,47
JP,JPN,3,ADM2,Creative Commons Attribution-ShareAlike 2.0,,held,share-alike,"OpenStreetMap, Wambacher",www.openstreetmap.org/copyright,2017,1745
KZ,KAZ,1,ADM0,Open Data Commons Open Database License 1.0,,held,share-alike,"OpenStreetMap, Wambacher",www.openstreetmap.org/copyright,2017,1
KZ,KAZ,2,ADM1,Open Data Commons Open Database License 1.0,,held,share-alike,"OpenStreetMap, Wambacher",www.openstreetmap.org/copyright,2017,16
KZ,KAZ,3,ADM2,Open Data Commons Open Database License 1.0,,held,share-alike,"OpenStreetMap, Wambacher",www.openstreetmap.org/copyright,2017,174
KE,KEN,1,ADM0,Public Domain,public-domain,open,,"RCMRD GeoPortal, geoBoundaries",rcmrd.africageoportal.com/datasets/africageoportal,2020,1
KE,KEN,2,ADM1,Public Domain,public-domain,open,,"RCMRD GeoPortal, Africa GeoPortal",rcmrd.africageoportal.com/datasets/africageoportal,2020,47
KE,KEN,3,ADM2,Creative Commons Attribution 3.0 Intergovernmental Organisations (CC BY 3.0 IGO),CC-BY-3.0-IGO,open,,"IEBC, OCHA ROSEA",data.humdata.org/dataset/ken-administrative-boundaries,2020,290
KE,KEN,4,ADM3,Creative Commons Attribution 4.0 International (CC BY 4.0),CC-BY-4.0,open,,Benedict Aboki Omare and George Omare,github.com/benaboki/Kenya-County-Assembly-Boundaries,2020,1452
KG,KGZ,1,ADM0,Open Data Commons Open Database License 1.0,,held,share-alike,"OpenStreetMap, Wambacher",www.openstreetmap.org/copyright,2017,1
KG,KGZ,2,ADM1,Open Data Commons Open Database License 1.0,,held,share-alike,"OpenStreetMap, Wambacher",www.openstreetmap.org/copyright,2017,7
KG,KGZ,3,ADM2,Creative Commons Attribution-ShareAlike 3.0 Unported,,held,share-alike,"geoBoundaries, Wikipedia, Districts of Kyrgyzstan",creativecommons.org/licenses/by-sa/3.0/legalcode,2010,41
KH,KHM,1,ADM0,Open Data Commons Open Database License 1.0,,held,share-alike,"OpenStreetMap, Wambacher",www.openstreetmap.org/copyright,2017,1
KH,KHM,2,ADM1,Open Data Commons Open Database License 1.0,,held,share-alike,"OpenStreetMap, Wambacher",www.openstreetmap.org/copyright,2017,25
KH,KHM,3,ADM2,Creative Commons Attribution 4.0 International (CC BY 4.0),CC-BY-4.0,open,,"Open Development Mekong, Open Development Cambodia",opendevelopmentcambodia.net/dataset/?id=administrative-boundaries-of-cambodia-2014,2014,197
KH,KHM,4,ADM3,Creative Commons Attribution 4.0 International (CC BY 4.0),CC-BY-4.0,open,,"Open Development Mekong, Open Development Cambodia",opendevelopmentcambodia.net/dataset/?id=administrative-boundaries-of-cambodia-2014,2014,1633
KI,KIR,1,ADM0,Open Data Commons Open Database License 1.0,,held,share-alike,"OpenStreetMap, Wambacher",www.openstreetmap.org/copyright,2017,1
KI,KIR,2,ADM1,Open Data Commons Open Database License 1.0,,held,share-alike,"OpenStreetMap, Wambacher",www.openstreetmap.org/copyright,2017,3
KI,KIR,3,ADM2,Open Data Commons Open Database License 1.0,,held,share-alike,"OpenStreetMap, Wambacher",www.openstreetmap.org/copyright,2017,24
KN,KNA,1,ADM0,Creative Commons Attribution 2.5 Generic,CC-BY-2.5,open,,"geoBoundaries, Wikimedia Commons",commons.wikimedia.org/wiki/File,2006,1
KN,KNA,2,ADM1,Creative Commons Attribution-ShareAlike 2.0,,held,share-alike,OpenStreetMap,www.openstreetmap.org/copyright,2021,14
KR,KOR,1,ADM0,Public Domain,public-domain,open,,"Natural Earth, geoBoundaries",www.naturalearthdata.com/about/terms-of-use/,2021,1
KR,KOR,2,ADM1,Public Domain,public-domain,open,,Natural Earth,www.naturalearthdata.com/about/terms-of-use/,2021,17
KR,KOR,3,ADM2,Creative Commons Attribution 3.0 License,CC-BY-3.0,open,,"geoBoundaries, citypopulation.de",www.citypopulation.de/en/help/termsofuse/,2020,229
KR,KOR,4,ADM3,Korea Open Government License Type 1 (Source Indication),KOGL-1,open,,"Justin Meyers, KoStat",www.kogl.or.kr/info/license.do,2018,3504
KW,KWT,1,ADM0,Open Data Commons Open Database License 1.0,,held,share-alike,"OpenStreetMap, Wambacher",www.openstreetmap.org/copyright,2017,1
KW,KWT,2,ADM1,Open Data Commons Open Database License 1.0,,held,share-alike,"OpenStreetMap, Wambacher",www.openstreetmap.org/copyright,2017,6
KW,KWT,3,ADM2,Open Data Commons Open Database License 1.0,,held,share-alike,"OpenStreetMap, Wambacher",www.openstreetmap.org/relation/305099#map=9/29.3171/47.7787,2011,138
LA,LAO,1,ADM0,Open Data Commons Open Database License 1.0,,held,share-alike,"OpenStreetMap, Wambacher",www.openstreetmap.org/copyright,2017,1
LA,LAO,2,ADM1,Open Data Commons Open Database License 1.0,,held,share-alike,"OpenStreetMap, Wambacher",www.openstreetmap.org/copyright,2017,18
LA,LAO,3,ADM2,Creative Commons Attribution 3.0 Intergovernmental Organisations (CC BY 3.0 IGO),CC-BY-3.0-IGO,open,,"National Geographic Department, OCHA ROAP",data.humdata.org/dataset/lao-admin-boundaries,2019,148
LB,LBN,1,ADM0,Public Domain,public-domain,open,,"geoBoundaries, Wikimedia Commons",commons.wikimedia.org/wiki/File,2010,1
LB,LBN,2,ADM1,Public Domain,public-domain,open,,"geoBoundaries, Wikimedia Commons",commons.wikimedia.org/wiki/File,2017,9
LB,LBN,3,ADM2,Public Domain,public-domain,open,,"geoBoundaries, Wikipedia",commons.wikimedia.org/wiki/File,2021,26
LR,LBR,1,ADM0,Creative Commons Attribution 3.0 Intergovernmental Organisations (CC BY 3.0 IGO),CC-BY-3.0-IGO,open,,"UNMIL, OCHA ROWCA",data.humdata.org/dataset/liberia-admin-level-2-boundaries,2021,1
LR,LBR,2,ADM1,Creative Commons Attribution 3.0 Intergovernmental Organisations (CC BY 3.0 IGO),CC-BY-3.0-IGO,open,,"UNMIL, OCHA ROWCA",data.humdata.org/dataset/liberia-admin-level-2-boundaries,2021,15
LR,LBR,3,ADM2,Creative Commons Attribution 3.0 Intergovernmental Organisations (CC BY 3.0 IGO),CC-BY-3.0-IGO,open,,"UNMIL, OCHA ROWCA",data.humdata.org/dataset/liberia-admin-level-2-boundaries,2021,136
LY,LBY,1,ADM0,Public Domain,public-domain,open,,Natural Earth,www.naturalearthdata.com/about/terms-of-use/,2021,1
LY,LBY,2,ADM1,Public Domain,public-domain,open,,Natural Earth,www.naturalearthdata.com/about/terms-of-use/,2021,22
LC,LCA,1,ADM0,Public Domain,public-domain,open,,"geoBoundaries, Wikimedia Commons",commons.wikimedia.org/wiki/File,2005,1
LC,LCA,2,ADM1,CC0 1.0 Universal (CC0 1.0) Public Domain Dedication,CC0-1.0,open,,"Wikimedia Commons, Wikimedia Commons",commons.wikimedia.org/wiki/File,2015,10
LC,LCA,3,ADM2,Creative Commons Attribution 4.0 (CC BY 4.0),CC-BY-4.0,open,,"Department of Physical Planning, Saint Lucia Open Data",data.govt.lc/dataset/st-lucia-communities,2019,547
LI,LIE,1,ADM0,Open Data Commons Open Database License 1.0,,held,share-alike,"OpenStreetMap, Wambacher",www.openstreetmap.org/copyright,2017,1
LI,LIE,2,ADM1,Open Data Commons Open Database License 1.0,,held,share-alike,"OpenStreetMap, Wambacher",www.openstreetmap.org/copyright,2017,11
LK,LKA,1,ADM0,Open Data Commons Open Database License 1.0,,held,share-alike,"OpenStreetMap, Wambacher",www.openstreetmap.org/copyright,2017,1
LK,LKA,2,ADM1,Open Data Commons Open Database License 1.0,,held,share-alike,"OpenStreetMap, Wambacher",www.openstreetmap.org/copyright,2017,9
LK,LKA,3,ADM2,Open Data Commons Open Database License 1.0,,held,share-alike,"OpenStreetMap, Wambacher",www.openstreetmap.org/copyright,2017,25
LK,LKA,4,ADM3,Creative Commons Attribution 3.0 Intergovernmental Organisations (CC BY 3.0 IGO),CC-BY-3.0-IGO,open,,"OCHA ROAP, Survey Department of Sri Lanka",data.humdata.org/dataset/sri-lanka-administrative-levels-0-4-boundaries,2020,330
LK,LKA,5,ADM4,Creative Commons Attribution 3.0 Intergovernmental Organisations (CC BY 3.0 IGO),CC-BY-3.0-IGO,open,,"OCHA ROAP, Survey Department of Sri Lanka",data.humdata.org/dataset/sri-lanka-administrative-levels-0-4-boundaries,2019,14044
LS,LSO,1,ADM0,Open Data Commons Open Database License 1.0,,held,share-alike,"OpenStreetMap, Wambacher",www.openstreetmap.org/copyright,2017,1
LS,LSO,2,ADM1,Open Data Commons Open Database License 1.0,,held,share-alike,"OpenStreetMap, Wambacher",www.openstreetmap.org/copyright,2017,10
LS,LSO,3,ADM2,Creative Commons Attribution 3.0 Intergovernmental Organisations (CC BY 3.0 IGO),CC-BY-3.0-IGO,open,,"FAO and the Ministry of Local Government, OCHA ROSEA",data.humdata.org/dataset/lesotho-administrative-level-0-2-boundaries,2020,78
LT,LTU,1,ADM0,Open Data Commons Open Database License 1.0,,held,share-alike,"OpenStreetMap, Wambacher",www.openstreetmap.org/copyright,2017,1
LT,LTU,2,ADM1,Open Data Commons Open Database License 1.0,,held,share-alike,"OpenStreetMap, Wambacher",www.openstreetmap.org/copyright,2017,10
LT,LTU,3,ADM2,Open Data Commons Open Database License 1.0,,held,share-alike,"OpenStreetMap, Wambacher",www.openstreetmap.org/copyright,2017,60
LT,LTU,4,ADM3,Public Domain,public-domain,open,,digitized from https//commons.wikimedia.org/wiki/File,commons.wikimedia.org/wiki/File,2017,544
LU,LUX,1,ADM0,Open Data Commons Open Database License 1.0,,held,share-alike,"OpenStreetMap, Wambacher",www.openstreetmap.org/copyright,2017,1
LU,LUX,2,ADM1,Open Data Commons Open Database License 1.0,,held,share-alike,"OpenStreetMap, Wambacher",www.openstreetmap.org/copyright,2017,12
LU,LUX,3,ADM2,Open Data Commons Open Database License 1.0,,held,share-alike,"OpenStreetMap, Public Domain",www.openstreetmap.org/copyright,2017,105
LU,LUX,4,ADM3,Public Domain,public-domain,open,,Le Gouvernement du Grande Duche de Luxembourg,data.public.lu/en/datasets/limites-administratives-du-grand-duche-de-luxembourg/,2018,102
LV,LVA,1,ADM0,Creative Commons Attribution 4.0 International (CC BY 4.0),CC-BY-4.0,open,,Geoportal of Latvia,geolatvija.lv/geo/p/658,2021,1
LV,LVA,2,ADM1,Creative Commons Attribution 4.0 International (CC BY 4.0),CC-BY-4.0,open,,Geoportal of Latvia,geolatvija.lv/geo/p/658,2021,43
LV,LVA,3,ADM2,Creative Commons Attribution 4.0 International (CC BY 4.0),CC-BY-4.0,open,,Valsts zemes dienests,data.gov.lv/dati/lv/dataset/administrativo-teritoriju-karte/resource/85aab9e3-a65a-42c0-ab8f-be249f96c58d,2021,589
MA,MAR,1,ADM0,Open Data Commons Open Database License 1.0,,held,share-alike,"OpenStreetMap, Wambacher",www.openstreetmap.org/copyright,2017,1
MA,MAR,2,ADM1,Open Data Commons Open Database License 1.0,,held,share-alike,"OpenStreetMap, Wambacher",www.openstreetmap.org/copyright,2017,12
MA,MAR,3,ADM2,Open Data Commons Open Database License 1.0,,held,share-alike,"OpenStreetMap, Wambacher",www.openstreetmap.org/copyright,2017,75
MC,MCO,1,ADM0,Open Data Commons Open Database License 1.0,,held,share-alike,"OpenStreetMap, Wambacher",www.openstreetmap.org/copyright,2017,1
MC,MCO,2,ADM1,Open Data Commons Open Database License 1.0,,held,share-alike,"OpenStreetMap, Wambacher",www.openstreetmap.org/copyright,2017,1
MC,MCO,3,ADM2,Open Data Commons Open Database License 1.0,,held,share-alike,"OpenStreetMap, Wambacher",www.openstreetmap.org/copyright,2017,9
MD,MDA,1,ADM0,Creative Commons Attribution 4.0 International (CC BY 4.0),CC-BY-4.0,open,,"geoBoundaries, Wikipedia",commons.wikimedia.org/wiki/Category,2014,1
MD,MDA,2,ADM1,Creative Commons Attribution 3.0 Intergovernmental Organisations (CC BY 3.0 IGO),CC-BY-3.0-IGO,open,,"UNHCR, OCHA FISS",data.humdata.org/dataset/moldova-administrative-level-0-1-boundaries,2020,37
MG,MDG,1,ADM0,Open Data Commons Open Database License 1.0,,held,share-alike,"OpenStreetMap, Wambacher",www.openstreetmap.org/copyright,2017,1
MG,MDG,2,ADM1,Open Data Commons Open Database License 1.0,,held,share-alike,"OpenStreetMap, Wambacher",www.openstreetmap.org/copyright,2017,22
MG,MDG,3,ADM2,Creative Commons Attribution 3.0 Intergovernmental Organisations (CC BY 3.0 IGO),CC-BY-3.0-IGO,open,,"Madagascar National Disaster Management Office (BNGRC), OCHA ROSA",data.humdata.org/dataset/madagascar-administrative-level-0-4-boundaries,2020,119
MG,MDG,4,ADM3,Creative Commons Attribution 3.0 Intergovernmental Organisations (CC BY 3.0 IGO),CC-BY-3.0-IGO,open,,"Madagascar National Disaster Management Office (BNGRC), OCHA ROSA",data.humdata.org/dataset/madagascar-administrative-level-0-4-boundaries,2020,1579
MG,MDG,5,ADM4,Creative Commons Attribution 3.0 Intergovernmental Organisations (CC BY 3.0 IGO),CC-BY-3.0-IGO,open,,"Madagascar National Disaster Management Office (BNGRC), OCHA ROSA",data.humdata.org/dataset/madagascar-administrative-level-0-4-boundaries,2020,17465
MV,MDV,1,ADM0,Creative Commons Attribution 4.0 (CC BY 4.0),CC-BY-4.0,open,,Sentinel-2 10-Meter Land Use/LandCover,sentinel.esa.int/documents/247904/690755/Sentinel_Data_Legal_Notice,2021,1
MV,MDV,2,ADM1,Open Data Commons Open Database License 1.0,,held,share-alike,"OpenStreetMap, Wambacher",www.openstreetmap.org/copyright,2017,21
MV,MDV,3,ADM2,Creative Commons Attribution 3.0 Intergovernmental Organisations (CC BY 3.0 IGO),CC-BY-3.0-IGO,open,,"Government of the Republic of Maldives, OCHA ROAP",data.humdata.org/dataset/maldives-administrative-boundaries-polygon-polyline,2017,21
MX,MEX,1,ADM0,Creative Commons Attribution 4.0 (CC BY 4.0),CC-BY-4.0,open,,"geoBoundaries, World Bank",datacatalog.worldbank.org/public-licenses#cc-by,2012,1
MX,MEX,2,ADM1,Creative Commons Attribution 3.0 Intergovernmental Organisations (CC BY 3.0 IGO),CC-BY-3.0-IGO,open,,Instituto Nacional de Estadística y Geografía (INEGI),data.humdata.org/dataset/mexican-administrative-level-0-country-1-estado-and-2-municipio-boundary-polygons,2020,32
MX,MEX,3,ADM2,Creative Commons Attribution 4.0 (CC BY 4.0),CC-BY-4.0,open,,World Bank,datacatalog.worldbank.org/public-licenses#cc-by,2012,2457
MH,MHL,1,ADM0,Open Data Commons Open Database License 1.0,,held,share-alike,"OpenStreetMap, Wambacher",www.openstreetmap.org/copyright,2017,1
MH,MHL,2,ADM1,Open Data Commons Open Database License 1.0,,held,share-alike,"OpenStreetMap, Wambacher",www.openstreetmap.org/copyright,2017,24
MK,MKD,1,ADM0,Creative Commons Attribution 4.0 International (CC BY 4.0),CC-BY-4.0,open,,"EuroGeographics, Regional IM Working Group - Europe",data.humdata.org/dataset/fyrom-administrative-levels-1-4-from-eurogeographics-and-ntes,2016,1
MK,MKD,2,ADM1,Creative Commons Attribution 4.0 International (CC BY 4.0),CC-BY-4.0,open,,"EuroGeographics and NTES (Nomenclature of Territorial Units for Statistics - Republic of Macedonia State Statistical Office), Regional IM Working Group - Europe",data.humdata.org/dataset/fyrom-administrative-levels-1-4-from-eurogeographics-and-ntes,2016,8
MK,MKD,3,ADM2,Creative Commons Attribution 4.0 International (CC BY 4.0),CC-BY-4.0,open,,"EuroGeographics, Regional IM Working Group - Europe",data.humdata.org/dataset/fyrom-administrative-levels-1-4-from-eurogeographics-and-ntes,2016,84
ML,MLI,1,ADM0,Creative Commons Attribution 4.0 International (CC BY 4.0),CC-BY-4.0,open,,"DNCT - Direction Nationale des Colelctivités Territorielles, DNP - Direction Nationale de la Population, United Nations Office for the Coordination of Humanitarian Affairs, Mali",data.humdata.org/dataset/mali-admin-boundaries-level-1-2-and-3-including-2017-population-desagregated-by-sexe,2015,1
ML,MLI,2,ADM1,Creative Commons Attribution 4.0 International (CC BY 4.0),CC-BY-4.0,open,,"DNCT - Direction Nationale des Collectivités Territoriales, United Nations Office for the Coordination of Humanitarian Affairs, Mali",data.humdata.org/dataset/administrative-boundaries-cod-mli,2021,9
ML,MLI,3,ADM2,Creative Commons Attribution 4.0 International (CC BY 4.0),CC-BY-4.0,open,,"DNCT - Direction Nationale des Colelctivités Territorielles, DNP - Direction Nationale de la Population, United Nations Office for the Coordination of Humanitarian Affairs, Mali",data.humdata.org/dataset/mali-admin-boundaries-level-1-2-and-3-including-2017-population-desagregated-by-sexe,2017,50
ML,MLI,4,ADM3,Creative Commons Attribution 4.0 International (CC BY 4.0),CC-BY-4.0,open,,"DNCT - Direction Nationale des Colelctivités Territorielles, DNP - Direction Nationale de la Population, United Nations Office for the Coordination of Humanitarian Affairs, Mali",data.humdata.org/dataset/mali-admin-boundaries-level-1-2-and-3-including-2017-population-desagregated-by-sexe,2017,701
MT,MLT,1,ADM0,Public Domain,public-domain,open,,"geoBoundaries, Wikimedia Commons",commons.wikimedia.org/wiki/File,2010,1
MT,MLT,2,ADM1,Public Domain,public-domain,open,,"geoBoundaries, d-maps.com",d-maps.com/conditions.php?lang=en,2022,68
MM,MMR,1,ADM0,Creative Commons Attribution-ShareAlike 2.0,,held,share-alike,OpenStreetMap,www.openstreetmap.org/copyright,2021,1
MM,MMR,2,ADM1,Creative Commons Attribution 4.0 (CC BY 4.0),CC-BY-4.0,open,,"Myanmar Analytics Project, geoBoundaries",data.mmanalytics.org/dataset/border-shapefiles,2019,14
MM,MMR,3,ADM2,Creative Commons Attribution 4.0 (CC BY 4.0),CC-BY-4.0,open,,"Myanmar Analytics Project, USAID/Burma",data.mmanalytics.org/dataset/border-shapefiles,2019,74
MM,MMR,4,ADM3,Creative Commons Attribution 4.0 (CC BY 4.0),CC-BY-4.0,open,,"The Myanmar Analytics Project, USAID",data.mmanalytics.org/dataset/0202393f-fbdc-4e4f-9ff2-5470aee60aef/resource/4c55b1a7-e9e1-40d6-9b16-c22e062727ec,2019,330
ME,MNE,1,ADM0,Open Data Commons Open Database License 1.0,,held,share-alike,"OpenStreetMap, Wambacher",www.openstreetmap.org/copyright,2017,1
ME,MNE,2,ADM1,Open Data Commons Open Database License 1.0,,held,share-alike,"OpenStreetMap, Wambacher",www.openstreetmap.org/copyright,2017,23
MN,MNG,1,ADM0,Open Data Commons Open Database License 1.0,,held,share-alike,"OpenStreetMap, Wambacher",www.openstreetmap.org/copyright,2017,1
MN,MNG,2,ADM1,Open Data Commons Open Database License 1.0,,held,share-alike,"OpenStreetMap, Wambacher",www.openstreetmap.org/copyright,2017,22
MN,MNG,3,ADM2,Creative Commons Attribution 3.0 Intergovernmental Organisations (CC BY 3.0 IGO),CC-BY-3.0-IGO,open,,"National Statistical Office of Mongolia, OCHA ROAP",data.humdata.org/dataset/mongolia-administrative-boundaries-polygon-polyline,2021,339
MP,MNP,1,ADM0,Creative Commons Attribution 4.0 (CC BY 4.0),CC-BY-4.0,open,,Sentinel-2 10-Meter Land Use/LandCover,sentinel.esa.int/documents/247904/690755/Sentinel_Data_Legal_Notice,2021,1
MP,MNP,3,ADM2,Public Domain,public-domain,open,,"United States Census Bureau, MAF/TIGER",www.census.gov/about/policies/open-gov/open-data.html,2021,4
MZ,MOZ,1,ADM0,Open Data Commons Open Database License 1.0,,held,share-alike,"OpenStreetMap, Wambacher",www.openstreetmap.org/copyright,2017,1
MZ,MOZ,2,ADM1,Open Data Commons Open Database License 1.0,,held,share-alike,"OpenStreetMap, Wambacher",www.openstreetmap.org/copyright,2017,10
MZ,MOZ,3,ADM2,Creative Commons Attribution 3.0 Intergovernmental Organisations (CC BY 3.0 IGO),CC-BY-3.0-IGO,open,,"Mozambique INE (Instituto Nacional de Estatistica), OCHA ROSEA",data.humdata.org/dataset/mozambique-administrative-levels-0-3,2019,159
MZ,MOZ,4,ADM3,Creative Commons Attribution 3.0 Intergovernmental Organisations (CC BY 3.0 IGO),CC-BY-3.0-IGO,open,,"Mozambique INE (Instituto Nacional de Estatistica), OCHA ROSEA",data.humdata.org/dataset/mozambique-administrative-levels-0-3,2021,411
MR,MRT,1,ADM0,Creative Commons Attribution 3.0 Intergovernmental Organisations (CC BY 3.0 IGO),CC-BY-3.0-IGO,open,,World Food Programme and OCHA,data.humdata.org/dataset/mauritania-administrative-boundaries,2020,1
MR,MRT,2,ADM1,Creative Commons Attribution-ShareAlike 3.0 Unported,,held,share-alike,Princeton University Library,maps.princeton.edu/catalog/stanford-nw291zj7245/metadata,2015,13
MR,MRT,3,ADM2,Creative Commons Attribution 3.0 Intergovernmental Organisations (CC BY 3.0 IGO),CC-BY-3.0-IGO,open,,"World Food Programme, OCHA ROWCA",data.humdata.org/dataset/mauritania-administrative-boundaries,2020,57
MS,MSR,1,ADM0,Creative Commons Attribution 4.0 International (CC BY 4.0),CC-BY-4.0,open,,raster2polygon from Sentinel-2 10m Land Cover where Image Year = 2021 / exclude gridcode = 1 (water) / dissolve / processed by IMB,sentinel.esa.int/documents/247904/690755/Sentinel_Data_Legal_Notice,2021,1
MQ,MTQ,1,ADM0,Creative Commons Attribution 4.0 International (CC BY 4.0),CC-BY-4.0,open,,raster2polygon from Sentinel-2 10m Land Cover where Image Year = 2021 / exclude gridcode = 1 (water) / dissolve / processed by IMB,sentinel.esa.int/documents/247904/690755/Sentinel_Data_Legal_Notice,2021,1
MQ,MTQ,4,ADM3,Etalab Open License 2.0,Etalab-2.0,open,,Institut national de l'information géographique et forestière (IGN-F),geoservices.ign.fr/sites/default/files/2021-11/IGNF_ADMIN_EXPRESS_3-1.html,2022,4
MQ,MTQ,5,ADM4,Etalab Open License 2.0,Etalab-2.0,open,,Institut national de l'information géographique et forestière (IGN-F),geoservices.ign.fr/sites/default/files/2021-11/IGNF_ADMIN_EXPRESS_3-1.html,2022,34
MU,MUS,1,ADM0,Open Data Commons Open Database License 1.0,,held,share-alike,"OpenStreetMap, Wambachers",www.openstreetmap.org/copyright,2017,1
MU,MUS,2,ADM1,Open Data Commons Open Database License 1.0,,held,share-alike,"geoBoundaries, OpenStreetMap",www.openstreetmap.org/copyright,2017,12
MW,MWI,1,ADM0,Open Data Commons Open Database License 1.0,,held,share-alike,"OpenStreetMap, Wambacher",www.openstreetmap.org/copyright,2017,1
MW,MWI,2,ADM1,Open Data Commons Open Database License 1.0,,held,share-alike,"OpenStreetMap, Wambacher",www.openstreetmap.org/copyright,2017,3
MW,MWI,3,ADM2,Creative Commons Attribution 3.0 Intergovernmental Organisations (CC BY 3.0 IGO),CC-BY-3.0-IGO,open,,"National Statistics Office of Malawi, OCHA ROSEA",data.humdata.org/dataset/malawi-administrative-level-0-3-boundaries,2020,28
MW,MWI,4,ADM3,Open Data Commons Open Database License 1.0,,held,share-alike,"OpenStreetMap, MASDAP (Malawi Spatial Data Platform)",www.openstreetmap.org/copyright,2019,245
MY,MYS,1,ADM0,Open Data Commons Open Database License 1.0,,held,share-alike,"OpenStreetMap, Wambacher",www.openstreetmap.org/copyright,2017,1
MY,MYS,2,ADM1,Open Data Commons Open Database License 1.0,,held,share-alike,"OpenStreetMap, Wambacher",www.openstreetmap.org/copyright,2017,16
MY,MYS,3,ADM2,Creative Commons Attribution 3.0 License,CC-BY-3.0,open,,"geoBoundaries, citypopulation.de",www.citypopulation.de/en/help/termsofuse/,2020,160
MY,MYS,4,ADM3,Creative Commons Attribution 4.0 (CC BY 4.0),CC-BY-4.0,open,,"Wikimedia Commons, geoBoundaries",commons.wikimedia.org/wiki/File,2021,1859
YT,MYT,1,ADM0,Creative Commons Attribution 4.0 International (CC BY 4.0),CC-BY-4.0,open,,Sentinel-2 10-Meter Land Use/LandCover,sentinel.esa.int/documents/247904/690755/Sentinel_Data_Legal_Notice,2021,1
YT,MYT,5,ADM4,Etalab Open License 2.0,Etalab-2.0,open,,Institut national de l'information géographique et forestière (IGN-F),geoservices.ign.fr/sites/default/files/2021-11/IGNF_ADMIN_EXPRESS_3-1.html,2022,17
NA,NAM,1,ADM0,Creative Commons Attribution 4.0 International (CC BY 4.0),CC-BY-4.0,open,,"geoBoundaries, Wikimedia",commons.wikimedia.org/wiki/File,2014,1
NA,NAM,2,ADM1,Public Domain,public-domain,open,,Natural Earth,www.naturalearthdata.com/about/terms-of-use/,2022,14
NA,NAM,3,ADM2,Public Domain,public-domain,open,,"Stanford Digital Repository, Namibia Statistics Agency",purl.stanford.edu/cs051py0596,2007,109
NC,NCL,1,ADM0,Creative Commons Attribution 4.0 International (CC BY 4.0),CC-BY-4.0,open,,raster2polygon from Sentinel-2 10m Land Cover where Image Year = 2021 / exclude gridcode = 1 (water) / dissolve / processed by IMB,sentinel.esa.int/documents/247904/690755/Sentinel_Data_Legal_Notice,2021,1
NE,NER,1,ADM0,Creative Commons Attribution-ShareAlike 2.0,,held,share-alike,"geoBoundaries, Open Street Map, Converted Lines into Polygon Layer",mapcruzin.com/free-niger-country-city-place-gis-shapefiles.htm,2017,1
NE,NER,2,ADM1,Open Data Commons Open Database License 1.0,,held,share-alike,IPUMS DHS,spatialdata.dhsprogram.com/references/subnational_data_schema.pdf,2012,6
NE,NER,3,ADM2,Creative Commons Attribution 3.0 License,CC-BY-3.0,open,,"geoBoundaries, City Population",www.citypopulation.de/termsofuse.html,2018,67
NE,NER,4,ADM3,Creative Commons Attribution 3.0 License,CC-BY-3.0,open,,"OCHA ROWCA, Open Street Map",www.citypopulation.de/termsofuse.html,2012,266
NG,NGA,1,ADM0,Creative Commons Attribution 4.0 International (CC BY 4.0),CC-BY-4.0,open,,GRID3,data.grid3.org/datasets/grid3-nigeria-state-boundaries/explore?location=8.992006%2C8.685290%2C6.82,2022,1
NG,NGA,2,ADM1,Creative Commons Attribution 4.0 International (CC BY 4.0),CC-BY-4.0,open,,GRID3,data.grid3.org/datasets/grid3-nigeria-state-boundaries/explore?location=8.992006%2C8.685290%2C6.82,2022,37
NG,NGA,3,ADM2,Creative Commons Attribution 4.0 International (CC BY 4.0),CC-BY-4.0,open,,GRID3,data.grid3.org/datasets/grid3-nigeria-local-government-area-boundaries-1/explore?location=8.959048%2C8.685290%2C6.61,2022,774
NI,NIC,1,ADM0,Public Domain,public-domain,open,,"geoBoundaries, Wikimedia",commons.wikimedia.org/wiki/File,2007,1
NI,NIC,2,ADM1,Open Data Commons Open Database License 1.0,,held,share-alike,"OpenStreetMap, Wambacher",osm-boundaries.com/,2017,17
NI,NIC,3,ADM2,Open Data Commons Open Database License 1.0,,held,share-alike,"OpenStreetMap, Wambacher",www.openstreetmap.org/copyright,2017,153
NU,NIU,1,ADM0,Creative Commons Attribution 4.0 International (CC BY 4.0),CC-BY-4.0,open,,raster2polygon from Sentinel-2 10m Land Cover where Image Year = 2021 / exclude gridcode = 1 (water) / dissolve / processed by IMB,sentinel.esa.int/documents/247904/690755/Sentinel_Data_Legal_Notice,2021,1
NU,NIU,2,ADM1,Creative Commons Attribution 4.0 International (CC BY 4.0),CC-BY-4.0,open,,Pacific Data Hub,pacificdata.org/data/dataset/2011_niu_phc_admin_boundaries,2020,14
NL,NLD,1,ADM0,CC0 1.0 Universal (CC0 1.0) Public Domain Dedication,CC0-1.0,open,,National Georegister,nationaalgeoregister.nl/geonetwork/srv/dut/catalog.search#/metadata/208bc283-7c66-4ce7-8ad3-1cf3e8933fb5?tab=general,2022,1
NL,NLD,2,ADM1,CC0 1.0 Universal (CC0 1.0) Public Domain Dedication,CC0-1.0,open,,National Georegister,nationaalgeoregister.nl/geonetwork/srv/dut/catalog.search#/metadata/208bc283-7c66-4ce7-8ad3-1cf3e8933fb5?tab=general,2022,12
NL,NLD,3,ADM2,CC0 1.0 Universal (CC0 1.0) Public Domain Dedication,CC0-1.0,open,,National Georegister,nationaalgeoregister.nl/geonetwork/srv/dut/catalog.search#/metadata/208bc283-7c66-4ce7-8ad3-1cf3e8933fb5?tab=general,2022,344
NO,NOR,1,ADM0,Open Data Commons Open Database License 1.0,,held,share-alike,"OpenStreetMap, Wambacher",www.openstreetmap.org/copyright,2017,1
NO,NOR,2,ADM1,Creative Commons Attribution 4.0 (CC BY 4.0),CC-BY-4.0,open,,Kartverket,kartkatalog.geonorge.no/metadata/administrative-enheter-fylker/6093c8a8-fa80-11e6-bc64-92361f002671,2022,11
NO,NOR,3,ADM2,Creative Commons Attribution 4.0 International (CC BY 4.0),CC-BY-4.0,open,,"Geonorge, Mapping Authority of Norway",kartkatalog.geonorge.no/metadata/kartverket/administrative-enheter/041f1e6e-bdbc-4091-b48f-8a5990f3cc5b,2013,431
NP,NPL,1,ADM0,Creative Commons Attribution 4.0 International (CC BY 4.0),CC-BY-4.0,open,,"Geoboundaries, Open Data Nepal",opendatanepal.com/dataset/new-political-and-administrative-boundaries-shapefile-of-nepal,2019,1
NP,NPL,2,ADM1,Creative Commons Attribution 3.0 Intergovernmental Organisations (CC BY 3.0 IGO),CC-BY-3.0-IGO,open,,"Survey Department of Nepal, OCHA FISS",data.humdata.org/dataset/administrative-bounadries-of-nepal,2020,7
NP,NPL,3,ADM2,Public Domain,public-domain,open,,"geoBoundaries, Wikimedia Commons",commons.wikimedia.org/wiki/File,2006,75
NP,NPL,4,ADM3,Creative Commons Attribution-ShareAlike 4.0 International License,,held,share-alike,"Open Data Nepal, Ministry of Federal Affairs and General Administration",opendatanepal.com/dataset/nepal-municipalities-wise-geographic-data-shp-geojson-topojson-kml,2019,774
NR,NRU,1,ADM0,Open Data Commons Open Database License 1.0,,held,share-alike,"OpenStreetMap, Wambacher",www.openstreetmap.org/copyright,2017,1
NR,NRU,2,ADM1,Public Domain,public-domain,open,,"geoBoundaries, FreeMapViewer",creativecommons.org/share-your-work/public-domain/,2005,14
NZ,NZL,1,ADM0,Creative Commons Attribution 4.0 International (CC BY 4.0),CC-BY-4.0,open,,NZ Stats,www.stats.govt.nz/about_us/about-this-site/copyright-terms-of-use.aspx,2017,1
NZ,NZL,2,ADM1,Creative Commons Attribution 4.0 International (CC BY 4.0),CC-BY-4.0,open,,NZ Stats,www.stats.govt.nz/about_us/about-this-site/copyright-terms-of-use.aspx,2017,17
NZ,NZL,3,ADM2,Creative Commons Attribution 4.0 International (CC BY 4.0),CC-BY-4.0,open,,Stats NZ,datafinder.stats.govt.nz/layer/105153-territorial-authority-2021-generalised/,2021,88
NZ,NZL,4,ADM3,Creative Commons Attribution 4.0 International (CC BY 4.0),CC-BY-4.0,open,,NZ Stats,www.stats.govt.nz/about_us/about-this-site/copyright-terms-of-use.aspx,2017,245
OM,OMN,1,ADM0,Open Data Commons Open Database License 1.0,,held,share-alike,"OpenStreetMap, Wambacher",www.openstreetmap.org/copyright,2017,1
OM,OMN,2,ADM1,Open Data Commons Open Database License 1.0,,held,share-alike,"OpenStreetMap, Wambacher",www.openstreetmap.org/copyright,2010,7
OM,OMN,3,ADM2,Other - Direct Permission,,held,"permission by email, not reviewed",Oman National Geographic Structure,twitter.com/WMgeoLab/status/1253068523166765056,2020,61
PK,PAK,1,ADM0,Open Data Commons Open Database License 1.0,,held,share-alike,"OpenStreetMap, Wambacher",www.openstreetmap.org/copyright,2017,1
PK,PAK,2,ADM1,Public Domain,public-domain,open,,"geoBoundaries, Wikipedia",creativecommons.org/share-your-work/public-domain/,2019,7
PK,PAK,3,ADM2,Public Domain,public-domain,open,,"geoBoundaries, Wikipedia",creativecommons.org/share-your-work/public-domain/,2019,126
PK,PAK,4,ADM3,Open Data Commons Open Database License 1.0,,held,share-alike,"Pathways Data Pvt. Ltd., https//www.pbs.gov.pk/content/population-census/",Pathways Data Pvt. Ltd.,2017,554
PA,PAN,1,ADM0,Public Domain,public-domain,open,,The World Factbook - CIA,www.cia.gov/the-world-factbook/countries/panama/map,2022,1
PA,PAN,2,ADM1,Open Data Commons Open Database License 1.0,,held,share-alike,"OpenStreetMap, Wambacher",www.openstreetmap.org/copyright,2017,13
PA,PAN,3,ADM2,Creative Commons Attribution 4.0 International (CC BY 4.0),CC-BY-4.0,open,,"Milton Solano, of the Smithsonian Tropical Research Institute, on ArcGIS online, GIS Laboratory. Smithsonian Tropical Research Institute, Panama, 2012",www.arcgis.com/home/item.html?id=8f1c5499d3a8423888454cfee5b45586,2012,76
PA,PAN,4,ADM3,Creative Commons Attribution 4.0 International (CC BY 4.0),CC-BY-4.0,open,,"Milton Solano, of the Smithsonian Tropical Research Institute, on ArcGIS online, GIS Laboratory. Smithsonian Tropical Research Institute, Panama, 2013",www.arcgis.com/home/item.html?id=339ba1515a264217805efc29ec9d144a,2012,633
PN,PCN,1,ADM0,Creative Commons Attribution 4.0 (CC BY 4.0),CC-BY-4.0,open,,Sentinel-2 10-Meter Land Use/LandCover,sentinel.esa.int/documents/247904/690755/Sentinel_Data_Legal_Notice,2021,1
PE,PER,1,ADM0,Public Domain,public-domain,open,,Wikimedia Commons,commons.wikimedia.org/wiki/File,2008,1
PE,PER,2,ADM1,Public Domain,public-domain,open,,Wikimedia Commons,commons.wikimedia.org/wiki/File,2008,26
PE,PER,3,ADM2,Creative Commons Attribution 3.0 Intergovernmental Organisations (CC BY 3.0 IGO),CC-BY-3.0-IGO,open,,"Instituto Geográfico Nacional - IGN, OCHA ROLAC",data.humdata.org/dataset/limites-de-peru,2020,196
PH,PHL,1,ADM0,Creative Commons Attribution 3.0 Intergovernmental Organisations (CC BY 3.0 IGO),CC-BY-3.0-IGO,open,,"OCHA Philippines, National Mapping and Resource Information Authority",Data https,2020,1
PH,PHL,2,ADM1,Creative Commons Attribution 3.0 Intergovernmental Organisations (CC BY 3.0 IGO),CC-BY-3.0-IGO,open,,"National Mapping and Resource Information Authority (NAMRIA), Philippines Statistics Authority (PSA), OCHA Philippines",data.humdata.org/dataset/philippines-administrative-levels-0-to-3,2020,17
PH,PHL,3,ADM2,Creative Commons Attribution 3.0 Intergovernmental Organisations (CC BY 3.0 IGO),CC-BY-3.0-IGO,open,,"National Mapping and Resource Information Authority (NAMRIA), Philippines Statistics Authority (PSA), OCHA Philippines",data.humdata.org/about/license,2020,87
PH,PHL,4,ADM3,Creative Commons Attribution 3.0 Intergovernmental Organisations (CC BY 3.0 IGO),CC-BY-3.0-IGO,open,,"National Mapping and Resource Information Authority (NAMRIA), Philippines Statistics Authority (PSA), OCHA Philippines",data.humdata.org/dataset/philippines-administrative-levels-0-to-3,2020,1647
PW,PLW,1,ADM0,Open Data Commons Open Database License 1.0,,held,share-alike,"OpenStreetMap, Wambacher",www.openstreetmap.org/copyright,2017,1
PW,PLW,2,ADM1,Open Data Commons Open Database License 1.0,,held,share-alike,"OpenStreetMap, Wambacher",www.openstreetmap.org/copyright,2017,16
PW,PLW,3,ADM2,Creative Commons Attribution 4.0 (CC BY 4.0),CC-BY-4.0,open,,"Pacific Data Hub, SPC Statistics for Development Division (SDD)",pacificdata.org/data/dataset/2015_plw_phc_admin_boundaries,2015,77
PG,PNG,1,ADM0,Open Data Commons Open Database License 1.0,,held,share-alike,"OpenStreetMap, Wambacher",www.openstreetmap.org/copyright,2017,1
PG,PNG,2,ADM1,Creative Commons Attribution 3.0 Intergovernmental Organisations (CC BY 3.0 IGO),CC-BY-3.0-IGO,open,,"Papua New Guinea National Statistics Office, OCHA ROAP",data.humdata.org/dataset/papua-new-guinea-admin-level-0-international-boundaries,2019,22
PG,PNG,3,ADM2,Creative Commons Attribution 3.0 Intergovernmental Organisations (CC BY 3.0 IGO),CC-BY-3.0-IGO,open,,"OCHA ROAP, Papua New Guinea National Statistics Office",data.humdata.org/dataset/papua-new-guinea-admin-level-0-international-boundaries,2019,87
PG,PNG,4,ADM3,Creative Commons Attribution 3.0 Intergovernmental Organisations (CC BY 3.0 IGO),CC-BY-3.0-IGO,open,,"Papua New Guinea National Statistics Office, OCHA ROAP",data.humdata.org/dataset/papua-new-guinea-admin-level-0-international-boundaries,2019,326
PL,POL,1,ADM0,Other - Humanitarian,,held,not reviewed,Wiki Commons Media,creativecommons.org/licenses/by/2.0/deed.en,2011,1
PL,POL,2,ADM1,Open Data Commons Open Database License 1.0,,held,share-alike,"OpenStreetMap, Wambacher",www.openstreetmap.org/copyright,2017,16
PL,POL,3,ADM2,Open Data Commons Open Database License 1.0,,held,share-alike,"Geoboundaries, OpenStreetMap",www.openstreetmap.org/copyright,2017,380
PL,POL,4,ADM3,Creative Commons Attribution-ShareAlike 2.0,,held,share-alike,"OpenStreetMap, Wambacher",www.openstreetmap.org/copyright,2017,2480
PR,PRI,3,ADM2,Public Domain,public-domain,open,,"United States Census Bureau, MAF/TIGER",www.census.gov/about/policies/open-gov/open-data.html,2021,78
PR,PRI,4,ADM3,Public Domain,public-domain,open,,"United States Census Bureau, MAF/TIGER",www.census.gov/about/policies/open-gov/open-data.html,2021,901
KP,PRK,1,ADM0,Creative Commons Attribution 3.0 Intergovernmental Organisations (CC BY 3.0 IGO),CC-BY-3.0-IGO,open,,"World Food Programme, OCHA ROAP",data.humdata.org/dataset/dpr-korea-administrative-boundaries,2018,1
KP,PRK,2,ADM1,Creative Commons Attribution 3.0 Intergovernmental Organisations (CC BY 3.0 IGO),CC-BY-3.0-IGO,open,,"World Food Programme, OCHA ROAP",data.humdata.org/dataset/dpr-korea-administrative-boundaries,2018,11
KP,PRK,3,ADM2,Creative Commons Attribution 3.0 Intergovernmental Organisations (CC BY 3.0 IGO),CC-BY-3.0-IGO,open,,"World Food Programme, OCHA ROAP",data.humdata.org/dataset/dpr-korea-administrative-boundaries,2019,179
PT,PRT,1,ADM0,Open Data Commons Open Database License 1.0,,held,share-alike,DG Territory,snig.dgterritorio.gov.pt/rndg/srv/por/catalog.search#/metadata/5e3debf1-6cde-4ff2-8301-a86799231906,2016,1
PT,PRT,2,ADM1,Open Data Commons Open Database License 1.0,,held,share-alike,DG Territory,snig.dgterritorio.gov.pt/rndg/srv/por/catalog.search#/metadata/5e3debf1-6cde-4ff2-8301-a86799231907,2016,20
PT,PRT,3,ADM2,CC0 1.0 Universal (CC0 1.0) Public Domain Dedication,CC0-1.0,open,,Wikipedia,en.wikipedia.org/wiki/File,2020,311
PT,PRT,4,ADM3,CC0 1.0 Universal (CC0 1.0) Public Domain Dedication,CC0-1.0,open,,"geoBoundaries, DG Territory",snig.dgterritorio.gov.pt/rndg/srv/por/catalog.search#/metadata/5e3debf1-6cde-4ff2-8301-a86799231909,2021,2905
PY,PRY,1,ADM0,Creative Commons Attribution 4.0 International (CC BY 4.0),CC-BY-4.0,open,,"Direcion General de Estadica, Encuestas y Censos",twitter.com/WMgeoLab/status/1179001467669078017/photo/1,2012,1
PY,PRY,2,ADM1,Creative Commons Attribution 4.0 International (CC BY 4.0),CC-BY-4.0,open,,"Direcion General de Estadica, Encuestas y Censos",twitter.com/WMgeoLab/status/1179001467669078017/photo/2,2012,18
PY,PRY,3,ADM2,Creative Commons Attribution 4.0 (CC BY 4.0),CC-BY-4.0,open,,"Direcion General de Estadica, Encuestas y Censos",twitter.com/WMgeoLab/status/1179001467669078017/photo/3,2012,247
PS,PSE,1,ADM0,Creative Commons Attribution 4.0 International (CC BY 4.0),CC-BY-4.0,open,,raster2polygon from Sentinel-2 10m Land Cover where Image Year = 2021 / exclude gridcode = 1 (water) / dissolve / erase adm0 overlap / processed by IMB,sentinel.esa.int/documents/247904/690755/Sentinel_Data_Legal_Notice,2021,1
PS,PSE,2,ADM1,Creative Commons Attribution 4.0 (CC BY 4.0),CC-BY-4.0,open,,"geoBoundaries, Open Data Watch",opendatawatch.com/publications/open-data-to-support-sustainable-development-goals/,2021,2
PS,PSE,3,ADM2,Creative Commons Attribution 4.0 (CC BY 4.0),CC-BY-4.0,open,,Open Data Watch,opendatawatch.com/publications/open-data-to-support-sustainable-development-goals/,2017,16
PF,PYF,1,ADM0,Creative Commons Attribution 4.0 International (CC BY 4.0),CC-BY-4.0,open,,raster2polygon from Sentinel-2 10m Land Cover where Image Year = 2021 / exclude gridcode = 1 (water) / dissolve / processed by IMB,sentinel.esa.int/documents/247904/690755/Sentinel_Data_Legal_Notice,2021,1
QA,QAT,1,ADM0,Open Data Commons Open Database License 1.0,,held,share-alike,"Open Street Map, Wambacher (https//wambachers-osm.website/boundaries/)",wiki.openstreetmap.org/wiki/Legal_FAQ#What_is_the_license_for_OpenStreetMap.27s_geodata.3F,2017,1
QA,QAT,2,ADM1,Creative Commons Attribution 4.0 International (CC BY 4.0),CC-BY-4.0,open,,"geoBoundaries, Qatar Open Data Portal",www.data.gov.qa/pages/license/annexes,2015,8
QA,QAT,3,ADM2,Creative Commons Attribution 4.0 International (CC BY 4.0),CC-BY-4.0,open,,"geoBoundaries, Qatar Open Data Portal",www.data.gov.qa/pages/license/annexes,2015,79
RE,REU,1,ADM0,Creative Commons Attribution 4.0 International (CC BY 4.0),CC-BY-4.0,open,,raster2polygon from Sentinel-2 10m Land Cover where Image Year = 2021 / exclude gridcode = 1 (water) / dissolve / processed by IMB,sentinel.esa.int/documents/247904/690755/Sentinel_Data_Legal_Notice,2021,1
RE,REU,4,ADM3,Etalab Open License 2.0,Etalab-2.0,open,,Institut national de l'information géographique et forestière (IGN-F),geoservices.ign.fr/sites/default/files/2021-11/IGNF_ADMIN_EXPRESS_3-1.html,2022,4
RE,REU,5,ADM4,Etalab Open License 2.0,Etalab-2.0,open,,Institut national de l'information géographique et forestière (IGN-F),geoservices.ign.fr/sites/default/files/2021-11/IGNF_ADMIN_EXPRESS_3-1.html,2022,24
RO,ROU,1,ADM0,Creative Commons Attribution 3.0 License,CC-BY-3.0,open,,"StatSilk, geoBoundaries",www.statsilk.com/license,2018,1
RO,ROU,2,ADM1,Creative Commons Attribution 4.0 International (CC BY 4.0),CC-BY-4.0,open,,World Bank,data.worldbank.org/summary-terms-of-use,2017,42
RO,ROU,3,ADM2,Creative Commons Attribution 4.0 International (CC BY 4.0),CC-BY-4.0,open,,Agentia Nationala de Cadastru si Publicitate Imobiliara,data.gov.ro/pages/licence,2016,3235
RU,RUS,1,ADM0,Open Data Commons Open Database License 1.0,,held,share-alike,"geoBoundaries, OpenStreetMap",www.openstreetmap.org/copyright,2017,1
RU,RUS,2,ADM1,Open Data Commons Open Database License 1.0,,held,share-alike,"OpenStreetMap, Wambacher",www.openstreetmap.org/copyright,2017,83
RU,RUS,3,ADM2,Open Data Commons Open Database License 1.0,,held,share-alike,"OpenStreetMap, Wambacher",www.openstreetmap.org/copyright,2017,2328
RW,RWA,1,ADM0,Creative Commons Attribution 4.0 (CC BY 4.0),CC-BY-4.0,open,,Sentinel-2 10-Meter Land Use/LandCover,sentinel.esa.int/documents/247904/690755/Sentinel_Data_Legal_Notice,2021,1
RW,RWA,2,ADM1,Creative Commons Attribution 4.0 (CC BY 4.0),CC-BY-4.0,open,,The Rwanda Geo Portal,rwanda.africageoportal.com/datasets/dac12729b2cd4f0db92fddaa6a80460d_0,2020,5
RW,RWA,3,ADM2,Creative Commons Attribution 4.0 International (CC BY 4.0),CC-BY-4.0,open,,Open Data Rwanda,www.statistics.gov.rw/terms-use,2012,30
RW,RWA,4,ADM3,Creative Commons Attribution 4.0 International (CC BY 4.0),CC-BY-4.0,open,,Open Data Rwanda,www.statistics.gov.rw/terms-use,2012,416
RW,RWA,5,ADM4,Creative Commons Attribution 4.0 International (CC BY 4.0),CC-BY-4.0,open,,Open Data Rwanda,www.statistics.gov.rw/terms-use,2012,2148
RW,RWA,6,ADM5,Creative Commons Attribution 4.0 International (CC BY 4.0),CC-BY-4.0,open,,The World Bank,datacatalog.worldbank.org/search/dataset/0041453,2012,14815
SA,SAU,1,ADM0,Open Data Commons Open Database License 1.0,,held,share-alike,"OpenStreetMap, Wambacher",www.openstreetmap.org/copyright,2017,1
SA,SAU,2,ADM1,Open Data Commons Open Database License 1.0,,held,share-alike,"OpenStreetMap, Wambacher",www.openstreetmap.org/copyright,2017,13
SA,SAU,3,ADM2,Creative Commons Attribution-ShareAlike 2.0,,held,share-alike,"geoBoundaries, OpenStreetMap",www.openstreetmap.org/copyright,2021,147
SD,SDN,1,ADM0,Creative Commons Attribution 3.0 Intergovernmental Organisations (CC BY 3.0 IGO),CC-BY-3.0-IGO,open,,"Information Management Working Group (IMWG), OCHA ROSEA",data.humdata.org/dataset/sudan-administrative-boundaries-levels-0-2,2020,1
SD,SDN,2,ADM1,Creative Commons Attribution 3.0 Intergovernmental Organisations (CC BY 3.0 IGO),CC-BY-3.0-IGO,open,,"Information Management Working Group (IMWG), OCHA ROSEA",data.humdata.org/dataset/sudan-administrative-boundaries-levels-0-2,2020,19
SD,SDN,3,ADM2,Creative Commons Attribution 3.0 Intergovernmental Organisations (CC BY 3.0 IGO),CC-BY-3.0-IGO,open,,"OCHA ROSEA, Information Management Working Group",data.humdata.org/dataset/sudan-administrative-boundaries-levels-0-2,2020,189
SN,SEN,1,ADM0,Creative Commons Attribution 3.0 Intergovernmental Organisations (CC BY 3.0 IGO),CC-BY-3.0-IGO,open,,"Government of Senegal, OCHA ROWCA",data.humdata.org/dataset/senegal-administrative-boundaries,2019,1
SN,SEN,2,ADM1,Creative Commons Attribution 3.0 Intergovernmental Organisations (CC BY 3.0 IGO),CC-BY-3.0-IGO,open,,"Government of Senegal, OCHA ROWCA",data.humdata.org/dataset/senegal-administrative-boundaries,2019,14
SN,SEN,3,ADM2,Creative Commons Attribution 3.0 Intergovernmental Organisations (CC BY 3.0 IGO),CC-BY-3.0-IGO,open,,"Government of Senegal, OCHA ROWCA",data.humdata.org/dataset/senegal-administrative-boundaries,2019,45
SN,SEN,4,ADM3,Creative Commons Attribution 3.0 Intergovernmental Organisations (CC BY 3.0 IGO),CC-BY-3.0-IGO,open,,"Government of Senegal, OCHA ROWCA",data.humdata.org/dataset/senegal-administrative-boundaries,2019,121
SG,SGP,1,ADM0,Open Data Commons Open Database License 1.0,,held,share-alike,"Urban Redevelopment Authority, derived from ADM 3",data.gov.sg/dataset/master-plan-2014-subzone-boundary-no-sea,2016,1
SG,SGP,2,ADM1,Open Data Commons Open Database License 1.0,,held,share-alike,"Urban Redevelopment Authority, derived from ADM 3",data.gov.sg/dataset/master-plan-2014-subzone-boundary-no-sea,2016,5
SG,SGP,3,ADM2,Singapore Open Data License Version 1.0,SG-Open-Data-1.0,open,,"geoBoundaries, Urban Redevelopment Authority",data.gov.sg/dataset/master-plan-2014-subzone-boundary-no-sea,2016,55
SH,SHN,1,ADM0,Creative Commons Attribution 4.0 International (CC BY 4.0),CC-BY-4.0,open,,raster2polygon from Sentinel-2 10m Land Cover where Image Year = 2021 / exclude gridcode = 1 (water) / dissolve / processed by IMB,sentinel.esa.int/documents/247904/690755/Sentinel_Data_Legal_Notice,2021,1
SB,SLB,1,ADM0,Public Domain,public-domain,open,,Natural Earth,www.naturalearthdata.com/about/terms-of-use/,2021,1
SB,SLB,2,ADM1,Public Domain,public-domain,open,,Natural Earth,www.naturalearthdata.com/about/terms-of-use/,2021,10
SB,SLB,3,ADM2,Creative Commons Attribution 3.0 Intergovernmental Organisations (CC BY 3.0 IGO),CC-BY-3.0-IGO,open,,"Solomon Islands National Statistics Office (SINSO), OCHA ROAP",data.humdata.org/dataset/solomon-islands-administrative-level-0-1-2-and-3-boundary-polygons,2018,50
SB,SLB,4,ADM3,Other - Direct Permission,,held,"permission by email, not reviewed",POPGIS,twitter.com/WMgeoLab/status/1196550630023651328/photo/2,2014,183
SB,SLB,5,ADM4,Other - Direct Permission,,held,"permission by email, not reviewed",POPGIS,twitter.com/WMgeoLab/status/1196550630023651328/photo/3,2014,1344
SL,SLE,1,ADM0,Creative Commons Attribution 4.0 (CC BY 4.0),CC-BY-4.0,open,,"openAfrica, geoBoundaries",africaopendata.org/dataset/sierra-leone-admin-level-4-boundaries,2016,1
SL,SLE,2,ADM1,Creative Commons Attribution 3.0 Intergovernmental Organisations (CC BY 3.0 IGO),CC-BY-3.0-IGO,open,,"Government of Sierra Leone, OCHA ROWCA",data.humdata.org/dataset/sierra-leone-all-ad-min-level-boundaries,2014,4
SL,SLE,3,ADM2,Creative Commons Attribution 3.0 Intergovernmental Organisations (CC BY 3.0 IGO),CC-BY-3.0-IGO,open,,"Government of Sierra Leone, OCHA ROWCA",data.humdata.org/dataset/sierra-leone-all-ad-min-level-boundaries,2017,14
SL,SLE,4,ADM3,Creative Commons Attribution 4.0 (CC BY 4.0),CC-BY-4.0,open,,"openAfrica, geoBoundaries",africaopendata.org/dataset/sierra-leone-admin-level-4-boundaries,2016,165
SL,SLE,5,ADM4,Creative Commons Attribution 4.0 (CC BY 4.0),CC-BY-4.0,open,,openAfrica,africaopendata.org/dataset/sierra-leone-admin-level-4-boundaries,2016,1322
SV,SLV,1,ADM0,Creative Commons Attribution-ShareAlike 2.0,,held,share-alike,Open Street Map,osm-boundaries.com/,2021,1
SV,SLV,2,ADM1,Creative Commons Attribution-ShareAlike 2.0,,held,share-alike,Open Street Map,osm-boundaries.com/,2021,14
SV,SLV,3,ADM2,Public Domain,public-domain,open,,geoBoundaries,commons.wikimedia.org/wiki/File,2007,272
SM,SMR,1,ADM0,Open Data Commons Open Database License 1.0,,held,share-alike,"OpenStreetMap, Wambacher",www.openstreetmap.org/copyright,2017,1
SM,SMR,2,ADM1,Open Data Commons Open Database License 1.0,,held,share-alike,"OpenStreetMap, Wambacher",www.openstreetmap.org/copyright,2017,9
SO,SOM,1,ADM0,Creative Commons Attribution 3.0 Intergovernmental Organisations (CC BY 3.0 IGO),CC-BY-3.0-IGO,open,,"United National Development Programme (UNDP), OCHA Somalia",data.humdata.org/dataset/somalia-administrative-boundaries,2021,1
SO,SOM,2,ADM1,Open Data Commons Open Database License 1.0,,held,share-alike,"OpenStreetMap, Wambacher",www.openstreetmap.org/copyright,2015,18
SO,SOM,3,ADM2,Creative Commons Attribution 4.0 (CC BY 4.0),CC-BY-4.0,open,,"Global Polio Eradication Initiative (GPEI), Frank Salet",polioeradication.org/,2022,118
RS,SRB,1,ADM0,Open Data Commons Open Database License 1.0,,held,share-alike,"OpenStreetMap, Wambacher",www.openstreetmap.org/copyright,2017,1
RS,SRB,2,ADM1,Open Data Commons Open Database License 1.0,,held,share-alike,"OpenStreetMap, Wambacher",www.openstreetmap.org/copyright,2017,25
RS,SRB,3,ADM2,Open Data Commons Open Database License 1.0,,held,share-alike,"OpenStreetMap, Wambacher",www.openstreetmap.org/copyright,2017,145
SS,SSD,1,ADM0,Creative Commons Attribution 3.0 Intergovernmental Organisations (CC BY 3.0 IGO),CC-BY-3.0-IGO,open,,"South Sudan Information Management Working Group (IMWG), National Bureau of Statistics (NBS), and OCHA, OCHA South Sudan",data.humdata.org/about/license,2020,1
SS,SSD,2,ADM1,Creative Commons Attribution 3.0 Intergovernmental Organisations (CC BY 3.0 IGO),CC-BY-3.0-IGO,open,,"South Sudan Information Management Working Group (IMWG), National Bureau of Statistics (NBS), and OCHA, OCHA South Sudan",data.humdata.org/dataset/south-sudan-administrative-boundaries,2020,10
SS,SSD,3,ADM2,Creative Commons Attribution 3.0 Intergovernmental Organisations (CC BY 3.0 IGO),CC-BY-3.0-IGO,open,,"South Sudan Information Management Working Group (IMWG), National Bureau of Statistics (NBS), and OCHA, OCHA South Sudan",data.humdata.org/dataset/south-sudan-administrative-boundaries,2020,78
ST,STP,1,ADM0,Open Data Commons Open Database License 1.0,,held,share-alike,"OpenStreetMap, Wambacher",www.openstreetmap.org/copyright,2017,1
ST,STP,2,ADM1,Open Data Commons Open Database License 1.0,,held,share-alike,"OpenStreetMap, Wambacher",www.openstreetmap.org/copyright,2017,2
ST,STP,3,ADM2,Open Data Commons Open Database License 1.0,,held,share-alike,"geoBoundaries, OpenStreetMap",www.openstreetmap.org/copyright,2017,7
SR,SUR,1,ADM0,Open Data Commons Open Database License 1.0,,held,share-alike,"OpenStreetMap, Wambacher",www.openstreetmap.org/copyright,2017,1
SR,SUR,2,ADM1,Open Data Commons Open Database License 1.0,,held,share-alike,"OpenStreetMap, Wambacher",www.openstreetmap.org/copyright,2017,10
SR,SUR,3,ADM2,Public Domain,public-domain,open,,"geoBoundaries, Wikimedia Commons",commons.wikimedia.org/wiki/File,2021,62
SK,SVK,1,ADM0,Open Data Commons Open Database License 1.0,,held,share-alike,"OpenStreetMap, Wambacher",www.openstreetmap.org/copyright,2017,1
SK,SVK,2,ADM1,Open Data Commons Open Database License 1.0,,held,share-alike,"OpenStreetMap, Wambacher",www.openstreetmap.org/copyright,2017,8
SK,SVK,3,ADM2,Open Data Commons Open Database License 1.0,,held,share-alike,"OpenStreetMap, Wambacher",www.openstreetmap.org/copyright,2017,79
SK,SVK,4,ADM3,Open Data Commons Open Database License 1.0,,held,share-alike,"OpenStreetMap, Wambacher",www.openstreetmap.org/copyright,2017,2941
SK,SVK,5,ADM4,Open Data Commons Open Database License 1.0,,held,share-alike,"OpenStreetMap, Wambacher",www.openstreetmap.org/copyright,2017,3695
SI,SVN,1,ADM0,Public Domain,public-domain,open,,"geoBoundaries, Wikipedia",commons.wikimedia.org/wiki,2009,1
SI,SVN,2,ADM1,Creative Commons Attribution 4.0 (CC BY 4.0),CC-BY-4.0,open,,Eurostat- European Commission,ec.europa.eu/info/legal-notice_en,2021,2
SI,SVN,3,ADM2,Open Data Commons Open Database License 1.0,,held,share-alike,"OpenStreetMap, Wambacher",www.openstreetmap.org/copyright,2017,213
SE,SWE,1,ADM0,Open Government Licence v3.0,OGL-UK-3.0,open,,"Open Data Soft, World Food Programme",www.nationalarchives.gov.uk/doc/open-government-licence/version/3/,2019,1
SE,SWE,2,ADM1,Creative Commons Attribution 3.0 License,CC-BY-3.0,open,,"geoBoundaries, Erik Frohne",commons.wikimedia.org/w/index.php?curid=5675559,2009,21
SE,SWE,3,ADM2,CC0 1.0 Universal (CC0 1.0) Public Domain Dedication,CC0-1.0,open,,"geoBoundaries, Wikimedia Commons",commons.wikimedia.org/wiki/File,2017,290
SE,SWE,4,ADM3,Public Domain,public-domain,open,,"Lantmateriet, Statistics Sweden",www.lantmateriet.se/sv/Kartor-och-geografisk-information/oppna-data/?faq=d3f4,2018,2652
SZ,SWZ,1,ADM0,Open Data Commons Open Database License 1.0,,held,share-alike,"OpenStreetMap, Wambacher",www.openstreetmap.org/copyright,2017,1
SZ,SWZ,2,ADM1,Open Data Commons Open Database License 1.0,,held,share-alike,"OpenStreetMap, Wambacher",www.openstreetmap.org/copyright,2017,4
SZ,SWZ,3,ADM2,Open Data Commons Open Database License 1.0,,held,share-alike,"OpenStreetMap, Wambacher",www.openstreetmap.org/copyright,2017,53
SC,SYC,1,ADM0,Open Data Commons Open Database License 1.0,,held,share-alike,"OpenStreetMap, Wambacher",www.openstreetmap.org/copyright,2017,1
SC,SYC,2,ADM1,Creative Commons Attribution-ShareAlike 3.0 Unported,,held,share-alike,"Digitizedhttps, Digitizedhttps",commons.wikimedia.org/wiki/File,2018,26
SC,SYC,3,ADM2,Creative Commons Attribution 4.0 International (CC BY 4.0),CC-BY-4.0,open,,"Seychelles National Bureau of Statistics, OCHA ROSEA",data.humdata.org/dataset/seychelles-subnational-administrative-boundaries,2020,8
SC,SYC,4,ADM3,Creative Commons Attribution 4.0 International (CC BY 4.0),CC-BY-4.0,open,,"Seychelles National Bureau of Statistics, OCHA ROSEA",data.humdata.org/dataset/seychelles-subnational-administrative-boundaries,2020,27
SY,SYR,1,ADM0,Open Data Commons Open Database License 1.0,,held,share-alike,"OpenStreetMap, Wambacher",www.openstreetmap.org/copyright,2017,1
SY,SYR,2,ADM1,Creative Commons Attribution 3.0 Intergovernmental Organisations (CC BY 3.0 IGO),CC-BY-3.0-IGO,open,,"United Nations Cartographic Section (UNCS) and United Nations Office for the Coordination of Humanitarian Affairs (UNOCHA), OCHA ROSC",data.humdata.org/dataset/syrian-arab-republic-administrative-boundaries-populated-places,2017,14
SY,SYR,3,ADM2,Creative Commons Attribution 3.0 Intergovernmental Organisations (CC BY 3.0 IGO),CC-BY-3.0-IGO,open,,"United Nations Cartographic Section (UNCS) and United Nations Office for the Coordination of Humanitarian Affairs (UNOCHA), OCHA ROSC",data.humdata.org/dataset/syrian-arab-republic-administrative-boundaries-populated-places,2017,61
SY,SYR,4,ADM3,Creative Commons Attribution 3.0 Intergovernmental Organisations (CC BY 3.0 IGO),CC-BY-3.0-IGO,open,,"United Nations Cartographic Section (UNCS) and United Nations Office for the Coordination of Humanitarian Affairs (UNOCHA), OCHA ROSC",data.humdata.org/dataset/syrian-arab-republic-administrative-boundaries-populated-places,2017,272
TC,TCA,1,ADM0,Creative Commons Attribution 4.0 International (CC BY 4.0),CC-BY-4.0,open,,raster2polygon from Sentinel-2 10m Land Cover where Image Year = 2021 / exclude gridcode = 1 (water) / dissolve / processed by IMB,sentinel.esa.int/documents/247904/690755/Sentinel_Data_Legal_Notice,2021,1
TD,TCD,1,ADM0,Open Data Commons Open Database License 1.0,,held,share-alike,"OpenStreetMap, Wambacher",www.openstreetmap.org/copyright,2017,1
TD,TCD,2,ADM1,Open Data Commons Open Database License 1.0,,held,share-alike,"OpenStreetMap, Wambacher",www.openstreetmap.org/copyright,2017,23
TD,TCD,3,ADM2,Creative Commons Attribution 3.0 Intergovernmental Organisations (CC BY 3.0 IGO),CC-BY-3.0-IGO,open,,"OCHA Chad, OCHA Chad",data.humdata.org/dataset/chad-admin-boundaries-admin-1-and-admin-2,2019,70
TG,TGO,1,ADM0,Open Data Commons Open Database License 1.0,,held,share-alike,"OpenStreetMap, Wambacher",www.openstreetmap.org/copyright,2017,1
TG,TGO,2,ADM1,Open Data Commons Open Database License 1.0,,held,share-alike,"OpenStreetMap, Wambacher",www.openstreetmap.org/copyright,2017,5
TG,TGO,3,ADM2,Creative Commons Attribution-ShareAlike 2.0,,held,share-alike,"OpenStreetMap, Wambacher",www.openstreetmap.org/copyright,2017,37
TH,THA,1,ADM0,Open Data Commons Open Database License 1.0,,held,share-alike,"OpenStreetMap, Wambacher",www.openstreetmap.org/copyright,2017,1
TH,THA,2,ADM1,Open Data Commons Open Database License 1.0,,held,share-alike,"OpenStreetMap, Wambacher",www.openstreetmap.org/copyright,2017,77
TH,THA,3,ADM2,Creative Commons Attribution 3.0 Intergovernmental Organisations (CC BY 3.0 IGO),CC-BY-3.0-IGO,open,,"Royal Thai Survey Department, OCHA ROAP",data.humdata.org/dataset/thailand-administrative-boundaries,2019,928
TJ,TJK,1,ADM0,Open Data Commons Open Database License 1.0,,held,share-alike,"OpenStreetMap, Wambacher",www.openstreetmap.org/copyright,2017,1
TJ,TJK,2,ADM1,Open Data Commons Open Database License 1.0,,held,share-alike,"OpenStreetMap, Wambacher",www.openstreetmap.org/copyright,2017,5
TJ,TJK,3,ADM2,Open Data Commons Open Database License 1.0,,held,share-alike,"OpenStreetMap, Wambacher",www.openstreetmap.org/copyright,2017,58
TK,TKL,1,ADM0,Creative Commons Attribution 4.0 International (CC BY 4.0),CC-BY-4.0,open,,raster 2 polygon from Sentinel-2 10m Land Cover where Image Year = 2022 / exclude gridcode = 1 (water) / dissolve,livingatlas.arcgis.com/landcover/,2022,1
TM,TKM,1,ADM0,Public Domain,public-domain,open,,"geoBoundaries, Wikimedia",commons.wikimedia.org/wiki/File,2007,1
TM,TKM,2,ADM1,Public Domain,public-domain,open,,"geoBoundaries, Wikimedia",commons.wikimedia.org/wiki/File,2007,6
TM,TKM,3,ADM2,Creative Commons Attribution-ShareAlike 3.0 Unported,,held,share-alike,CIESIN,sedac.ciesin.columbia.edu/data/set/grump-v1-population-density/maps/7,2009,66
TL,TLS,1,ADM0,Open Data Commons Open Database License 1.0,,held,share-alike,"OpenStreetMap, Wambacher",www.openstreetmap.org/copyright,2017,1
TL,TLS,2,ADM1,Open Data Commons Open Database License 1.0,,held,share-alike,"OpenStreetMap, Wambacher",www.openstreetmap.org/copyright,2017,13
TL,TLS,3,ADM2,Creative Commons Attribution 3.0 Intergovernmental Organisations (CC BY 3.0 IGO),CC-BY-3.0-IGO,open,,"WHO, OCHA ROAP",data.humdata.org/dataset/timor-leste-administrative-boundaries-levels-0-3,2020,65
TO,TON,1,ADM0,Open Data Commons Open Database License 1.0,,held,share-alike,"OpenStreetMap, Wambacher",www.openstreetmap.org/copyright,2017,1
TO,TON,2,ADM1,Open Data Commons Open Database License 1.0,,held,share-alike,"OpenStreetMap, Wambacher",www.openstreetmap.org/copyright,2017,5
TO,TON,3,ADM2,Creative Commons Attribution 4.0 International (CC BY 4.0),CC-BY-4.0,open,,Pacific Data Hub,pacificdata.org/data/geographic_data/2016_ton_phc_admin_boundaries/resource/a825b058-0932-48ac-a3e2-9ec316e89372,2020,23
TT,TTO,1,ADM0,Open Data Commons Open Database License 1.0,,held,share-alike,"OpenStreetMap, Wambacher",www.openstreetmap.org/copyright,2017,1
TT,TTO,2,ADM1,Open Data Commons Open Database License 1.0,,held,share-alike,"OpenStreetMap, Wambacher",www.openstreetmap.org/copyright,2017,14
TN,TUN,1,ADM0,Open Data Commons Open Database License 1.0,,held,share-alike,"OpenStreetMap, Wambacher",www.openstreetmap.org/copyright,2017,1
TN,TUN,2,ADM1,Open Data Commons Open Database License 1.0,,held,share-alike,"OpenStreetMap, Wambacher",www.openstreetmap.org/copyright,2017,24
TN,TUN,3,ADM2,Open Data Commons Open Database License 1.0,,held,share-alike,"OpenStreetMap, Wambacher",www.openstreetmap.org/copyright,2017,264
TN,TUN,4,ADM3,Open Data Commons Open Database License 1.0,,held,share-alike,"OpenStreetMap, Wambacher",www.openstreetmap.org/copyright,2017,2083
TR,TUR,1,ADM0,Creative Commons Attribution-ShareAlike 2.0,,held,share-alike,Open Street Map,www.openstreetmap.org/copyright,2021,1
TR,TUR,2,ADM1,Creative Commons Attribution-ShareAlike 2.0,,held,share-alike,Open Street Map,www.openstreetmap.org/copyright,2021,81
TR,TUR,3,ADM2,Open Data Commons Open Database License 1.0,,held,share-alike,"OpenStreetMap, OSM Boundaries",www.openstreetmap.org/copyright,2021,999
TV,TUV,1,ADM0,Open Data Commons Open Database License 1.0,,held,share-alike,"OpenStreetMap, Wambacher",www.openstreetmap.org/copyright,2017,1
TV,TUV,2,ADM1,Open Data Commons Open Database License 1.0,,held,share-alike,"OpenStreetMap, Wambacher",www.openstreetmap.org/copyright,2017,8
TV,TUV,3,ADM2,Creative Commons Attribution 4.0 International (CC BY 4.0),CC-BY-4.0,open,,Pacific Data Hub,pacificdata.org/data/geographic_data/2017_tuv_phc_admin_boundaries/resource/9eefabe8-d129-44ee-a3a4-7f93a24b2349,2017,34
TV,TUV,4,ADM3,Other - Direct Permission,,held,"permission by email, not reviewed",POPGIS,twitter.com/WMgeoLab/status/1196561929726128128/photo/2,2014,69
TW,TWN,1,ADM0,Pixabay License for Content,,held,terms not reviewed,"geoBoundaries, Pixabay",pixabay.com/vectors/taiwan-map-roc-republic-of-china-33713/,2012,1
TW,TWN,2,ADM1,Open Data Commons Open Database License 1.0,,held,share-alike,"OpenStreetMap, Wambacher",www.openstreetmap.org/copyright,2017,22
TW,TWN,3,ADM2,Creative Commons Attribution-ShareAlike 2.0,,held,share-alike,"OpenStreetMap, Wambacher",www.openstreetmap.org/copyright,2017,369
TZ,TZA,1,ADM0,Creative Commons Attribution 4.0 (CC BY 4.0),CC-BY-4.0,open,,Sentinel-2 10-Meter Land Use/LandCover,sentinel.esa.int/documents/247904/690755/Sentinel_Data_Legal_Notice,2021,1
TZ,TZA,2,ADM1,Open Data Commons Open Database License 1.0,,held,share-alike,"OpenStreetMap, Wambacher",www.openstreetmap.org/copyright,2015,30
TZ,TZA,3,ADM2,Creative Commons Attribution 3.0 Intergovernmental Organisations (CC BY 3.0 IGO),CC-BY-3.0-IGO,open,,"Tanzania National Bureau of Statistics / UN OCHA ROSA, OCHA ROSA",data.humdata.org/dataset/tanzania-administrative-boundaries-level-1-to-3-regions-districts-and-wards-with-2012-population,2021,170
TZ,TZA,4,ADM3,Open Data Commons Open Database License 1.0,,held,share-alike,OpenStreetMap,web.archive.org/web/20190717210922/http,2015,3644
UG,UGA,1,ADM0,Open Data Commons Open Database License 1.0,,held,share-alike,"OpenStreetMap, Wambacher",www.openstreetmap.org/copyright,2017,1
UG,UGA,2,ADM1,Open Data Commons Open Database License 1.0,,held,share-alike,"OpenStreetMap, Wambacher",www.openstreetmap.org/copyright,2017,4
UG,UGA,3,ADM2,Public Domain,public-domain,open,,"geoBoundaries, Wikimedia Commons",commons.wikimedia.org/wiki/File,2006,151
UG,UGA,4,ADM3,CC0 1.0 Universal (CC0 1.0) Public Domain Dedication,CC0-1.0,open,,"Wikimedia Commons, Wikimedia Commons",commons.wikimedia.org/w/index.php?search=districts+of+uganda&title=Special,2020,137
UG,UGA,5,ADM4,Creative Commons Attribution 3.0 Intergovernmental Organisations (CC BY 3.0 IGO),CC-BY-3.0-IGO,open,,"Operational Data Portal Refugee Situations, UNHCR",data.unhcr.org/en/documents/details/76498,2019,1521
UA,UKR,1,ADM0,Open Data Commons Open Database License 1.0,,held,share-alike,"OpenStreetMap, Wambacher",www.openstreetmap.org/copyright,2017,1
UA,UKR,2,ADM1,Open Data Commons Open Database License 1.0,,held,share-alike,"OpenStreetMap, Wambacher",www.openstreetmap.org/copyright,2017,27
UA,UKR,3,ADM2,Public Domain,public-domain,open,,"geoBoundaries, Wikimedia Commons",en.wikipedia.org/wiki/File,2006,495
UA,UKR,4,ADM3,Creative Commons Attribution-ShareAlike 2.0,,held,share-alike,Open Street Map,www.openstreetmap.org/copyright,2021,10375
UY,URY,1,ADM0,Open Data Commons Open Database License 1.0,,held,share-alike,"OpenStreetMap, Wambacher",www.openstreetmap.org/copyright,2017,1
UY,URY,2,ADM1,Open Data Commons Open Database License 1.0,,held,share-alike,"OpenStreetMap, Wambacher",www.openstreetmap.org/copyright,2017,19
UY,URY,3,ADM2,Creative Commons Attribution-ShareAlike 3.0 Unported,,held,share-alike,"geoBoundaries, Wikimedia Commons",commons.wikimedia.org/wiki/Category,2013,124
US,USA,1,ADM0,Public Domain,public-domain,open,,"United States Census Bureau, MAF/TIGER Database",www.census.gov/programs-surveys/geography/technical-documentation/naming-convention/cartographic-boundary-file.html,2018,1
US,USA,2,ADM1,Public Domain,public-domain,open,,"United States Census Bureau, MAF/TIGER Database",www.census.gov/programs-surveys/geography/technical-documentation/naming-convention/cartographic-boundary-file.html,2018,56
US,USA,3,ADM2,Public Domain,public-domain,open,,"United States Census Bureau, MAF/TIGER Database",www.census.gov/programs-surveys/geography/technical-documentation/naming-convention/cartographic-boundary-file.html,2018,3233
UZ,UZB,1,ADM0,Open Data Commons Open Database License 1.0,,held,share-alike,"OpenStreetMap, Wambacher",www.openstreetmap.org/copyright,2017,1
UZ,UZB,2,ADM1,Open Data Commons Open Database License 1.0,,held,share-alike,"OpenStreetMap, Wambacher",www.openstreetmap.org/copyright,2017,14
UZ,UZB,3,ADM2,Creative Commons Attribution 3.0 Intergovernmental Organisations (CC BY 3.0 IGO),CC-BY-3.0-IGO,open,,OCHA ROCCA,data.humdata.org/dataset/ubbekistan-update,2020,199
VA,VAT,1,ADM0,Public Domain,public-domain,open,,"geoBoundaries, Wikimedia Commons",upload.wikimedia.org/wikipedia/commons/9/9c/Flag_map_of_Vatican_City.svg,2017,1
VC,VCT,1,ADM0,Open Data Commons Open Database License 1.0,,held,share-alike,"OpenStreetMap, Wambacher",www.openstreetmap.org/copyright,2017,1
VC,VCT,2,ADM1,Open Data Commons Open Database License 1.0,,held,share-alike,"OpenStreetMap, Wambacher",www.openstreetmap.org/copyright,2017,6
VE,VEN,1,ADM0,Public Domain,public-domain,open,,Natural Earth,www.naturalearthdata.com/about/terms-of-use/,2021,1
VE,VEN,2,ADM1,Creative Commons Attribution 3.0 Intergovernmental Organisations (CC BY 3.0 IGO),CC-BY-3.0-IGO,open,,"OCHA Venezuela, Instituto Nacional de Estadística",Data https,2020,25
VE,VEN,3,ADM2,Open Data Commons Open Database License 1.0,,held,share-alike,"Efrain Porto Tapiquen Geografia, SIG y Estudios Ambientales",twitter.com/WMgeoLab/status/1251983690709827590,2015,335
VG,VGB,1,ADM0,Creative Commons Attribution 4.0 International (CC BY 4.0),CC-BY-4.0,open,,raster2polygon from Sentinel-2 10m Land Cover where Image Year = 2021 / exclude gridcode = 1 (water) / dissolve / processed by IMB,sentinel.esa.int/documents/247904/690755/Sentinel_Data_Legal_Notice,2021,1
VI,VIR,1,ADM0,Creative Commons Attribution 4.0 (CC BY 4.0),CC-BY-4.0,open,,Sentinel-2 10-Meter Land Use/LandCover,sentinel.esa.int/documents/247904/690755/Sentinel_Data_Legal_Notice,2021,1
VI,VIR,4,ADM3,Public Domain,public-domain,open,,"United States Census Bureau, MAF/TIGER",www.census.gov/about/policies/open-gov/open-data.html,2021,20
VN,VNM,1,ADM0,Creative Commons Attribution 4.0 International (CC BY 4.0),CC-BY-4.0,open,,"geoBoundaries, Wikipedia",commons.wikimedia.org/wiki/File,2016,1
VN,VNM,2,ADM1,Public Domain,public-domain,open,,"geoBoundaries, Wikipedia",commons.wikimedia.org/wiki/File,2008,64
VN,VNM,3,ADM2,Creative Commons Attribution 3.0 Intergovernmental Organisations (CC BY 3.0 IGO),CC-BY-3.0-IGO,open,,"OCHA ROAP, Government of Viet Nam",data.humdata.org/dataset/viet-nam-administrative-boundaries-polygon-polyline,2020,708
VU,VUT,1,ADM0,Open Data Commons Open Database License 1.0,,held,share-alike,"OpenStreetMap, Wambacher",www.openstreetmap.org/copyright,2017,1
VU,VUT,2,ADM1,Open Data Commons Open Database License 1.0,,held,share-alike,"OpenStreetMap, Wambacher",www.openstreetmap.org/copyright,2017,6
VU,VUT,3,ADM2,Creative Commons Attribution 3.0 Intergovernmental Organisations (CC BY 3.0 IGO),CC-BY-3.0-IGO,open,,"Secretarial of the Pacific Community (SPC), Statistics for Development Division, OCHA ROP",data.humdata.org/dataset/vanuatu-administrative-level-0-1-and-2-boundaries,2019,65
VU,VUT,4,ADM3,Other - Direct Permission,,held,"permission by email, not reviewed",POPGIS,twitter.com/WMgeoLab/status/1196561929726128128/photo/2,2014,621
WF,WLF,1,ADM0,Creative Commons Attribution 4.0 International (CC BY 4.0),CC-BY-4.0,open,,raster2polygon from Sentinel-2 10m Land Cover where Image Year = 2021 / exclude gridcode = 1 (water) / dissolve / processed by IMB,sentinel.esa.int/documents/247904/690755/Sentinel_Data_Legal_Notice,2021,1
WS,WSM,1,ADM0,Open Data Commons Open Database License 1.0,,held,share-alike,"OpenStreetMap, Wambacher",www.openstreetmap.org/copyright,2017,1
WS,WSM,2,ADM1,Creative Commons Attribution-ShareAlike 3.0 Unported,,held,share-alike,Wikipedia,en.wikipedia.org/wiki/File,2018,11
WS,WSM,3,ADM2,Creative Commons Attribution 4.0 (CC BY 4.0),CC-BY-4.0,open,,"Pacific Data Hub, SPC Statistics for Development Division (SDD)",pacificdata.org/data/dataset/2011_wsm_phc_admin_boundaries,2011,43
,XKX,1,ADM0,Creative Commons Attribution-ShareAlike 2.0,,held,share-alike,Open Street Map,www.openstreetmap.org/copyright,2021,1
,XKX,2,ADM1,Creative Commons Attribution-ShareAlike 2.0,,held,share-alike,Open Street Map,www.openstreetmap.org/copyright,2021,48
,XKX,3,ADM2,Creative Commons Attribution-ShareAlike 2.0,,held,share-alike,"OpenStreetMap, Wambacher",www.openstreetmap.org/copyright,2017,38
YE,YEM,1,ADM0,Open Data Commons Open Database License 1.0,,held,share-alike,"OpenStreetMap, Wambacher",www.openstreetmap.org/copyright,2017,1
YE,YEM,2,ADM1,Open Data Commons Open Database License 1.0,,held,share-alike,"OpenStreetMap, Wambacher",www.openstreetmap.org/copyright,2017,22
YE,YEM,3,ADM2,Creative Commons Attribution 3.0 Intergovernmental Organisations (CC BY 3.0 IGO),CC-BY-3.0-IGO,open,,"Central Statistical Organization (CSO), OCHA Yemen",data.humdata.org/dataset/yemen-admin-boundaries,2021,335
ZA,ZAF,1,ADM0,Creative Commons Attribution 3.0 Intergovernmental Organisations (CC BY 3.0 IGO),CC-BY-3.0-IGO,open,,"OCHA ROSEA, South African Municipal Demarcation Board",data.humdata.org/dataset/south-africa-admin-level-1-boundaries,2020,1
ZA,ZAF,2,ADM1,Creative Commons Attribution 3.0 Intergovernmental Organisations (CC BY 3.0 IGO),CC-BY-3.0-IGO,open,,"OCHA ROSEA, South African Municipal Demarcation Board",data.humdata.org/dataset/south-africa-admin-level-1-boundaries,2020,9
ZA,ZAF,3,ADM2,Creative Commons Attribution 3.0 Intergovernmental Organisations (CC BY 3.0 IGO),CC-BY-3.0-IGO,open,,"OCHA ROSEA, South African Municipal Demarcation Board",data.humdata.org/dataset/south-africa-admin-level-1-boundaries,2020,52
ZA,ZAF,4,ADM3,Creative Commons Attribution 3.0 Intergovernmental Organisations (CC BY 3.0 IGO),CC-BY-3.0-IGO,open,,"OCHA ROSEA, South African Municipal Demarcation Board",data.humdata.org/dataset/south-africa-admin-level-1-boundaries,2020,213
ZA,ZAF,5,ADM4,Creative Commons Attribution 3.0 Intergovernmental Organisations (CC BY 3.0 IGO),CC-BY-3.0-IGO,open,,"OCHA ROSEA, South African Municipal Demarcation Board",data.humdata.org/dataset/south-africa-admin-level-1-boundaries,2020,4392
ZM,ZMB,1,ADM0,Creative Commons Attribution 3.0 Intergovernmental Organisations (CC BY 3.0 IGO),CC-BY-3.0-IGO,open,,"Disaster Management and Mitigation Unit (DMMU) Zambia, OCHA ROSEA",data.grid3.org/datasets/GRID3,2020,1
ZM,ZMB,2,ADM1,Creative Commons Attribution 4.0 International (CC BY 4.0),CC-BY-4.0,open,,Zambia Data Hub,zambia-nsdi-mlnr.hub.arcgis.com/datasets/6fe71ff483ab491782c8524ec3d1a3b8_0/about,2020,10
ZM,ZMB,3,ADM2,Creative Commons Attribution 4.0 (CC BY 4.0),CC-BY-4.0,open,,"GRID3, Office of the Surveyor General",data.grid3.org/datasets/GRID3,2020,116
ZW,ZWE,1,ADM0,Creative Commons Attribution 3.0 Intergovernmental Organisations (CC BY 3.0 IGO),CC-BY-3.0-IGO,open,,"Zimbabwe National Statistics Agency (ZIMSTAT www.zimstat.co.zw) Central Statistics Office, OCHA ROSEA",data.humdata.org/dataset/zimbabwe-administrative-levels-0-3-boundaries,2020,1
ZW,ZWE,2,ADM1,Creative Commons Attribution 3.0 Intergovernmental Organisations (CC BY 3.0 IGO),CC-BY-3.0-IGO,open,,"Zimbabwe National Statistics Agency (ZIMSTAT www.zimstat.co.zw) Central Statistics Office, OCHA ROSEA",data.humdata.org/dataset/zimbabwe-administrative-levels-0-3-boundaries,2020,10
ZW,ZWE,3,ADM2,Creative Commons Attribution 3.0 Intergovernmental Organisations (CC BY 3.0 IGO),CC-BY-3.0-IGO,open,,"Zimbabwe National Statistics Agency (ZIMSTAT www.zimstat.co.zw) Central Statistics Office, OCHA ROSEA",data.humdata.org/dataset/zimbabwe-administrative-levels-0-3-boundaries,2020,91
ZW,ZWE,4,ADM3,Creative Commons Attribution 3.0 Intergovernmental Organisations (CC BY 3.0 IGO),CC-BY-3.0-IGO,open,,"OCHA ROSEA, Zimbabwe National Statistics Agency",data.humdata.org/dataset/zimbabwe-administrative-levels-0-3-boundaries,2020,1961
