admin_id,pattern_parcel,conv_parcel,pattern_tax,conv_tax
US-AL-BI,Dx,split_groups: 0|16 & drop_cols: 0_1,D2 D2 D2 D1 D3 D3.Dx,split_groups: 6|-1 & keep_length: 1 2 3 4 5 6_0 & merge_after: 0 0 0 0 0 0 & skip_empty: 1
US-AL-BU,^(?:09)?([0-9]+)\.([0-9]+)$,,Sx,string_lengths: * 3
US-AL-BR,Sx,split_groups: 0|2 0_1|2 0_1_1|4 0_1_1_1|4 0_1_1_1_1|4 & skip_empty: 1,Sx,split_groups: 0|2 0_1|2 0_1_1|4 0_1_1_1|4 0_1_1_1_1|4 & skip_empty: 1
US-AL-BU,Dx,string_lengths: 2 2 2 1 3 3 3 0,Dx Dx Dx Dx Dx Dx Dx.Dx( Sx),drop_cols: 0
US-AL-BL,Sx,string_lengths: 2 2 2 2 1 3 3 3 & drop_cols: 0,Sx-Sx-Sx-Sx(-Sx-Sx.Sx),
US-AL-CR,Dx,string_lengths: 2 2 2 1 3 3 3 0,Dx Dx Dx Dx Dx Dx Dx.Dx( Sx),drop_cols: 0
US-AL-CB,Dx-Dx-Dx-Dx-Dx-Dx(-Dx)(.Dx)(.Dx),split_groups: 6|3 & drop_cols: 0 & skip_empty: 1,Dx Dx Dx Dx Dx Dx Dx.Dx( Sx),drop_cols: 0 & skip_empty: 1
US-AL-CC,Dx Dx Dx Dx Dx Dx Dx.Dx( Sx),drop_cols: 0 & skip_empty: 1,Dx Dx Dx Dx Dx Dx Dx.Dx( Sx),drop_cols: 0 & skip_empty: 1
US-AL-CF,Sx,string_lengths: 2 2 2 1 3 3 3 & skip_empty: 1,Dx Dx Dx Dx Dx Dx Dx.Dx( Sx),drop_cols: 0 & skip_empty: 1
US-AL-CE,Ignored,simple,Ignored,simple
US-AL-CI,Ignored,simple,Ignored,simple
US-AL-CL,Dx,string_lengths: 2 2 2 1 3 3 3 & skip_empty: 1,Dx Dx Dx Dx Dx Dx Dx.Dx( Sx),drop_cols: 0 & skip_empty: 1
US-AL-CO,Sx(-)Dx,keep_length: 0 & skip_empty: 1,Ignored,simple
US-AL-CH,Dx Dx Dx Dx Dx Dx Dx.Dx( Sx),drop_cols: 0 & skip_empty: 1,Dx-Dx-Dx-Dx-Dx-Dx(-Dx)(.Dx)(.Dx),split_groups: 6|3 & drop_cols: 0 & skip_empty: 1
US-AL-CA,Ignored,simple,Ignored,simple
US-AL-CN,Ignored,simple,Ignored,simple
US-AL-CS,Sx,string_lengths: 2 2 2 1 3 3 3 & skip_empty: 1,Dx Dx Dx Dx Dx Dx Dx.Dx( Sx),drop_cols: 0 & skip_empty: 1
US-AL-CU,Sx,split_groups: 0|[E] & keep_length: 0_1 & merge_after: 0_0 & skip_empty: 1,Sx-Sx-Sx-Sx(-Sx-Sx.Sx),keep_length: 1 2 3 4 5 6 & merge_after: 0 0 0 0 0 0 & skip_empty: 1
US-AL-CV,Dx,string_lengths: 2 2 2 1 3 3 3 & skip_empty: 1,Dx-Dx-Dx-Dx-Dx-Dx-Dx.Dx,drop_cols: 0 & skip_empty: 1
US-AL-CY,Dx(.-Dx.-Dx),merge_after: 0 & skip_empty: 1,Dx-Dx-Dx-Dx-Dx-Dx(-Dx)(.Dx)(-Sx)( Dx),split_groups: 7|-1 & drop_cols: 0 & keep_length: 2 3 4 5 6 7_0 & merge_after: 1 1 1 1 1 1 1 & skip_empty: 1
US-AL-DE,D2 D2 D2 D1 D3 D3.Dx,skip_empty: 1,Dx Dx Dx Dx Dx Dx Dx.Dx( Sx),drop_cols: 0 & skip_empty: 1
US-AL-DA,Dx,string_lengths: 2 1 1 2 1 3 3 3 & skip_empty: 1,Dx-Dx-Dx-Dx-Dx-Dx(-Dx)(.Dx)(-Sx)( Dx),skip_empty: 1
US-AL-DL,Dx,,Dx,split_groups: 0|16 & drop_cols: 0_1
US-AL-GR,Dx,split_groups: 0|6 0_1|3 0_1_1|2 0_1_1_1|5 0_1_1_1_1|3 0_1_1_1_1_1|1 & merge_after: 0_1_1_1_0 0_1_1_1_0 & skip_empty: 1,Dx,split_groups: 0|6 0_1|3 0_1_1|2 0_1_1_1|5 0_1_1_1_1|3 0_1_1_1_1_1|1 & merge_after: 0_1_1_1_0 0_1_1_1_0 & skip_empty: 1
US-AL-HA,Dx,split_groups: 0|16 & drop_cols: 0_1,Sx,keep_length: 1 2 & merge_after: 0 0 & skip_empty: 1
US-AL-HE,Dx-Dx-Dx-Dx-Dx-Dx(-Dx)(.Dx)(.Dx),keep_length: 1 2 3 4 5 6 7 & merge_after: 0 0 0 0 0 0 0 & skip_empty: 1,Ignored,simple
US-AL-HO,Dx,split_groups: 0|14 & drop_cols: 0_1 & skip_empty: 1,Dx,split_groups: 0|6 0_1|3 0_1_1|2 0_1_1_1|5 0_1_1_1_1|3 0_1_1_1_1_1|1 0_1_1_1_1_1_1|1 0_1_1_1_1_1_1_1|1 & merge_after: 0_1_1_1_1_1_0 0_1_1_1_1_1_0 0_1_1_1_1_1_0 & skip_empty: 1
US-AL-JA,Dx,split_groups: 0|6 0_1|6 1_0|5 & skip_empty: 1,Sx,split_groups: 0|6 0_1|6 & skip_empty: 1
US-AL-JE,Ignored,simple,Ignored,simple
US-AL-LE,Ignored,simple,Ignored,simple
US-AL-LI,Dx-Dx-Dx-Dx-Dx-Dx(-Dx)(.Dx)(.Dx),drop_cols: 0 & keep_length: 2 3 4 5 6 & merge_after: 1 1 1 1 1 & skip_empty: 1,Sx,string_lengths: 13 3 & skip_empty: 1
US-AL-LM,Ignored,simple,Ignored,simple
US-AL-LO,Dx-Dx-Dx-Dx-Dx-Dx(-Dx)(.Dx)(.Dx),drop_cols: 0 & skip_empty: 1,Dx Dx Dx Dx Dx Dx Dx.Dx( Sx),drop_cols: 0 & skip_empty: 1
US-AL-LA,Sx,split_groups: 0|4 0_1|1 0_1_1|5 0_1_1_1|4 & drop_cols: 0_1_1_1 & skip_empty: 1,Sx,split_groups: 0|4 0_1|1 0_1_1|5 0_1_1_1|4 & drop_cols: 0_1_1_1 & skip_empty: 1
US-AL-LW,Dx,split_groups: 0|2 0_1|2 0_1_1|2 0_1_1_1|3 0_1_1_1_1|3 0_1_1_1_1|3 & skip_empty: 1,Dx,split_groups: 0|2 0_1|2 0_1_1|2 0_1_1_1|3 0_1_1_1_1|3 0_1_1_1_1|3 & skip_empty: 1
US-AL-MO,^(R[0-9]+)\.([0-9]+)$,skip_empty: 1,^(R[0-9]+)\.([0-9]+)?$,skip_empty: 1
US-AL-MC,Dx,keep_length: 1 & skip_empty: 1,Ignored,simple
US-AL-MA,Ignored,simple,Ignored,simple
US-AL-ME,Dx,string_lengths: 2 1 1 2 1 3 3 3 & skip_empty: 1,Sx-Sx-Sx-Sx(-Sx-Sx.Sx),skip_empty: 1
US-AL-MR,Ignored,simple,Ignored,simple
US-AL-MI,Ignored,simple,Ignored,simple
US-AL-MN,Sx,string_lengths: 2 2 2 1 3 3 3 & skip_empty: 1,Dx Dx Dx Dx Dx Dx Dx.Dx( Sx),drop_cols: 0 & skip_empty: 1
US-AL-MA,Dx,keep_length: 1 & skip_empty: 1,Dx-Dx-Dx-Dx-Dx-Dx(-Dx)(.Dx)(.Dx),keep_length: 1 2 3 4 5 6 7 & merge_after: 0 0 0 0 0 0 0 & skip_empty: 1
US-AL-MO,Ignored,simple,Ignored,simple
US-AL-PC,Dx-Dx-Dx-Dx-Dx-Dx(-Dx)(.Dx)(.Dx),keep_length: 1 2 3 4 5 6 7 & merge_after: 0 0 0 0 0 0 0 & skip_empty: 1,Ignored,simple
US-AL-PE,Dx(.-Dx.-Dx),keep_length: 1 2 & merge_after: 0 0 & skip_empty: 1,Sx,
US-AL-RA,Dx,string_lengths: 2 2 2 1 3 3 3 0,Dx Dx Dx Dx Dx Dx Dx.Dx( Sx),drop_cols: 0
US-AL-RU,Dx Dx Dx Dx Dx Dx.Dx,join_char: ,Dx Dx Dx Dx Dx Dx Dx.Dx( Sx),drop_cols: 0 & join_char: 
US-AL-CL,Ignored,simple,Ignored,simple
US-AL-SH,Ignored,simple,Ignored,simple
US-AL-SU,Ignored,simple,Ignored,simple
US-AL-TA,Ignored,simple,Ignored,simple
US-AL-TU,Dx,,Dx-Dx-Dx-Dx-Dx-Dx.Dx,keep_length: 1 2 3 4 5 6 & merge_after: 0 0 0 0 0 0 & skip_empty: 1
US-AL-WL,Dx,string_lengths: 2 2 2 1 3 3 3 0,Dx Dx Dx Dx Dx Dx Dx.Dx( Sx),drop_cols: 0
US-AL-WI,Ignored,simple,Ignored,simple
US-AL-WS,Sx,string_lengths: 2 2 2 1 3 3 3 & skip_empty: 1,Dx Dx Dx Dx Dx Dx Dx.Dx( Sx),drop_cols: 0 & skip_empty: 1
US-AR-AS,Sx( )-( )(Sx)( - Sx)(-Sx)( Sx),split_groups: 0|3 & drop_cols: 3 & skip_empty: 1,Sx-Sx-Sx,skip_empty: 1
US-AR-BA,Sx-Sx-Sx,skip_empty: 1,Sx-Sx-Sx,skip_empty: 1
US-AR-BE,Sx-Sx-Sx,skip_empty: 1,Sx-Sx-Sx,skip_empty: 1
US-AR-BO,Sx-Sx-Sx,keep_length: 1 2 & merge_after: 0 0 & skip_empty: 1,Sx-Sx-Sx,keep_length: 1 2 & merge_after: 0 0 & skip_empty: 1
US-AR-BR,Sx-Sx-Sx,skip_empty: 1,Sx-Sx-Sx,split_groups: 0|[A-Z] & skip_empty: 1
US-AR-CU,Sx-Sx-Sx,split_groups: 0|[A-Z] & skip_empty: 1,Sx-Sx-Sx,skip_empty: 1
US-AR-CE,Sx( )-( )(Sx)( - Sx)(-Sx)( Sx),,Sx( )-( )(Sx)( - Sx)(-Sx)( Sx),
US-AR-CI,Dx,split_groups: 0|14 & drop_cols: 0_1 & skip_empty: 1,Dx,
US-AR-CO,Sx-Sx-Sx,skip_empty: 1,Sx-Sx-Sx,split_groups: 0|[A-Z] & skip_empty: 1
US-AR-CL,Sx-Sx-Sx,split_groups: 0|[A-Z] & skip_empty: 1,Sx-Sx-Sx,skip_empty: 1
US-AR-CA,Sx-Sx-Sx,keep_length: 1 2 & merge_after: 0 0 & skip_empty: 1,Sx-Sx-Sx,keep_length: 1 2 & merge_after: 0 0 & skip_empty: 1
US-AR-CN,Sx( )-( )(Sx)( - Sx)(-Sx)( Sx),split_groups: 0|3 & drop_cols: 4 & keep_length: 1 & merge_after: 0_0 0_0 0_0 & skip_empty: 1,Sx( )-( )(Sx)( - Sx)(-Sx)( Sx),split_groups: 0|2 & drop_cols: 4 & keep_length: 1 & merge_after: 0_0 0_0 0_0 & skip_empty: 1
US-AR-CS,Ignored,simple,Ignored,simple
US-AR-CH,Ignored,simple,Ignored,simple
US-AR-CV,Ignored,simple,Ignored,simple
US-AR-CW,Sx( )-( )(Sx)( - Sx)(-Sx)( Sx),no_conv: 1,Sx( )-( )(Sx)( - Sx)(-Sx)( Sx),no_conv: 1
US-AR-DA,Sx-Sx-Sx,split_groups: 0|[A-Z] & skip_empty: 1,Sx-Sx-Sx,skip_empty: 1
US-AR-DE,Sx-Sx-Sx,split_groups: 0|[A-Z] & skip_empty: 1,Sx-Sx-Sx,skip_empty: 1
US-AR-DR,Sx( )-( )(Sx)( - Sx)(-Sx)( Sx),split_groups: 0|S 0_0|N & drop_cols: 4 & skip_empty: 1,Sx( )-( )(Sx)( - Sx)(-Sx)( Sx),split_groups: 0|S 0_0|N & drop_cols: 4 & skip_empty: 1
US-AR-FR,Ignored,simple,Ignored,simple
US-AR-FU,Sx-Sx-Sx,split_groups: 0|[A-Z] & skip_empty: 1,Sx-Sx-Sx,skip_empty: 1
US-AR-GR,Sx-Sx-Sx,,Sx-Sx-Sx,
US-AR-HE,Sx( )-( )(Sx)( - Sx)(-Sx)( Sx),skip_empty: 1,Sx( )-( )(Sx)( - Sx)(-Sx)( Sx),split_groups: 0|S 0_0|N & drop_cols: 4 & skip_empty: 1
US-AR-HO,Sx-Sx-Sx,split_groups: 0|[A-Z] & skip_empty: 1,Sx-Sx-Sx,skip_empty: 1
US-AR-IN,Sx,split_groups: 0|13 & drop_cols: 0_1 & skip_empty: 1,Sx,skip_empty: 1
US-AR-IZ,Sx-Sx-Sx,keep_length: 1 2 & merge_after: 0 0 & skip_empty: 1,Sx-Sx-Sx,split_groups: 2|3 & keep_length: 1 2_0 & merge_after: 0 0 & skip_empty: 1
US-AR-JA,Ignored,simple,Ignored,simple
US-AR-JE,Sx-Sx-Sx,skip_empty: 1,Sx-Sx-Sx,skip_empty: 1
US-AR-JO,Ignored,simple,Ignored,simple
US-AR-LE,Sx( )-( )(Sx)( - Sx)(-Sx)( Sx),drop_cols: 3 & skip_empty: 1,Sx( )-( )(Sx)( - Sx)(-Sx)( Sx),split_groups: 0|3 & drop_cols: 3 & skip_empty: 1
US-AR-LF,Ignored,simple,Ignored,simple
US-AR-LG,Sx-Sx-Sx,,Sx-Sx-Sx,
US-AR-LO,Sx-Sx-Sx,skip_empty: 1,Sx-Sx-Sx,skip_empty: 1
US-AR-LR,Sx-Sx-Sx,skip_empty: 1,Sx( )-( )(Sx)( - Sx)(-Sx)( Sx),merge_after: 4 3 2 & skip_empty: 1
US-AR-LA,Sx-Sx-Sx,skip_empty: 1,Sx( )-( )(Sx)( - Sx)(-Sx)( Sx),split_groups: 0|3 & drop_cols: 3 & skip_empty: 1
US-AR-MD,Sx-Sx-Sx,skip_empty: 1,Sx( )-( )(Sx)( - Sx)(-Sx)( Sx),skip_empty: 1
US-AR-MN,Sx-Sx-Sx,skip_empty: 1,Sx-Sx-Sx,skip_empty: 1
US-AR-MA,Sx-Sx-Sx,skip_empty: 1,Sx-Sx-Sx,split_groups: 0|[A-Z] & skip_empty: 1
US-AR-MO,Sx-Sx-Sx,keep_length: 1 2 & merge_after: 0 0 & skip_empty: 1,Sx-Sx-Sx,split_groups: 2|3 & keep_length: 1 2_0 & merge_after: 0 0 & skip_empty: 1
US-AR-NV,Sx( )-( )(Sx)( - Sx)(-Sx)( Sx),split_groups: 0|3 & drop_cols: 4 & keep_length: 1 & merge_after: 0_0 0_0 0_0 & skip_empty: 1,Sx( )-( )(Sx)( - Sx)(-Sx)( Sx),split_groups: 0|3 & drop_cols: 4 & keep_length: 1 & merge_after: 0_0 0_0 0_0 & skip_empty: 1
US-AR-OU,Sx-Sx-Sx,split_groups: 0|[A-Z] & skip_empty: 1,Sx-Sx-Sx,skip_empty: 1
US-AR-PI,Sx-Sx-Sx,split_groups: 0|[A-Z] & skip_empty: 1,Sx-Sx-Sx,skip_empty: 1
US-AR-PO,Sx-Sx-Sx,skip_empty: 1,Sx-Sx-Sx,skip_empty: 1
US-AR-PE,Sx-Sx-Sx,split_groups: 0|[A-Z] & skip_empty: 1,Sx-Sx-Sx,skip_empty: 1
US-AR-RA,Sx-Sx-Sx,,Sx-Sx-Sx,
US-AR-SE,Sx-Sx-Sx-Sx,split_groups: 3|2 & drop_cols: 3_1 & keep_length: 1 2 3_0 & merge_after: 0 0 0 & skip_empty: 1,Sx-Sx-Sx-Sx,split_groups: 3|2 & drop_cols: 3_1 & keep_length: 1 2 3_0 & merge_after: 0 0 0 & skip_empty: 1
US-AR-SC,Sx-Sx-Sx,split_groups: 2|3 & keep_length: 1 2_0 & merge_after: 0 0 & skip_empty: 1,Sx-Sx-Sx,keep_length: 1 2 & merge_after: 0 0 & skip_empty: 1
US-AR-SH,Ignored,simple,Ignored,simple
US-AR-FR,Sx-Sx-Sx,keep_length: 1 2 & merge_after: 0 0 & skip_empty: 1,Sx-Sx-Sx,keep_length: 1 2 & merge_after: 0 0 & skip_empty: 1
US-AR-ST,Sx-Sx-Sx,skip_empty: 1,Sx-Sx-Sx,skip_empty: 1
US-AR-SV,Sx( )-( )(Sx)( - Sx)(-Sx)( Sx),drop_cols: 4 & skip_empty: 1,Sx( )-( )(Sx)( - Sx)(-Sx)( Sx),split_groups: 0|S 0_0|N & drop_cols: 4 & skip_empty: 1
US-AR-UN,Sx-Sx-Sx,split_groups: 2|3 & keep_length: 1 2_0 & merge_after: 0 0 & skip_empty: 1,Sx-Sx-Sx,split_groups: 2|3 & keep_length: 1 2_0 & merge_after: 0 0 & skip_empty: 1
US-AR-VB,Ignored,simple,Ignored,simple
US-AR-WA,Sx-Sx-Sx,split_groups: 2|3 & keep_length: 1 2_0 & merge_after: 0 0 & skip_empty: 1,Sx-Sx-Sx,keep_length: 1 2 & merge_after: 0 0 & skip_empty: 1
US-AR-YE,Ignored,simple,Ignored,simple
US-AZ-AP,Ignored,simple,Ignored,simple
US-AZ-CO,Sx,keep_length: 1 2 & merge_after: 0 0 & skip_empty: 1,Ignored,simple
US-AZ-CO,Sx,skip_empty: 1,Ignored,simple
US-AZ-GR,Sx-Sx-Sx,keep_length: 1 2 & merge_after: 0 0 & skip_empty: 1,Ignored,simple
US-AZ-GI,Sx,,Ignored,simple
US-AZ-MA,Sx,string_lengths: 3 2 3 * & skip_empty: 1,Sx-Sx-Sx,split_groups: 2|3 & skip_empty: 1
US-AZ-MO,Ignored,simple,Ignored,simple
US-AZ-NA,Sx-Sx-Sx,,Sx-Sx-Sx,skip_empty: 1
US-AZ-PI,Sx,split_groups: 0|13 & drop_cols: 0_1 & skip_empty: 1,Sx-Sx-Sx,keep_length: 1 2 & merge_after: 0 0 & skip_empty: 1
US-AZ-PN,Sx(-)Dx,split_groups: 0|8 & skip_empty: 1,Sx-Sx-Sx,split_groups: 2|3 & keep_length: 1 2_0 & merge_after: 0 0 & skip_empty: 1
US-AZ-SC,Sx-Sx-(Sx),skip_empty: 1,Sx-Sx-Sx,split_groups: 0|[A-Z] & skip_empty: 1
US-AZ-YA,Sx-Sx-Sx,skip_empty: 1,Sx-Sx-Sx,skip_empty: 1
US-AZ-YU,Ignored,simple,Ignored,simple
US-CA-AL,Sx-Sx-Sx(-Sx),,Sx-Sx-Sx(-Sx),
US-CA-AM,Dx,split_groups: 0|16 & drop_cols: 0_1,Sx-Sx-Sx-Sx,keep_length: 1 2 3 & merge_after: 0 0 0 & skip_empty: 1
US-CA-LP,Sx,split_groups: 0|[E] & keep_length: 0_1 & merge_after: 0_0 & skip_empty: 1,Sx-Sx-Sx-Sx,drop_cols: 3 & keep_length: 1 2 & merge_after: 0 0 & skip_empty: 1
US-CA-BU,Sx-Sx-Sx-Sx,drop_cols: 3 & skip_empty: 1,Sx-Sx-Sx-Sx,split_groups: 2|. 2_1|. & skip_empty: 1
US-CA-CA,Sx,string_lengths: 2 3 3 & skip_empty: 1,Sx-Sx-Sx-Sx,split_groups: 2|. 2_1|. & skip_empty: 1
US-CA-CO,Sx-Sx-Sx-Sx,drop_cols: 3 & keep_length: 1 2 & merge_after: 0 0 & skip_empty: 1,Sx-Sx-Sx-Sx,drop_cols: 3 & keep_length: 1 2 & merge_after: 0 0 & skip_empty: 1
US-CA-CC,Sx,string_lengths: 3 3 3 & skip_empty: 1,Sx-Sx-Sx-Sx,drop_cols: 3 & skip_empty: 1
US-CA-DN,Sx-Sx-Sx,,Sx-Sx-Sx-Sx,split_groups: 2|. 2_1|. & skip_empty: 1
US-CA-ED,Sx,string_lengths: 3 3 2 & skip_empty: 1,Sx-Sx-Sx-Sx,split_groups: 2|1 3|1 & skip_empty: 1
US-CA-FR,Ignored,simple,Ignored,simple
US-CA-GL,Dx,string_lengths: 3 3 3,Sx-Sx-Sx-Sx,drop_cols: 3 & skip_empty: 1
US-CA-HU,Sx,string_lengths: 3 3 2 & skip_empty: 1,Sx-Sx-Sx-Sx,split_groups: 2|1 3|1 & skip_empty: 1
US-CA-IM,Sx-Sx-Sx,,Sx-Sx-Sx-Sx,split_groups: 2|. 2_1|. & skip_empty: 1
US-CA-IN,Sx,string_lengths: 3 3 2 & skip_empty: 1,Sx-Sx-Sx-Sx,split_groups: 2|. 2_1|. & skip_empty: 1
US-CA-KE,Dx,string_lengths: 3 3 2 & skip_empty: 1,Sx-Sx-Sx,split_groups: 0|[A-Z] & skip_empty: 1
US-CA-KI,Dx,string_lengths: 3 3 3,Sx-Sx-Sx-Sx,split_groups: 2|. 2_1|. & skip_empty: 1
US-CA-LA,Dx,split_groups: 0|14 & drop_cols: 0_1 & skip_empty: 1,Sx-Sx-Sx-Sx,split_groups: 2|2 & drop_cols: 2_1 & keep_length: 1 2_0 & merge_after: 0 0 & skip_empty: 1
US-CA-LA,Sx(-)Dx,split_groups: 0|[A-Z] 0_1|[A-Z] & skip_empty: 1,Sx-Sx-Sx,split_groups: 2|3 & keep_length: 1 2_0 & merge_after: 0 0 & skip_empty: 1
US-CA-LS,Sx-Sx-Sx(-Sx),drop_cols: 3,Sx-Sx-Sx-Sx,drop_cols: 3 & skip_empty: 1
US-CA-MC,Sx,string_lengths: 3 3 2 & skip_empty: 1,Sx-Sx-Sx-Sx,drop_cols: 3 & skip_empty: 1
US-CA-ME,Dx,keep_length: 1 & skip_empty: 1,Sx-Sx-Sx-Sx,keep_length: 1 2 3 & merge_after: 0 0 0 & skip_empty: 1
US-CA-MD,Dx,string_lengths: 3 3 3,Sx-Sx-Sx-Sx,drop_cols: 3 & skip_empty: 1
US-CA-MN,Sx,split_groups: 0|11 & drop_cols: 0_1 & skip_empty: 1,Sx-Sx-Sx-Sx,drop_cols: 3 & keep_length: 1 2 & merge_after: 0 0 & skip_empty: 1
US-CA-MA,Dx,string_lengths: 3 3 2 & skip_empty: 1,Sx-Sx-Sx,
US-CA-ON,Sx(-)Dx,string_lengths: 3 3 3 3 & skip_empty: 1,Sx-Sx-Sx-Sx,skip_empty: 1
US-CA-MR,Sx,split_groups: 0|[E] & keep_length: 0_1 & merge_after: 0_0 & skip_empty: 1,Sx-Sx-Sx-Sx,split_groups: 3|2 & drop_cols: 3_1 & keep_length: 1 2 3_0 & merge_after: 0 0 0 & skip_empty: 1
US-CA-MO,Dx,string_lengths: 3 3 3 3 & skip_empty: 1,Sx-Sx-Sx-Sx,drop_cols: 3 & skip_empty: 1
US-CA-NA,Dx,string_lengths: 3 3 3,Sx-Sx-Sx-Sx,split_groups: 2|. 2_1|. & skip_empty: 1
US-CA-NV,Dx,string_lengths: 2 3 2 & skip_empty: 1,Sx-Sx-Sx-Sx,drop_cols: 3 & skip_empty: 1
US-CA-OR,Dx(.-Dx.-Dx),keep_length: 1 2 3 & merge_after: 0 0 0 & skip_empty: 1,Sx-Sx-Sx,split_groups: 2|3 & keep_length: 1 2_0 & merge_after: 0 0 & skip_empty: 1
US-CA-PL,Sx-Sx-Sx(-Sx),drop_cols: 3,Sx-Sx-Sx-Sx,split_groups: 2|. 2_1|. & skip_empty: 1
US-CA-PU,Sx,string_lengths: 3 3 3 & skip_empty: 1,Sx-Sx-Sx-Sx,split_groups: 2|. 2_1|. & skip_empty: 1
US-CA-RI,Dx,split_groups: 0|16 & drop_cols: 0_1,Ignored,simple
US-CA-AN,Dx,split_groups: 0|14 & drop_cols: 0_1 & skip_empty: 1,Sx-Sx-Sx-Sx,split_groups: 2|2 & drop_cols: 2_1 & keep_length: 1 2_0 & merge_after: 0 0 & skip_empty: 1
US-CA-AN,Sx-Sx-Sx,skip_empty: 1,Sx-Sx-Sx,skip_empty: 1
US-CA-SA,Dx,split_groups: 0|14 & drop_cols: 0_1 & skip_empty: 1,Sx-Sx-Sx-Sx,keep_length: 1 2 3 & merge_after: 0 0 0 & skip_empty: 1
US-CA-SD,Dx,string_lengths: 3 3 2 & skip_empty: 1,Sx-Sx-Sx-Sx,drop_cols: 3 & skip_empty: 1
US-CA-SR,Sx-Sx-Sx,split_groups: 2|3 & keep_length: 1 2_0 & merge_after: 0 0 & skip_empty: 1,Sx-Sx-Sx-Sx,drop_cols: 3 & keep_length: 1 2 & merge_after: 0 0 & skip_empty: 1
US-CA-SF,Ignored,simple,Ignored,simple
US-CA-SH,Ignored,simple,Ignored,simple
US-CA-AN,Sx,string_lengths: 3 3 3 & skip_empty: 1,Sx-Sx-Sx-Sx,skip_empty: 1
US-CA-SJ,Dx,,Sx-Sx-Sx-Sx,split_groups: 2|2 & drop_cols: 2_1 & keep_length: 1 2_0 & merge_after: 0 0 & skip_empty: 1
US-CA-SI,Sx( )-( )(Sx)( - Sx)(-Sx)( Sx),drop_cols: 4 & skip_empty: 1,Sx-Sx-Sx-Sx,skip_empty: 1
US-CA-SA,Ignored,simple,Ignored,simple
US-CA-MA,Dx,string_lengths: 3 3 3,Sx-Sx-Sx,skip_empty: 1
US-CA-SO,Dx,,Sx-Sx-Sx,split_groups: 2|3 & keep_length: 1 2_0 & merge_after: 0 0 & skip_empty: 1
US-CA-SL,Sx( )-( )(Sx)( - Sx)(-Sx)( Sx),drop_cols: 4 & skip_empty: 1,Sx-Sx-Sx-Sx,split_groups: 2|. 2_1|. & skip_empty: 1
US-CA-SL,Sx-Sx-Sx,skip_empty: 1,Sx-Sx-Sx,skip_empty: 1
US-CA-ST,Sx( )-( )(Sx)( - Sx)(-Sx)( Sx),skip_empty: 1,Sx-Sx-Sx-Sx,drop_cols: 3 & skip_empty: 1
US-CA-SU,Sx( )-( )(Sx)( - Sx)(-Sx)( Sx),split_groups: 0|S 0_0|N & drop_cols: 4 & skip_empty: 1,Sx( )-( )(Sx)( - Sx)(-Sx)( Sx),merge_after: 2 & max_length: 2|5 & skip_empty: 1
US-CA-AL,Sx-Sx-Sx,split_groups: 0|[A-Z] & skip_empty: 1,Sx-Sx-Sx(-Sx),skip_empty: 1
US-CA-TE,^([0-9A-Z]+)-([0-9A-Z]+)-([0-9A-Z.]+)-([0-9A-Z]+).*$,drop_cols: 3,Sx-Sx-Sx-Sx,drop_cols: 3
US-CA-TU,Dx,split_groups: 0|-6 0_1|-3 & skip_empty: 1,Sx-Sx-Sx-Sx,skip_empty: 1
US-CA-TL,Dx,string_lengths: 2 3 2 & skip_empty: 1,Sx-Sx-Sx-Sx,drop_cols: 3 & skip_empty: 1
US-CA-TR,Sx-Sx-Sx-Sx,drop_cols: 3 & skip_empty: 1,Sx-Sx-Sx-Sx,drop_cols: 3 & skip_empty: 1
US-CA-VE,Dx,,Sx-Sx-Sx-Sx,keep_length: 1 2 3 & merge_after: 0 0 0 & skip_empty: 1
US-CA-YO,Sx Sx( Sx),split_groups: 0|3 & skip_empty: 1,Sx-Sx-Sx-Sx,drop_cols: 3 & skip_empty: 1
US-CA-YU,Dx(.-Dx.-Dx),keep_length: 2 & merge_after: 1 & skip_empty: 1,Sx-Sx-Sx-Sx,split_groups: 3|2 & drop_cols: 3_1 & keep_length: 1 2 3_0 & merge_after: 0 0 0 & skip_empty: 1
US-CO-AR,Sx-Sx-Sx-Sx(-Sx-Sx.Sx),keep_length: 1 2 3 4 5 6 & merge_after: 0 0 0 0 0 0 & skip_empty: 1,Dx-Dx-Dx-Dx-Dx,keep_length: 1 2 3 4 & merge_after: 0 0 0 0 & skip_empty: 1
US-CO-RC,Ignored,simple,Ignored,simple
US-CO-AL,Dx,string_lengths: 6 6 & skip_empty: 1,Dx,string_lengths: 6 6 & skip_empty: 1
US-CO-BE,Dx,split_groups: 0|14 & drop_cols: 0_1 & skip_empty: 1,Dx,
US-CO-BO,Sx,string_lengths: 4 2 1 2 3 & skip_empty: 1,Sx( )-Sx-Sx-Sx-Sx-( Sx),skip_empty: 1
US-CO-BR,Dx,keep_length: 1 & skip_empty: 1,Dx,split_groups: 0|14 & drop_cols: 0_1 & skip_empty: 1
US-CO-CH,Sx,string_lengths: 4 4 5,Sx,string_lengths: 4 4 5
US-CO-CE,Ignored,simple,Dx,
US-CO-CC,Dx,split_groups: 0|14 & drop_cols: 0_1 & skip_empty: 1,Ignored,simple
US-CO-CO,Dx,split_groups: 0|14 & drop_cols: 0_1 & skip_empty: 1,Dx,split_groups: 0|16 & drop_cols: 0_1
US-CO-CR,Dx,string_lengths: 3 2 3 & skip_empty: 1,Dx,string_lengths: 3 2 3 & skip_empty: 1
US-CO-CS,Ignored,simple,Dx,split_groups: 0|14 & drop_cols: 0_1 & skip_empty: 1
US-CO-CU,Dx,string_lengths: 2 4 4 & drop_cols: 0 & skip_empty: 1,Dx,string_lengths: 2 4 4 & skip_empty: 1
US-CO-DE,Dx,string_lengths: 4 2 1 2 3 & skip_empty: 1,Sx-Sx-Sx-Sx,split_groups: 2|1 3|1 & skip_empty: 1
US-CO-DL,Ignored,simple,Ignored,simple
US-CO-DE,Dx,keep_length: 1 & skip_empty: 1,Sx,keep_length: 1 2 & merge_after: 0 0 & skip_empty: 1
US-CO-DO,Dx,string_lengths: 4 2 1 2 3 & skip_empty: 1,Sx-Sx-Sx-Sx-Sx( Sx),drop_cols: 5 & skip_empty: 1
US-CO-EA,Dx,,Ignored,simple
US-CO-EL,Dx,,Sx,split_groups: 0|[E] & keep_length: 0_1 & merge_after: 0_0 & skip_empty: 1
US-CO-PA,Dx,split_groups: 0|14 & drop_cols: 0_1 & skip_empty: 1,Sx-Sx-Sx,keep_length: 1 2 & merge_after: 0 0 & skip_empty: 1
US-CO-FR,Sx,split_groups: 0|11 & drop_cols: 0_1 & skip_empty: 1,Sx,keep_length: 1 2 & merge_after: 0 0 & skip_empty: 1
US-CO-GA,Sx,string_lengths: 6 6 & skip_empty: 1,Sx,string_lengths: 6 6 & skip_empty: 1
US-CO-GI,Sx,string_lengths: 3 4 & skip_empty: 1,Sx,string_lengths: 3 4 & skip_empty: 1
US-CO-GR,Sx,string_lengths: 3 5 4 & skip_empty: 1,Sx,string_lengths: 3 5 4 & skip_empty: 1
US-CO-GU,Dx,split_groups: 0|14 & drop_cols: 0_1 & skip_empty: 1,Ignored,simple
US-CO-HU,Sx,split_groups: 0|13 & drop_cols: 0_1 & skip_empty: 1,Dx,
US-CO-JE,Sx-Sx-Sx-Sx,skip_empty: 1,Sx-Sx(-Sx)(-Sx),skip_empty: 1
US-CO-KC,Dx,split_groups: 0|14 & drop_cols: 0_1 & skip_empty: 1,Dx,
US-CO-LP,Sx,split_groups: 0|[E] & keep_length: 0_1 & merge_after: 0_0 & skip_empty: 1,Sx,keep_length: 1 2 & merge_after: 0 0 & skip_empty: 1
US-CO-LI,Dx-Dx-Dx-Dx-Dx,keep_length: 1 2 3 4 & merge_after: 0 0 0 0 & skip_empty: 1,Sx,split_groups: 0|[E] & keep_length: 0_1 & merge_after: 0_0 & skip_empty: 1
US-CO-LK,Sx,string_lengths: 3 4 & skip_empty: 1,Sx,string_lengths: 3 4 & skip_empty: 1
US-CO-LO,Sx,skip_empty: 1,Sx,
US-CO-LA,Ignored,simple,Ignored,simple
US-CO-LS,Dx,split_groups: 0|14 & drop_cols: 0_1 & skip_empty: 1,Sx,skip_empty: 1
US-CO-ME,Dx,string_lengths: 4 3 2 3 & skip_empty: 1,Sx-Sx-Sx-Sx( Sx)|ADx,drop_cols: 4 & skip_empty: 1
US-CO-MF,Sx,keep_length: 1 2 & merge_after: 0 0 & skip_empty: 1,Sx,skip_empty: 1
US-CO-MI,Dx,string_lengths: 3 3 3 3 & skip_empty: 1,Sx(-)Dx,string_lengths: 3 3 3 3 & skip_empty: 1
US-CO-MR,Sx,split_groups: 0|13 & drop_cols: 0_1 & skip_empty: 1,Sx,
US-CO-MO,Sx,split_groups: 0|13 & drop_cols: 0_1 & skip_empty: 1,Sx,skip_empty: 1
US-CO-MN,Ignored,simple,Sx(-)Dx,skip_empty: 1
US-CO-OT,Dx,keep_length: 1 & skip_empty: 1,Ignored,simple
US-CO-OU,Sx,split_groups: 0|13 & drop_cols: 0_1 & skip_empty: 1,Sx(-Sx-S1),skip_empty: 1
US-CO-PA,Sx,string_lengths: 2 3 3 & skip_empty: 1,Sx,string_lengths: 2 3 3 & skip_empty: 1
US-CO-PH,Dx,string_lengths: 4 3 2 3 & skip_empty: 1,Sx-Sx(-Sx)(-Sx),split_groups: 0|1 & drop_cols: 0_0 & skip_empty: 1
US-CO-PI,Ignored,simple,Ignored,simple
US-CO-PR,Dx,split_groups: 0|1 & drop_cols: 0_0 & skip_empty: 1,Dx,split_groups: 0|14 & drop_cols: 0_1 & skip_empty: 1
US-CO-PU,Dx,keep_length: 1 & skip_empty: 1,Dx,
US-CO-RB,Sx,string_lengths: 4 2 1 2 3 & skip_empty: 1,Sx,string_lengths: 4 2 1 2 3 & skip_empty: 1
US-CO-RG,Dx,string_lengths: 2 2 3 3 & skip_empty: 1,Dx,string_lengths: 2 2 3 3 & skip_empty: 1
US-CO-RO,Dx,,Ignored,simple
US-CO-SA,Sx,string_lengths: 3 4 & skip_empty: 1,Sx,string_lengths: 3 4 & skip_empty: 1
US-CO-MI,Sx(-)Dx,string_lengths: 3 3 3 3 & skip_empty: 1,Dx,string_lengths: 3 3 3 3 & skip_empty: 1
US-CO-WE,Dx,keep_length: 1 & skip_empty: 1,Sx,skip_empty: 1
US-CT-BET,Sx [S-]x( [S-]x),split_groups: 2|- & skip_empty: 1,A4 A:Sx A:(Sx)( A:(Sx))( (A:)(Sx)),skip_empty: 1
US-CT-BRO,Ignored,simple,A4 A:Sx A:(Sx)( A:(Sx))( (A:)(Sx)),keep_length: 1 2 & merge_after: 0 0 & skip_empty: 1
US-CT-BRI,Sx( )-( )(Sx)( - Sx)(-Sx)( Sx),drop_cols: 3 & skip_empty: 1,A4 M:Sx( B:Sx)( L:Sx)( [SUP]:(Sx)),split_groups: 2|- & drop_cols: 0 & skip_empty: 1
US-CT-DAN,Sx/Dx,skip_empty: 1,A4 M:Sx( B:Sx)( L:Sx)( [SUP]:(Sx)),split_groups: 2|- & skip_empty: 1
US-CT-DAR,Sx( )-( )(Sx)( - Sx)(-Sx)( Sx),split_groups: 0|3 & drop_cols: 3 & skip_empty: 1,A4 A:Sx A:(Sx)( A:(Sx))( (A:)(Sx)),split_groups: 1|- 1_1|- & skip_empty: 1
US-CT-EAS,Ignored,simple,A4 M:Sx( B:Sx)( L:Sx)( [SUP]:(Sx)),split_groups: 0|- 1|- 2|- 3|- & merge_after: 3_0 2_1 2_0 2 1_1 1_0 1 0_1 0_0 0
US-CT-FAI,Sx,string_lengths: 3 3 2 & skip_empty: 1,A4 M:Sx( B:Sx)( L:Sx)( [SUP]:(Sx)),split_groups: 0|- 1|- 2|- 3|- & skip_empty: 1
US-CT-GRE,Unrecognized,,A4 M:Sx B:(Sx)( L:(Sx)),split_groups: 0|- & fill_zeros: 1 & join_char: - & skip_empty: 1
US-CT-MOE,Sx,skip_empty: 1 & split_groups: 0|3 0_1|3,A4 M:Sx( B:Sx)( L:Sx)( [SUP]:(Sx)),skip_empty: 1 & split_groups: 0|- & drop_cols: 3
US-CT-NCN,Sx/Sx/Sx,split_groups: 1|- & skip_empty: 1,A4 M:Sx( B:Sx)( L:Sx)( [SUP]:(Sx)),skip_empty: 1
US-CT-NEW,Sx Sx Sx( Sx)( Sx),split_groups: 2|6 & drop_cols: 3 4 & skip_empty: 1,A4 M:Sx( B:Sx)( L:Sx)( [SUP]:(Sx)),split_groups: 0|[A-Z] & drop_cols: 3 & skip_empty: 1
US-CT-NFA,Dx(.-Dx.-Dx),keep_length: 1 2 & merge_after: 0 0 & skip_empty: 1,Sx(-)Dx,keep_length: 0 & skip_empty: 1
US-CT-NOR,Sx-[S.]x(-Sx)(-Sx)(-Sx),,A4 M:Sx B:(Sx)( L:(Sx)),split_groups: 2|- 2_1|.
US-CT-RED,Sx( )(Sx)( )(Sx) ( )(Sx),skip_empty: 1,A4 M:Sx( B:Sx)( L:Sx)( [SUP]:(Sx)),split_groups: 0|. 3|. & skip_empty: 1
US-CT-RID,[S.]x-Sx,skip_empty: 1,A4 M:Sx B:(Sx)( L:(Sx)),split_groups: 0|. & skip_empty: 1
US-CT-SHE,Sx [S-]x( [S-]x),split_groups: 1|- & skip_empty: 1,A4 M:Sx B:(Sx)( L:(Sx)),split_groups: 0|- & skip_empty: 1
US-CT-SHN,[S.]x-Sx(-Sx)(/Dx),split_groups: 0|. & skip_empty: 1,A4 M:Sx L:Sx( S:(Sx)),split_groups: 1|3 & skip_empty: 1
US-CT-STR,Sx,skip_empty: 1 & split_groups: 0|2 0_1|2 0_1_1|2,A4 M:Sx( B:Sx)( L:Sx)( [SUP]:(Sx)),skip_empty: 1 & split_groups: 0|- 2|- & drop_cols: 3
US-CT-STA,Sx-Sx(-Sx)(-Sx),merge_after: 1 & skip_empty: 1,A4 A:Sx A:(Sx)( A:(Sx))( (A:)(Sx)),drop_cols: 2 3 & skip_empty: 1
US-CT-TRU,M:Sx( B:Sx)( L:(Sx)),skip_empty: 1,A4 M:Sx( B:Sx)( L:Sx)( [SUP]:(Sx)),skip_empty: 1 & split_groups: 0|- & merge_after: 0_0 & keep_length: 0_1
US-CT-WEN,[S&-]x [S.]x [S&+-]x,max_length: 0|3 & skip_empty: 1,A4 M:Sx B:(Sx)( L:(Sx)),split_groups: 1|4 & drop_cols: 1_1 & skip_empty: 1
US-CT-WIL,Sx-Sx(-Sx)(-Sx),merge_after: 2 & max_length: 2|5 & skip_empty: 1,A4 M:Sx( B:Sx)( L:Sx)( [SUP]:(Sx)),split_groups: 3|- & merge_after: 3_0 & skip_empty: 1
US-CT-WES,Sx-Sx-Sx-Sx( Sx)|ADx,skip_empty: 1 & split_groups: 5|3,A4 A:Sx A:(Sx)( A:(Sx))( (A:)(Sx)),skip_empty: 1 & split_groups: 0|- 1|- & merge_after: 0_0 1_0 & keep_length: 0_1 1_1
US-CT-AVO,Dx(.-Dx.-Dx),keep_length: 1 2 & merge_after: 0 0 & skip_empty: 1,A4 M:Sx( B:Sx) L:Sx,drop_cols: 0 & keep_length: 2 & skip_empty: 1
US-CT-BER,Sx-[S.]x(-Sx)(-Sx)(-S.x),split_groups: 1|. 3|. & skip_empty: 1,A4 M:Sx( B:Sx)( L:Sx)( [SUP]:(Sx)),split_groups: 0|- 1|- 2|- 3|- & skip_empty: 1
US-CT-BLO,Sx,skip_empty: 1,Sx,skip_empty: 1
US-CT-BRL,Dx(.-Dx.-Dx),merge_after: 0 0 0 & skip_empty: 1,A4 A:Sx A:(Sx)( A:(Sx))( (A:)(Sx)),keep_length: 1 2 & merge_after: 0 0 & skip_empty: 1
US-CT-BUR,Sx-[S.]x(-Sx)(-Sx)(-Sx),skip_empty: 1,A4 M:Sx( B:Sx)( L:Sx)( [SUP]:(Sx)),split_groups: 0|- 1|- 2|- 3|- & skip_empty: 1
US-CT-CAN,Ignored,simple,A4 M:Sx B:(Sx)( L:(Sx)),keep_length: 1 2 & merge_after: 0 0 & skip_empty: 1
US-CT-EGR,Sx( )(Sx)( )(Sx) ( )(Sx),skip_empty: 1,A4 A:Sx A:(Sx)( A:(Sx))( (A:)(Sx)),split_groups: 0|- 1|- 3|- & skip_empty: 1
US-CT-EHA,[S.]x-Sx(-Sx)(/Dx),skip_empty: 1,A4 A:Sx A:(Sx)( A:(Sx))( (A:)(Sx)),split_groups: 1|- 1_1|- 1_1_0|& & skip_empty: 1
US-CT-ENF,Dx(.-Dx.-Dx),keep_length: 2 & merge_after: 1 & skip_empty: 1,A4 M:Sx( B:Sx) L:Sx,split_groups: 2|- & drop_cols: 1 & skip_empty: 1
US-CT-EWI,Sx( )(Sx)( )(Sx) ( )(Sx),drop_cols: 0 & skip_empty: 1,A4 M:Sx B:(Sx)( L:(Sx)),split_groups: 2|- & drop_cols: 0 & skip_empty: 1
US-CT-FAR,Dx(-Sx)(-Dx),skip_empty: 1,Ignored,simple
US-CT-GLA,Sx(-)Dx,skip_empty: 1,Sx,
US-CT-GRA,Sx( )(Sx)( )(Sx) ( )(Sx),merge_after: 0 & skip_empty: 1,A4 M:Sx B:(Sx)( L:(Sx)),split_groups: 2|-3 & drop_cols: 2_0 & skip_empty: 1
US-CT-HAR,Dx(.-Dx.-Dx),keep_length: 2 & merge_after: 1 & skip_empty: 1,A4 M:Sx B:(Sx)( L:(Sx)),drop_cols: 1 & skip_empty: 1
US-CT-HRT,Sx-Sx(-Sx)(-Sx),skip_empty: 1,A4 M:Sx B:(Sx)( L:(Sx)),split_groups: 0|. 1|. 2|. & skip_empty: 1
US-CT-MAN,Sx,split_groups: 0|4 0_1|1 0_1_1|5 0_1_1_1|4 & drop_cols: 0_1_1_1 & skip_empty: 1,A4 M:Sx( B:Sx)( L:Sx)( [SUP]:(Sx)),drop_cols: 0 & skip_empty: 1
US-CT-MAR,Ignored,simple,A4 M:Sx B:Sx L:(Sx)( Sx),split_groups: 2|U & merge_after: 2_0 1 0 & skip_empty: 1
US-CT-NBR,Sx Sx( Sx),skip_empty: 1,A4 M:Sx( B:Sx)( L:Sx)( [SUP]:(Sx)),skip_empty: 1
US-CT-NEN,D2\D3.D3,,A4 M:Sx B:(Sx)( L:(Sx)),split_groups: 2|4 & merge_after: 2_0
US-CT-PLA,Sx-[S.]x(-Sx)(-Sx)(-S.x),split_groups: 1|. 4|. & skip_empty: 1,A4 M:Sx B:(Sx)( L:(Sx)),split_groups: 2|. 2_1|- & skip_empty: 1
US-CT-ROH,Sx-Sx-Sx(.Sx),merge_after: 0 0 0 & skip_empty: 1,A4 M:Sx( B:Sx)( L:Sx)( [SUP]:(Sx)),split_groups: 0|- 1|- 2|- 3|- & merge_after: 3_0 2_1 2_0 2 1_1 1_0 1 0_1 0_0 0
US-CT-SIM,Sx [S-]x( [S-]x),split_groups: 1|- & skip_empty: 1,A4 M:Sx B:(Sx)( L:(Sx)),split_groups: 0|. 1|. 2|. & skip_empty: 1
US-CT-SOU,Sx-Sx(-Sx)(-Sx),merge_after: 1 & skip_empty: 1,A4 M:Sx( B:Sx)( L:Sx)( [SUP]:(Sx)),split_groups: 0|- 2|- & drop_cols: 3 & merge_after: 2_0 0_0 & skip_empty: 1
US-CT-SUF,Sx-[S.]x(-Sx)(-Sx)(-Sx),merge_after: 4 3 2 & skip_empty: 1,A4 M:Sx B:Sx L:(Sx)( Sx),skip_empty: 1
US-CT-SWI,Ignored,simple,A4 M:Sx( B:Sx)( L:Sx)( [SUP]:(Sx)),split_groups: 0|- 1|- 2|- 3|- & merge_after: 3_0 2_1 2_0 2 1_1 1_0 1 0_1 0_0 0
US-CT-WET,Dx(.-Dx.-Dx),skip_empty: 1,A4 M:Sx( B:Sx)( L:Sx)( [SUP]:(Sx)),split_groups: 0|[A-Z] & drop_cols: 3 & skip_empty: 1
US-CT-WHA,Sx Sx Sx( Sx)( Sx),drop_cols: 1 3,^WHAR M:([0-9A-Z]+) B:([0-9A-Z]+) L:([0-9A-Z]+)(?:-([0-9A-Z]+))?$,drop_cols: 0
US-CT-WIN,Dx(.-Dx.-Dx),skip_empty: 1,Dx.Dx,skip_empty: 1
US-CT-WLO,Sx-Sx-Sx(-Sx),skip_empty: 1,A4 M:Sx( B:Sx)( L:Sx)( [SUP]:(Sx)),split_groups: 0|- & skip_empty: 1
US-CT-BAR,Ignored,simple,A4 M:Sx( B:Sx)( L:Sx)( [SUP]:(Sx)),split_groups: 0|- 1|- 2|- 3|- & merge_after: 3_0 2_1 2_0 2 1_1 1_0 1 0_1 0_0 0
US-CT-BEM,Sx( )(Sx)( )(Sx) ( )(Sx),merge_after: 0 & skip_empty: 1,A4 A:Sx A:(Sx)( A:(Sx))( (A:)(Sx)),split_groups: 2|- & skip_empty: 1
US-CT-BRI,Ignored,simple,A4 M:Sx B:(Sx)( L:(Sx)),merge_after: 1 0
US-CT-CAA,Dx( Dx),skip_empty: 1,A4 M:Sx( B:Sx) L:Sx,split_groups: 2|. 2_0|- & drop_cols: 1 & skip_empty: 1
US-CT-COK,Sx( )-( )(Sx)( - Sx)(-Sx)( Sx),merge_after: 2 & skip_empty: 1,A4 M:Sx( B:Sx) L:Sx,split_groups: 2|- & skip_empty: 1
US-CT-COR,[S.]x-Sx(-Sx)(/Dx),skip_empty: 1,A4 M:Sx B:(Sx)( L:(Sx)),split_groups: 1|- & merge_after: 1_0 & skip_empty: 1
US-CT-GOS,Ignored,skip_empty: 1,A4 M:Sx( B:Sx) L:Sx,skip_empty: 1 & drop_cols: 0 1
US-CT-HAN,Unrecognized,,A4 M:Sx( B:Sx)( L:Sx)( [SUP]:(Sx)),split_groups: 3|- & drop_cols: 0 1 & skip_empty: 1
US-CT-KEN,Sx-[S.]x(-Sx)(-Sx)(-Sx),split_groups: 1|. & skip_empty: 1,A4 M:Sx( B:Sx)( L:Sx)( [SUP]:(Sx)),split_groups: 2|. & skip_empty: 1
US-CT-LIT,Sx-Sx(-Sx)(-Sx),skip_empty: 1,A4 M:Sx( B:Sx)( L:Sx)( [SUP]:(Sx)),split_groups: 2|- 2_1|- & skip_empty: 1
US-CT-MOR,Sx( )(Sx)( )(Sx) ( )(Sx),split_groups: 0|N 0_1|W 0_1_1|2 1|1 & skip_empty: 1,A4 M:Sx( B:Sx)( L:Sx)( [SUP]:(Sx)),split_groups: 3|- & drop_cols: 1 & skip_empty: 1
US-CT-NCA,D2/D3-D1,skip_empty: 1,A4 M:Sx( B:Sx) L:Sx,split_groups: 2|- & drop_cols: 1 & skip_empty: 1
US-CT-NHR,[S&-]x [S.]x [S&+-]x,max_length: 0|3 & skip_empty: 1,A4 M:Sx( B:Sx)( L:Sx)( [SUP]:(Sx)),split_groups: 3|- & skip_empty: 1
US-CT-NMI,Dx(.D1)/Dx(.Sx),skip_empty: 1,A4 M:Sx( B:Sx)( L:Sx)( [SUP]:(Sx)),split_groups: 0|- 1|- 2|- 3|- & skip_empty: 1
US-CT-NOK,Sx-( )(Sx) ( )(Sx)( )(Dx),split_groups: 1|- 2|- & skip_empty: 1,A4 M:Sx B:(Sx)( L:(Sx)),split_groups: 0|- 1|- 2|- & skip_empty: 1
US-CT-PLY,Sx-[S.]x(-Sx)(-Sx)(-Sx),skip_empty: 1,A4 M:Sx B:(Sx)( L:(Sx)),split_groups: 2|- & skip_empty: 1
US-CT-ROX,Dx( Dx),skip_empty: 1,A4 M:Sx( B:Sx) L:Sx,split_groups: 0|3 & skip_empty: 1
US-CT-SAL,Dx(-Sx)(-Dx),split_groups: 0|4 & skip_empty: 1,A4 M:Sx B:(Sx)( L:(Sx)),split_groups: 0|- 1|- 2|- & skip_empty: 1
US-CT-SHA,Sx-[S.]x(-Sx)(-Sx)(-Sx),split_groups: 1|. & skip_empty: 1,A4 M:Sx B:(Sx)( L:(Sx)),split_groups: 2|- & skip_empty: 1
US-CT-THN,Sx-[S.]x(-Sx)(-Sx)(-S.x),split_groups: 1|. 3|. & skip_empty: 1,A4 M:Sx B:(Sx)( L:(Sx)),split_groups: 0|- 1|- 2|- & skip_empty: 1
US-CT-TOR,Sx/Sx/Sx,split_groups: 1|- & skip_empty: 1,A4 M:Sx( B:Sx)( L:Sx)( [SUP]:(Sx)),split_groups: 2|- & merge_after: 2_0 & skip_empty: 1
US-CT-WAR,Ignored,simple,A4 M:Sx B:(Sx)( L:(Sx)),split_groups: 1|- 2|- & merge_after: 2_0 1_1 1_0 0
US-CT-WIR,D3/Sx/Sx(-Sx),skip_empty: 1,A4 M:Sx( B:Sx)( L:Sx)( [SUP]:(Sx)),split_groups: 2|- & skip_empty: 1
US-CT-WOO,Sx-Sx(-Sx)(-Sx),skip_empty: 1,A4 M:Sx B:(Sx)( L:(Sx)),split_groups: 1|. & drop_cols: 2 & skip_empty: 1
US-CT-WAS,Sx-Sx-Sx(.Sx),skip_empty: 1,A4 M:Sx B:(Sx)( L:(Sx)),split_groups: 2|- & merge_after: 2_0 & skip_empty: 1
US-CT-WAN,Sx( )(Sx)( )(Sx) ( )(Sx),skip_empty: 1,A4 M:Sx B:(Sx)( L:(Sx)),split_groups: 2|- & skip_empty: 1
US-CT-CHE,Ignored,simple,A4 M:Sx B:(Sx)( L:(Sx)),keep_length: 1 2 & merge_after: 0 0 & skip_empty: 1
US-CT-CLI,^([0-9A-Z]+)/([0-9A-Z]+)/ ?([0-9 A-Z-]+)/?([0-9A-Z]*)$,split_groups: 2|- 2_1|- & skip_empty: 1,A4 A:Sx A:(Sx)( A:(Sx))( (A:)(Sx)),split_groups: 2|- 2_1|- & skip_empty: 1
US-CT-CRO,Ignored,,Ignored,
US-CT-DRI,Ignored,simple,A4 A:Sx A:(Sx)( A:(Sx))( (A:)(Sx)),keep_length: 1 2 & merge_after: 0 0 & skip_empty: 1
US-CT-DUR,Sx,skip_empty: 1,A4 [S.]x,split_groups: 0|. & skip_empty: 1
US-CT-EHA,Sx [S-]x( [S-]x),split_groups: 2|- & skip_empty: 1,A4 M:Sx( B:Sx)( L:Sx)( [SUP]:(Sx)),split_groups: 2|- & skip_empty: 1
US-CT-EHD,Sx( )-( )(Sx)( - Sx)(-Sx)( Sx),split_groups: 1|. & skip_empty: 1,A4 M:Sx( B:Sx)( L:Sx)( [SUP]:(Sx)),split_groups: 3|- & drop_cols: 1 & skip_empty: 1
US-CT-ESS,Sx [S-]x( [S-]x),split_groups: 1|- 1_1|- 1_1_1|- & skip_empty: 1,A4 A:Sx A:(Sx)( A:(Sx))( (A:)(Sx)),split_groups: 0|- 2|- 1|. & skip_empty: 1
US-CT-HAD,Sx (Dx Sx) Sx,skip_empty: 1,A4 M:Sx( B:Sx)( L:Sx)( [SUP]:(Sx)),split_groups: 0|- 2|- & drop_cols: 3 & merge_after: 2_0 0_0 & skip_empty: 1
US-CT-KIL,Sx( )-( )(Sx)( - Sx)(-Sx)( Sx),split_groups: 0|3 & drop_cols: 4 & keep_length: 1 & merge_after: 0_0 0_0 0_0 & skip_empty: 1,A4 M:Sx B:(Sx)( L:(Sx)),keep_length: 1 2 & merge_after: 0 0 & skip_empty: 1
US-CT-MID,Sx(-)Dx,skip_empty: 1,Sx,split_groups: 0|6 0_1|6 & skip_empty: 1
US-CT-MID,Sx,split_groups: 0|3 & drop_cols: 0_0 & skip_empty: 1,A4 A:Sx A:(Sx)( A:(Sx))( (A:)(Sx)),keep_length: 1 2 & merge_after: 0 0 & skip_empty: 1
US-CT-OSA,Sx-Sx(-Sx)(-Sx),skip_empty: 1,A4 A:Sx A:(Sx)( A:(Sx))( (A:)(Sx)),split_groups: 1|- 1_1|- & skip_empty: 1
US-CT-POR,Dx(.-Dx.-Dx),keep_length: 1 2 3 & merge_after: 0 0 0 & skip_empty: 1,A4 M:Sx B:(Sx)( L:(Sx)),keep_length: 1 2 & merge_after: 0 0 & skip_empty: 1
US-CT-WEK,Sx-Sx,skip_empty: 1,A4 M:Sx( B:Sx)( L:Sx)( [SUP]:(Sx)),split_groups: 0|[A-Z] & drop_cols: 3 & skip_empty: 1
US-CT-ANS,Sx(-)Dx,skip_empty: 1,A4 M:Sx B:(Sx)( L:(Sx)),keep_length: 1 2 & merge_after: 0 0 & skip_empty: 1
US-CT-BEY,D3/Sx(-Sx-S1),skip_empty: 1,A4 M:Sx B:(Sx)( L:(Sx)),skip_empty: 1
US-CT-BEF,Sx-[S.]x(-Sx)(-Sx)(-Sx),skip_empty: 1,A4 M:Sx B:(Sx)( L:(Sx)),split_groups: 2|- & skip_empty: 1
US-CT-BRA,S3/S3/D3/D.5,skip_empty: 1,A4 M:Sx( B:Sx)( L:Sx)( [SUP]:(Sx)),split_groups: 0|- & skip_empty: 1
US-CT-CHE,Dx(-Sx)(-Dx),split_groups: 0|2 0_1|- & skip_empty: 1,A4 M:Sx B:(Sx)( L:(Sx)),split_groups: 0|- 1|- 2|- & skip_empty: 1
US-CT-DER,Sx( )(Sx)( )(Sx) ( )(Sx),split_groups: 1|- & skip_empty: 1,A4 M:Sx B:(Sx)( L:(Sx)),split_groups: 2|- & skip_empty: 1
US-CT-EHV,Sx Sx( Sx),split_groups: 1|5 & skip_empty: 1,A4 M:Sx B:(Sx)( L:(Sx)),split_groups: 0|3 2|4 & skip_empty: 1
US-CT-GUI,Sx(-)Dx,skip_empty: 1,A4 M:Sx( B:Sx)( L:Sx)( [SUP]:(Sx)),split_groups: 0|-2 1|- 1_1|- 2|- & merge_after: 0_0 0_0 0_0 0_0 0_0 0_0 0_0 & skip_empty: 1
US-CT-HAM,Sx-[S.]x(-Sx)(-Sx)(-Sx),merge_after: 4 3 2 & skip_empty: 1,A4 M:Sx( B:Sx) L:Sx,split_groups: 2|- & skip_empty: 1
US-CT-MAD,Sx-Sx(-Sx)(-Sx),skip_empty: 1,A4 M:Sx( B:Sx)( L:Sx)( [SUP]:(Sx)),split_groups: 0|- 1|- 2|- 3|- & skip_empty: 1
US-CT-MER,Sx-[S.]x(-Sx)(-Sx)(-Sx),split_groups: 1|6 1_1|6 & drop_cols: 0 & skip_empty: 1,A4 M:Sx B:(Sx)( L:(Sx)),split_groups: 2|- & drop_cols: 0 & skip_empty: 1
US-CT-MIY,[S.]x-Sx(-Sx)(/Dx),split_groups: 0|. & skip_empty: 1,A4 M:Sx( B:Sx)( L:Sx)( [SUP]:(Sx)),split_groups: 0|- & skip_empty: 1
US-CT-MIL,[S&-]x [S.]x [S&+-]x,max_length: 0|3 & skip_empty: 1,A4 M:Sx( B:Sx)( L:Sx)( [SUP]:(Sx)),split_groups: 0|- 2|- & drop_cols: 3 & merge_after: 2_0 0_0 & skip_empty: 1
US-CT-NAU,"^([0-9A-Z]+)[- /\.]{1,2}([0-9A-Z]+)(?:[- ,/\.]{1}([0-9A-Z]+))?(?:[- /\.]{1}([0-9A-Z-]+))?$",skip_empty: 1 & split_groups: 3|-,A4 M:Sx( B:Sx)( L:Sx)( [SUP]:(Sx)),skip_empty: 1 & split_groups: 0|- 0_0|\. 0_1|- 0_1_0|\. 0_1_1|- 0_1_1_0|\. 0_1_1_1|-
US-CT-NBR,Dx-Sx( S1)-Dx(-Dx),skip_empty: 1 & drop_cols: 1 & switch: 2|3 & merge_after: 3,A4 M:Sx( B:Sx)( L:Sx)( [SUP]:(Sx)),skip_empty: 1 & split_groups: 0|- 1|- & drop_cols: 0_1 & switch: 1_0|1_1
US-CT-NHA,Dx=Sx=Dx,drop_cols: 1 & skip_empty: 1,A4 M:Sx B:(Sx)( L:(Sx)),split_groups: 0|- & skip_empty: 1
US-CT-NHV,Sx,string_lengths: 3 3 & skip_empty: 1,A4 M:Sx( B:Sx)( L:Sx)( [SUP]:(Sx)),split_groups: 2|- & skip_empty: 1
US-CT-ORA,Sx-Sx-Sx(-Sx)(-Sx),skip_empty: 1,A4 A:Sx A:(Sx)( A:(Sx))( (A:)(Sx)),split_groups: 2|- & skip_empty: 1
US-CT-OXF,Dx/Dx/Sx( -Sx),skip_empty: 1,A4 M:Sx( B:Sx)( L:Sx)( [SUP]:(Sx)),skip_empty: 1 & split_groups: 2|-
US-CT-PRO,Sx [S-]x( [S-]x),split_groups: 1|- 1_1|- 1_1_1|- & drop_cols: 0 & skip_empty: 1,A4 M:Sx B:(Sx)( L:(Sx)),split_groups: 2|- & drop_cols: 0 & skip_empty: 1
US-CT-SEY,Sx-Sx(-Sx)(-Sx),skip_empty: 1,A4 A:Sx A:(Sx)( A:(Sx))( (A:)(Sx)),skip_empty: 1 & split_groups: 0|- 0_1|- 1|- & merge_after: 0_1_0 1_0
US-CT-SOY,Sx-[S.]x(-Sx)(-Sx)(-Sx),split_groups: 1|. & skip_empty: 1,A4 A:Sx A:(Sx)( A:(Sx))( (A:)(Sx)),split_groups: 0|- 1|- 3|- & skip_empty: 1
US-CT-WAL,^([0-9A-Z]+)/([0-9]+)(?:/([0-9]+))?$|^([0-9A-Z]+)-([0-9A-Z]+)(?:-([0-9A-Z]+))?(?:-([0-9A-Z]+))?$,skip_empty: 1,A4 M:Sx( B:Sx)( L:Sx)( [SUP]:(Sx)),skip_empty: 1 & split_groups: 2|-
US-CT-WOE,Sx,string_lengths: 4 4 4 & skip_empty: 1,A4 M:Sx B:(Sx)( L:(Sx)),split_groups: 2|. 2_1|- & skip_empty: 1
US-CT-WHA,Dx,split_groups: 0|14 & drop_cols: 0_1 & skip_empty: 1,Dx,split_groups: 0|16 & drop_cols: 0_1
US-CT-WOL,Sx-[S.]x(-Sx)(-Sx)(-Sx),merge_after: 4 3 2 1 0 & skip_empty: 1,A4 M:Sx( B:Sx)( L:Sx)( [SUP]:(Sx)),split_groups: 0|- 1|- 2|- 3|- & merge_after: 3_0 2_1 2_0 2 1_1 1_0 1 0_1 0_0 0
US-CT-WAT,Sx-[S.]x(-Sx)(-Sx)(-Sx),split_groups: 1|. & skip_empty: 1,A4 M:Sx B:(Sx)( L:(Sx)),skip_empty: 1
US-CT-BOZ,Dx-D2/D3(-Sx),skip_empty: 1 & drop_cols: 0,A4 M:Sx( B:Sx)( L:Sx)( [SUP]:(Sx)),skip_empty: 1 & split_groups: 2|-
US-CT-COL,S2-S2/S3-S3,skip_empty: 1,A4 M:Sx B:(Sx)( L:(Sx)),split_groups: 0|3 2|- 2_0|4 & skip_empty: 1
US-CT-ELY,Unrecognized,,A4 M:Sx B:(Sx)( L:(Sx)),join_char:   & skip_empty: 1
US-CT-FRA,Sx-Sx-Sx(.Sx),split_groups: 0|4 & drop_cols: 0_0 & skip_empty: 1,A4 M:Sx B:(Sx)( L:(Sx)),split_groups: 2|1 & skip_empty: 1
US-CT-GRO,Dx(.-Dx.-Dx),keep_length: 1 2 3 & merge_after: 0 0 0 & skip_empty: 1,A4 M:Sx( B:Sx)( L:Sx)( [SUP]:(Sx)),split_groups: 1|- & drop_cols: 2 & skip_empty: 1
US-CT-GRI,Sx-Sx-Sx(.Sx),skip_empty: 1,A4 A:Sx A:(Sx)( A:(Sx))( (A:)(Sx)),split_groups: 2|. & skip_empty: 1
US-CT-LED,Ignored,simple,A4 M:Sx( B:Sx)( L:Sx)( [SUP]:(Sx)),split_groups: 0|- 1|- 2|- 3|- & merge_after: 3_0 2_1 2_0 2 1_1 1_0 1 0_1 0_0 0
US-CT-LEB,Sx-[S.]x(-Sx)(-Sx)(-S.x),skip_empty: 1,A4 M:Sx( B:Sx) L:Sx,split_groups: 0|- 0_1|- 2|- & merge_after: 2_0 & skip_empty: 1
US-CT-LIS,Sx [S-]x( [S-]x),split_groups: 1|- 1_1|- 1_1_1|- & skip_empty: 1,A4 M:Sx B:(Sx)( L:(Sx)),split_groups: 2|-3 & drop_cols: 2_0 & skip_empty: 1
US-CT-LYM,^([0-9A-Z]+)[/\.]([0-9A-Z]+)(?:[-/]([0-9]+))?$,skip_empty: 1,A4 M:Sx( B:Sx) L:Sx,skip_empty: 1 & split_groups: 0|\. 2|-
US-CT-MON,^([0-9]{2})-([0-9]+)/([0-9]+)-([0-9A-Z]+)$,drop_cols: 0,A4 M:Sx B:(Sx)( L:(Sx)),
US-CT-NLO,Sx-[S.]x(-Sx)(-Sx)(-S.x),split_groups: 1|. 4|. & skip_empty: 1,A4 M:Sx B:(Sx)( L:(Sx)),split_groups: 2|- & skip_empty: 1
US-CT-NOH,Sx-Sx-Sx-Sx,split_groups: 2|. 2_1|. & skip_empty: 1,A4 M:Sx( B:Sx)( L:Sx)( [SUP]:(Sx)),split_groups: 2|. & skip_empty: 1
US-CT-NST,S4>D2>S4,drop_cols: 0 1 & skip_empty: 1,A4 M:Sx( B:Sx)( L:Sx)( [SUP]:(Sx)),drop_cols: 0 & skip_empty: 1
US-CT-OLY,Sx-Sx(-Sx)(-Sx),skip_empty: 1,A4 A:Sx A:(Sx)( A:(Sx))( (A:)(Sx)),split_groups: 1|- 1_1|- & skip_empty: 1
US-CT-PRE,Sx-[S.]x(-Sx)(-Sx)(-S.x),split_groups: 1|. 3|. & skip_empty: 1,A4 M:Sx( B:Sx)( L:Sx)( [SUP]:(Sx)),split_groups: 0|- 1|- 2|- 3|- & skip_empty: 1
US-CT-SAL,D2/D3-S3,skip_empty: 1,A4 M:Sx B:(Sx)( L:(Sx)),split_groups: 2|- & merge_after: 2_0 & skip_empty: 1
US-CT-SPR,Dx(.-Dx.-Dx),keep_length: 1 2 & merge_after: 0 0 & skip_empty: 1,A4 M:Sx( B:Sx)( L:Sx)( [SUP]:(Sx)),split_groups: 1|- 1_1|- 2|- & merge_after: 0 0 0 0 0 0 & skip_empty: 1
US-CT-STO,Sx-Sx-Sx(.Sx),skip_empty: 1,A4 M:Sx( B:Sx)( L:Sx)( [SUP]:(Sx)),split_groups: 0|. 2|. & skip_empty: 1
US-CT-VOL,Sx/Sx/Sx,split_groups: 1|- & skip_empty: 1,A4 M:Sx( B:Sx)( L:Sx)( [SUP]:(Sx)),split_groups: 0|- 1|- 2|- 3|- & skip_empty: 1
US-CT-WAT,Sx,split_groups: 0|5 0_1|3 & skip_empty: 1,A4 M:Sx( B:Sx)( L:Sx)( [SUP]:(Sx)),split_groups: 2|- 3|- & drop_cols: 0 & join_char:   & skip_empty: 1
US-CT-AND,Sx-Sx-Sx(-Sx),skip_empty: 1,A4 M:Sx B:(Sx)( L:(Sx)),split_groups: 2|- & skip_empty: 1
US-CT-BOL,Unrecognized,,A4 M:Sx B:(Sx)( L:(Sx)),split_groups: 0|- & fill_zeros: 1 & join_char: - & skip_empty: 1
US-CT-COA,Sx-Sx(-Sx)(-Sx),merge_after: 2 & max_length: 2|5 & skip_empty: 1,A4 M:Sx( B:Sx)( L:Sx)( [SUP]:(Sx)),split_groups: 0|- & drop_cols: 0_1 & skip_empty: 1
US-CT-COV,Sx [S-]x( [S-]x),split_groups: 1|- 1_1|- 1_1_1|- & skip_empty: 1,A4 M:Sx B:(Sx)( L:(Sx)),split_groups: 0|. 1|. 2|. & skip_empty: 1
US-CT-ELL,[S.]x-Sx(-Sx)(/Dx),split_groups: 0|. & skip_empty: 1,A4 M:Sx( B:Sx)( L:Sx)( [SUP]:(Sx)),split_groups: 0|. 3|. & skip_empty: 1
US-CT-HEB,Sx [S.]x,skip_empty: 1,A4 A:Sx A:(Sx)( A:(Sx))( (A:)(Sx)),switch: 1|2 & skip_empty: 1
US-CT-MAN,Ignored,simple,A4 M:Sx B:(Sx)( L:(Sx)),split_groups: 2|- & merge_after: 2_0 1 0
US-CT-SOM,Sx( )-( )(Sx)( - Sx)(-Sx)( Sx),split_groups: 0|3 & drop_cols: 3 & skip_empty: 1,A4 M:Sx( B:Sx)( L:Sx)( [SUP]:(Sx)),split_groups: 0|- & skip_empty: 1
US-CT-STD,Dx(.D1)/Dx(.Sx),skip_empty: 1,A4 M:Sx( B:Sx) L:Sx,split_groups: 2|. & skip_empty: 1
US-CT-TOL,Ignored,simple,Ignored,simple
US-CT-UNI,Dx/Dx/Sx( -Sx),skip_empty: 1,A4 M:Sx B:(Sx)( L:(Sx)),split_groups: 2|- & skip_empty: 1
US-CT-VER,Sx-Sx(-Sx)(-Sx),skip_empty: 1,A4 M:Sx B:(Sx)( L:(Sx)),split_groups: 2|- & skip_empty: 1
US-CT-WLN,D2/D3-D2,skip_empty: 1,A4 M:Sx( B:Sx) L:Sx,split_groups: 2|. 2_0|- & drop_cols: 1 & skip_empty: 1
US-CT-ASH,Sx-Sx-Sx(.Sx),skip_empty: 1,A4 M:Sx( B:Sx)( L:Sx)( [SUP]:(Sx)),split_groups: 0|. 2|. & skip_empty: 1
US-CT-BRO,"^([0-9]{1,2})/([0-9A-Z]{1,4})(?:[-]+([0-9A-Z]{1,2}))?$",skip_empty: 1,A4 M:Sx( B:Sx)( L:Sx)( [SUP]:(Sx)),skip_empty: 1 & split_groups: 2|-
US-CT-CAN,Sx Sx( Sx),skip_empty: 1,A4 M:Sx B:(Sx)( L:(Sx)),split_groups: 0|3 2|4 & skip_empty: 1
US-CT-CHA,Ignored,simple,A4 A:Sx A:(Sx)( A:(Sx))( (A:)(Sx)),keep_length: 1 2 & merge_after: 0 0 & skip_empty: 1
US-CT-EAD,Ignored,simple,A4 M:Sx( B:Sx)( L:Sx)( [SUP]:(Sx)),split_groups: 0|- 1|- 2|- 3|- & merge_after: 3_0 2_1 2_0 2 1_1 1_0 1 0_1 0_0 0
US-CT-HMP,"CT-D3-Dx-Dx-Sx(-Sx,./Sx,)",skip_empty: 1 & drop_cols: 0,A4 A:Sx A:(Sx)( A:(Sx))( (A:)(Sx)),skip_empty: 1 & split_groups: 0|- 2|-
US-CT-KIL,Dx(.-Dx.-Dx),keep_length: 2 & merge_after: 1 & skip_empty: 1,A4 M:Sx( B:Sx)( L:Sx)( [SUP]:(Sx)),split_groups: 0|- & skip_empty: 1
US-CT-PLD,Sx/Sx/Sx,split_groups: 1|- & skip_empty: 1,A4 M:Sx B:(Sx)( L:(Sx)),split_groups: 2|4 & merge_after: 2_0
US-CT-POM,Sx-[S.]x(-Sx)(-Sx)(-S.x),split_groups: 1|. 4|. & skip_empty: 1,A4 M:Sx( B:Sx)( L:Sx)( [SUP]:(Sx)),split_groups: 0|. 2|. & skip_empty: 1
US-CT-PUT,Sx [S-]x( [S-]x),split_groups: 1|- & skip_empty: 1,A4 M:Sx( B:Sx)( L:Sx)( [SUP]:(Sx)),split_groups: 0|- 1|- 2|- 3|- & skip_empty: 1
US-CT-SCO,Sx/Sx/Sx,split_groups: 1|- & skip_empty: 1,A4 M:Sx( B:Sx)( L:Sx)( [SUP]:(Sx)),split_groups: 0|[A-Z] & drop_cols: 3 & skip_empty: 1
US-CT-STE,Ignored,simple,A4 M:Sx B:(Sx)( L:(Sx)),split_groups: 1|- 2|- & merge_after: 2_0 1_1 1_0 0
US-CT-WIM,M:Sx B:Sx L:(Sx)( Sx),skip_empty: 1 & split_groups: 0|= 0_0|- 2|= 2_0|-,A4 M:Sx B:Sx L:(Sx)( Sx),skip_empty: 1 & split_groups: 0|- 2|-
US-CT-WOK,Sx-Sx-Sx(-Sx)(-Sx),skip_empty: 1,A4 A:Sx A:(Sx)( A:(Sx))( (A:)(Sx)),split_groups: 2|- & skip_empty: 1
US-DE-KE,Ignored,simple,Ignored,simple
US-DE-NC,Dx,split_groups: 0|16 & drop_cols: 0_1,Sx,
US-DE-SU,Sx-[S.]x(-Sx)(-Sx)(-S.x),split_groups: 1|. 3|. & skip_empty: 1,Sx-[S.]x(-Sx)(-Sx)(-S.x),split_groups: 1|. 3|. & skip_empty: 1
US-FL-AL,Sx-Sx-Sx,split_groups: 2|3 & keep_length: 1 2_0 & merge_after: 0 0 & skip_empty: 1,Dx(.-Dx.-Dx),keep_length: 1 2 3 & merge_after: 0 0 0 & skip_empty: 1
US-FL-BR,Sx-Sx-Sx-Sx,drop_cols: 0 & skip_empty: 1,Sx( )-( )(Sx)( - Sx)(-Sx)( Sx),drop_cols: 3 & skip_empty: 1
US-FL-BE,Ignored,simple,Ignored,simple
US-FL-BK,Sx-Sx-Sx-Sx-Sx-Sx,keep_length: 1 2 3 4 5 & merge_after: 0 0 0 0 0 & skip_empty: 1,Sx-Sx-Sx-Sx-Sx-Sx,keep_length: 1 2 3 4 5 & merge_after: 0 0 0 0 0 & skip_empty: 1
US-FL-BR,Sx,skip_empty: 1,Sx( )-Sx-Sx-Sx-Sx-( Sx),keep_length: 2 3 4 & merge_after: 0 0 0 0 0 & skip_empty: 1
US-FL-BA,Ignored,simple,Ignored,simple
US-FL-CA,Sx-Sx-Sx-Sx-Sx-Sx,keep_length: 2 3 4 & merge_after: 0 0 0 0 & skip_empty: 1,Sx-Sx-Sx-Sx-Sx-Sx,keep_length: 2 3 4 & merge_after: 0 0 0 0 & skip_empty: 1
US-FL-CH,Sx(-)Dx,string_lengths: 3 3 3 3 & skip_empty: 1,Dx,string_lengths: 3 3 3 3 & skip_empty: 1
US-FL-CI,Sx Sx( Sx),split_groups: 1|5 & skip_empty: 1,Sx Sx( Sx),skip_empty: 1
US-FL-CO,Sx(-)Dx,drop_cols: 0 & skip_empty: 1,Dx,keep_length: 1 & skip_empty: 1
US-FL-CU,Sx-Sx-Sx-Sx-Sx-Sx,drop_cols: 0 & skip_empty: 1,Sx( )-Sx-Sx-Sx-Sx-( Sx),skip_empty: 1
US-FL-CL,Sx-Sx-Sx-Sx-Sx-Sx,keep_length: 1 2 3 4 5 & merge_after: 0 0 0 0 0 & skip_empty: 1,Sx-Sx-Sx-Sx(-Sx-Sx.Sx),keep_length: 1 2 3 4 5 6 & merge_after: 0 0 0 0 0 0 & skip_empty: 1
US-FL-MD,Dx,string_lengths: 2 4 3 4,Sx-Sx-Sx-Sx,
US-FL-DE,Sx-Sx-Sx-Sx-Sx-Sx,keep_length: 4 5 & skip_empty: 1,Sx-Sx-Sx-Sx-Sx-Sx,keep_length: 4 5 & skip_empty: 1
US-FL-DI,Ignored,simple,Ignored,simple
US-FL-DU,Sx,string_lengths: 6 4 1 & drop_cols: 2 & skip_empty: 1,Sx-Sx,skip_empty: 1
US-FL-ES,Sx,string_lengths: 2 2 4 4 4 & skip_empty: 1,Sx,split_groups: 0|2 0_1|2 0_1_1|4 0_1_1_1|4 0_1_1_1_1|4 & skip_empty: 1
US-FL-FL,Ignored,simple,Ignored,simple
US-FL-FR,Ignored,simple,Ignored,simple
US-FL-GA,Ignored,simple,Ignored,simple
US-FL-GI,Sx-Sx-Sx-Sx-Sx-Sx,keep_length: 2 3 4 & merge_after: 0 0 0 0 & skip_empty: 1,Sx-Sx-Sx-Sx-Sx-Sx,keep_length: 2 3 4 & merge_after: 0 0 0 0 & skip_empty: 1
US-FL-GL,Sx-Sx-Sx-Sx-Sx-Sx,keep_length: 2 3 4 & merge_after: 0 0 0 0 & skip_empty: 1,Sx-Sx-Sx-Sx-Sx-Sx,keep_length: 2 3 4 & merge_after: 0 0 0 0 & skip_empty: 1
US-FL-GU,Sx-Sx,split_groups: 0|1 & skip_empty: 1,Sx-Sx,skip_empty: 1
US-FL-HA,Ignored,simple,Ignored,simple
US-FL-HG,Sx,string_lengths: 1 2 2 2 3 4 4 & skip_empty: 1,Sx-Sx-Sx-Sx-Sx-Sx-Sx,skip_empty: 1
US-FL-HI,Sx,string_lengths: 2 2 2 15 1 & switch: 0|4 1|2,Sx,string_lengths: 1 2 2 2 15 & switch: 3|4
US-FL-HM,Sx( )-( )(Sx)( - Sx)(-Sx)( Sx),drop_cols: 0 & skip_empty: 1,Sx-Sx,split_groups: 1|3 & skip_empty: 1
US-FL-HO,Unrecognized,,Unrecognized,
US-FL-LI,Ignored,simple,Ignored,simple
US-FL-LV,Sx( )-( )(Sx)( - Sx)(-Sx)( Sx),drop_cols: 0 & skip_empty: 1,Sx,
US-FL-MI,Ignored,simple,Ignored,simple
US-FL-MA,Sx( )-( )(Sx)( - Sx)(-Sx)( Sx),no_conv: 1,Sx( )-( )(Sx)( - Sx)(-Sx)( Sx),no_conv: 1
US-FL-MN,Ignored,simple,Dx,split_groups: 0|14 & drop_cols: 0_1 & skip_empty: 1
US-FL-MO,Sx Sx Sx,split_groups: 2|8 & drop_cols: 0 1 & skip_empty: 1,Sx-Sx,split_groups: 1|A & skip_empty: 1
US-FL-MR,Sx,keep_length: 1 2 & merge_after: 0 0 & skip_empty: 1,Dx-Dx-Dx-Dx-Dx-Dx(-Dx)(.Dx)(.Dx),keep_length: 1 2 3 4 5 6 & merge_after: 0 0 0 0 0 0 & skip_empty: 1
US-FL-NA,Ignored,simple,Ignored,simple
US-FL-OK,Sx-Sx-Sx-Sx-Sx-Sx,keep_length: 2 3 4 & merge_after: 0 0 0 0 & skip_empty: 1,Sx-Sx-Sx-Sx-Sx-Sx,keep_length: 2 3 4 & merge_after: 0 0 0 0 & skip_empty: 1
US-FL-KC,Ignored,simple,Ignored,simple
US-FL-OR,Dx,string_lengths: 2 2 2 4 2 3 & switch: 0|2 & skip_empty: 1,Sx-Sx-Sx-Sx-Sx-Sx,skip_empty: 1
US-FL-OS,Sx,string_lengths: 1 2 2 2 3 4 4 & skip_empty: 1,Sx,string_lengths: 1 2 2 2 3 4 4 & skip_empty: 1
US-FL-PI,Sx Dx Dx Dx Sx Sx,switch: 0|2 & skip_empty: 1,Sx-Sx-Sx-Sx-Sx-Sx,skip_empty: 1
US-FL-PB,Ignored,simple,Ignored,simple
US-FL-PO,Dx,string_lengths: 2 4 2 2 4 4 & skip_empty: 1,Dx,string_lengths: 2 4 2 2 4 4 & skip_empty: 1
US-FL-PA,Sx,string_lengths: 2 2 2 4 5 4 & skip_empty: 1,Sx-Sx-Sx-Sx-Sx-Sx,switch: 0|2 & skip_empty: 1
US-FL-PU,Sx-Sx-Sx-Sx-Sx-Sx,keep_length: 1 2 3 4 5 & merge_after: 0 0 0 0 0 & skip_empty: 1,Sx-Sx-Sx-Sx-Sx-Sx,keep_length: 1 2 3 4 5 & merge_after: 0 0 0 0 0 & skip_empty: 1
US-FL-SA,Ignored,simple,Ignored,simple
US-FL-SE,Sx,,Sx-Sx-Sx-Sx-Sx-Sx,keep_length: 1 2 3 4 5 & merge_after: 0 0 0 0 0 & skip_empty: 1
US-FL-SJ,Dx,string_lengths: 2 5 3 & skip_empty: 1,Dx,string_lengths: 2 5 3 & skip_empty: 1
US-FL-SL,Ignored,simple,Ignored,simple
US-FL-SU,Ignored,simple,Ignored,simple
US-FL-SA,Dx,split_groups: 0|14 & drop_cols: 0_1 & skip_empty: 1,Sx,split_groups: 0|R 0_0|11 & skip_empty: 1
US-FL-SW,Sx(-)Dx,keep_length: 0 & skip_empty: 1,Ignored,simple
US-FL-TA,Sx-Sx,split_groups: 1|3 & skip_empty: 1,Sx-Sx,skip_empty: 1
US-FL-UN,Ignored,simple,Ignored,simple
US-FL-VO,Dx,string_lengths: 1 1 1 1 2 2 2 4 & drop_cols: 0 2 & switch: 1|3 & skip_empty: 1,Sx,string_lengths: 1 1 2 2 2 4 & skip_empty: 1
US-FL-WK,Sx-Sx-Sx-Sx-Sx-Sx,drop_cols: 0 & skip_empty: 1,Sx-Sx-Sx-Sx-Sx-Sx,drop_cols: 0 & skip_empty: 1
US-FL-WA,Ignored,simple,Ignored,simple
US-FL-WS,Sx-Sx-Sx,keep_length: 1 2 & merge_after: 0 0 & skip_empty: 1,Sx-Sx-Sx-Sx,drop_cols: 9 & keep_length: 2 3 & merge_after: 1 1 & skip_empty: 1
US-GA-BAK,Sx Sx( Sx),keep_length: 1 2 & merge_after: 0 0 & skip_empty: 1,Sx Sx( Sx),keep_length: 1 2 & merge_after: 0 0 & skip_empty: 1
US-GA-BAC,Ignored,simple,Ignored,simple
US-GA-BAL,Sx Sx( Sx),split_groups: 0|3 1|3 2|3 & drop_cols: 2_1 & skip_empty: 1,Sx Sx( Sx),split_groups: 0|3 1|3 2|3 & drop_cols: 2_1 & skip_empty: 1
US-GA-BUR,Ignored,simple,Ignored,simple
US-GA-BUT,^(?:([0-9A-Z]{4})|([0-9A-Z]{3}) )(?:([0-9A-Z]{7})|([0-9A-Z]{6}) )([0-9A-Z]{3})$,merge_after: 0 2 & skip_empty: 1,Sx( )-( )(Sx)( - Sx)(-Sx)( Sx),skip_empty: 1
US-GA-BIB,Sx( )-( )(Sx)( - Sx)(-Sx)( Sx),split_groups: 0|3 & drop_cols: 4 & keep_length: 1 & merge_after: 0_0 0_0 0_0 & skip_empty: 1,Sx( )-( )(Sx)( - Sx)(-Sx)( Sx),split_groups: 0|3 & drop_cols: 4 & keep_length: 1 & merge_after: 0_0 0_0 0_0 & skip_empty: 1
US-GA-BEH,Sx Sx( Sx),keep_length: 1 2 & merge_after: 0 0 & skip_empty: 1,Ignored,simple
US-GA-BUL,Ignored,simple,Ignored,simple
US-GA-BUR,Ignored,simple,Ignored,simple
US-GA-BRO,^([0-9A-Z]+)--?([0-9A-Z]+)-([0-9A-Z]+)?$,merge_after: 1,Sx Sx,
US-GA-BLE,Ignored,,Sx-Sx-Sx,keep_length: 1 & join_char: 
US-GA-BER,Ignored,simple,Ignored,simple
US-GA-BRA,Sx-Sx-Sx(-Sx),skip_empty: 1,Sx-[S.]x(-Sx)(-Sx)(-S.x),split_groups: 1|. 4|. & skip_empty: 1
US-GA-BAR,Sx-Sx-Sx,split_groups: 2|3 & keep_length: 1 2_0 & merge_after: 0 0 & skip_empty: 1,Sx-Sx-Sx,split_groups: 2|3 & keep_length: 1 2_0 & merge_after: 0 0 & skip_empty: 1
US-GA-BAW,Ignored,simple,Ignored,simple
US-GA-BRY,Sx-Sx-Sx(-Sx),skip_empty: 1,Sx( )-( )(Sx)( - Sx)(-Sx)( Sx),split_groups: 0|3 & drop_cols: 3 & skip_empty: 1
US-GA-CRA,Ignored,simple,Ignored,simple
US-GA-COB,Dx,string_lengths: 2 2 3 3 & skip_empty: 1,Sx,string_lengths: 2 2 3 3 & skip_empty: 1
US-GA-COL,Sx Sx( Sx),skip_empty: 1,Sx( )-( )(Sx)( - Sx)(-Sx)( Sx),split_groups: 1|. & skip_empty: 1
US-GA-CHA,Ignored,simple,Ignored,simple
US-GA-CHE,Ignored,simple,Ignored,simple
US-GA-COF,Ignored,simple,Ignored,simple
US-GA-CHT,Ignored,simple,Ignored,simple
US-GA-CLI,Ignored,simple,Ignored,simple
US-GA-CAR,Ignored,simple,Ignored,simple
US-GA-COW,Ignored,simple,Ignored,simple
US-GA-CHH,Ignored,simple,Ignored,simple
US-GA-CLY,Sx Sx( Sx),keep_length: 1 & skip_empty: 1,Sx Sx( Sx),keep_length: 1 & skip_empty: 1
US-GA-CAT,Sx Sx( Sx),skip_empty: 1,Sx( )-( )(Sx)( - Sx)(-Sx)( Sx),drop_cols: 4 & skip_empty: 1
US-GA-CLA,Ignored,simple,Ignored,simple
US-GA-CHN,Sx,,Sx(-)Dx,skip_empty: 1
US-GA-CHN,Ignored,simple,Ignored,simple
US-GA-CAL,Ignored,simple,Ignored,simple
US-GA-CAN,Ignored,simple,Ignored,simple
US-GA-CLY,Sx Sx,split_groups: 1|7 & drop_cols: 1_1 & skip_empty: 1,Sx( )-( )(Sx)( - Sx)(-Sx)( Sx),merge_after: 2 & max_length: 2|5 & skip_empty: 1
US-GA-DEK,Sx( )(Sx)( )(Sx) ( )(Sx),split_groups: 1|- & skip_empty: 1,Sx Sx Sx Sx,skip_empty: 1
US-GA-DEC,Sx,split_groups: 0|5 0_1|3 & skip_empty: 1,Sx-Sx-(Sx),skip_empty: 1
US-GA-DEK,Ignored,simple,Ignored,simple
US-GA-DAD,Ignored,simple,Ignored,simple
US-GA-DOD,Ignored,simple,Ignored,simple
US-GA-DOO,^([0-9]{4})([0-9]{2})([0-9]{1})([0-9A-Z]{4})([A-Z]?)$,,^([0-9]+)-([0-9]{2})-([0-9])- -([0-9A-Z]{5})(?:-([A-Z]))?$,
US-GA-DOU,Sx( )(Sx)( )(Sx) ( )(Sx),split_groups: 1|- & skip_empty: 1,Sx( )(Sx)( )(Sx) ( )(Sx),split_groups: 1|- & skip_empty: 1
US-GA-DAW,Sx Sx( Sx),skip_empty: 1,Sx Sx( Sx),skip_empty: 1
US-GA-EAR,Ignored,simple,Ignored,simple
US-GA-ECH,Sx Sx( Sx),keep_length: 1 & skip_empty: 1,Sx Sx( Sx),keep_length: 1 & skip_empty: 1
US-GA-EFF,Sx,string_lengths: 2 3 4 4 & skip_empty: 1,Sx,string_lengths: 2 3 3 & skip_empty: 1
US-GA-ELB,Sx Sx( Sx),keep_length: 1 & skip_empty: 1,Sx Sx( Sx),keep_length: 1 & skip_empty: 1
US-GA-EMA,Sx Sx( Sx),keep_length: 0 1 & skip_empty: 1,Sx Sx( Sx),keep_length: 0 1 & skip_empty: 1
US-GA-EVA,Ignored,simple,Ignored,simple
US-GA-FLO,Sx,keep_length: 1 2 & merge_after: 0 0 & skip_empty: 1,Ignored,simple
US-GA-FAN,Ignored,simple,Ignored,simple
US-GA-FOR,Sx Sx( Sx),skip_empty: 1,Sx Sx( Sx),split_groups: 0|3 & skip_empty: 1
US-GA-FRA,Sx Sx( Sx),skip_empty: 1,Sx( )-( )(Sx)( - Sx)(-Sx)( Sx),merge_after: 2 & skip_empty: 1
US-GA-FUL,Ignored,simple,Ignored,simple
US-GA-FAY,Ignored,simple,Ignored,simple
US-GA-GRA,Sx,split_groups: 0|-5 0_0|[E] & keep_length: 0_0_1 & merge_after: 0_0_0 & skip_empty: 1,Sx,split_groups: 0|-5 0_0|[E] & keep_length: 0_0_1 & merge_after: 0_0_0 & skip_empty: 1
US-GA-GRE,Ignored,simple,Ignored,simple
US-GA-GIL,Ignored,simple,Ignored,simple
US-GA-GOR,Ignored,simple,Ignored,simple
US-GA-GLA,Sx Sx( Sx),keep_length: 0 1 & skip_empty: 1,Sx Sx( Sx),keep_length: 0 1 & skip_empty: 1
US-GA-GWI,Ignored,simple,Ignored,simple
US-GA-GLY,Sx-Sx,split_groups: 0|4 & skip_empty: 1,Sx-Sx,skip_empty: 1
US-GA-HAB,Ignored,simple,Ignored,simple
US-GA-HAN,Sx( )(Sx)( )(Sx) ( )(Sx),skip_empty: 1,Sx [S-]x( [S-]x),split_groups: 1|- 1_1|- 1_1_1|- & skip_empty: 1
US-GA-HEA,Sx( )(Sx)( )(Sx) ( )(Sx),split_groups: 1|- & skip_empty: 1,Sx-Sx(-Sx)(-Sx),split_groups: 0|1 & drop_cols: 0_0 & skip_empty: 1
US-GA-HAS,Ignored,simple,Ignored,simple
US-GA-HAL,Ignored,simple,Ignored,simple
US-GA-HOU,Sx-Sx(-Sx)(-Sx),merge_after: 2 & max_length: 2|5 & skip_empty: 1,Sx-Sx(-Sx)(-Sx),merge_after: 2 & max_length: 2|5 & skip_empty: 1
US-GA-HAR,Sx Sx( Sx),skip_empty: 1,Sx [S-]x( [S-]x),split_groups: 1|- & skip_empty: 1
US-GA-HAT,Ignored,simple,Ignored,simple
US-GA-HEN,Sx(-)Dx,keep_length: 0 & skip_empty: 1,Sx(-)Dx,keep_length: 0 & skip_empty: 1
US-GA-IRW,Ignored,simple,Ignored,simple
US-GA-JAC,Ignored,simple,Ignored,simple
US-GA-JON,Sx( )(Sx)( )(Sx) ( )(Sx),merge_after: 0 0 0 & skip_empty: 1,Sx( )(Sx)( )(Sx) ( )(Sx),merge_after: 0 0 0 & skip_empty: 1
US-GA-JED,Ignored,simple,Ignored,simple
US-GA-JOH,Sx Sx( Sx),split_groups: 0|3 & skip_empty: 1,Sx( )-( )(Sx)( - Sx)(-Sx)( Sx),drop_cols: 4 & skip_empty: 1
US-GA-JEN,Ignored,simple,Ignored,simple
US-GA-JON,Ignored,simple,Ignored,simple
US-GA-JAS,Ignored,simple,Ignored,simple
US-GA-LAN,Sx Sx( Sx),skip_empty: 1,Sx Sx( Sx),skip_empty: 1
US-GA-LIN,Sx Sx( Sx),split_groups: 0|3 0_1|3 0_1_1|2 & skip_empty: 1,Sx Sx( Sx),skip_empty: 1
US-GA-LEE,Ignored,simple,Ignored,simple
US-GA-LON,Ignored,simple,Ignored,simple
US-GA-LAN,Ignored,simple,Ignored,simple
US-GA-LAM,Ignored,simple,Ignored,simple
US-GA-LUM,Sx Sx( Sx),skip_empty: 1,Sx Sx( Sx),split_groups: 1|3 1_1|4 1_1_1|4 & skip_empty: 1
US-GA-LAU,Sx Sx( Sx),split_groups: 0|3 1|3 2|3 & drop_cols: 2_1 & skip_empty: 1,Sx( )-( )(Sx)( - Sx)(-Sx)( Sx),split_groups: 0|3 & drop_cols: 3 & skip_empty: 1
US-GA-LOW,Ignored,simple,Ignored,simple
US-GA-MCD,Sx( )(Sx)( )(Sx) ( )(Sx),skip_empty: 1,Sx Sx( Sx),split_groups: 1|5 & skip_empty: 1
US-GA-MUR,Ignored,simple,Ignored,simple
US-GA-MAD,Ignored,simple,Ignored,simple
US-GA-MUS,Sx Sx Sx,skip_empty: 1,Sx Sx Sx( Sx)( Sx),skip_empty: 1
US-GA-MCI,Ignored,simple,Ignored,simple
US-GA-MIL,Ignored,simple,Ignored,simple
US-GA-MON,Sx Sx( Sx),split_groups: 1|5 & skip_empty: 1,Sx( )-( )(Sx)( - Sx)(-Sx)( Sx),merge_after: 2 & max_length: 2|5 & skip_empty: 1
US-GA-MOR,Ignored,simple,Ignored,simple
US-GA-MUS,Sx( )(Sx)( )(Sx) ( )(Sx),split_groups: 1|- & skip_empty: 1,Sx Sx( Sx),split_groups: 1|5 & skip_empty: 1
US-GA-MAR,Sx Sx( Sx),split_groups: 1|2 1_1|4 1_1_1|4 & skip_empty: 1,Sx Sx( Sx),split_groups: 1|2 1_1|4 1_1_1|4 & skip_empty: 1
US-GA-MIT,Sx-Sx-Sx,skip_empty: 1,Sx-Sx-Sx,skip_empty: 1
US-GA-MAC,Sx(-)Dx,split_groups: 0|2 & merge_after: 0_1 & skip_empty: 1,Sx,split_groups: 0|2 & skip_empty: 1
US-GA-MER,Ignored,simple,Ignored,simple
US-GA-NEW,Ignored,simple,Ignored,simple
US-GA-OCO,Ignored,simple,Ignored,simple
US-GA-OGL,Sx Sx( Sx),split_groups: 0|3 & skip_empty: 1,Sx Sx( Sx),split_groups: 0|3 0_1|3 0_1_1|2 & skip_empty: 1
US-GA-PAU,Ignored,simple,Ignored,simple
US-GA-PIC,Sx Sx( Sx),skip_empty: 1,Sx( )-( )(Sx)( - Sx)(-Sx)( Sx),split_groups: 1|. & skip_empty: 1
US-GA-PIC,Sx Sx( Sx),split_groups: 0|3 0_1|3 0_1_1|2 & skip_empty: 1,Sx Sx( Sx),split_groups: 0|3 & skip_empty: 1
US-GA-PIK,Sx Sx( Sx),split_groups: 0|1 & drop_cols: 0_0 & skip_empty: 1,Sx( )-( )(Sx)( - Sx)(-Sx)( Sx),drop_cols: 3 & skip_empty: 1
US-GA-PUL,Ignored,simple,Ignored,simple
US-GA-POL,Unrecognized,,Unrecognized,
US-GA-PIE,Ignored,simple,Ignored,simple
US-GA-PUT,Ignored,simple,Ignored,simple
US-GA-QUI,Sx,split_groups: 0|3 0_1|3 0_1_1|4 0_1_1_1|2 0_1_1_1_1|1 0_1_1_1_1_1|1 0_1_1_1_1_1_1|2 & merge_after: 0_0 0_0 0_0 0_0 0_0 0_0 & skip_empty: 1,Sx,split_groups: 0|3 0_1|3 0_1_1|4 0_1_1_1|2 0_1_1_1_1|1 0_1_1_1_1_1|3 & merge_after: 0_0 0_0 0_0 & skip_empty: 1
US-GA-RAB,Sx Sx( Sx),split_groups: 1|5 & skip_empty: 1,Sx( )(Sx)( )(Sx) ( )(Sx),split_groups: 1|- & skip_empty: 1
US-GA-RIC,Dx-Dx-Dx-Dx-Dx,skip_empty: 1,Dx,string_lengths: * 1 3 2 1 & skip_empty: 1
US-GA-RAN,Sx Sx( Sx),split_groups: 0|3 & skip_empty: 1,Sx Sx( Sx),split_groups: 0|3 & skip_empty: 1
US-GA-ROC,Ignored,simple,Ignored,simple
US-GA-SPA,Ignored,simple,Ignored,simple
US-GA-STE,Sx Sx,skip_empty: 1,Sx Sx,split_groups: 1|7 & drop_cols: 1_1 & skip_empty: 1
US-GA-STE,Sx,skip_empty: 1,Sx,keep_length: 1 2 & merge_after: 0 0 & skip_empty: 1
US-GA-SCR,Ignored,simple,Ignored,simple
US-GA-SUM,Sx Sx( Sx),skip_empty: 1,Sx (Dx Sx) Sx,skip_empty: 1
US-GA-STT,Sx( )(Sx)( )(Sx) ( )(Sx),split_groups: 1|- & skip_empty: 1,Sx (Dx Sx) Sx,skip_empty: 1
US-GA-SCH,Sx,,Sx(-)Dx,skip_empty: 1
US-GA-TER,Ignored,simple,Ignored,simple
US-GA-TAO,Ignored,simple,Ignored,simple
US-GA-TAT,Sx Sx( Sx),skip_empty: 1,Sx Sx( Sx),skip_empty: 1
US-GA-TEL,Ignored,simple,Ignored,simple
US-GA-TOW,Sx Sx( Sx),split_groups: 1|3 1_1|4 1_1_1|4 & skip_empty: 1,Sx Sx( Sx),split_groups: 1|3 1_1|4 1_1_1|4 & skip_empty: 1
US-GA-THO,Ignored,simple,Ignored,simple
US-GA-TIF,^([A-Z]*)([0-9]+)([A-Z]*)-([0-9]+)(?:-([A-Z]+))?$,,^([A-Z]*)([0-9]+)([A-Z]*)?-([0-9]+)([A-Z]*)$,
US-GA-TRE,Sx Sx,skip_empty: 1,Sx-Sx,split_groups: 0|4 & skip_empty: 1
US-GA-TOO,Sx Sx( Sx),keep_length: 1 2 & merge_after: 0 0 & skip_empty: 1,Ignored,simple
US-GA-TUR,Ignored,simple,Ignored,simple
US-GA-TUR,Sx Sx,split_groups: 1|7 & drop_cols: 1_1 & skip_empty: 1,Sx( )-( )(Sx)( - Sx)(-Sx)( Sx),drop_cols: 4 & skip_empty: 1
US-GA-TAT,Sx Sx( Sx),split_groups: 0|3 0_1|3 0_1_1|2 & skip_empty: 1,Sx Sx( Sx),split_groups: 0|3 0_1|3 0_1_1|2 & skip_empty: 1
US-GA-TOW,Ignored,simple,Ignored,simple
US-GA-TAY,Sx Sx( Sx),split_groups: 1|3 1_1|4 1_1_1|4 & skip_empty: 1,Sx Sx( Sx),skip_empty: 1
US-GA-UNI,Sx Sx( Sx),split_groups: 1|3 1_1|4 1_1_1|4 & skip_empty: 1,Sx Sx( Sx),skip_empty: 1
US-GA-UPS,Sx Sx,skip_empty: 1,Sx( )-( )(Sx)( - Sx)(-Sx)( Sx),split_groups: 0|S 0_0|N & drop_cols: 4 & skip_empty: 1
US-GA-WAN,Sx,split_groups: 0|13 & drop_cols: 0_1 & skip_empty: 1,Ignored,simple
US-GA-WRN,Ignored,simple,Ignored,simple
US-GA-WHR,Ignored,simple,Ignored,simple
US-GA-WOR,Sx,,Sx-Sx-Sx(-Sx),join_char:  & keep_length: 1
US-IA-AL,Dx,split_groups: 0|2 0_1|2 & drop_cols: 0_0 & skip_empty: 1,Dx,split_groups: 0|2 0_1|2 & drop_cols: 0_0 & skip_empty: 1
US-IA-AD,Dx,string_lengths: 2 2 3 8 & drop_cols: 0 & skip_empty: 1,Dx,
US-IA-AP,Ignored,simple,Ignored,simple
US-IA-AU,Dx,string_lengths: 2 2 2 3 3,Sx-Sx-Sx(-Sx)(-Sx),
US-IA-BU,Sx( )-( )(Sx)( - Sx)(-Sx)( Sx),drop_cols: 0 & skip_empty: 1,D2.D2.D3.D3,keep_length: 1 2 3 & merge_after: 0 0 0 & skip_empty: 1
US-IA-BT,Dx,split_groups: 0|14 & drop_cols: 0_1 & skip_empty: 1,Dx,keep_length: 1 & skip_empty: 1
US-IA-BH,Dx,keep_length: 1 & skip_empty: 1,Ignored,simple
US-IA-BE,Ignored,simple,Ignored,simple
US-IA-BO,Dx,string_lengths: 2 2 2 4 2 3 & switch: 0|2 & skip_empty: 1,Dx,string_lengths: 2 2 2 4 2 3 & switch: 0|2 & skip_empty: 1
US-IA-BR,Dx,split_groups: 0|14 & drop_cols: 0_1 & skip_empty: 1,Sx-Sx-Sx-Sx,keep_length: 1 2 3 & merge_after: 0 0 0 & skip_empty: 1
US-IA-BV,Dx,string_lengths: 2 2 3 3,Sx-Sx-Sx-Sx,
US-IA-CI,Ignored,simple,Dx,split_groups: 0|16 & drop_cols: 0_1
US-IA-CE,Sx-Sx-Sx-Sx-Sx-Sx,keep_length: 1 2 3 4 5 & merge_after: 0 0 0 0 0 & skip_empty: 1,Dx,
US-IA-CH,Sx,split_groups: 0|3 0_1|15 & drop_cols: 0_0 0_1_1 & skip_empty: 1,Sx-Sx-Sx-Sx,keep_length: 1 3 & merge_after: 0 0 0 & skip_empty: 1
US-IA-CG,Ignored,simple,Ignored,simple
US-IA-CK,Sx,split_groups: 0|6 0_1|6 & skip_empty: 1,Dx,keep_length: 1 & skip_empty: 1
US-IA-CO,Dx,split_groups: 0|16 & drop_cols: 0_1,Dx,split_groups: 0|14 & drop_cols: 0_1 & skip_empty: 1
US-IA-CI,Sx,keep_length: 1 2 & merge_after: 0 0 & skip_empty: 1,Sx,split_groups: 0|R 0_0|11 & skip_empty: 1
US-IA-CA,Dx,keep_length: 1 & skip_empty: 1,Dx,split_groups: 0|14 & drop_cols: 0_1 & skip_empty: 1
US-IA-CS,Sx,,Sx,split_groups: 0|[E] & keep_length: 0_1 & merge_after: 0_0 & skip_empty: 1
US-IA-CL,Ignored,simple,Ignored,simple
US-IA-CR,Sx-Sx-Sx-Sx,keep_length: 1 3 & merge_after: 0 0 0 & skip_empty: 1,Dx,split_groups: 0|14 & drop_cols: 0_1 & skip_empty: 1
US-IA-CY,Dx,,Ignored,simple
US-IA-DE,Dx,split_groups: 0|1 & drop_cols: 0_0 & skip_empty: 1,Sx,skip_empty: 1
US-IA-DC,Sx,split_groups: 0|13 & drop_cols: 0_1 & skip_empty: 1,Dx,split_groups: 0|16 & drop_cols: 0_1
US-IA-DI,Dx,string_lengths: 2 4 4 & skip_empty: 1,Sx,string_lengths: 2 4 4 & skip_empty: 1
US-IA-DA,Dx,split_groups: 0|16 & drop_cols: 0_1,Dx,split_groups: 0|16 & drop_cols: 0_1
US-IA-DM,Sx-Sx-Sx-Sx,split_groups: 2|. 2_1|. & skip_empty: 1,Sx-Sx-Sx-Sx,split_groups: 2|. 2_1|. & skip_empty: 1
US-IA-DU,Dx,string_lengths: 2 2 3 3 & skip_empty: 1,Sx-Sx-Sx-Sx,skip_empty: 1
US-IA-DV,Dx,split_groups: 0|14 & drop_cols: 0_1 & skip_empty: 1,Dx,
US-IA-EM,Dx,,Sx(-)Dx,skip_empty: 1
US-IA-FL,Dx,string_lengths: 3 2 2 3 3 & skip_empty: 1,Dx,string_lengths: 2 2 3 3 & skip_empty: 1
US-IA-FR,Dx,split_groups: 0|3 0_1|15 & drop_cols: 0_0 0_1_1 & skip_empty: 1,Dx,split_groups: 0|16 & drop_cols: 0_1
US-IA-FE,Sx,,Dx,split_groups: 0|16 & drop_cols: 0_1
US-IA-FA,Sx(-)Dx,split_groups: 0|2 & merge_after: 0_1 & skip_empty: 1,Sx,split_groups: 0|4 & skip_empty: 1
US-IA-GE,Dx,split_groups: 0|14 & drop_cols: 0_1 & skip_empty: 1,Sx-Sx-Sx-Sx,keep_length: 1 2 3 & merge_after: 0 0 0 & skip_empty: 1
US-IA-GU,Sx,split_groups: 0|11 & drop_cols: 0_1 & skip_empty: 1,Sx,skip_empty: 1
US-IA-HA,Dx,split_groups: 0|16 & drop_cols: 0_1,Dx,split_groups: 0|14 & drop_cols: 0_1 & skip_empty: 1
US-IA-HE,Dx,keep_length: 1 & skip_empty: 1,Dx,split_groups: 0|16 & drop_cols: 0_1
US-IA-HM,Dx,,Ignored,simple
US-IA-HN,Dx,split_groups: 0|14 & drop_cols: 0_1 & skip_empty: 1,Dx,split_groups: 0|16 & drop_cols: 0_1
US-IA-HO,Sx,string_lengths: 2 3 2 2 4 & skip_empty: 1,Dx,string_lengths: 2 3 2 2 4 & skip_empty: 1
US-IA-HR,Dx,split_groups: 0|6 0_1|6 0_1_1|4 0_1_1_1|6 & skip_empty: 1,Dx,split_groups: 0|6 0_1|6 1_0|5 & skip_empty: 1
US-IA-HU,Dx,split_groups: 0|6 0_1|6 0_1_1|4 0_1_1_1|6 & skip_empty: 1,Dx,split_groups: 0|6 0_1|6 1_0|5 & skip_empty: 1
US-IA-ID,Ignored,simple,Ignored,simple
US-IA-IA,Sx(-)Dx,split_groups: 0|[A-Z] 0_1|[A-Z] & skip_empty: 1,Sx-Sx-Sx,keep_length: 1 2 & merge_after: 0 0 & skip_empty: 1
US-IA-JC,Dx,string_lengths: 3 1 4 4 1 & skip_empty: 1,Dx,string_lengths: 3 1 4 4 1 & skip_empty: 1
US-IA-JE,Ignored,simple,Ignored,simple
US-IA-JO,Sx(-)Dx,string_lengths: 2 3 2 3 & skip_empty: 1,Sx,string_lengths: 2 3 2 3 & skip_empty: 1
US-IA-JN,Dx,,Dx,
US-IA-JA,Dx,,Sx(-)Dx,split_groups: 0|[A-Z] 0_1|[A-Z] & skip_empty: 1
US-IA-KE,^R([A-Z]{5})-([0-9]{6})$,,^([A-Z]{5})-([0-9]{6})$,
US-IA-KO,Sx-Sx-Sx-Sx,keep_length: 1 2 3 & merge_after: 0 0 0 & skip_empty: 1,Sx-Sx-Sx-Sx,keep_length: 1 2 3 & merge_after: 0 0 0 & skip_empty: 1
US-IA-LE,Dx,,Dx,
US-IA-LI,Ignored,simple,Ignored,simple
US-IA-LO,^([0-9A-Z]+)([0-9A-Z -]*?-?)([0-9A-Z]+)([0-9A-Z]+)$,drop_cols: 0 1 & keep_length: 3 & join_char: ,Sx-Sx-Sx-Sx,keep_length: 1 3 & join_char: 
US-IA-LU,Sx(-)Dx,split_groups: 0|[A-Z] 0_1|[A-Z] & skip_empty: 1,Dx,
US-IA-LY,Ignored,simple,Ignored,simple
US-IA-MD,Sx,split_groups: 0|[E] & keep_length: 0_1 & merge_after: 0_0 & skip_empty: 1,Dx,keep_length: 1 & skip_empty: 1
US-IA-MI,Sx-Sx-Sx-Sx,keep_length: 1 2 3 & merge_after: 0 0 0 & skip_empty: 1,Sx-Sx-Sx-Sx,keep_length: 1 2 3 & merge_after: 0 0 0 & skip_empty: 1
US-IA-MR,Dx,string_lengths: 2 2 3 8 & drop_cols: 0 & skip_empty: 1,Dx,string_lengths: 2 2 3 8 & drop_cols: 0 & skip_empty: 1
US-IA-MH,Sx(-)Dx,split_groups: 0|[A-Z] 0_1|[A-Z] & skip_empty: 1,Dx,keep_length: 1 & skip_empty: 1
US-IA-MI,Ignored,simple,Ignored,simple
US-IA-MO,Sx,split_groups: 0|[E] & keep_length: 0_1 & merge_after: 0_0 & skip_empty: 1,Dx,keep_length: 1 & skip_empty: 1
US-IA-MN,Dx,,Sx-Sx-Sx-Sx-Sx-Sx,keep_length: 1 2 3 4 5 & merge_after: 0 0 0 0 0 & skip_empty: 1
US-IA-MA,Dx,string_lengths: 6 6 & skip_empty: 1,Dx,split_groups: 0|6 0_1|6 1_0|5 & skip_empty: 1
US-IA-MU,Dx,split_groups: 0|16 & drop_cols: 0_1,Sx,keep_length: 1 2 & merge_after: 0 0 & skip_empty: 1
US-IA-OB,Sx,split_groups: 0|4 & skip_empty: 1,Dx,string_lengths: 2 2 6 & drop_cols: 0 & skip_empty: 1
US-IA-OS,Sx,split_groups: 0|1 & drop_cols: 0_0 & skip_empty: 1,Dx,split_groups: 0|3 0_1|15 & drop_cols: 0_0 0_1_1 & skip_empty: 1
US-IA-PC,Sx,split_groups: 0|4 & skip_empty: 1,Sx,
US-IA-PG,Dx,,Dx,
US-IA-PO,Ignored,simple,Ignored,simple
US-IA-PL,Sx,split_groups: 0|3 & drop_cols: 0_0 & skip_empty: 1,Dx,split_groups: 0|14 & drop_cols: 0_1 & skip_empty: 1
US-IA-PA,Sx,split_groups: 0|[E] & keep_length: 0_1 & merge_after: 0_0 & skip_empty: 1,Dx,
US-IA-PT,Dx,split_groups: 0|16 & drop_cols: 0_1,Ignored,simple
US-IA-PW,Dx,,Dx,split_groups: 0|14 & drop_cols: 0_1 & skip_empty: 1
US-IA-RI,Ignored,simple,Ignored,simple
US-IA-SA,Dx,split_groups: 0|14 & drop_cols: 0_1 & skip_empty: 1,Sx(-)Dx,keep_length: 0 & skip_empty: 1
US-IA-SC,Ignored,simple,Ignored,simple
US-IA-SH,Dx,string_lengths: 3 3 3 3 & skip_empty: 1,Sx,string_lengths: 3 3 3 3 & skip_empty: 1
US-IA-SI,Sx,split_groups: 0|2 & skip_empty: 1,Sx-Sx-Sx-Sx,drop_cols: 9 & keep_length: 2 3 & merge_after: 1 1 & skip_empty: 1
US-IA-ST,Ignored,simple,Ignored,simple
US-IA-TA,Dx,,D2.D2.D3.D3,keep_length: 1 2 3 & merge_after: 0 0 0 & skip_empty: 1
US-IA-TY,Dx,split_groups: 0|16 & drop_cols: 0_1,Dx,
US-IA-UN,Ignored,simple,Ignored,simple
US-IA-VB,Dx,,Dx,split_groups: 0|16 & drop_cols: 0_1
US-IA-WN,Dx,split_groups: 0|14 & drop_cols: 0_1 & skip_empty: 1,Sx(-)Dx,keep_length: 0 & skip_empty: 1
US-IA-WE,Dx,split_groups: 0|3 0_1|7 0_1_1|3 0_1_1_1|1 0_1_1_1_1|[0] & merge_after: 0_1_1_0 0_1_1_0 & skip_empty: 1,Sx(-)Dx,split_groups: 0|- 0_0|3 & skip_empty: 1
US-IA-WR,Dx,split_groups: 0|14 & drop_cols: 0_1 & skip_empty: 1,Sx-Sx-Sx-Sx,keep_length: 1 3 & merge_after: 0 0 0 & skip_empty: 1
US-IA-WI,Ignored,simple,Ignored,simple
US-IA-WO,Ignored,simple,Sx,skip_empty: 1
US-IA-WP,Sx(-)Dx,skip_empty: 1,Dx,
US-IA-WA,Sx,split_groups: 0|[E] & keep_length: 0_1 & merge_after: 0_0 & skip_empty: 1,Dx,
US-IA-WS,Sx(-)Dx,split_groups: 0|2 & merge_after: 0_1 & skip_empty: 1,Sx-Sx-Sx-Sx,drop_cols: 9 & keep_length: 2 3 & merge_after: 1 1 & skip_empty: 1
US-IA-WO,Dx,split_groups: 0|14 & drop_cols: 0_1 & skip_empty: 1,Sx,
US-IA-WY,Sx,skip_empty: 1,Sx,
US-ID-AD,Sx,split_groups: 0|11 & drop_cols: 0_1 & skip_empty: 1,Ignored,simple
US-ID-DM,Sx,split_groups: 0|5 0_1|3 & skip_empty: 1,Sx,split_groups: 0|5 0_1|3 & skip_empty: 1
US-ID-BE,Sx(-)Dx,split_groups: 0|2 & merge_after: 0_1 & skip_empty: 1,Sx,split_groups: 0|2 & skip_empty: 1
US-ID-BU,Sx,string_lengths: 3 2 2 2 4 1 & skip_empty: 1,Sx,string_lengths: 3 2 2 2 4 1 & skip_empty: 1
US-ID-BI,Ignored,simple,Sx,split_groups: 0|[E] & keep_length: 0_1 & merge_after: 0_0 & skip_empty: 1
US-ID-BR,Sx,split_groups: 0|1 & drop_cols: 0_0 & skip_empty: 1,Sx,split_groups: 0|3 & drop_cols: 0_0 & skip_empty: 1
US-ID-BL,Sx,string_lengths: 14 & skip_empty: 1,Ignored,simple
US-ID-BA,Sx,skip_empty: 1,Ignored,simple
US-ID-BN,Sx,string_lengths: 14 & skip_empty: 1,Sx,string_lengths: 14 & skip_empty: 1
US-ID-BS,Ignored,simple,Sx,keep_length: 1 2 & merge_after: 0 0 & skip_empty: 1
US-ID-BU,Sx,split_groups: 0|1 & drop_cols: 0_0,Sx,split_groups: 0|R 0_0|11 & skip_empty: 1
US-ID-BO,Ignored,simple,Sx(-Sx-S1),string_lengths: 14 & skip_empty: 1
US-ID-CL,Ignored,simple,Sx,string_lengths: 14 & skip_empty: 1
US-ID-CL,Sx,split_groups: 0|2 0_1|2 0_1_1|4 0_1_1_1|4 0_1_1_1_1|4 & skip_empty: 1,Sx,split_groups: 0|2 0_1|2 0_1_1|4 0_1_1_1|4 0_1_1_1_1|4 & skip_empty: 1
US-ID-CM,Sx,string_lengths: 14 & skip_empty: 1,Sx,string_lengths: 14 & skip_empty: 1
US-ID-CA,Sx(-)Dx,keep_length: 0 & skip_empty: 1,Sx,skip_empty: 1
US-ID-CR,Sx,split_groups: 0|R 0_0|11 & skip_empty: 1,Sx,split_groups: 0|R 0_0|11 & skip_empty: 1
US-ID-CS,Sx,keep_length: 1 2 & merge_after: 0 0 & skip_empty: 1,Sx(-Sx-S1),string_lengths: 14 & skip_empty: 1
US-ID-CU,Sx,string_lengths: 2 2 10 & drop_cols: 0 & skip_empty: 1,Sx,string_lengths: 2 2 10 & drop_cols: 0 & skip_empty: 1
US-ID-EL,Ignored,simple,Sx,string_lengths: 14 & skip_empty: 1
US-ID-FR,Unrecognized,,Unrecognized,
US-ID-FR,Sx,string_lengths: 14 & skip_empty: 1,Ignored,simple
US-ID-GE,Ignored,simple,Sx,
US-ID-GO,Sx,string_lengths: 14 & skip_empty: 1,Ignored,simple
US-ID-ID,Sx,skip_empty: 1,Sx( )(Sx)( )(Sx) ( )(Sx),skip_empty: 1 & merge_after: 0 0 & keep_length: 1 & drop_cols: 2 3
US-ID-LA,Sx,string_lengths: 14 & skip_empty: 1,Sx(-)Dx,skip_empty: 1
US-ID-LE,Sx,string_lengths: 14 & skip_empty: 1,Sx,
US-ID-SH,Sx,string_lengths: 14 & skip_empty: 1,Sx,string_lengths: 14 & skip_empty: 1
US-ID-TE,Sx,string_lengths: 14 & skip_empty: 1,Sx(-)Dx,skip_empty: 1
US-ID-TF,Ignored,simple,Sx,string_lengths: 14 & skip_empty: 1
US-ID-VA,Sx(-)Dx,skip_empty: 1,Sx,
US-ID-WA,Sx,split_groups: 0|R 0_0|11 & skip_empty: 1,Sx,split_groups: 0|1 & drop_cols: 0_0 & skip_empty: 1
US-IL-AL,Ignored,simple,Ignored,simple
US-IL-BN,Dx,,Dx-Dx-Dx-Dx-Dx,keep_length: 1 2 3 4 & merge_after: 0 0 0 0 & skip_empty: 1
US-IL-BO,Ignored,simple,Ignored,simple
US-IL-BR,Ignored,simple,Ignored,simple
US-IL-BU,Dx,string_lengths: 2 2 3 3 & skip_empty: 1,Sx-Sx-Sx(-Sx)(-Sx),skip_empty: 1
US-IL-CO,Dx,,Sx-Sx-Sx-Sx,keep_length: 1 2 3 & merge_after: 0 0 0 & skip_empty: 1
US-IL-CH,Dx-Dx-Dx-Dx-Dx(-Dx),skip_empty: 1,Sx-Sx-Sx-Sx-Sx-Sx,skip_empty: 1
US-IL-CL,Sx-Sx-Sx-Sx(-Sx-Sx.Sx),skip_empty: 1,Dx- Sx- Sx- Sx- Sx(- Sx),skip_empty: 1
US-IL-CA,Dx-Dx-Dx-Dx-Dx,keep_length: 1 2 3 4 & merge_after: 0 0 0 0 & skip_empty: 1,Dx-Dx-Dx-Dx-Dx,keep_length: 1 2 3 4 & merge_after: 0 0 0 0 & skip_empty: 1
US-IL-CH,Ignored,simple,Ignored,simple
US-IL-CI,Ignored,simple,Ignored,simple
US-IL-CK,Dx,skip_empty: 1 & split_groups: 0|-4,Dx-Dx-Dx-Dx(-Dx-Dx-Dx),skip_empty: 1 & keep_length: 1 2 3 & merge_after: 0 0 0
US-IL-CS,Sx-Sx-Sx(-Sx),keep_length: 1 2 3 & merge_after: 0 0 0 & skip_empty: 1,Sx-Sx-Sx-Sx,keep_length: 1 2 3 & merge_after: 0 0 0 & skip_empty: 1
US-IL-CU,Sx-Sx-Sx(-Sx),keep_length: 1 2 3 & merge_after: 0 0 0 & skip_empty: 1,Sx-Sx-Sx-Sx,keep_length: 1 3 & merge_after: 0 0 0 & skip_empty: 1
US-IL-CR,Sx-Sx-Sx-Sx-Sx-Sx,keep_length: 1 2 3 4 5 & merge_after: 0 0 0 0 0 & skip_empty: 1,Sx-Sx-Sx-Sx-Sx-Sx,keep_length: 1 2 3 4 5 & merge_after: 0 0 0 0 0 & skip_empty: 1
US-IL-CY,Ignored,simple,Ignored,simple
US-IL-DE,Dx,keep_length: 1 & skip_empty: 1,Sx-Sx-Sx-Sx,keep_length: 1 3 & merge_after: 0 0 0 & skip_empty: 1
US-IL-DO,Dx,string_lengths: 2 2 3 3 & skip_empty: 1,Dx-Dx-Dx-Dx-Dx,drop_cols: 0 & skip_empty: 1
US-IL-DU,Dx,string_lengths: 2 2 3 3 & skip_empty: 1,Sx-Sx-Sx-Sx,split_groups: 2|. 2_1|. & skip_empty: 1
US-IL-DW,Sx-Sx-Sx-Sx,keep_length: 1 3 & merge_after: 0 0 0 & skip_empty: 1,Sx-Sx-Sx-Sx,keep_length: 1 3 & merge_after: 0 0 0 & skip_empty: 1
US-IL-EF,Dx,split_groups: 0|16 & drop_cols: 0_1,Dx,split_groups: 0|14 & drop_cols: 0_1 & skip_empty: 1
US-IL-ED,Dx-Dx-Dx-Dx-Dx(-Dx),drop_cols: 0 & skip_empty: 1,Dx-Dx-Dx-Dx(-Dx-Dx-Dx),drop_cols: 0 & skip_empty: 1
US-IL-ED,Sx-Sx-Sx-Sx,keep_length: 1 2 3 & merge_after: 0 0 0 & skip_empty: 1,Dx(.-Dx.-Dx),keep_length: 1 2 3 & merge_after: 0 0 0 & skip_empty: 1
US-IL-FA,Dx,string_lengths: 2 2 3 3 & skip_empty: 1,Dx-Dx-Dx-Dx(-Dx-Dx-Dx),drop_cols: 0 & skip_empty: 1
US-IL-FO,Sx-Sx-Sx-Sx,split_groups: 2|. 2_1|. & skip_empty: 1,Sx-Sx-Sx(-Sx)(-Sx),drop_cols: 0 & skip_empty: 1
US-IL-FR,Dx,keep_length: 1 & skip_empty: 1,Dx,split_groups: 0|14 & drop_cols: 0_1 & skip_empty: 1
US-IL-FU,Ignored,simple,Ignored,simple
US-IL-GA,Sx-Sx-Sx-Sx,split_groups: 2|. 2_1|. & skip_empty: 1,Sx-Sx-Sx-Sx,skip_empty: 1
US-IL-GE,Sx-Sx-Sx-Sx(-Sx-Sx.Sx),drop_cols: 0 & skip_empty: 1,Sx-Sx-Sx(-Sx)(-Sx),drop_cols: 0 & skip_empty: 1
US-IL-GR,Sx-Sx-Sx-Sx,skip_empty: 1,Sx-Sx-Sx-Sx,skip_empty: 1
US-IL-HA,Sx-Sx-Sx-Sx,keep_length: 1 2 3 & merge_after: 0 0 0 & skip_empty: 1,Sx-Sx-Sx-Sx,keep_length: 1 2 3 & merge_after: 0 0 0 & skip_empty: 1
US-IL-HN,Dx,,Sx-Sx-Sx-Sx,keep_length: 1 2 3 & merge_after: 0 0 0 & skip_empty: 1
US-IL-HM,Sx-Sx-Sx-Sx,drop_cols: 9 & keep_length: 2 3 & merge_after: 1 1 & skip_empty: 1,Sx-Sx-Sx-Sx,drop_cols: 9 & keep_length: 2 3 & merge_after: 1 1 & skip_empty: 1
US-IL-HE,Sx-Sx-Sx-Sx,skip_empty: 1,Sx-Sx-Sx-Sx,skip_empty: 1
US-IL-IR,Sx-Sx-Sx-Sx,split_groups: 2|. 2_1|. & skip_empty: 1,Sx-Sx-Sx-Sx,split_groups: 2|. 2_1|. & skip_empty: 1
US-IL-JA,Sx-Sx-Sx-Sx,skip_empty: 1,Sx-Sx-Sx-Sx,skip_empty: 1
US-IL-JE,Dx,split_groups: 0|14 & drop_cols: 0_1 & skip_empty: 1,Sx-Sx-Sx-Sx,keep_length: 1 3 & merge_after: 0 0 0 & skip_empty: 1
US-IL-JO,Sx-Sx-Sx-Sx,drop_cols: 9 & keep_length: 2 3 & merge_after: 1 1 & skip_empty: 1,Sx-Sx-Sx-Sx,drop_cols: 9 & keep_length: 2 3 & merge_after: 1 1 & skip_empty: 1
US-IL-JD,Sx-Sx-Sx-Sx,split_groups: 3|2 & drop_cols: 3_1 & keep_length: 1 2 3_0 & merge_after: 0 0 0 & skip_empty: 1,Sx-Sx-Sx-Sx,split_groups: 3|2 & drop_cols: 3_1 & keep_length: 1 2 3_0 & merge_after: 0 0 0 & skip_empty: 1
US-IL-JR,Dx,,Sx-Sx-Sx-Sx,keep_length: 1 2 3 & merge_after: 0 0 0 & skip_empty: 1
US-IL-JS,Dx-Dx-Dx-Dx-Dx,keep_length: 1 2 3 4 & merge_after: 0 0 0 0 & skip_empty: 1,Ignored,simple
US-IL-KE,Ignored,simple,Ignored,simple
US-IL-KA,Sx-Sx-Sx-Sx,keep_length: 1 2 3 & merge_after: 0 0 0 & skip_empty: 1,Sx-Sx-Sx-Sx,keep_length: 1 3 & merge_after: 0 0 0 & skip_empty: 1
US-IL-KN,Ignored,simple,Ignored,simple
US-IL-KN,Sx,keep_length: 1 2 & merge_after: 0 0 & skip_empty: 1,Sx-Sx-Sx-Sx,keep_length: 1 3 & merge_after: 0 0 0 & skip_empty: 1
US-IL-LS,Sx-Sx-Sx-Sx,skip_empty: 1,Sx-Sx-Sx-Sx,split_groups: 2|. 2_1|. & skip_empty: 1
US-IL-LE,Dx,string_lengths: 2 2 3 3 & skip_empty: 1,Dx-Dx-Dx-Dx-Dx,drop_cols: 0 & skip_empty: 1
US-IL-LI,Dx,string_lengths: 2 2 3 3 & skip_empty: 1,Dx-Dx-Dx-Dx-Dx,drop_cols: 0 & skip_empty: 1
US-IL-LA,Dx,string_lengths: 2 2 3 3 & skip_empty: 1,Sx-Sx-Sx(-Sx)(-Sx),skip_empty: 1
US-IL-LO,Ignored,simple,Ignored,simple
US-IL-LW,Sx-Sx-Sx-Sx,keep_length: 1 2 3 & merge_after: 0 0 0 & skip_empty: 1,Sx-Sx-Sx-Sx,split_groups: 3|2 & drop_cols: 3_1 & keep_length: 1 2 3_0 & merge_after: 0 0 0 & skip_empty: 1
US-IL-AS,Ignored,simple,Ignored,simple
US-IL-MA,Sx-Sx-Sx(-Sx)(-Sx),skip_empty: 1,Dx-Dx-Dx-Dx-Dx(-Dx),drop_cols: 0 & skip_empty: 1
US-IL-MD,Ignored,simple,Ignored,simple
US-IL-ME,Dx,keep_length: 1 & skip_empty: 1,Dx,
US-IL-MG,Sx-Sx-Sx-Sx,keep_length: 1 2 3 & merge_after: 0 0 0 & skip_empty: 1,Sx-Sx-Sx-Sx,keep_length: 1 2 3 & merge_after: 0 0 0 & skip_empty: 1
US-IL-MR,Ignored,simple,Ignored,simple
US-IL-MU,Sx( )-Sx-Sx-Sx-Sx-( Sx),skip_empty: 1,Sx( )-Sx-Sx-Sx-Sx-( Sx),skip_empty: 1
US-IL-ML,Ignored,simple,Ignored,simple
US-IL-MN,Sx-Sx-Sx-Sx,split_groups: 2|. 2_1|. & skip_empty: 1,Sx-Sx-Sx-Sx,split_groups: 2|. 2_1|. & skip_empty: 1
US-IL-MU,Sx,skip_empty: 1,Dx,split_groups: 0|16 & drop_cols: 0_1
US-IL-MP,Ignored,simple,Ignored,simple
US-IL-MO,Ignored,simple,Ignored,simple
US-IL-MS,Dx,keep_length: 1 & skip_empty: 1,Sx-Sx-Sx-Sx,keep_length: 1 3 & merge_after: 0 0 0 & skip_empty: 1
US-IL-MT,Ignored,simple,Ignored,simple
US-IL-MC,Sx-Sx-Sx-Sx,split_groups: 3|2 & drop_cols: 3_1 & keep_length: 1 2 3_0 & merge_after: 0 0 0 & skip_empty: 1,Sx-Sx-Sx-Sx,keep_length: 1 2 3 & merge_after: 0 0 0 & skip_empty: 1
US-IL-MH,Sx-Sx-Sx-Sx,split_groups: 2|. 2_1|. & skip_empty: 1,Sx-Sx-Sx-Sx,split_groups: 2|. 2_1|. & skip_empty: 1
US-IL-OG,Ignored,simple,Ignored,simple
US-IL-PU,Ignored,simple,Ignored,simple
US-IL-PO,Ignored,simple,Ignored,simple
US-IL-PE,Dx,keep_length: 1 & skip_empty: 1,D2/D2/D3/D3,keep_length: 1 2 3 & merge_after: 0 0 0 & skip_empty: 1
US-IL-PI,Sx-Sx-Sx( Sx),split_groups: 2|3 & skip_empty: 1,Sx-Sx-Sx,skip_empty: 1
US-IL-PL,Sx-Sx-Sx-Sx,split_groups: 2|. 2_1|. & skip_empty: 1,Sx-Sx-Sx(-Sx)(-Sx),skip_empty: 1
US-IL-PU,Ignored,simple,Ignored,simple
US-IL-PR,Dx,string_lengths: 2 5 3 & skip_empty: 1,Dx,string_lengths: 2 5 3 & skip_empty: 1
US-IL-RA,Dx,keep_length: 1 & skip_empty: 1,Sx-Sx-Sx-Sx,split_groups: 3|2 & drop_cols: 3_1 & keep_length: 1 2 3_0 & merge_after: 0 0 0 & skip_empty: 1
US-IL-RC,Sx-Sx-Sx-Sx,keep_length: 1 3 & merge_after: 0 0 0 & skip_empty: 1,Sx-Sx-Sx-Sx,keep_length: 1 3 & merge_after: 0 0 0 & skip_empty: 1
US-IL-RI,Dx,string_lengths: 2 2 3 3 & skip_empty: 1,Sx-Sx-Sx-Sx,split_groups: 2|. 2_1|. & skip_empty: 1
US-IL-ST,Sx-Sx-Sx-Sx,skip_empty: 1,Sx-Sx-Sx-Sx,skip_empty: 1
US-IL-SH,Ignored,simple,Ignored,simple
US-IL-SL,Sx,,Sx-Sx-Sx-Sx,split_groups: 3|2 & drop_cols: 3_1 & keep_length: 1 2 3_0 & merge_after: 0 0 0 & skip_empty: 1
US-IL-SC,Ignored,simple,Ignored,simple
US-IL-SA,Ignored,simple,Ignored,simple
US-IL-SL,Sx-Sx-Sx-Sx,split_groups: 2|. 2_1|. & skip_empty: 1,Dx-Dx-Dx-Dx-Dx,drop_cols: 0 & skip_empty: 1
US-IL-SO,Sx-Sx-Sx-Sx,drop_cols: 9 & keep_length: 2 3 & merge_after: 1 1 & skip_empty: 1,Sx-Sx-Sx-Sx,drop_cols: 9 & keep_length: 2 3 & merge_after: 1 1 & skip_empty: 1
US-IL-SC,Dx,string_lengths: 2 2 3 3 & skip_empty: 1,Sx-Sx-Sx-Sx,split_groups: 2|. 2_1|. & skip_empty: 1
US-IL-TA,Ignored,simple,Ignored,simple
US-IL-UN,Ignored,simple,Ignored,simple
US-IL-VE,Dx,string_lengths: 2 2 3 3 & skip_empty: 1,Sx-Sx-Sx-Sx,split_groups: 2|. 2_1|. & skip_empty: 1
US-IL-WB,Ignored,simple,Ignored,simple
US-IL-WH,Dx,string_lengths: 2 2 3 3 & skip_empty: 1,Dx,string_lengths: 2 2 3 3 & skip_empty: 1
US-IL-WT,Dx,,Sx,keep_length: 1 2 & merge_after: 0 0 & skip_empty: 1
US-IL-WS,Dx,string_lengths: 2 2 3 3 & skip_empty: 1,Dx-Dx-Dx-Dx-Dx,drop_cols: 0 & skip_empty: 1
US-IL-WI,Dx,string_lengths: 1 4 4 3 3 1 & skip_empty: 1,Dx,string_lengths: 1 4 4 3 3 1 & skip_empty: 1
US-IL-WN,Sx-Sx-Sx-Sx,skip_empty: 1,Sx-Sx-Sx-Sx,split_groups: 2|. 2_1|. & skip_empty: 1
US-IL-WO,Dx,split_groups: 0|16 & drop_cols: 0_1,Sx-Sx-Sx-Sx,keep_length: 1 2 3 & merge_after: 0 0 0 & skip_empty: 1
US-IL-WA,Ignored,simple,Ignored,simple
US-IL-WL,Sx-Sx-Sx-Sx,keep_length: 1 2 3 & merge_after: 0 0 0 & skip_empty: 1,Sx-Sx-Sx-Sx,keep_length: 1 3 & merge_after: 0 0 0 & skip_empty: 1
US-IL-WY,Ignored,simple,Ignored,simple
US-IN-AL,Ignored,simple,Ignored,simple
US-IN-BA,Ignored,simple,Ignored,simple
US-IN-BE,Dx-Dx-Dx-Dx-Dx.Dx-Dx,skip_empty: 1,Dx-Dx-Dx-Dx-Dx.Dx-Dx,skip_empty: 1
US-IN-BL,Ignored,simple,Ignored,simple
US-IN-BO,Ignored,simple,Ignored,simple
US-IN-BR,Ignored,simple,Ignored,simple
US-IN-CI,Ignored,simple,Ignored,simple
US-IN-CL,Dx,string_lengths: 2 2 2 3 3 3 3 & skip_empty: 1,Dx-Dx-Dx-Dx-Dx.Dx-Dx,skip_empty: 1
US-IN-CA,Dx-Dx-Dx-Dx-Dx.Dx-Dx,skip_empty: 1,Dx-Dx-Dx-Dx-Dx.Dx-Dx,skip_empty: 1
US-IN-CA,Ignored,simple,Ignored,simple
US-IN-CR,Ignored,simple,Ignored,simple
US-IN-CY,Dx-Dx-Dx-Dx-Dx.Dx-Dx,skip_empty: 1,Dx-Dx-Dx-Dx-Dx.Dx-Dx,skip_empty: 1
US-IN-DC,Ignored,simple,Ignored,simple
US-IN-DE,Ignored,simple,Ignored,simple
US-IN-DA,Dx-Dx-Dx-Dx-Dx.Dx-Dx,skip_empty: 1,Dx-Dx-Dx-Dx-Dx.Dx-Dx,skip_empty: 1
US-IN-DE,Dx,string_lengths: 2 2 2 3 3 3 3 & skip_empty: 1,Dx-Dx-Dx-Dx-Dx.Dx-Dx,skip_empty: 1
US-IN-DU,Dx-Dx-Dx-Dx-Dx.Dx-Dx,skip_empty: 1,Dx-Dx-Dx-Dx-Dx.Dx-Dx,skip_empty: 1
US-IN-EL,Dx-Dx-Dx-Dx-Dx.Dx-Dx,skip_empty: 1,Dx-Dx-Dx-Dx-Dx.Dx-Dx,skip_empty: 1
US-IN-FA,Ignored,simple,Ignored,simple
US-IN-FL,Dx,string_lengths: 2 1 1 2 3 3 3 3 & skip_empty: 1,Dx-Dx-Dx-Dx-Dx.Dx-Dx,skip_empty: 1
US-IN-FO,Dx,,Ignored,simple
US-IN-FR,Ignored,simple,Ignored,simple
US-IN-FU,Dx-Dx-Dx-Dx-Dx.Dx-Dx,skip_empty: 1,Dx-Dx-Dx-Dx-Dx.Dx-Dx,skip_empty: 1
US-IN-GR,Dx-Dx-Dx-Dx-Dx.Dx-Dx,skip_empty: 1,Dx-Dx-Dx-Dx-Dx.Dx-Dx,skip_empty: 1
US-IN-GE,Ignored,simple,Ignored,simple
US-IN-GI,Dx-Dx-Dx-Dx-Dx.Dx-Dx,skip_empty: 1,Dx-Dx-Dx-Dx-Dx.Dx-Dx,skip_empty: 1
US-IN-HA,Ignored,simple,Ignored,simple
US-IN-HE,Ignored,simple,Ignored,simple
US-IN-HR,Dx-Dx-Dx-Dx-Dx.Dx-Dx,skip_empty: 1,Dx-Dx-Dx-Dx-Dx.Dx-Dx,skip_empty: 1
US-IN-HA,Ignored,simple,Ignored,simple
US-IN-HO,Dx-Dx-Dx-Dx-Dx.Dx-Dx,skip_empty: 1,Dx-Dx-Dx-Dx-Dx.Dx-Dx,skip_empty: 1
US-IN-HU,Ignored,simple,Ignored,simple
US-IN-HN,Ignored,simple,Ignored,simple
US-IN-JA,Dx-Dx-Dx-Dx-Dx.Dx-Dx,skip_empty: 1,Dx-Dx-Dx-Dx-Dx.Dx-Dx,skip_empty: 1
US-IN-JE,Dx-Dx-Dx-Dx-Dx.Dx-Dx,skip_empty: 1,Dx-Dx-Dx-Dx-Dx.Dx-Dx,skip_empty: 1
US-IN-JN,Ignored,simple,Ignored,simple
US-IN-JO,Ignored,simple,Ignored,simple
US-IN-JS,Dx-Dx-Dx-Dx-Dx.Dx-Dx,skip_empty: 1,Dx-Dx-Dx-Dx-Dx.Dx-Dx,skip_empty: 1
US-IN-JY,Ignored,simple,Ignored,simple
US-IN-KN,Ignored,simple,Ignored,simple
US-IN-KO,Ignored,simple,Ignored,simple
US-IN-LP,Ignored,simple,Ignored,simple
US-IN-LG,Ignored,simple,Ignored,simple
US-IN-LA,Ignored,simple,Ignored,simple
US-IN-LW,Ignored,simple,Ignored,simple
US-IN-MD,Ignored,simple,Ignored,simple
US-IN-MR,Ignored,simple,Ignored,simple
US-IN-MI,Ignored,simple,Ignored,simple
US-IN-MN,Ignored,simple,Ignored,simple
US-IN-MT,Dx-Dx-Dx-Dx-Dx.Dx-Dx,skip_empty: 1,Dx-Dx-Dx-Dx-Dx.Dx-Dx,skip_empty: 1
US-IN-MA,Ignored,simple,Ignored,simple
US-IN-MO,Ignored,simple,Ignored,simple
US-IN-MS,Dx,string_lengths: 2 2 2 3 3 3 3 & skip_empty: 1,Dx-Dx-Dx-Dx-Dx.Dx-Dx,skip_empty: 1
US-IN-NE,Dx-Dx-Dx-Dx-Dx.Dx-Dx,skip_empty: 1,Dx-Dx-Dx-Dx-Dx.Dx-Dx,skip_empty: 1
US-IN-NO,Dx-Dx-Dx-Dx-Dx.Dx-Dx,skip_empty: 1,Dx-Dx-Dx-Dx-Dx.Dx-Dx,skip_empty: 1
US-IN-OH,Ignored,simple,Ignored,simple
US-IN-OR,Ignored,simple,Ignored,simple
US-IN-OW,Ignored,simple,Ignored,simple
US-IN-PA,Ignored,simple,Ignored,simple
US-IN-PE,Ignored,simple,Ignored,simple
US-IN-PI,Dx-Dx-Dx-Dx-Dx.Dx-Dx,skip_empty: 1,Dx-Dx-Dx-Dx-Dx.Dx-Dx,skip_empty: 1
US-IN-PL,Dx-Dx-Dx-Dx-Dx.Dx-Dx,skip_empty: 1,Dx-Dx-Dx-Dx-Dx.Dx-Dx,skip_empty: 1
US-IN-PO,Ignored,simple,Ignored,simple
US-IN-PS,Ignored,simple,Ignored,simple
US-IN-PU,Dx-Dx-Dx-Dx-Dx.Dx-Dx,skip_empty: 1,Dx-Dx-Dx-Dx-Dx.Dx-Dx,skip_empty: 1
US-IN-RA,Ignored,simple,Ignored,simple
US-IN-RI,Ignored,simple,Ignored,simple
US-IN-RU,Ignored,simple,Ignored,simple
US-IN-SC,Dx-Dx-Dx-Dx-Dx.Dx-Dx,skip_empty: 1,Dx-Dx-Dx-Dx-Dx.Dx-Dx,skip_empty: 1
US-IN-ST,Dx-Dx-Dx-Dx-Dx.Dx-Dx,skip_empty: 1,Dx-Dx-Dx-Dx-Dx.Dx-Dx,skip_empty: 1
US-IN-SH,Ignored,simple,Ignored,simple
US-IN-JO,Dx-Dx-Dx-Dx-Dx.Dx-Dx,skip_empty: 1,Dx-Dx-Dx-Dx-Dx.Dx-Dx,skip_empty: 1
US-IN-SP,Ignored,simple,Ignored,simple
US-IN-SA,Dx-Dx-Dx-Dx-Dx.Dx-Dx,skip_empty: 1,Dx-Dx-Dx-Dx-Dx.Dx-Dx,skip_empty: 1
US-IN-SU,Ignored,simple,Ignored,simple
US-IN-SW,Ignored,simple,Ignored,simple
US-IN-TI,Dx-Dx-Dx-Dx-Dx.Dx-Dx,skip_empty: 1,Dx-Dx-Dx-Dx-Dx.Dx-Dx,skip_empty: 1
US-IN-TP,Ignored,simple,Ignored,simple
US-IN-UN,Dx-Dx-Dx-Dx-Dx.Dx-Dx,skip_empty: 1,Dx-Dx-Dx-Dx-Dx.Dx-Dx,skip_empty: 1
US-IN-VA,Dx-Dx-Dx-Dx-Dx.Dx-Dx,skip_empty: 1,Dx-Dx-Dx-Dx-Dx.Dx-Dx,skip_empty: 1
US-IN-VE,Ignored,simple,Ignored,simple
US-IN-VI,Ignored,simple,Ignored,simple
US-IN-WB,Dx-Dx-Dx-Dx-Dx.Dx-Dx,skip_empty: 1,Dx-Dx-Dx-Dx-Dx.Dx-Dx,skip_empty: 1
US-IN-WE,Dx-Dx-Dx-Dx-Dx.Dx-Dx,skip_empty: 1,Dx-Dx-Dx-Dx-Dx.Dx-Dx,skip_empty: 1
US-IN-WI,Ignored,simple,Ignored,simple
US-IN-WA,Dx-Dx-Dx-Dx-Dx.Dx-Dx,skip_empty: 1,Dx-Dx-Dx-Dx-Dx.Dx-Dx,skip_empty: 1
US-IN-WH,Ignored,simple,Ignored,simple
US-IN-WR,Dx-Dx-Dx-Dx-Dx.Dx-Dx,skip_empty: 1,Dx-Dx-Dx-Dx-Dx.Dx-Dx,skip_empty: 1
US-IN-WS,Ignored,simple,Ignored,simple
US-IN-WY,Dx-Dx-Dx-Dx-Dx.Dx-Dx,skip_empty: 1,Dx-Dx-Dx-Dx-Dx.Dx-Dx,skip_empty: 1
US-KS-BB,Dx,string_lengths: 3 3 2 1 2 2 3 2 1 & drop_cols: 0 & skip_empty: 1,D3-D2-D1-D2-D2-D3.D2-S1( D2),skip_empty: 1
US-KS-AN,Sx,string_lengths: 3 3 2 1 2 2 3 2 1 & drop_cols: 0 & skip_empty: 1,Dx-Dx-Dx-Dx-Dx-Dx(-Dx)(.Dx)(-Sx)( Dx),skip_empty: 1
US-KS-AT,Dx,split_groups: 0|1 & drop_cols: 0_0 & skip_empty: 1,Dx,
US-KS-BA,Sx,string_lengths: 3 3 2 1 2 2 3 2 1 & drop_cols: 0 & skip_empty: 1,D3-D2-D1-D2-D2-D3.D2-S1( D2),skip_empty: 1
US-KS-BU,Sx,string_lengths: 3 2 1 2 2 3 2 & skip_empty: 1,Dx-Dx-Dx-Dx-Dx-Dx(-Dx)(.Dx)(-Sx)( Dx),drop_cols: 0 & skip_empty: 1
US-KS-CA,Ignored,simple,Ignored,simple
US-KS-CL,Sx,string_lengths: 3 3 2 1 2 2 3 2 1 & drop_cols: 0 & skip_empty: 1,Dx-Dx-Dx-Dx-Dx-Dx(-Dx)(.Dx)(-Sx)( Dx),skip_empty: 1
US-KS-CF,Ignored,simple,Ignored,simple
US-KS-CH,Ignored,simple,Ignored,simple
US-KS-CO,Dx-Dx-Dx-Dx-Dx-Dx(-Dx)(.Dx)(-Sx)( Dx),drop_cols: 0 & skip_empty: 1,Dx-Dx-Dx-Dx-Dx-Dx(-Dx)(.Dx)(-Sx)( Dx),skip_empty: 1
US-KS-CM,Sx,string_lengths: 3 3 2 1 2 2 3 2 1 & drop_cols: 0 & skip_empty: 1,D3-D2-D1-D2-D2-D3.D2-S1( D2),skip_empty: 1
US-KS-CE,Dx,string_lengths: 3 3 2 1 2 2 3 2 1 & drop_cols: 0 & skip_empty: 1,Dx-Dx-Dx-Dx-Dx-Dx(-Dx)(.Dx)(-Sx)( Dx),skip_empty: 1
US-KS-CU,Sx,string_lengths: 2 4 2 1 2 2 3 2 1 & drop_cols: 0 & skip_empty: 1,D3-D2-D1-D2-D2-D3.D2-S1( D2),skip_empty: 1
US-KS-CR,Sx,string_lengths: 3 3 2 1 2 2 3 2 1 & drop_cols: 0 & skip_empty: 1,Dx-Dx-Dx-Dx-Dx-Dx(-Dx)(.Dx)(-Sx)( Dx),skip_empty: 1
US-KS-CS,Dx-Dx-Dx-Dx-Dx-Dx(-Dx)(.Dx)(-Sx)( Dx),drop_cols: 0 & skip_empty: 1,D3-D2-D1-D2-D2-D3.D2-S1( D2),skip_empty: 1
US-KS-CA,Dx,string_lengths: 3 3 2 1 2 2 3 2 1 & drop_cols: 0 & skip_empty: 1,D3-D2-D1-D2-D2-D3.D2-S1( D2),skip_empty: 1
US-KS-DE,Sx,string_lengths: 2 4 2 1 2 2 3 2 1 & drop_cols: 0 & skip_empty: 1,Dx-Dx-Dx-Dx-Dx-Dx(-Dx)(.Dx)(-Sx)( Dx),skip_empty: 1
US-KS-DI,Ignored,simple,Ignored,simple
US-KS-DN,Ignored,simple,Ignored,simple
US-KS-ED,Dx,string_lengths: 3 3 2 1 2 2 3 2 1 & drop_cols: 0 & skip_empty: 1,D3-D2-D1-D2-D2-D3.D2-S1( D2),skip_empty: 1
US-KS-LK,Sx,string_lengths: 3 3 2 1 2 2 3 2 1 & drop_cols: 0 & skip_empty: 1,D3-D2-D1-D2-D2-D3.D2-S1( D2),skip_empty: 1
US-KS-EL,Dx-Dx-Dx-Dx-Dx-Dx(-Dx)(.Dx)(-Sx)( Dx),drop_cols: 0 & skip_empty: 1,D3-D2-D1-D2-D2-D3.D2-S1( D2),skip_empty: 1
US-KS-LS,Sx,string_lengths: 3 3 2 1 2 2 3 2 1 & drop_cols: 0 & skip_empty: 1,D3-D2-D1-D2-D2-D3.D2-S1( D2),skip_empty: 1
US-KS-FI,Ignored,simple,Ignored,simple
US-KS-FO,Dx-Dx-Dx-Dx-Dx-Dx(-Dx)(.Dx)(-Sx)( Dx),drop_cols: 0 & skip_empty: 1,D3-D2-D1-D2-D2-D3.D2-S1( D2),skip_empty: 1
US-KS-FR,Ignored,simple,Ignored,simple
US-KS-GE,Sx,string_lengths: 3 3 2 1 2 2 3 2 1 & drop_cols: 0 & skip_empty: 1,D3-D2-D1-D2-D2-D3.D2-S1( D2),skip_empty: 1
US-KS-GH,Sx,string_lengths: 3 3 2 1 2 2 3 2 1 & drop_cols: 0 & skip_empty: 1,D3-D2-D1-D2-D2-D3.D2-S1( D2),skip_empty: 1
US-KS-GL,Sx,string_lengths: 3 3 2 1 2 2 3 2 1 & drop_cols: 0 & skip_empty: 1,Dx-Dx-Dx-Dx-Dx-Dx(-Dx)(.Dx)(-Sx)( Dx),skip_empty: 1
US-KS-GO,Sx,string_lengths: 3 3 2 1 2 2 3 2 1 & drop_cols: 0 & skip_empty: 1,D3-D2-D1-D2-D2-D3.D2-S1( D2),skip_empty: 1
US-KS-GR,Ignored,simple,Ignored,simple
US-KS-GN,Dx-Dx-Dx-Dx-Dx-Dx(-Dx)(.Dx)(-Sx)( Dx),drop_cols: 0 & skip_empty: 1,Dx-Dx-Dx-Dx-Dx-Dx(-Dx)(.Dx)(-Sx)( Dx),skip_empty: 1
US-KS-GA,Sx,string_lengths: 3 3 2 1 2 2 3 2 1 & drop_cols: 0 & skip_empty: 1,D3-D2-D1-D2-D2-D3.D2-S1( D2),skip_empty: 1
US-KS-HO,Sx,string_lengths: 3 3 2 1 2 2 3 2 1 & drop_cols: 0 & skip_empty: 1,D3-D2-D1-D2-D2-D3.D2-S1( D2),skip_empty: 1
US-KS-HM,Sx,string_lengths: 3 3 2 1 2 2 3 2 1 & drop_cols: 0 & skip_empty: 1,Dx-Dx-Dx-Dx-Dx-Dx(-Dx)(.Dx)(-Sx)( Dx),skip_empty: 1
US-KS-HR,Ignored,simple,Ignored,simple
US-KS-HS,Sx,string_lengths: 3 3 2 1 2 2 3 2 1 & drop_cols: 0 & skip_empty: 1,D3-D2-D1-D2-D2-D3.D2-S1( D2),skip_empty: 1
US-KS-HA,Ignored,simple,Ignored,simple
US-KS-JA,Dx,string_lengths: 3 3 2 1 2 2 3 2 1 & drop_cols: 0 & skip_empty: 1,D3-D2-D1-D2-D2-D3.D2-S1( D2),skip_empty: 1
US-KS-JE,Ignored,simple,Ignored,simple
US-KS-JO,Dx,string_lengths: 3 3 2 1 2 2 3 2 1 & drop_cols: 0 & skip_empty: 1,Dx-Dx-Dx-Dx-Dx-Dx(-Dx)(.Dx)(-Sx)( Dx),drop_cols: 0 & skip_empty: 1
US-KS-JW,Dx,string_lengths: 3 3 2 1 2 2 3 2 1 & drop_cols: 0 & skip_empty: 1,Dx-Dx-Dx-Dx-Dx-Dx(-Dx)(.Dx)(-Sx)( Dx),skip_empty: 1
US-KS-KE,Sx,string_lengths: 3 3 2 1 2 2 3 2 1 & drop_cols: 0 & skip_empty: 1,Dx-Dx-Dx-Dx-Dx-Dx(-Dx)(.Dx)(-Sx)( Dx),skip_empty: 1
US-KS-KI,Dx-Dx-Dx-Dx-Dx-Dx(-Dx)(.Dx)(-Sx)( Dx),drop_cols: 0 & skip_empty: 1,D3-D2-D1-D2-D2-D3.D2-S1( D2),skip_empty: 1
US-KS-KW,Ignored,simple,Ignored,simple
US-KS-LA,Ignored,simple,Ignored,simple
US-KS-LN,Dx-Dx-Dx-Dx-Dx-Dx(-Dx)(.Dx)(-Sx)( Dx),drop_cols: 0 & skip_empty: 1,D3-D2-D1-D2-D2-D3.D2-S1( D2),skip_empty: 1
US-KS-LA,Dx,string_lengths: 3 3 2 1 2 2 3 2 1 & drop_cols: 0 & skip_empty: 1,Dx-Dx-Dx-Dx-Dx-Dx(-Dx)(.Dx)(-Sx)( Dx),skip_empty: 1
US-KS-LO,Dx,string_lengths: 3 3 2 1 2 2 3 2 1 & drop_cols: 0 & skip_empty: 1,D3-D2-D1-D2-D2-D3.D2-S1( D2),skip_empty: 1
US-KS-LI,Ignored,simple,Ignored,simple
US-KS-LE,Sx,string_lengths: 3 3 2 1 2 2 3 2 1 & drop_cols: 0 & skip_empty: 1,D3-D2-D1-D2-D2-D3.D2-S1( D2),skip_empty: 1
US-KS-LY,Sx,string_lengths: 3 3 2 1 2 2 3 2 1 & drop_cols: 0 & skip_empty: 1,D3-D2-D1-D2-D2-D3.D2-S1( D2),skip_empty: 1
US-KS-MT,Sx,string_lengths: 3 3 2 1 2 2 3 2 1 & drop_cols: 0 & skip_empty: 1,D3-D2-D1-D2-D2-D3.D2-S1( D2),skip_empty: 1
US-KS-ME,Sx,string_lengths: 2 4 2 1 2 2 3 2 1 & drop_cols: 0 & skip_empty: 1,D3-D2-D1-D2-D2-D3.D2-S1( D2),skip_empty: 1
US-KS-MN,Sx,string_lengths: 3 3 2 1 2 2 3 2 1 & drop_cols: 0 & skip_empty: 1,Dx-Dx-Dx-Dx-Dx-Dx(-Dx)(.Dx)(-Sx)( Dx),skip_empty: 1
US-KS-MI,Sx,string_lengths: 3 3 2 1 2 2 3 2 1 & drop_cols: 0 & skip_empty: 1,Dx-Dx-Dx-Dx-Dx-Dx(-Dx)(.Dx)(-Sx)( Dx),skip_empty: 1
US-KS-MA,Dx-Dx-Dx-Dx-Dx-Dx(-Dx)(.Dx)(-Sx)( Dx),drop_cols: 0 & skip_empty: 1,D3-D2-D1-D2-D2-D3.D2-S1( D2),skip_empty: 1
US-KS-MC,Dx-Dx-Dx-Dx-Dx-Dx(-Dx)(.Dx)(-Sx)( Dx),drop_cols: 0 & skip_empty: 1,D3-D2-D1-D2-D2-D3.D2-S1( D2),skip_empty: 1
US-KS-MO,Sx,string_lengths: 3 3 2 1 2 2 3 2 1 & drop_cols: 0 & skip_empty: 1,D3-D2-D1-D2-D2-D3.D2-S1( D2),skip_empty: 1
US-KS-MS,Sx,string_lengths: 3 2 1 2 2 3 2 & skip_empty: 1,Dx-Dx-Dx-Dx-Dx-Dx(-Dx)(.Dx)(-Sx)( Dx),drop_cols: 0 & skip_empty: 1
US-KS-MR,Sx,string_lengths: 3 3 2 1 2 2 3 2 1 & drop_cols: 0 & skip_empty: 1,D3-D2-D1-D2-D2-D3.D2-S1( D2),skip_empty: 1
US-KS-NM,Ignored,simple,Ignored,simple
US-KS-NE,Sx,string_lengths: 3 3 2 1 2 2 3 2 1 & drop_cols: 0 & skip_empty: 1,D3-D2-D1-D2-D2-D3.D2-S1( D2),skip_empty: 1
US-KS-NS,Sx,string_lengths: 3 3 2 1 2 2 3 2 1 & drop_cols: 0 & skip_empty: 1,Dx-Dx-Dx-Dx-Dx-Dx(-Dx)(.Dx)(-Sx)( Dx),skip_empty: 1
US-KS-NO,Dx,string_lengths: 3 3 2 1 2 2 3 2 1 & drop_cols: 0 & skip_empty: 1,Dx-Dx-Dx-Dx-Dx-Dx(-Dx)(.Dx)(-Sx)( Dx),skip_empty: 1
US-KS-SB,Dx,string_lengths: 3 3 2 1 2 2 3 2 1 & drop_cols: 0 & skip_empty: 1,D3-D2-D1-D2-D2-D3.D2-S1( D2),skip_empty: 1
US-KS-OS,Dx,string_lengths: 3 2 1 2 2 3 2 & skip_empty: 1,Dx-Dx-Dx-Dx-Dx-Dx(-Dx)(.Dx)(-Sx)( Dx),drop_cols: 0 & skip_empty: 1
US-KS-OT,Dx,string_lengths: 3 3 2 1 2 2 3 2 1 & drop_cols: 0 & skip_empty: 1,D3-D2-D1-D2-D2-D3.D2-S1( D2),skip_empty: 1
US-KS-PH,Sx,string_lengths: 3 3 2 1 2 2 3 2 1 & drop_cols: 0 & skip_empty: 1,Dx-Dx-Dx-Dx-Dx-Dx(-Dx)(.Dx)(-Sx)( Dx),skip_empty: 1
US-KS-PA,Sx,string_lengths: 3 3 2 1 2 2 3 2 1 & drop_cols: 0 & skip_empty: 1,D3-D2-D1-D2-D2-D3.D2-S1( D2),skip_empty: 1
US-KS-PR,Sx,string_lengths: 3 3 2 1 2 2 3 2 1 & drop_cols: 0 & skip_empty: 1,Dx-Dx-Dx-Dx-Dx-Dx(-Dx)(.Dx)(-Sx)( Dx),skip_empty: 1
US-KS-PO,Dx,string_lengths: 3 3 2 1 2 2 3 2 1 & drop_cols: 0 & skip_empty: 1,Dx-Dx-Dx-Dx-Dx-Dx(-Dx)(.Dx)(-Sx)( Dx),skip_empty: 1
US-KS-RA,Sx,string_lengths: 3 3 2 1 2 2 3 2 1 & drop_cols: 0 & skip_empty: 1,D3-D2-D1-D2-D2-D3.D2-S1( D2),skip_empty: 1
US-KS-RC,Ignored,simple,Ignored,simple
US-KS-RS,Dx,string_lengths: 3 3 2 1 2 2 3 2 1 & drop_cols: 0 & skip_empty: 1,D3-D2-D1-D2-D2-D3.D2-S1( D2),skip_empty: 1
US-KS-RI,Ignored,simple,Ignored,simple
US-KS-RE,Sx,string_lengths: 3 2 1 2 2 3 2 & skip_empty: 1,Dx-Dx-Dx-Dx-Dx-Dx.Dx,skip_empty: 1
US-KS-RO,Dx,string_lengths: 3 3 2 1 2 2 3 2 1 & drop_cols: 0 & skip_empty: 1,D3-D2-D1-D2-D2-D3.D2-S1( D2),skip_empty: 1
US-KS-RP,Dx-Dx-Dx-Dx-Dx-Dx(-Dx)(.Dx)(-Sx)( Dx),drop_cols: 0 & skip_empty: 1,Dx-Dx-Dx-Dx-Dx-Dx(-Dx)(.Dx)(-Sx)( Dx),skip_empty: 1
US-KS-RU,Sx,string_lengths: 3 3 2 1 2 2 3 2 1 & drop_cols: 0 & skip_empty: 1,D3-D2-D1-D2-D2-D3.D2-S1( D2),skip_empty: 1
US-KS-SA,Sx,split_groups: 0|3 0_1|15 & drop_cols: 0_0 0_1_1 & skip_empty: 1,Dx-Dx-Dx-Dx-Dx-Dx.Dx,keep_length: 1 2 3 4 5 6 & merge_after: 0 0 0 0 0 0 & skip_empty: 1
US-KS-SC,Dx,string_lengths: 3 3 2 1 2 2 3 2 1 & drop_cols: 0 & skip_empty: 1,D3-D2-D1-D2-D2-D3.D2-S1( D2),skip_empty: 1
US-KS-SI,Sx,string_lengths: 2 4 2 1 2 2 3 2 1 & drop_cols: 0 & skip_empty: 1,Dx-Dx-Dx-Dx-Dx-Dx(-Dx)(.Dx)(-Sx)( Dx),skip_empty: 1
US-KS-SF,Sx,string_lengths: 3 3 2 1 2 2 3 2 1 & drop_cols: 0 & skip_empty: 1,D3-D2-D1-D2-D2-D3.D2-S1( D2),skip_empty: 1
US-KS-SE,Dx,string_lengths: 3 3 2 1 2 2 3 2 ? & skip_empty: 1,^([0-9]+)-([0-9]+)-([0-9]+)-([0-9]+)-([0-9]+)-([0-9]+)-([0-9]+)\.([0-9]+)-([A-Z]?)$,skip_empty: 1
US-KS-SR,Sx,string_lengths: 3 3 2 1 2 2 3 2 1 & drop_cols: 0 & skip_empty: 1,D3-D2-D1-D2-D2-D3.D2-S1( D2),skip_empty: 1
US-KS-SM,Ignored,simple,Ignored,simple
US-KS-SH,Dx,,Dx,
US-KS-SN,Sx,string_lengths: 3 3 2 1 2 2 3 2 1 & drop_cols: 0 & skip_empty: 1,D3-D2-D1-D2-D2-D3.D2-S1( D2),skip_empty: 1
US-KS-SU,Ignored,simple,Ignored,simple
US-KS-ST,Sx,string_lengths: 3 3 2 1 2 2 3 2 1 & drop_cols: 0 & skip_empty: 1,Dx-Dx-Dx-Dx-Dx-Dx(-Dx)(.Dx)(-Sx)( Dx),skip_empty: 1
US-KS-TH,Sx,string_lengths: 3 3 2 1 2 2 3 2 1 & drop_cols: 0 & skip_empty: 1,Dx-Dx-Dx-Dx-Dx-Dx(-Dx)(.Dx)(-Sx)( Dx),skip_empty: 1
US-KS-TR,Sx,string_lengths: 3 3 2 1 2 2 3 2 1 & drop_cols: 0 & skip_empty: 1,D3-D2-D1-D2-D2-D3.D2-S1( D2),skip_empty: 1
US-KS-WL,Dx,string_lengths: 3 3 2 1 2 2 3 2 1 & drop_cols: 0 & skip_empty: 1,Dx-Dx-Dx-Dx-Dx-Dx(-Dx)(.Dx)(-Sx)( Dx),skip_empty: 1
US-KS-WA,Sx,string_lengths: 3 3 2 1 2 2 3 2 1 & drop_cols: 0 & skip_empty: 1,D3-D2-D1-D2-D2-D3.D2-S1( D2),skip_empty: 1
US-KS-WC,Dx,string_lengths: 3 3 2 1 2 2 3 2 1 & drop_cols: 0 & skip_empty: 1,D3-D2-D1-D2-D2-D3.D2-S1( D2),skip_empty: 1
US-KS-WI,Sx,string_lengths: 3 3 2 1 2 2 3 2 1 & drop_cols: 0 & skip_empty: 1,D3-D2-D1-D2-D2-D3.D2-S1( D2),skip_empty: 1
US-KS-WO,Sx,string_lengths: 3 3 2 1 2 2 3 2 1 & drop_cols: 0 & skip_empty: 1,D3-D2-D1-D2-D2-D3.D2-S1( D2),skip_empty: 1
US-KS-WS,Sx,string_lengths: 3 2 1 2 2 3 2 & skip_empty: 1,Dx-Dx-Dx-Dx-Dx-Dx(-Dx)(.Dx)(-Sx)( Dx),drop_cols: 0 & skip_empty: 1
US-KS-WY,Dx,,Sx,split_groups: 0|13 & drop_cols: 0_1 & skip_empty: 1
US-KY-ALL,Sx-[S.]x(-Sx)(-Sx)(-S.x),split_groups: 1|. 4|. & skip_empty: 1,Sx-[S.]x(-Sx)(-Sx)(-Sx),split_groups: 1|. & skip_empty: 1
US-KY-AND,Ignored,simple,Ignored,simple
US-KY-BEL,Ignored,simple,Ignored,simple
US-KY-BRE,Ignored,simple,Ignored,simple
US-KY-BOY,Ignored,simple,Ignored,simple
US-KY-BOE,Ignored,simple,Ignored,simple
US-KY-BAT,Ignored,simple,Ignored,simple
US-KY-BOU,Sx-Sx-Sx(-Sx),no_conv: 1,Sx-Sx-Sx(-Sx),no_conv: 1
US-KY-BRA,Ignored,simple,Ignored,simple
US-KY-BAL,Sx-Sx(-Sx)(-Sx),skip_empty: 1,Sx-[S.]x(-Sx)(-Sx)(-Sx),split_groups: 1|. & skip_empty: 1
US-KY-BAR,(D5_)Dx.Dx-Dx-Dx.Dx,,(D5_)Dx.Dx-Dx-Dx.Dx,
US-KY-BRT,Ignored,simple,Ignored,simple
US-KY-BUT,Ignored,simple,Ignored,simple
US-KY-BOO,Ignored,simple,Ignored,simple
US-KY-CLD,Sx-[S.]x(-Sx)(-Sx)(-S.x),split_groups: 1|. 3|. & skip_empty: 1,Sx-Sx(-Sx)(-Sx),skip_empty: 1
US-KY-CAE,Ignored,simple,Ignored,simple
US-KY-CHR,Unrecognized,,Unrecognized,
US-KY-CRL,Sx-Sx-Sx-Sx,skip_empty: 1,Sx-Sx-Sx-Sx,skip_empty: 1
US-KY-CLI,Ignored,simple,Ignored,simple
US-KY-CAM,Ignored,simple,Ignored,simple
US-KY-CLI,Sx-[S.]x(-Sx)(-Sx)(-S.x),split_groups: 1|. 3|. & skip_empty: 1,Sx-[S.]x(-Sx)(-Sx)(-S.x),split_groups: 1|. 3|. & skip_empty: 1
US-KY-CRI,Sx-Sx-Sx-Sx(-Sx-Sx.Sx),keep_length: 1 2 3 4 5 6 & merge_after: 0 0 0 0 0 0 & skip_empty: 1,Sx-Sx-Sx-Sx(-Sx-Sx.Sx),keep_length: 1 2 3 4 5 6 & merge_after: 0 0 0 0 0 0 & skip_empty: 1
US-KY-CAS,Ignored,simple,Ignored,simple
US-KY-CAR,Ignored,simple,Ignored,simple
US-KY-CUM,Sx-Sx-Sx-Sx(-Sx-Sx.Sx),keep_length: 1 2 3 4 5 6 & merge_after: 0 0 0 0 0 0 & skip_empty: 1,Sx-Sx-Sx-Sx(-Sx-Sx.Sx),keep_length: 1 2 3 4 5 6 & merge_after: 0 0 0 0 0 0 & skip_empty: 1
US-KY-CAL,Ignored,simple,Ignored,simple
US-KY-CLY,Ignored,simple,Ignored,simple
US-KY-DAV,Sx-Sx-Sx-Sx-Sx-Sx,keep_length: 4 5 & skip_empty: 1,Sx-Sx-Sx-Sx-Sx-Sx,keep_length: 4 5 & skip_empty: 1
US-KY-EDM,Ignored,simple,Ignored,simple
US-KY-ELL,Sx-Sx-Sx-Sx(-Sx-Sx.Sx),skip_empty: 1,Sx-[S.]x(-Sx)(-Sx)(-S.x),split_groups: 1|. 4|. & skip_empty: 1
US-KY-EST,Ignored,simple,Ignored,simple
US-KY-FAY,Sx(-)Dx,split_groups: 0|[A-Z] 0_1|[A-Z] & skip_empty: 1,Dx,
US-KY-FLE,Ignored,simple,Ignored,simple
US-KY-FLO,Sx-[S.]x(-Sx)(-Sx)(-S.x),split_groups: 1|. 4|. & skip_empty: 1,Sx-Sx-Sx-Sx(-Sx-Sx.Sx),skip_empty: 1
US-KY-FRA,Ignored,simple,Ignored,simple
US-KY-FUL,Ignored,simple,Ignored,simple
US-KY-GAL,Ignored,simple,Ignored,simple
US-KY-GEE,Ignored,simple,Ignored,simple
US-KY-GAR,Sx-[S.]x(-Sx)(-Sx)(-S.x),skip_empty: 1,Sx-[S.]x(-Sx)(-Sx)(-S.x),skip_empty: 1
US-KY-GAR,Ignored,simple,Ignored,simple
US-KY-GRE,Ignored,simple,Ignored,simple
US-KY-GRA,Ignored,simple,Ignored,simple
US-KY-GRN,Ignored,simple,Ignored,simple
US-KY-HIC,Ignored,simple,Ignored,simple
US-KY-HAK,Ignored,simple,Ignored,simple
US-KY-HEN,Sx-[S.]x(-Sx)(-Sx)(-S.x),split_groups: 1|. 4|. & skip_empty: 1,Sx-[S.]x(-Sx)(-Sx)(-S.x),split_groups: 1|. 4|. & skip_empty: 1
US-KY-HAN,Ignored,simple,Ignored,simple
US-KY-HIC,Ignored,simple,Ignored,simple
US-KY-HOP,Sx-Sx-Sx(-Sx)(-Sx),skip_empty: 1,Sx-[S.]x(-Sx)(-Sx)(-Sx),split_groups: 1|. & skip_empty: 1
US-KY-HRS,Ignored,simple,Ignored,simple
US-KY-HAT,Ignored,simple,Ignored,simple
US-KY-HAR,Ignored,simple,Ignored,simple
US-KY-JAC,Sx( )-( )(Sx)( - Sx)(-Sx)( Sx),merge_after: 4 3 2 1 0 & skip_empty: 1,Sx-[S.]x(-Sx)(-Sx)(-Sx),split_groups: 1|. 1_0|3 & merge_after: 0 0 0 0 & skip_empty: 1
US-KY-JEF,Sx,split_groups: 0|4 0_1|1 0_1_1|5 0_1_1_1|4 & drop_cols: 0_1_1_1 & skip_empty: 1,Sx,split_groups: 0|4 0_1|1 0_1_1|5 0_1_1_1|4 & drop_cols: 0_1_1_1 & skip_empty: 1
US-KY-JOH,Ignored,simple,Ignored,simple
US-KY-JES,Ignored,simple,Ignored,simple
US-KY-KEN,Ignored,simple,Ignored,simple
US-KY-KNT,Unrecognized,,Unrecognized,
US-KY-KNO,Ignored,simple,Ignored,simple
US-KY-LAW,Ignored,simple,Ignored,simple
US-KY-LEE,Sx-[S.]x(-Sx)(-Sx)(-S.x),split_groups: 1|. & keep_length: 1_1 & merge_after: 1_0 & skip_empty: 1,Sx-[S.]x(-Sx)(-Sx)(-S.x),split_groups: 1|. & keep_length: 1_1 & merge_after: 1_0 & skip_empty: 1
US-KY-LEE,Ignored,simple,Ignored,simple
US-KY-LEW,Ignored,simple,Ignored,simple
US-KY-LOG,Ignored,simple,Ignored,simple
US-KY-LAR,Sx-[S.]x(-Sx)(-Sx)(-S.x),split_groups: 1|. & keep_length: 1_1 & merge_after: 1_0 & skip_empty: 1,Sx-[S.]x(-Sx)(-Sx)(-S.x),split_groups: 1|. & keep_length: 1_1 & merge_after: 1_0 & skip_empty: 1
US-KY-LES,Ignored,simple,Ignored,simple
US-KY-LET,Ignored,simple,Ignored,simple
US-KY-LAU,Sx-Sx-Sx-Sx(-Sx-Sx.Sx),keep_length: 1 2 3 4 5 6 & merge_after: 0 0 0 0 0 0 & skip_empty: 1,Sx-Sx-Sx-Sx(-Sx-Sx.Sx),keep_length: 1 2 3 4 5 6 & merge_after: 0 0 0 0 0 0 & skip_empty: 1
US-KY-LIV,Ignored,simple,Ignored,simple
US-KY-LYO,Sx-[S.]x(-Sx)(-Sx)(-Sx),merge_after: 4 3 2 & skip_empty: 1,Sx-[S.]x(-Sx)(-Sx)(-Sx),merge_after: 4 3 2 & skip_empty: 1
US-KY-MEN,Ignored,simple,Ignored,simple
US-KY-MER,Unrecognized,,Unrecognized,
US-KY-MAD,Ignored,simple,Ignored,simple
US-KY-MAG,Ignored,simple,Ignored,simple
US-KY-MOR,Ignored,simple,Ignored,simple
US-KY-MCY,Ignored,simple,Ignored,simple
US-KY-MAR,Sx-Sx-Sx-Sx(-Sx-Sx.Sx),keep_length: 1 2 3 4 5 6 & merge_after: 0 0 0 0 0 0 & skip_empty: 1,Sx-Sx-Sx-Sx(-Sx-Sx.Sx),keep_length: 1 2 3 4 5 6 & merge_after: 0 0 0 0 0 0 & skip_empty: 1
US-KY-MEA,Ignored,simple,Ignored,simple
US-KY-MCC,Sx-[S.]x(-Sx)(-Sx)(-S.x),skip_empty: 1,Sx-[S.]x(-Sx)(-Sx)(-S.x),skip_empty: 1
US-KY-MCL,Ignored,simple,Ignored,simple
US-KY-MOE,Ignored,simple,Ignored,simple
US-KY-MRT,Sx-[S.]x(-Sx)(-Sx)(-Sx),,Sx-[S.]x(-Sx)(-Sx)(-Sx),
US-KY-MAN,Ignored,simple,Ignored,simple
US-KY-MER,Ignored,simple,Ignored,simple
US-KY-MAS,Ignored,simple,Ignored,simple
US-KY-MET,Ignored,simple,Ignored,simple
US-KY-MUH,Ignored,simple,Ignored,simple
US-KY-NEL,Ignored,simple,Ignored,simple
US-KY-NIC,Sx-[S.]x(-Sx)(-Sx)(-S.x),split_groups: 1|. & keep_length: 1_1 & merge_after: 1_0 & skip_empty: 1,Sx-[S.]x(-Sx)(-Sx)(-S.x),split_groups: 1|. & keep_length: 1_1 & merge_after: 1_0 & skip_empty: 1
US-KY-OWE,Ignored,simple,Ignored,simple
US-KY-OHI,Sx-Sx(-Sx)(-Sx),skip_empty: 1,Sx-Sx(-Sx)(-Sx),skip_empty: 1
US-KY-OLD,Ignored,simple,Ignored,simple
US-KY-OWS,Ignored,simple,Ignored,simple
US-KY-PIK,Dx,split_groups: 0|6 0_1|6 1_0|5 & skip_empty: 1,Dx,
US-KY-PEN,Ignored,simple,Ignored,simple
US-KY-POW,Ignored,simple,Ignored,simple
US-KY-PER,Unrecognized,,Unrecognized,
US-KY-PUL,Ignored,simple,Ignored,simple
US-KY-ROB,Ignored,simple,Dx(.-Dx.-Dx),keep_length: 1 2 3 & merge_after: 0 0 0 & skip_empty: 1
US-KY-ROC,Ignored,simple,Ignored,simple
US-KY-RUS,Ignored,simple,Ignored,simple
US-KY-ROW,Unrecognized,,Unrecognized,
US-KY-SCO,Ignored,simple,Ignored,simple
US-KY-SHE,Ignored,simple,Ignored,simple
US-KY-SIM,Ignored,simple,Ignored,simple
US-KY-SPE,Ignored,simple,Ignored,simple
US-KY-TAY,Ignored,simple,Ignored,simple
US-KY-TRI,Ignored,simple,Ignored,simple
US-KY-TRE,Ignored,simple,Ignored,simple
US-KY-TOD,Ignored,simple,Ignored,simple
US-KY-UNI,Ignored,simple,Ignored,simple
US-KY-WEB,Ignored,simple,Ignored,simple
US-KY-WHI,Ignored,simple,Ignored,simple
US-KY-WOL,Ignored,simple,Ignored,simple
US-KY-WOO,Sx-Sx-Sx-Sx,skip_empty: 1,Sx-Sx-Sx(-Sx)(-Sx),skip_empty: 1
US-KY-WAR,Ignored,simple,Ignored,simple
US-KY-WAS,Ignored,simple,Ignored,simple
US-KY-WAY,Ignored,simple,Ignored,simple
US-LA-AC,Sx,split_groups: 0|4 & skip_empty: 1,Sx,split_groups: 0|4 & skip_empty: 1
US-LA-AS,Dx,,Dx,keep_length: 1 & skip_empty: 1
US-LA-AL,Sx,string_lengths: 1 4 2 + & merge_after: 0 & skip_empty: 1,Sx,string_lengths: 1 4 2 + & merge_after: 0 & skip_empty: 1
US-LA-SM,Sx,split_groups: 0|R 0_0|11 & skip_empty: 1,Sx,split_groups: 0|13 & drop_cols: 0_1 & skip_empty: 1
US-LA-AV,Sx(-)Dx,skip_empty: 1,Sx,
US-LA-BE,Sx,skip_empty: 1,Sx,
US-LA-BI,Ignored,simple,Ignored,simple
US-LA-BO,Dx,string_lengths: 1 3 2 & skip_empty: 1,Dx,string_lengths: 1 3 2 & skip_empty: 1
US-LA-CA,Sx,split_groups: 0|-5 0_0|4 0_0_0|2 & drop_cols: 0_0_1_1 & skip_empty: 1,Sx,split_groups: 0|-5 0_0|4 0_0_0|2 & drop_cols: 0_0_1_1 & skip_empty: 1
US-LA-CL,Sx,skip_empty: 1,Sx,split_groups: 0|11 & drop_cols: 0_1 & skip_empty: 1
US-LA-CM,Dx,string_lengths: 2 4 4 & skip_empty: 1,Dx,string_lengths: 2 4 4 & skip_empty: 1
US-LA-CD,Ignored,simple,Ignored,simple
US-LA-CO,Sx,split_groups: 0|-5 0_0|4 0_0_0|2 & drop_cols: 0_0_1_1 & skip_empty: 1,Sx,split_groups: 0|-5 0_0|4 0_0_0|2 & drop_cols: 0_0_1_1 & skip_empty: 1
US-LA-CT,Sx(-)Dx,split_groups: 0|[A-Z] 0_1|[A-Z] & skip_empty: 1,Sx,split_groups: 0|[E] & keep_length: 0_1 & merge_after: 0_0 & skip_empty: 1
US-LA-CD,Ignored,simple,Dx,split_groups: 0|16 & drop_cols: 0_1
US-LA-DS,Sx,split_groups: 0|13 & drop_cols: 0_1 & skip_empty: 1,Sx,skip_empty: 1
US-LA-EB,Ignored,simple,Ignored,simple
US-LA-EC,Dx,split_groups: 0|14 & drop_cols: 0_1 & skip_empty: 1,Dx,
US-LA-EF,Sx(-)Dx,keep_length: 0 & skip_empty: 1,Dx,split_groups: 0|14 & drop_cols: 0_1 & skip_empty: 1
US-LA-EV,Sx,split_groups: 0|11 & drop_cols: 0_1 & skip_empty: 1,Sx,split_groups: 0|11 & drop_cols: 0_1 & skip_empty: 1
US-LA-FR,Sx,split_groups: 0|7 & skip_empty: 1,Sx,split_groups: 0|7 & skip_empty: 1
US-LA-GR,Ignored,simple,Ignored,simple
US-LA-IB,Ignored,simple,Ignored,simple
US-LA-BR,Sx,keep_length: 1 2 & merge_after: 0 0 & skip_empty: 1,Sx,
US-LA-JA,Sx,skip_empty: 1,Sx,keep_length: 1 2 & merge_after: 0 0 & skip_empty: 1
US-LA-JE,Dx,,Sx,skip_empty: 1
US-LA-LS,Ignored,simple,Sx,split_groups: 0|11 & drop_cols: 0_1 & skip_empty: 1
US-LA-LN,Ignored,simple,Ignored,simple
US-LA-LF,Sx,split_groups: 0|11 & drop_cols: 0_1 & skip_empty: 1,Dx,split_groups: 0|16 & drop_cols: 0_1
US-LA-LI,Ignored,simple,Ignored,simple
US-LA-LA,Dx,split_groups: 0|16 & drop_cols: 0_1,Ignored,simple
US-LA-MO,Dx,,Dx,split_groups: 0|14 & drop_cols: 0_1 & skip_empty: 1
US-LA-NA,Sx,skip_empty: 1,Sx,
US-LA-OR,Sx,string_lengths: 2 3 4 & skip_empty: 1,Sx,string_lengths: 2 3 4 & skip_empty: 1
US-LA-OU,Dx,,Dx,
US-LA-PL,Sx(-)Dx,split_groups: 0|8 & skip_empty: 1,Sx,split_groups: 0|13 & drop_cols: 0_1 & skip_empty: 1
US-LA-PC,Ignored,simple,Ignored,simple
US-LA-RA,Ignored,simple,Ignored,simple
US-LA-RR,Sx,skip_empty: 1,Sx,
US-LA-RI,Sx,split_groups: 0|13 & drop_cols: 0_1 & skip_empty: 1,Sx,keep_length: 1 2 & merge_after: 0 0 & skip_empty: 1
US-LA-SA,Sx,split_groups: 0|1 & skip_empty: 1,Sx,split_groups: 0|1 & skip_empty: 1
US-LA-SC,Ignored,simple,Ignored,simple
US-LA-SA,Ignored,simple,Sx,keep_length: 1 2 & merge_after: 0 0 & skip_empty: 1
US-LA-AC,Sx,split_groups: 0|13 & drop_cols: 0_1 & skip_empty: 1,Dx,
US-LA-LN,Ignored,simple,Ignored,simple
US-LA-AS,Ignored,simple,Ignored,simple
US-LA-JA,Ignored,simple,Ignored,simple
US-LA-SM,Sx(-)Dx,skip_empty: 1,Sx,split_groups: 0|13 & drop_cols: 0_1 & skip_empty: 1
US-LA-ST,Ignored,simple,Ignored,simple
US-LA-TA,Dx,keep_length: 1 & skip_empty: 1,Sx,split_groups: 0|R 0_0|11 & skip_empty: 1
US-LA-TN,Sx,split_groups: 0|4 0_1|1 0_1_1|5 0_1_1_1|4 & drop_cols: 0_1_1_1 & skip_empty: 1,Sx,split_groups: 0|4 0_1|1 0_1_1|5 0_1_1_1|4 & drop_cols: 0_1_1_1 & skip_empty: 1
US-LA-TE,Ignored,simple,Sx(-)Dx,skip_empty: 1
US-LA-UN,Dx,,Dx,
US-LA-VE,Ignored,simple,Sx,
US-LA-VR,Sx(-)Dx,skip_empty: 1,Sx-Sx-Sx,keep_length: 1 2 & merge_after: 0 0 & skip_empty: 1
US-LA-WB,Dx,split_groups: 0|14 & drop_cols: 0_1 & skip_empty: 1,Dx,split_groups: 0|16 & drop_cols: 0_1
US-LA-WC,Dx,split_groups: 0|1 0_1|6 & drop_cols: 0_0 & skip_empty: 1,Dx,split_groups: 0|6 0_1|3 0_1_1|2 0_1_1_1|5 0_1_1_1_1|3 0_1_1_1_1_1|1 0_1_1_1_1_1_1|1 0_1_1_1_1_1_1_1|1 & merge_after: 0_1_1_1_1_1_0 0_1_1_1_1_1_0 0_1_1_1_1_1_0 & skip_empty: 1
US-LA-WF,Sx,skip_empty: 1,Ignored,simple
US-LA-WI,Unrecognized,,Sx,keep_length: 1 2 & merge_after: 0 0 & skip_empty: 1
US-LA-WA,Ignored,simple,Ignored,simple
US-LA-WE,Sx,,Sx,
US-MA-BOU,[S.-]x_Sx_Sx,skip_empty: 1,A4 M:Sx P:Sx( [ES]:(Sx))( U:Sx),split_groups: 0|- 2|- & skip_empty: 1
US-MA-BRE,[S.-]x_Sx_Sx,skip_empty: 1,A4 M:Sx B:(Sx)( L:(Sx)),split_groups: 0|3 2|- 2_0|4 & skip_empty: 1
US-MA-BAR,Sx_Sx(_Sx),keep_length: 2 & merge_after: 1 & skip_empty: 1,A4 M:Sx( B:Sx) L:Sx,split_groups: 0|. 1|. 2|. & skip_empty: 1
US-MA-CHM,Sx-Sx-Sx(-Sx),skip_empty: 1,A4 M:Sx B:Sx L:(Sx)( Sx),split_groups: 2|- & skip_empty: 1
US-MA-DEN,Dx(.-Dx.-Dx),keep_length: 2 & merge_after: 1 & skip_empty: 1,A4 M:Sx P:Sx( [ES]:(Sx))( U:Sx),split_groups: 1|- & skip_empty: 1
US-MA-EAM,Sx( )-( )(Sx)( - Sx)(-Sx)( Sx),split_groups: 0|S 0_1|E & drop_cols: 2 & merge_after: 0_0 & skip_empty: 1,A4 M:Sx( B:Sx) L:Sx,split_groups: 0|- 0_1|- 2|- & merge_after: 2_0 & skip_empty: 1
US-MA-FAL,Sx Sx Sx Sx,skip_empty: 1,A4 Sx S:Sx P:Sx L:Sx,skip_empty: 1
US-MA-HAR,"Sx_[S&;,-]x_0","split_groups: 1|- 1_0|& 1_0_0|, 1_0_0_0|; & skip_empty: 1",A4 M:Sx P:Sx( [ES]:(Sx))( U:Sx),split_groups: 1|- & skip_empty: 1
US-MA-MAS,Sx_Sx(_Sx),skip_empty: 1,A4 M:Sx B:(Sx)( L:(Sx)),split_groups: 0|- & skip_empty: 1
US-MA-ORL,Sx_[S.]x_[S.]x(_[S.]x),skip_empty: 1,A4 M:Sx B:(Sx)( L:(Sx)),split_groups: 0|. 1|. 2|. & skip_empty: 1
US-MA-PRO,Sx-Sx-Sx-Sx,skip_empty: 1,A4 M:Sx P:Sx( [ES]:(Sx))( U:Sx),split_groups: 0|- 2|- & skip_empty: 1
US-MA-SAN,Sx-Sx-(Sx),skip_empty: 1,A4 M:Sx B:(Sx)( L:(Sx)),split_groups: 2|1 & skip_empty: 1
US-MA-TRU,Sx_[S.]x_[S.]x(_[S.]x),skip_empty: 1,A4 D6-D6((Sx)),skip_empty: 1
US-MA-WEL,Sx_[S.]x_[S.]x(_[S.]x),skip_empty: 1,A4 M:Sx B:(Sx)( L:(Sx)),split_groups: 0|. 1|. 2|. & skip_empty: 1
US-MA-YAR,Sx_[S.]x(_[S#.-]x),skip_empty: 1,A4 M:Sx B:(Sx)( L:(Sx)),split_groups: 0|. & skip_empty: 1
US-MA-ADA,Ignored,simple,A4 M:Sx B:(Sx)( L:(Sx)),keep_length: 1 2 & merge_after: 0 0 & skip_empty: 1
US-MA-ALF,Dx,string_lengths: 3 1 4 4 1 & skip_empty: 1,A4 M:Sx B:(Sx)( L:(Sx)),split_groups: 0|3 2|4 & skip_empty: 1
US-MA-BEC,D3.S=D3D=D4.S,drop_cols: 2 & keep_length: 1 4 5 & merge_after: 0 3 3,A4 M:Sx( B:Sx) L:Sx,split_groups: 2|- & drop_cols: 2_1 & skip_empty: 1
US-MA-CHS,Dx(.-Dx.-Dx),merge_after: 0 & skip_empty: 1,A4 M:Sx( B:Sx) L:Sx,split_groups: 2|. 2_0|- & drop_cols: 1 & skip_empty: 1
US-MA-CLA,(D5_)Dx.Dx-Dx-Dx.Dx,skip_empty: 1,A4 M:Sx B:(Sx)( L:(Sx)),split_groups: 0|3 2|4 & skip_empty: 1
US-MA-DAL,Sx-[S.]x(-Sx)(-Sx)(-Sx),merge_after: 4 3 2 & skip_empty: 1,A4 M:Sx( B:Sx) L:Sx,split_groups: 0|- 0_1|- 2|- & merge_after: 2_0 & skip_empty: 1
US-MA-EGR,D3.S=D3D=D4.S,drop_cols: 2 & skip_empty: 1,A4 M:Sx B:(Sx)( L:(Sx)),split_groups: 0|. 1|. 2|. & skip_empty: 1
US-MA-FLO,Sx-[S.]x(-Sx)(-Sx)(-Sx),skip_empty: 1,A4 M:Sx( B:Sx) L:Sx,split_groups: 2|- & skip_empty: 1
US-MA-GBA,D3.S=D3D=D4.S,drop_cols: 2 & skip_empty: 1,A4 M:Sx B:(Sx)( L:(Sx)),split_groups: 0|. 1|. 2|. & skip_empty: 1
US-MA-HNC,Sx( )-( )(Sx)( - Sx)(-Sx)( Sx),merge_after: 2 & max_length: 2|5 & skip_empty: 1,A4 M:Sx B:(Sx)( L:(Sx)),split_groups: 2|-3 & drop_cols: 2_0 & skip_empty: 1
US-MA-HIE,(D5_)Dx.Dx-Dx-Dx.Dx,skip_empty: 1,A4 M:Sx( B:Sx) L:Sx,split_groups: 0|- 2|- & skip_empty: 1
US-MA-LAH,Sx [S.]x,skip_empty: 1,A4 M:Sx( B:Sx) L:Sx,split_groups: 2|- 2_1|- & skip_empty: 1
US-MA-LEE,D3.S=D3D=D4.S,drop_cols: 2,A4 M:Sx B:(Sx)( L:(Sx)),split_groups: 2|- 2_1|.
US-MA-LEN,Sx_[S.]x(_[S#.-]x),skip_empty: 1,A4 M:Sx B:Sx P:Sx( [EU]:Sx),split_groups: 0|. 2|. & skip_empty: 1
US-MA-MOY,Sx Sx Sx( Sx)( Sx),split_groups: 2|6 & drop_cols: 3 4 & skip_empty: 1,A4 M:Sx B:Sx L:(Sx)( Sx),skip_empty: 1
US-MA-MOW,Sx [S-]x( [S-]x),split_groups: 2|- & skip_empty: 1,A4 M:Sx B:Sx L:(Sx)( Sx),split_groups: 2|- & skip_empty: 1
US-MA-NAS,Sx [S-]x( [S-]x),skip_empty: 1,A4 M:Sx( B:Sx) L:Sx,split_groups: 2|2 & skip_empty: 1
US-MA-NMA,Sx_[S.]x_[S.]x(_[S.]x),skip_empty: 1,A4 M:Sx P:Sx( [ES]:(Sx))( U:Sx),split_groups: 0|- 2|- & skip_empty: 1
US-MA-NAD,[S&-]x [S.]x [S&+-]x,max_length: 0|3 & skip_empty: 1,A4 M:Sx B:(Sx)( L:(Sx)),skip_empty: 1
US-MA-OTI,Sx_[S&]x(_Sx)(_Sx),skip_empty: 1,A4 M:Sx( B:Sx)( L:Sx)( [SUP]:(Sx)),split_groups: 0|- 1|- 2|- 3|- & skip_empty: 1
US-MA-PER,D3.S=D3D=D4.S,drop_cols: 1 2 3,A4 M:Sx B:(Sx)( L:(Sx)),split_groups: 2|4 & merge_after: 2_0
US-MA-PIT,Sx,split_groups: 0|13 & drop_cols: 0_1 & skip_empty: 1,A4 M:Sx B:(Sx)( L:(Sx)),keep_length: 1 2 & merge_after: 0 0 & skip_empty: 1
US-MA-RIC,Ignored,simple,A4 M:Sx B:(Sx)( L:(Sx)),keep_length: 1 2 & merge_after: 0 0 & skip_empty: 1
US-MA-SAD,Sx Sx Sx([.-/]Sx),skip_empty: 1,A4 M:Sx B:(Sx)( L:(Sx)),split_groups: 0|. 1|. 2|. & skip_empty: 1
US-MA-SHD,D3.S=D3D=D4.S,drop_cols: 2 & skip_empty: 1,A4 M:Sx B:(Sx)( L:(Sx)),split_groups: 0|. 1|. 2|. & skip_empty: 1
US-MA-STO,Dx(_A)(_Dx)(_A)_Dx(_A),merge_after: 4 2 0 & skip_empty: 1,A4 M:Sx B:(Sx)( L:(Sx)),split_groups: 2|- & merge_after: 2_0 & skip_empty: 1
US-MA-SAV,Sx-Sx-Sx,split_groups: 0|[A-Z] & skip_empty: 1,A4 M:Sx( B:Sx) L:Sx,split_groups: 2|. 2_0|- & drop_cols: 1 & skip_empty: 1
US-MA-TYR,Dx(_A)(_Dx)(_A)_Dx(_A),skip_empty: 1,A4 M:Sx( B:Sx) L:Sx,split_groups: 2|- & skip_empty: 1
US-MA-WAS,(D5_)Dx.Dx-Dx-Dx.Dx,skip_empty: 1,A4 M:Sx B:(Sx)( L:(Sx)),split_groups: 1|3 2|- & skip_empty: 1
US-MA-WLM,(D5_)Dx.Dx-Dx-Dx.Dx,skip_empty: 1,A4 M:Sx B:(Sx)( L:(Sx)),split_groups: 0|. 1|. 2|. & skip_empty: 1
US-MA-WIR,D3.S=D3D=D4.S,drop_cols: 2 & skip_empty: 1,A4 M:Sx B:(Sx)( L:(Sx)),split_groups: 0|. 1|. 2|. & skip_empty: 1
US-MA-WST,(D5_)Dx.Dx-Dx-Dx.Dx,skip_empty: 1,A4 M:Sx B:(Sx)( L:(Sx)),split_groups: 0|3 2|- 2_0|4 & skip_empty: 1
US-MA-ACU,Sx-[S.]x(-Sx)(-Sx)(-S.x),skip_empty: 1,A4 [S.]x,split_groups: 0|. & skip_empty: 1
US-MA-ATT,Sx_[S&]x(_Sx)(_Sx),merge_after: 2 1 0,A4 M:Sx( B:Sx)( L:Sx)( [SUP]:(Sx)),split_groups: 0|- 1|- 2|- 3|- & merge_after: 3_0 2_1 2_0 2 1_1 1_0 1 0_1 0_0 0
US-MA-BER,D3.S=D3D=D4.S,drop_cols: 2 & skip_empty: 1,A4 M:Sx B:(Sx)( L:(Sx)),split_groups: 0|. 1|. 2|. & skip_empty: 1
US-MA-DAR,Sx_Sx(_Sx),skip_empty: 1,A4 M:Sx B:(Sx)( L:(Sx)),split_groups: 1|/ 3|4 & skip_empty: 1
US-MA-DIG,D3.S=D3D=D4.S,drop_cols: 2 & keep_length: 3 & fill_zeros: 1 5 & merge_after: 1 4,A4 M:Sx B:(Sx)( L:(Sx)),keep_length: 1 & fill_zeros: 2
US-MA-EAS,Dx(_A)(_Dx)(_A)_Dx(_A),merge_after: 4 2 0 & skip_empty: 1,A4 M:Sx B:(Sx)( L:(Sx)),split_groups: 0|. 1|. 2|. & skip_empty: 1
US-MA-FAI,Sx( )-( )(Sx)( - Sx)(-Sx)( Sx),split_groups: 0|3 & drop_cols: 3 & skip_empty: 1,A4 M:Sx L:Sx( S:(Sx)),split_groups: 2|1 2_1|- & skip_empty: 1
US-MA-FRE,Sx_[S.]x(_[S#.-]x),skip_empty: 1,A4 M:Sx P:Sx( [ES]:(Sx))( U:Sx),split_groups: 1|- & skip_empty: 1
US-MA-FAR,Sx( )-( )(Sx)( - Sx)(-Sx)( Sx),skip_empty: 1,A4 M:Sx B:(Sx)( L:(Sx)),split_groups: 0|- & skip_empty: 1
US-MA-MAN,Sx( )-( )(Sx)( - Sx)(-Sx)( Sx),split_groups: 1|. & skip_empty: 1,A4 M:Sx B:(Sx)( L:(Sx)),split_groups: 0|. & skip_empty: 1
US-MA-NBE,Sx Sx( Sx),split_groups: 1|1 1_1|3 1_1_1|3 & skip_empty: 1,A4 M:Sx( B:Sx) L:Sx,split_groups: 0|- 2|- & skip_empty: 1
US-MA-NON,"Sx_[S&;,-]x_0","split_groups: 1|- 1_0|& 1_0_0|, 1_0_0_0|; & skip_empty: 1",A4 M:Sx P:Sx( [ES]:(Sx))( U:Sx),split_groups: 1|- & skip_empty: 1
US-MA-RAY,Sx-Sx(-Sx)(-Sx),skip_empty: 1,A4 M:Sx B:(Sx)( L:(Sx)),split_groups: 0|- 1|- 2|- & skip_empty: 1
US-MA-REH,Sx( )-( )(Sx)( - Sx)(-Sx)( Sx),no_conv: 1,A4 M:Sx B:(Sx)( L:(Sx)),split_groups: 0|- & fill_zeros: 1 & join_char: - & skip_empty: 1
US-MA-SEE,D3.S=D3D=D4.S,drop_cols: 2 & skip_empty: 1,A4 M:Sx B:(Sx)( L:(Sx)),split_groups: 0|3 2|- 2_0|4 & skip_empty: 1
US-MA-SOM,Sx,string_lengths: 3 1 4 4 1 & switch: 0|1 & merge_after: 1 & skip_empty: 1,A4 M:Sx( B:Sx) L:Sx,split_groups: 1|- & skip_empty: 1
US-MA-SWA,D3.S=D3D=D4.S,drop_cols: 2 & skip_empty: 1,A4 M:Sx B:(Sx)( L:(Sx)),split_groups: 0|. 2|4 & skip_empty: 1
US-MA-TAU,Sx( )-( )(Sx)( - Sx)(-Sx)( Sx),skip_empty: 1,A4 M:Sx( B:Sx)( L:Sx)( [SUP]:(Sx)),split_groups: 3|- & drop_cols: 1 & skip_empty: 1
US-MA-WET,"Sx_[S&;,-]x_0","split_groups: 1|- 1_0|& 1_0_0|, 1_0_0_0|; & skip_empty: 1",A4 A:Sx A:(Sx)( A:(Sx))( (A:)(Sx)),split_groups: 1|- 1_1|- & skip_empty: 1
US-MA-AQU,Sx_Sx(_+_.Sx),skip_empty: 1,A4 M:Sx( B:Sx) L:Sx,split_groups: 2|+ 2_0|. 2_1|. & drop_cols: 1 & skip_empty: 1
US-MA-CHK,Sx_[S.]x(_[S#.-]x),skip_empty: 1,A4 M:Sx P:Sx( [ES]:(Sx))( U:Sx),split_groups: 1|- & skip_empty: 1
US-MA-EDG,Dx(_A)(_Dx)(_A)_Dx(_A),merge_after: 4 2 0 & skip_empty: 1,A4 M:Sx B:(Sx)( L:(Sx)),split_groups: 2|. 2_1|- & skip_empty: 1
US-MA-GOD,Ignored,simple,A4 M:Sx B:Sx L:(Sx)( Sx),merge_after: 2 1 0
US-MA-OAB,Sx_Sx(_Sx),skip_empty: 1,A4 M:Sx B:(Sx)( L:(Sx)),split_groups: 0|4 & skip_empty: 1
US-MA-TIS,Sx_[S.]x_[S.]x(_[S.]x),skip_empty: 1,A4 M:Sx B:(Sx)( L:(Sx)),split_groups: 0|4 & skip_empty: 1
US-MA-WTI,Sx-Sx(-Sx)(-Sx),merge_after: 2 & max_length: 2|5 & skip_empty: 1,A4 M:Sx B:(Sx)( L:(Sx)),split_groups: 2|- & merge_after: 2_0 & skip_empty: 1
US-MA-AND,Sx( )-( )(Sx)( - Sx)(-Sx)( Sx),split_groups: 0|3 & drop_cols: 4 & keep_length: 1 & merge_after: 0_0 0_0 0_0 & skip_empty: 1,A4 M:Sx B:(Sx)( L:(Sx)),merge_after: 1 0
US-MA-AME,Sx-Sx(-Sx)(-Sx),merge_after: 1 & skip_empty: 1,A4 M:Sx B:(Sx)( L:(Sx)),split_groups: 0|. 2|4 & skip_empty: 1
US-MA-BEV,Sx( )-( )(Sx)( - Sx)(-Sx)( Sx),merge_after: 4 3 2 & skip_empty: 1,A4 M:Sx B:(Sx)( L:(Sx)),split_groups: 2|- & merge_after: 2_0 & skip_empty: 1
US-MA-BOX,Sx-Sx-Sx(.Sx),skip_empty: 1,A4 M:Sx B:(Sx)( L:(Sx)),split_groups: 0|. 1|. 2|. & skip_empty: 1
US-MA-DAN,Sx Sx,split_groups: 1|7 & drop_cols: 1_1 & skip_empty: 1,A4 M:Sx( B:Sx)( L:Sx)( [SUP]:(Sx)),split_groups: 0|. 4|. & drop_cols: 1 & skip_empty: 1
US-MA-ESS,Dx(.-Dx.-Dx),keep_length: 2 & merge_after: 1 & skip_empty: 1,A4 M:Sx( B:Sx)( L:Sx)( [SUP]:(Sx)),split_groups: 2|. & skip_empty: 1
US-MA-GEO,Sx-Sx(-Sx)(-Sx),merge_after: 2 & max_length: 2|5 & skip_empty: 1,A4 M:Sx B:(Sx)( L:(Sx)),split_groups: 0|- 1|- 2|- & skip_empty: 1
US-MA-GLO,Sx( )-( )(Sx)( - Sx)(-Sx)( Sx),split_groups: 0|S 0_1|E & drop_cols: 2 & merge_after: 0_0 & skip_empty: 1,A4 M:Sx B:(Sx)( L:(Sx)),split_groups: 0|- 1|- 2|- & skip_empty: 1
US-MA-GRD,Sx( )-( )(Sx)( - Sx)(-Sx)( Sx),merge_after: 4 3 2 & skip_empty: 1,A4 M:Sx B:(Sx)( L:(Sx)),split_groups: 2|-3 & drop_cols: 2_0 & skip_empty: 1
US-MA-HAM,Sx_[S&]x(_Sx)(_Sx),skip_empty: 1,A4 M:Sx B:(Sx)( L:(Sx)),split_groups: 2|- & skip_empty: 1
US-MA-HAV,Sx-[S.]x(-Sx)(-Sx)(-Sx),split_groups: 1|. & skip_empty: 1,A4 M:Sx B:(Sx)( L:(Sx)),split_groups: 2|- & skip_empty: 1
US-MA-IPS,Sx( )(Sx)( )(Sx) ( )(Sx),skip_empty: 1,A4 M:Sx B:(Sx)( L:(Sx)),split_groups: 0|- 1|- 2|- & skip_empty: 1
US-MA-LAW,Sx/(S) (Sx)/(S) (Sx)/(S)( (Sx)/(S)),split_groups: 4|. & skip_empty: 1,A4 M:Sx B:Sx L:(Sx)( Sx),split_groups: 2|- & skip_empty: 1
US-MA-LYD,Dx=Sx=Dx,drop_cols: 1 & skip_empty: 1,A4 M:Sx B:(Sx)( L:(Sx)),split_groups: 0|. 2|4 & skip_empty: 1
US-MA-LYN,Sx( )-( )(Sx)( - Sx)(-Sx)( Sx),merge_after: 2 & skip_empty: 1,A4 M:Sx( B:Sx)( L:Sx)( [SUP]:(Sx)),skip_empty: 1
US-MA-MAD,Dx=Sx=Dx,drop_cols: 1 & skip_empty: 1,A4 M:Sx B:(Sx)( L:(Sx)),split_groups: 2|. 2_1|- & skip_empty: 1
US-MA-MBS,Sx Sx( Sx),split_groups: 1|5 & skip_empty: 1,A4 M:Sx B:(Sx)( L:(Sx)),split_groups: 2|- & merge_after: 2_0 & skip_empty: 1
US-MA-MER,Sx Sx Sx([.-/]Sx),skip_empty: 1,A4 M:Sx B:(Sx)( L:(Sx)),split_groups: 2|- & skip_empty: 1
US-MA-MID,Sx( A)-Sx-Sx( A),skip_empty: 1,A4 A:Sx( A) A:Sx A:Sx( A),skip_empty: 1
US-MA-MET,Ignored,simple,A4 M:Sx B:(Sx)( L:(Sx)),split_groups: 2|- & merge_after: 2_0 1 0
US-MA-NOA,D3.S=D3D=D4.S,drop_cols: 2 & keep_length: 3 & fill_zeros: 1 5 & merge_after: 1 4,A4 M:Sx B:(Sx)( L:(Sx)),keep_length: 1 & fill_zeros: 2
US-MA-NEY,Sx-[S.]x(-Sx)(-Sx)(-S.x),split_groups: 1|. 3|. & skip_empty: 1,A4 M:Sx B:(Sx)( L:(Sx)),split_groups: 2|- & skip_empty: 1
US-MA-NAH,Sx( )-( )(Sx)( - Sx)(-Sx)( Sx),split_groups: 1|2 & drop_cols: 1_1 4 & skip_empty: 1,A4 M:Sx B:(Sx)( L:(Sx)),split_groups: 0|- 1|- & keep_length: 0_1 1_1 & merge_after: 0_0 1_0 & skip_empty: 1
US-MA-NET,Sx-Sx(-Sx)(-Sx),merge_after: 2 1 0 & skip_empty: 1,A4 M:Sx B:(Sx)( L:(Sx)),merge_after: 1 0
US-MA-PEA,Sx-Sx(-Sx)(-Sx),merge_after: 1 & skip_empty: 1,A4 M:Sx B:(Sx)( L:(Sx)),split_groups: 0|- 1|- & keep_length: 0_1 1_1 & merge_after: 0_0 1_0 & skip_empty: 1
US-MA-ROT,Dx(_A)(_Dx)(_A)_Dx(_A),merge_after: 4 2 0 & skip_empty: 1,A4 M:Sx B:(Sx)( L:(Sx)),split_groups: 2|. 2_1|- & skip_empty: 1
US-MA-ROW,Sx-[S.]x(-Sx)(-Sx)(-Sx),merge_after: 4 3 2 & skip_empty: 1,A4 M:Sx B:(Sx)( L:(Sx)),split_groups: 2|- & merge_after: 2_0 & skip_empty: 1
US-MA-SAL,Dx(_A)(_Dx)(_A)_Dx(_A),skip_empty: 1,A4 M:Sx L:Sx( S:(Sx)),split_groups: 2|- & skip_empty: 1
US-MA-SAY,[S.]x-Sx(-Sx)(/Dx),split_groups: 0|. & skip_empty: 1,A4 A:Sx A:(Sx)( A:(Sx))( (A:)(Sx)),split_groups: 1|- 1_1|- 1_1_0|& & skip_empty: 1
US-MA-SAU,D3.S=D3D=D4.S,drop_cols: 2 5,A4 M:Sx B:(Sx)( L:(Sx)),split_groups: 0|- 1|- 2|- & skip_empty: 1
US-MA-SWT,Sx( )-( )(Sx)( - Sx)(-Sx)( Sx),merge_after: 2 & max_length: 2|5 & skip_empty: 1,A4 M:Sx B:(Sx)( L:(Sx)),split_groups: 0|- 1|- & keep_length: 0_1 1_1 & merge_after: 0_0 1_0 & skip_empty: 1
US-MA-TOP,Sx( )-( )(Sx)( - Sx)(-Sx)( Sx),merge_after: 4 3 2 & skip_empty: 1,A4 M:Sx B:(Sx)( L:(Sx)),split_groups: 0|- & skip_empty: 1
US-MA-WEM,Dx(_A)(_Dx)(_A)_Dx(_A),merge_after: 4 2 0 & skip_empty: 1,A4 M:Sx( B:Sx) L:Sx,split_groups: 0|- 2|- 2_1|- & skip_empty: 1
US-MA-WNE,Sx Sx Sx,,A4 M:Sx B:(Sx)( L:(Sx)),split_groups: 0|. 2|. & keep_length: 0_1 2_1 & merge_after: 0_0 2_0
US-MA-ASD,Sx-Sx(-Sx)(-Sx),merge_after: 1 & skip_empty: 1,A4 M:Sx B:(Sx)( L:(Sx)),split_groups: 0|- 1|- 2|- & skip_empty: 1
US-MA-BEN,D3.S=D3D=D4.S,drop_cols: 2 & skip_empty: 1,A4 M:Sx B:(Sx)( L:(Sx)),split_groups: 0|3 2|- 2_0|4 & skip_empty: 1
US-MA-BUC,[S&-]x [S.]x [S&+-]x,max_length: 0|3 & skip_empty: 1,A4 M:Sx B:(Sx)( L:(Sx)),split_groups: 1|- & merge_after: 1_0 & skip_empty: 1
US-MA-CHT,(D5_)Dx.Dx-Dx-Dx.Dx,,A4 M:Sx B:(Sx)( L:(Sx)),split_groups: 0|. 1|3 2|. & drop_cols: 1_1
US-MA-COY,D3.S=D3D=D4.S,drop_cols: 2 & skip_empty: 1,A4 M:Sx B:(Sx)( L:(Sx)),split_groups: 1|. & drop_cols: 2 & skip_empty: 1
US-MA-COL,Ignored,simple,A4 M:Sx B:(Sx)( L:(Sx)),keep_length: 1 2 & merge_after: 0 0 & skip_empty: 1
US-MA-DEE,Sx [S.]x,skip_empty: 1,A4 M:Sx( B:Sx) L:Sx,split_groups: 2|- & skip_empty: 1
US-MA-ERV,Sx( )-( )(Sx)( - Sx)(-Sx)( Sx),,A4 M:Sx B:(Sx)( L:(Sx)),split_groups: 2|- 2_1|.
US-MA-GIL,D3.S=D3D=D4.S,drop_cols: 2,A4 M:Sx B:(Sx)( L:(Sx)),split_groups: 0|. 1|3 2|. & drop_cols: 1_1
US-MA-HAW,(D5_)Dx.Dx-Dx-Dx.Dx,,A4 M:Sx B:(Sx)( L:(Sx)),split_groups: 0|. 1|3 2|. & drop_cols: 1_1
US-MA-HEA,Ignored,simple,A4 M:Sx B:(Sx)( L:(Sx)),split_groups: 2|- & merge_after: 2_0 1 0
US-MA-LEV,Sx-Sx-Sx,skip_empty: 1,A4 M:Sx B:(Sx)( L:(Sx)),split_groups: 2|. 2_1|- & skip_empty: 1
US-MA-LEY,D3.S=D3D=D4.S,drop_cols: 2 & fill_zeros: 5 & merge_after: 0 4,A4 M:Sx( B:Sx) L:Sx,split_groups: 0|. 2|. & keep_length: 0_1 2_1 & merge_after: 0_0 2_0
US-MA-MON,Sx-[S.]x(-Sx)(-Sx)(-S.x),split_groups: 1|. & keep_length: 1_1 & merge_after: 1_0 & skip_empty: 1,A4 M:Sx B:(Sx)( L:(Sx)),split_groups: 2|- & skip_empty: 1
US-MA-MOE,Ignored,simple,A4 M:Sx B:(Sx)( L:(Sx)),keep_length: 1 2 & merge_after: 0 0 & skip_empty: 1
US-MA-NRT,[S&-]x [S.]x [S&+-]x,max_length: 0|3 & skip_empty: 1,A4 M:Sx B:(Sx)( L:(Sx)),skip_empty: 1
US-MA-NSA,Dx(.-Dx.-Dx),keep_length: 2 & merge_after: 1 & skip_empty: 1,A4 M:Sx( B:Sx) L:Sx,split_groups: 2|. & skip_empty: 1
US-MA-ORA,Sx--[S.]x,skip_empty: 1,A4 M:Sx B:(Sx)( L:(Sx)),split_groups: 0|- & skip_empty: 1
US-MA-ROE,Sx Sx Sx([.-/]Sx),skip_empty: 1,A4 M:Sx B:(Sx)( L:(Sx)),split_groups: 2|. 2_1|- & skip_empty: 1
US-MA-SHL,D3.S=D3D=D4.S,drop_cols: 2 & skip_empty: 1,A4 M:Sx B:(Sx)( L:(Sx)),split_groups: 0|. 1|. 2|. & skip_empty: 1
US-MA-SHU,Sx( )-( )(Sx)( - Sx)(-Sx)( Sx),drop_cols: 4 & skip_empty: 1,A4 M:Sx( B:Sx)( L:Sx)( [SUP]:(Sx)),skip_empty: 1
US-MA-SUN,Dx=Sx=Dx,drop_cols: 1 & skip_empty: 1,A4 M:Sx B:(Sx)( L:(Sx)),split_groups: 0|- & skip_empty: 1
US-MA-WRC,(D5_)Dx.Dx-Dx-Dx.Dx,,A4 M:Sx B:(Sx)( L:(Sx)),split_groups: 0|. 1|3 2|. & drop_cols: 1_1
US-MA-WND,D3.S=D3D=D4.S,drop_cols: 2 & skip_empty: 1,A4 M:Sx B:(Sx)( L:(Sx)),split_groups: 0|3 2|4 & skip_empty: 1
US-MA-WHA,Sx [S-]x( [S-]x),split_groups: 1|- & skip_empty: 1,A4 M:Sx B:(Sx)( L:(Sx)),split_groups: 1|/ 3|4 & skip_empty: 1
US-MA-AGA,Sx Sx Sx,split_groups: 2|4 & keep_length: 2 & skip_empty: 1,A4 M:Sx B:(Sx)( L:(Sx)),split_groups: 2|4 & merge_after: 2_0
US-MA-BLD,Sx-Sx-Sx(.Sx),skip_empty: 1,A4 M:Sx B:(Sx)( L:(Sx)),split_groups: 1|3 2|- & skip_empty: 1
US-MA-BRI,Sx Sx Sx([.-/]Sx),skip_empty: 1,A4 M:Sx B:(Sx)( L:(Sx)),split_groups: 0|. 1|. 2|. & skip_empty: 1
US-MA-CHR,D3.S=D3D=D4.S,drop_cols: 2 & skip_empty: 1,A4 M:Sx B:Sx P:Sx( [EU]:Sx),split_groups: 0|. 2|. & skip_empty: 1
US-MA-CHI,Sx_[S&]x(_Sx)(_Sx),skip_empty: 1,A4 M:Sx P:Sx( [ES]:(Sx))( U:Sx),split_groups: 0|- 2|- & skip_empty: 1
US-MA-ELO,Sx-Sx-Sx(-Sx)(-Sx),skip_empty: 1,A4 M:Sx B:(Sx)( L:(Sx)),split_groups: 2|- & skip_empty: 1
US-MA-GRA,Sx Sx Sx,split_groups: 2|4 & keep_length: 2 & skip_empty: 1,A4 M:Sx B:(Sx)( L:(Sx)),split_groups: 2|. 2_1|- & skip_empty: 1
US-MA-HMP,Sx_Sx(_Sx),skip_empty: 1,A4 M:Sx B:(Sx)( L:(Sx)),split_groups: 1|- & merge_after: 1_0 & skip_empty: 1
US-MA-HOL,Sx-Sx-Sx(.Sx),skip_empty: 1,A4 M:Sx B:(Sx)( L:(Sx)),split_groups: 2|. 2_1|- & skip_empty: 1
US-MA-HOD,Sx(_Sx)_Sx_[S.-]x(_Sx),skip_empty: 1,A4 M:Sx B:(Sx)( L:(Sx)),split_groups: 2|. 2_1|- & skip_empty: 1
US-MA-LON,Sx/(S) (Sx)/(S) (Sx)/(S)( (Sx)/(S)),keep_length: 1 3 5 7 & merge_after: 6 4 2 0 & skip_empty: 1,A4 M:Sx B:(Sx)( L:(Sx)),split_groups: 0|. & skip_empty: 1
US-MA-LUD,Sx_[S&]x(_Sx)(_Sx),skip_empty: 1,A4 M:Sx B:Sx P:Sx( [EU]:Sx),skip_empty: 1
US-MA-MNT,Sx [S-]x( [S-]x),skip_empty: 1,A4 M:Sx B:(Sx)( L:(Sx)),split_groups: 0|- & skip_empty: 1
US-MA-MON,Sx_Sx(_Sx),keep_length: 2 & merge_after: 1 & skip_empty: 1,A4 M:Sx B:(Sx)( L:(Sx)),split_groups: 2|. 2_1|- & skip_empty: 1
US-MA-PAL,Sx_Sx(_Sx),skip_empty: 1,A4 M:Sx B:(Sx)( L:(Sx)),split_groups: 0|. 2|4 & skip_empty: 1
US-MA-RUS,Sx/(S) (Sx)/(S) (Sx)/(S)( (Sx)/(S)),keep_length: 1 3 5 7 & merge_after: 6 4 2 0 & skip_empty: 1,A4 M:Sx B:(Sx)( L:(Sx)),split_groups: 2|1 & skip_empty: 1
US-MA-SOU,Sx(_Sx)_Sx_[S.-]x(_Sx),skip_empty: 1,A4 M:Sx B:(Sx)( L:(Sx)),skip_empty: 1
US-MA-SPR,Dx(.-Dx.-Dx),keep_length: 1 2 & merge_after: 0 0 & skip_empty: 1,A4 A:Sx A:(Sx)( A:(Sx))( (A:)(Sx)),keep_length: 1 2 & merge_after: 0 0 & skip_empty: 1
US-MA-TOL,(D5_)Dx.Dx-Dx-Dx.Dx,skip_empty: 1,A4 M:Sx B:(Sx)( L:(Sx)),split_groups: 0|3 2|- 2_0|4 & skip_empty: 1
US-MA-WAS,D3.S=D3D=D4.S,drop_cols: 2 & skip_empty: 1,A4 M:Sx B:(Sx)( L:(Sx)),split_groups: 0|3 2|- 2_0|4 & skip_empty: 1
US-MA-WES,Dx(_A)(_Dx)(_A)_Dx(_A),skip_empty: 1,A4 M:Sx( B:Sx)( L:Sx)( [SUP]:(Sx)),split_groups: 0|- 1|- 2|- 3|- & skip_empty: 1
US-MA-WIM,Ignored,simple,A4 M:Sx B:(Sx)( L:(Sx)),keep_length: 1 2 & merge_after: 0 0 & skip_empty: 1
US-MA-WSP,Ignored,simple,A4 M:Sx B:(Sx)( L:(Sx)),split_groups: 2|- & merge_after: 2_0 1 0
US-MA-BEL,Sx-[S.]x(-Sx)(-Sx)(-Sx),merge_after: 4 3 2 & skip_empty: 1,A4 M:Sx( B:Sx) L:Sx,split_groups: 0|- 1|- 2|- & merge_after: 0_0 2_0 & skip_empty: 1
US-MA-CHD,Sx_[S.]x_[S.]x(_[S.]x),skip_empty: 1,A4 M:Sx P:Sx( [ES]:(Sx))( U:Sx),split_groups: 0|- 2|- & skip_empty: 1
US-MA-CUM,Sx-Sx-Sx(-Sx),drop_cols: 3,A4 M:Sx B:(Sx)( L:(Sx)),split_groups: 0|. 1|3 2|. & drop_cols: 1_1 2_0 & merge_after: 0_0
US-MA-EAN,Sx_[S.]x(_[S#.-]x),skip_empty: 1,A4 M:Sx B:(Sx)( L:(Sx)),split_groups: 0|. & skip_empty: 1
US-MA-GOS,Sx-Sx(-Sx)(-Sx),skip_empty: 1,A4 M:Sx P:Sx( [ES]:(Sx))( U:Sx),split_groups: 1|- & skip_empty: 1
US-MA-GRY,Ignored,simple,A4 M:Sx( B:Sx)( L:Sx)( [SUP]:(Sx)),split_groups: 0|- 1|- 2|- 3|- & merge_after: 3_0 2_1 2_0 2 1_1 1_0 1 0_1 0_0 0
US-MA-HAD,Dx(_A)(_Dx)(_A)_Dx(_A),merge_after: 4 2 0 & skip_empty: 1,A4 M:Sx B:(Sx)( L:(Sx)),split_groups: 2|- & skip_empty: 1
US-MA-HAT,Dx(.-Dx.-Dx),keep_length: 2 & merge_after: 1 & skip_empty: 1,A4 M:Sx B:(Sx)( L:(Sx)),split_groups: 0|. 1|. 2|. & skip_empty: 1
US-MA-HUN,Sx Sx Sx,skip_empty: 1,A4 M:Sx B:(Sx)( L:(Sx)),split_groups: 2|- & skip_empty: 1
US-MA-MDL,(D5_)Dx.Dx-Dx-Dx.Dx,skip_empty: 1,A4 M:Sx B:(Sx)( L:(Sx)),split_groups: 0|. 1|. 2|. & skip_empty: 1
US-MA-NOR,Sx-Sx-Sx,skip_empty: 1,A4 M:Sx B:(Sx)( L:(Sx)),skip_empty: 1
US-MA-PEL,Sx-[S.]x(-Sx)(-Sx)(-S.x),split_groups: 1|. 4|. & skip_empty: 1,A4 M:Sx B:(Sx)( L:(Sx)),split_groups: 0|3 2|4 & skip_empty: 1
US-MA-PLD,D3.S=D3D=D4.S,drop_cols: 2 3,A4 M:Sx P:Sx( [ES]:(Sx))( U:Sx),split_groups: 0|. 1|. & drop_cols: 2 3
US-MA-SHA,Sx_[S&]x(_Sx)(_Sx),skip_empty: 1,A4 M:Sx B:(Sx)( L:(Sx)),split_groups: 0|4 & skip_empty: 1
US-MA-SON,Sx_Sx(_Sx),skip_empty: 1,A4 M:Sx B:(Sx)( L:(Sx)),split_groups: 0|3 2|4 & skip_empty: 1
US-MA-WAR,Sx-[S.]x(-Sx)(-Sx)(-Sx),split_groups: 1|. & skip_empty: 1,A4 M:Sx B:(Sx)( L:(Sx)),split_groups: 0|- 1|- 2|- & skip_empty: 1
US-MA-WEA,D3.S=D3D=D4.S,drop_cols: 2 & fill_zeros: 1 & merge_after: 0 & skip_empty: 1,A4 M:Sx B:(Sx)( L:(Sx)),split_groups: 0|. 2|4 & skip_empty: 1
US-MA-WIG,D3.S=D3D=D4.S,drop_cols: 2 & skip_empty: 1,A4 M:Sx B:(Sx)( L:(Sx)),split_groups: 0|3 2|4 & skip_empty: 1
US-MA-WON,Sx Sx Sx([.-/]Sx),skip_empty: 1,A4 M:Sx B:(Sx)( L:(Sx)),split_groups: 0|. 1|. 2|. & skip_empty: 1
US-MA-ACT,Sx-Sx(-Sx)(-Sx),merge_after: 2 & max_length: 2|5 & skip_empty: 1,A4 M:Sx B:(Sx)( L:(Sx)),split_groups: 2|-3 & drop_cols: 2_0 & skip_empty: 1
US-MA-ASH,(D5_)Dx.Dx-Dx-Dx.Dx,skip_empty: 1,A4 M:Sx B:(Sx)( L:(Sx)),split_groups: 0|. 1|. 2|. & skip_empty: 1
US-MA-ARL,D3.S=D3D=D4.S,drop_cols: 2 & skip_empty: 1,A4 M:Sx B:(Sx)( L:(Sx)),split_groups: 0|. 1|. 2|. & skip_empty: 1
US-MA-ASY,(D5_)Dx.Dx-Dx-Dx.Dx,skip_empty: 1,A4 M:Sx B:(Sx)( L:(Sx)),split_groups: 0|. 1|. 2|. & skip_empty: 1
US-MA-AYE,D3.S=D3D=D4.S,drop_cols: 2 & skip_empty: 1,A4 M:Sx B:(Sx)( L:(Sx)),split_groups: 0|3 2|4 & skip_empty: 1
US-MA-BED,Sx( )-( )(Sx)( - Sx)(-Sx)( Sx),merge_after: 2 & max_length: 2|5 & skip_empty: 1,A4 M:Sx P:Sx( [ES]:(Sx))( U:Sx),split_groups: 1|- & skip_empty: 1
US-MA-BIL,Sx-[S.]x(-Sx)(-Sx)(-Sx),split_groups: 1|. & skip_empty: 1,A4 M:Sx B:(Sx)( L:(Sx)),split_groups: 2|- & skip_empty: 1
US-MA-BEL,Sx( )-( )(Sx)( - Sx)(-Sx)( Sx),split_groups: 0|S 0_0|N & drop_cols: 4 & skip_empty: 1,A4 M:Sx P:Sx( [ES]:(Sx))( U:Sx),split_groups: 0|- 2|- & skip_empty: 1
US-MA-BOH,Sx-Sx-Sx,split_groups: 0|[A-Z] & skip_empty: 1,A4 M:Sx B:(Sx)( L:(Sx)),split_groups: 0|. 2|4 & skip_empty: 1
US-MA-BUR,Sx-Sx-Sx(.Sx),skip_empty: 1,A4 M:Sx P:Sx( [ES]:(Sx))( U:Sx),split_groups: 1|- & skip_empty: 1
US-MA-CAM,[S.]x-Sx(-Sx)(/Dx),skip_empty: 1,A4 M:Sx( B:Sx) L:Sx,split_groups: 2|- 2_1|- & skip_empty: 1
US-MA-CHD,Dx=Sx=Dx,drop_cols: 1 & skip_empty: 1,A4 M:Sx( B:Sx)( L:Sx)( [SUP]:(Sx)),split_groups: 0|- & skip_empty: 1
US-MA-CON,Dx(-Sx)(-Dx),split_groups: 0|6 0_1|6 0_1_1|6 & skip_empty: 1,A4 M:Sx( B:Sx)( L:Sx)( [SUP]:(Sx)),split_groups: 2|- & drop_cols: 0 & skip_empty: 1
US-MA-CAE,Sx-Sx(-Sx)(-Sx),skip_empty: 1,A4 M:Sx B:Sx L:(Sx)( Sx),split_groups: 2|- & skip_empty: 1
US-MA-DRA,Sx-[S.]x(-Sx)(-Sx)(-S.x),split_groups: 1|. 3|. & skip_empty: 1,A4 M:Sx( B:Sx)( L:Sx)( [SUP]:(Sx)),split_groups: 0|. 3|. & skip_empty: 1
US-MA-DUN,Dx=Sx=Dx,drop_cols: 1 & skip_empty: 1,A4 M:Sx B:(Sx)( L:(Sx)),split_groups: 0|. 1|. 2|. & skip_empty: 1
US-MA-EVE,Sx( )-( )(Sx)( - Sx)(-Sx)( Sx),merge_after: 4 3 2 & skip_empty: 1,A4 M:Sx B:(Sx)( L:(Sx)),split_groups: 0|- 1|- 2|- & skip_empty: 1
US-MA-GRO,Sx/(S) (Sx)/(S) (Sx)/(S)( (Sx)/(S)),split_groups: 4|. & skip_empty: 1,A4 M:Sx B:(Sx)( L:(Sx)),split_groups: 1|3 2|- & skip_empty: 1
US-MA-HLS,D3.S=D3D=D4.S,drop_cols: 2 & fill_zeros: 5 & merge_after: 0 4,A4 M:Sx B:(Sx)( L:(Sx)),split_groups: 2|4 & merge_after: 2_0
US-MA-HOP,Sx Sx Sx,skip_empty: 1,A4 M:Sx B:(Sx)( L:(Sx)),split_groups: 0|. 1|. 2|. & skip_empty: 1
US-MA-HUD,Dx(_A)(_Dx)(_A)_Dx(_A),skip_empty: 1,A4 M:Sx B:(Sx)( L:(Sx)),split_groups: 1|3 2|- & skip_empty: 1
US-MA-LEX,Sx( )-( )(Sx)( - Sx)(-Sx)( Sx),drop_cols: 3 & skip_empty: 1,A4 M:Sx( B:Sx) L:Sx,split_groups: 2|- & drop_cols: 1 2_1
US-MA-LIN,Sx [S-]x( [S-]x),split_groups: 1|- 1_1|- 1_1_1|- & skip_empty: 1,A4 M:Sx L:Sx( S:(Sx)),split_groups: 2|- & skip_empty: 1
US-MA-LOW,Sx-[S.]x(-Sx)(-Sx)(-S.x),skip_empty: 1,A4 M:Sx( B:Sx)( L:Sx)( [SUP]:(Sx)),split_groups: 2|- 2_1|- & skip_empty: 1
US-MA-LIT,Sx [S-]x( [S-]x),split_groups: 1|- 1_1|- 1_1_1|- & skip_empty: 1,A4 M:Sx B:(Sx)( L:(Sx)),split_groups: 2|- & skip_empty: 1
US-MA-MAL,Sx( )(Sx)( )(Sx) ( )(Sx),split_groups: 1|- & skip_empty: 1,A4 M:Sx B:(Sx)( L:(Sx)),split_groups: 1|/ 3|4 & skip_empty: 1
US-MA-MED,Sx-Sx(-Sx)(-Sx),merge_after: 2 & max_length: 2|5 & skip_empty: 1,A4 M:Sx B:(Sx)( L:(Sx)),split_groups: 0|- & skip_empty: 1
US-MA-MEL,[S&-]x [S.]x [S&+-]x,max_length: 0|3 & skip_empty: 1,A4 M:Sx P:Sx( [ES]:(Sx))( U:Sx),split_groups: 0|- 2|- & skip_empty: 1
US-MA-MAH,Sx( )-( )(Sx)( - Sx)(-Sx)( Sx),no_conv: 1,A4 M:Sx B:(Sx)( L:(Sx)),split_groups: 0|- & fill_zeros: 1 & join_char: - & skip_empty: 1
US-MA-MAY,D3.S=D3D=D4.S,drop_cols: 2 & skip_empty: 1,A4 M:Sx( B:Sx)( L:Sx)( [SUP]:(Sx)),split_groups: 0|. 3|. & skip_empty: 1
US-MA-NAT,Dx(-Sx)(-Dx),skip_empty: 1,A4 M:Sx P:Sx( [ES]:(Sx))( U:Sx),split_groups: 0|- 2|- & skip_empty: 1
US-MA-NEW,Ignored,simple,Ignored,simple
US-MA-NRE,Sx( )-( )(Sx)( - Sx)(-Sx)( Sx),merge_after: 4 3 2 & skip_empty: 1,A4 M:Sx B:(Sx)( L:(Sx)),split_groups: 0|. 1|. 2|. & skip_empty: 1
US-MA-PEP,Dx=Sx=Dx,drop_cols: 1 & skip_empty: 1,A4 M:Sx B:(Sx)( L:(Sx)),split_groups: 2|- & skip_empty: 1
US-MA-REA,(D5_)Dx.Dx-Dx-Dx.Dx,skip_empty: 1,A4 A:[D.]x-Dx-[D.]x,split_groups: 0|. 2|. & skip_empty: 1
US-MA-SHE,Sx [S-]x( [S-]x),skip_empty: 1,A4 M:Sx B:(Sx)( L:(Sx)),split_groups: 0|. & skip_empty: 1
US-MA-SHI,Sx Sx Sx([.-/]Sx),skip_empty: 1,A4 M:Sx B:(Sx)( L:(Sx)),split_groups: 1|3 2|- & skip_empty: 1
US-MA-SOM,[S.-]x_Sx_Sx,skip_empty: 1,A4 M:Sx( B:Sx)( L:Sx)( [SUP]:(Sx)),split_groups: 2|. & skip_empty: 1
US-MA-STM,Sx-Sx(-Sx)(-Sx),split_groups: 1|2 & skip_empty: 1,A4 M:Sx B:(Sx)( L:(Sx)),split_groups: 2|- & skip_empty: 1
US-MA-SUD,Sx( )-( )(Sx)( - Sx)(-Sx)( Sx),merge_after: 2 & max_length: 2|5 & skip_empty: 1,A4 A-D2-D5(-S)(-Sx).,keep_length: 1 & merge_after: 0 & skip_empty: 1
US-MA-STW,[S-]6 [S-]6,split_groups: 0|- 1|- & skip_empty: 1,A4 A:Sx A:(Sx)( A:(Sx))( (A:)(Sx)),split_groups: 0|- 1|- 3|- & skip_empty: 1
US-MA-TEW,Sx( )-( )(Sx)( - Sx)(-Sx)( Sx),merge_after: 2 & max_length: 2|5 & skip_empty: 1,A4 M:Sx( B:Sx)( L:Sx)( [SUP]:(Sx)),split_groups: 0|. 2|. & skip_empty: 1
US-MA-TOW,Sx Sx( Sx),split_groups: 1|5 & skip_empty: 1,A4 M:Sx B:(Sx)( L:(Sx)),split_groups: 2|- & skip_empty: 1
US-MA-TYN,Sx( )(Sx)( )(Sx) ( )(Sx),skip_empty: 1,A4 M:Sx B:(Sx)( L:(Sx)),split_groups: 2|- & skip_empty: 1
US-MA-WAK,Sx-Sx-Sx(-Sx)(-Sx),drop_cols: 3 4 & skip_empty: 1,A4 M:Sx B:Sx P:Sx( [EU]:Sx),skip_empty: 1
US-MA-WED,Dx=Sx=Dx,drop_cols: 1 & skip_empty: 1,A4 M:Sx P:Sx( [ES]:(Sx))( U:Sx),split_groups: 0|. & drop_cols: 0_1 3
US-MA-WIL,Sx/(S) (Sx)/(S) (Sx)/(S)( (Sx)/(S)),keep_length: 1 3 5 7 & merge_after: 6 4 2 0 & skip_empty: 1,A4 A:Sx A:(Sx)( A:(Sx))( (A:)(Sx)),split_groups: 1|- 1_1|- 1_1_0|& & skip_empty: 1
US-MA-WAL,Sx( )(Sx)( )(Sx) ( )(Sx),drop_cols: 0 & skip_empty: 1,A4 M:Sx B:Sx L:(Sx)( Sx),drop_cols: 3
US-MA-WIN,Sx-Sx(-Sx)(-Sx),merge_after: 1 & skip_empty: 1,A4 M:Sx B:(Sx)( L:(Sx)),split_groups: 0|. 2|4 & skip_empty: 1
US-MA-WOB,Sx,split_groups: 0|2 0_1|2 0_1_1|4 0_1_1_1|4 0_1_1_1_1|4 & skip_empty: 1,A4 M:Sx( B:Sx)( L:Sx)( [SUP]:(Sx)),split_groups: 0|- & skip_empty: 1
US-MA-WEN,Dx(_A)(_Dx)(_A)_Dx(_A),merge_after: 4 2 0 & skip_empty: 1,A4 M:Sx L:Sx( S:(Sx)),split_groups: 0|. 2|. & skip_empty: 1
US-MA-WAT,Sx Sx( Sx),skip_empty: 1,A4 M:Sx B:Sx L:(Sx)( Sx),skip_empty: 1
US-MA-WAY,Sx_Sx(_Sx),keep_length: 2 & merge_after: 1 & skip_empty: 1,A4 M:Sx( B:Sx) L:Sx,split_groups: 0|- 2|- & skip_empty: 1
US-MA-NAN,Dx(_A)(_Dx)(_A)_Dx(_A),skip_empty: 1,A4 M:Sx P:Sx( [ES]:(Sx))( U:Sx),split_groups: 1|- & skip_empty: 1
US-MA-AVO,Sx(_Sx)_Sx_[S.-]x(_Sx),skip_empty: 1,A4 M:Sx B:(Sx)( L:(Sx)),split_groups: 2|- & skip_empty: 1
US-MA-BEM,S4=S4=S4,drop_cols: 1 & skip_empty: 1,A4 M:Sx B:(Sx)( L:(Sx)),split_groups: 0|4 & skip_empty: 1
US-MA-BRO,Sx-Sx-Sx(-Sx),skip_empty: 1,A4 A:Sx A:(Sx)( A:(Sx))( (A:)(Sx)),split_groups: 1|- 1_1|- 1_1_0|& & skip_empty: 1
US-MA-BRA,Sx [S-]x( [S-]x),split_groups: 1|- 1_1|- 1_1_1|- & skip_empty: 1,A4 M:Sx B:(Sx)( L:(Sx)),split_groups: 0|- & skip_empty: 1
US-MA-CAN,"Sx_[S&;,-]x_0","split_groups: 1|- 1_0|& 1_0_0|, 1_0_0_0|; & skip_empty: 1",A4 M:Sx P:Sx( [ES]:(Sx))( U:Sx),split_groups: 1|- & skip_empty: 1
US-MA-COH,Sx-[S.]x(-Sx)(-Sx)(-S.x),split_groups: 1|. 3|. & skip_empty: 1,A4 M:Sx B:(Sx)( L:(Sx)),split_groups: 2|- & drop_cols: 0 & skip_empty: 1
US-MA-DED,Sx( )-( )(Sx)( - Sx)(-Sx)( Sx),drop_cols: 4 & skip_empty: 1,A4 M:Sx( B:Sx) L:Sx,split_groups: 2|. & skip_empty: 1
US-MA-DOV,Sx( )-( )(Sx)( - Sx)(-Sx)( Sx),split_groups: 0|S 0_0|N & drop_cols: 4 & skip_empty: 1,A4 M:Sx B:(Sx)( L:(Sx)),skip_empty: 1
US-MA-FOX,Sx(_Sx)_Sx_[S.-]x(_Sx),skip_empty: 1,A4 M:Sx( B:Sx)( L:Sx)( [SUP]:(Sx)),split_groups: 2|- & skip_empty: 1
US-MA-FRN,Sx-Sx(-Sx)(-Sx),skip_empty: 1,A4 M:Sx( B:Sx) L:Sx,split_groups: 0|- 2|- & skip_empty: 1
US-MA-HOK,Sx-Sx-Sx(-Sx),skip_empty: 1,A4 M:Sx( B:Sx) L:Sx,split_groups: 2|- 2_1|- & skip_empty: 1
US-MA-MEY,Sx-[S.]x(-Sx)(-Sx)(-S.x),skip_empty: 1,A4 M:Sx B:(Sx)( L:(Sx)),split_groups: 0|- 1|- 2|- & skip_empty: 1
US-MA-MDF,Dx(-Sx)(-Dx),split_groups: 0|4 & skip_empty: 1,A4 M:Sx B:(Sx)( L:(Sx)),split_groups: 1|3 2|- & skip_empty: 1
US-MA-MIS,Sx_Sx(_Sx),keep_length: 2 & merge_after: 1 & skip_empty: 1,A4 M:Sx B:(Sx)( L:(Sx)),split_groups: 2|- & skip_empty: 1
US-MA-MIN,Sx Sx Sx,skip_empty: 1,A4 M:Sx B:(Sx)( L:(Sx)),split_groups: 2|- & skip_empty: 1
US-MA-NEE,Dx,string_lengths: 3 1 4 4 1 & skip_empty: 1,A4 M:Sx B:(Sx)( L:(Sx)),split_groups: 0|. 1|. 2|. & skip_empty: 1
US-MA-NOK,Sx-[S.]x(-Sx)(-Sx)(-S.x),split_groups: 1|. 3|. & skip_empty: 1,A4 M:Sx( B:Sx)( L:Sx)( [SUP]:(Sx)),split_groups: 0|- & drop_cols: 0_1 & skip_empty: 1
US-MA-NOD,Sx(_Sx)_Sx_[S.-]x(_Sx),merge_after: 3 2 1 0 & skip_empty: 1,A4 M:Sx B:Sx L:(Sx)( Sx),merge_after: 2 1 0
US-MA-PLA,Sx_[S&]x(_Sx)(_Sx),skip_empty: 1,A4 M:Sx B:(Sx)( L:(Sx)),split_groups: 2|- & skip_empty: 1
US-MA-QUI,Sx_[S.]x(_[S#.-]x),skip_empty: 1,A4 A:Sx A:(Sx)( A:(Sx))( (A:)(Sx)),split_groups: 1|- 1_1|- & skip_empty: 1
US-MA-SHN,Dx(-Sx)(-Dx),split_groups: 0|3 0_1|3 0_1_1|3 & skip_empty: 1,A4 M:Sx B:(Sx)( L:(Sx)),split_groups: 2|- & merge_after: 2_0 & skip_empty: 1
US-MA-STO,Sx Sx Sx,split_groups: 2|4 & keep_length: 2 & skip_empty: 1,A4 M:Sx B:(Sx)( L:(Sx)),split_groups: 0|- 1|- 2|- & skip_empty: 1
US-MA-WAE,Sx-Sx(-Sx)(-Sx),skip_empty: 1,A4 M:Sx B:(Sx)( L:(Sx)),split_groups: 0|. 1|. 2|. & skip_empty: 1
US-MA-WEY,Sx( )-( )(Sx)( - Sx)(-Sx)( Sx),merge_after: 4 3 2 & skip_empty: 1,A4 [SM]:Sx [BR]:Sx( [LS:(Sx)),skip_empty: 1
US-MA-WRE,A-D2_Dx_Dx_Sx,skip_empty: 1,A4 M:Sx B:(Sx)( L:(Sx)),split_groups: 1|3 2|- & skip_empty: 1
US-MA-WST,Sx_[S&]x(_Sx)(_Sx),skip_empty: 1,A4 M:Sx B:(Sx)( L:(Sx)),split_groups: 0|. & skip_empty: 1
US-MA-WET,Sx-Sx,split_groups: 1|3 & skip_empty: 1,A4 M:Sx B:(Sx)( L:(Sx)),split_groups: 0|- 1|- & drop_cols: 0_0 & skip_empty: 1
US-MA-ABI,Sx_[S&]x(_Sx)(_Sx),skip_empty: 1,A4 M:Sx( B:Sx)( L:Sx)( [SUP]:(Sx)),split_groups: 2|- & skip_empty: 1
US-MA-BRN,Sx( )-( )(Sx)( - Sx)(-Sx)( Sx),split_groups: 0|S 0_1|E & drop_cols: 2 & merge_after: 0_0 & skip_empty: 1,A4 [SM]:Sx [BR]:Sx( [LS:(Sx)),skip_empty: 1
US-MA-CAR,Sx(_Sx)_Sx_[S.-]x(_Sx),skip_empty: 1,A4 A:Sx A:(Sx)( A:(Sx))( (A:)(Sx)),skip_empty: 1
US-MA-DUX,Sx_[S&]x(_Sx)(_Sx),skip_empty: 1,A4 M:Sx( B:Sx)( L:Sx)( [SUP]:(Sx)),split_groups: 0|- & skip_empty: 1
US-MA-EBR,Dx_Sx(-[S-]x)( D)_[S-]x,skip_empty: 1,A4 M:Sx P:Sx( [ES]:(Sx))( U:Sx),split_groups: 1|- & skip_empty: 1
US-MA-HAL,Dx_Sx(-[S-]x)( D)_[S-]x,skip_empty: 1,A4 M:Sx P:Sx( [ES]:(Sx))( U:Sx),split_groups: 1|- & skip_empty: 1
US-MA-HIN,Sx,string_lengths: 3 1 4 4 1 & switch: 0|1 & merge_after: 1 & skip_empty: 1,A4 M:Sx( B:Sx) L:Sx,split_groups: 2|. & skip_empty: 1
US-MA-HAN,Sx_Sx(_Sx),skip_empty: 1,A4 M:Sx( B:Sx)( L:Sx)( [SUP]:(Sx)),split_groups: 3|- & drop_cols: 1 & skip_empty: 1
US-MA-HNS,Sx_[S&]x(_Sx)(_Sx),skip_empty: 1,A4 M:Sx( B:Sx)( L:Sx)( [SUP]:(Sx)),split_groups: 3|- & drop_cols: 1 & skip_empty: 1
US-MA-HUL,Sx-Sx(-Sx)(-Sx),merge_after: 2 & max_length: 2|5 & skip_empty: 1,A4 M:Sx P:Sx( [ES]:(Sx))( U:Sx),split_groups: 1|- & skip_empty: 1
US-MA-KIN,Dx(_A)(_Dx)(_A)_Dx(_A),skip_empty: 1,A4 M:Sx B:(Sx)( L:(Sx)),split_groups: 2|-3 & drop_cols: 2_0 & skip_empty: 1
US-MA-LAK,Sx-Sx(-Sx)(-Sx),split_groups: 0|1 & drop_cols: 0_0 & skip_empty: 1,A4 M:Sx B:(Sx)( L:(Sx)),split_groups: 0|- 1|- 2|- & skip_empty: 1
US-MA-MRN,Sx_Sx(_Sx),merge_after: 1 & skip_empty: 1,A4 M:Sx B:(Sx)( L:(Sx)),split_groups: 2|- & merge_after: 2_0 & skip_empty: 1
US-MA-MID,Sx-Sx(-Sx)(-Sx),skip_empty: 1,A4 M:Sx( B:Sx)( L:Sx)( [SUP]:(Sx)),split_groups: 3|- & merge_after: 3_0 & skip_empty: 1
US-MA-MAR,Sx-Sx(-Sx)(-Sx),skip_empty: 1,A4 M:Sx B:(Sx)( L:(Sx)),split_groups: 2|- & skip_empty: 1
US-MA-MAT,Dx.S1_Dx.Sx,skip_empty: 1,A4 M:Sx( B:Sx) L:Sx,split_groups: 0|. 1|. 2|. & skip_empty: 1
US-MA-NOL,Sx-Sx(-Sx)(-Sx),merge_after: 1 & skip_empty: 1,A4 M:Sx( B:Sx) L:Sx,split_groups: 2|- 2_1|- & skip_empty: 1
US-MA-PEM,Sx-Sx(-Sx)(-Sx),skip_empty: 1,A4 M:Sx P:Sx( [ES]:(Sx))( U:Sx),split_groups: 1|- & skip_empty: 1
US-MA-PLY,Sx-Sx(-Sx)(-Sx),skip_empty: 1,A4 M:Sx B:(Sx)( L:(Sx)),split_groups: 2|- & skip_empty: 1
US-MA-PLN,Sx-Sx(-Sx)(-Sx),skip_empty: 1,A4 M:Sx( B:Sx)( L:Sx)( [SUP]:(Sx)),split_groups: 0|- & drop_cols: 0_1 & skip_empty: 1
US-MA-ROC,Sx_Sx(_Sx),skip_empty: 1,A4 M:Sx( B:Sx)( L:Sx)( [SUP]:(Sx)),split_groups: 0|- & skip_empty: 1
US-MA-ROR,D3.S-D4(.Sx)(_Dx),fill_zeros: 1 3 & switch: 2|3 3|4 & merge_after: 2 0 & skip_empty: 1,A4 M:Sx( B:Sx)( L:Sx)( [SUP]:(Sx)),split_groups: 0|- 2|- & drop_cols: 3 & merge_after: 2_0 0_0 & skip_empty: 1
US-MA-SCI,Sx_[S&]x(_Sx)(_Sx),merge_after: 2 1 0,A4 M:Sx B:(Sx)( L:(Sx)),split_groups: 1|- 2|- & merge_after: 2_0 1_1 1_0 0
US-MA-WAR,Ignored,simple,A4 M:Sx B:(Sx)( L:(Sx)),split_groups: 1|- 2|- & merge_after: 2_0 1_1 1_0 0
US-MA-WBI,Sx Sx( Sx),split_groups: 0|5 & drop_cols: 2 & skip_empty: 1,A4 M:Sx( B:Sx) L:Sx,split_groups: 0|- & skip_empty: 1
US-MA-WHI,Sx-Sx(-Sx)(-Sx),merge_after: 2 & max_length: 2|5 & skip_empty: 1,A4 M:Sx B:(Sx)( L:(Sx)),split_groups: 2|- & merge_after: 2_0 & skip_empty: 1
US-MA-BOS,Dx,string_lengths: 2 5 3 & skip_empty: 1,A4 A:Sx A:(Sx)( A:(Sx))( (A:)(Sx)),skip_empty: 1
US-MA-CHE,Sx( )-( )(Sx)( - Sx)(-Sx)( Sx),drop_cols: 3 & skip_empty: 1,A4 M:Sx P:Sx( [ES]:(Sx))( U:Sx),split_groups: 0|- 2|- & skip_empty: 1
US-MA-REV,Sx-Sx(-Sx)(-Sx),skip_empty: 1,A4 M:Sx( B:Sx)( L:Sx)( [SUP]:(Sx)),split_groups: 0|- 1|- 2|- 3|- & skip_empty: 1
US-MA-WIP,Dx(_A)(_Dx)(_A)_Dx(_A),skip_empty: 1,A4 M:Sx( B:Sx) L:Sx,split_groups: 2|- 2_1|- & skip_empty: 1
US-MA-ASM,Sx_[S&]x(_Sx)(_Sx),skip_empty: 1,A4 M:Sx B:(Sx)( L:(Sx)),split_groups: 1|/ 3|4 & skip_empty: 1
US-MA-ATH,Dx(_A)(_Dx)(_A)_Dx(_A),merge_after: 4 2 0 & skip_empty: 1,A4 M:Sx B:(Sx)( L:(Sx)),split_groups: 2|- & merge_after: 2_0 & skip_empty: 1
US-MA-AUB,Dx(_A)(_Dx)(_A)_Dx(_A),merge_after: 4 2 0 & skip_empty: 1,A4 M:Sx( B:Sx) L:Sx,split_groups: 0|- 2|- & skip_empty: 1
US-MA-BAR,Sx_Sx(_Sx),merge_after: 1 & skip_empty: 1,A4 M:Sx B:(Sx)( L:(Sx)),split_groups: 2|- & skip_empty: 1
US-MA-BER,Sx-Sx-Sx,skip_empty: 1,A4 M:Sx B:(Sx)( L:(Sx)),split_groups: 0|- 1|- 2|- & skip_empty: 1
US-MA-BLA,Sx( )-( )(Sx)( - Sx)(-Sx)( Sx),merge_after: 2 & max_length: 2|5 & skip_empty: 1,A4 M:Sx B:(Sx)( L:(Sx)),split_groups: 1|3 2|- & skip_empty: 1
US-MA-BOL,D3.S=D3D=D4.S,drop_cols: 2 & skip_empty: 1,A4 M:Sx B:(Sx)( L:(Sx)),split_groups: 0|3 2|- 2_0|4 & skip_empty: 1
US-MA-BRD,D3.S=D3D=D4.S,drop_cols: 2 & skip_empty: 1,A4 M:Sx B:(Sx)( L:(Sx)),split_groups: 0|3 2|- 2_0|4 & skip_empty: 1
US-MA-BOY,Sx_[S&]x(_Sx)(_Sx),skip_empty: 1,A4 M:Sx( B:Sx)( L:Sx)( [SUP]:(Sx)),split_groups: 0|- 1|- 2|- 3|- & skip_empty: 1
US-MA-CHA,Sx-[S.]x(-Sx)(-Sx)(-S.x),split_groups: 1|. 4|. & skip_empty: 1,A4 M:Sx B:(Sx)( L:(Sx)),split_groups: 2|- & skip_empty: 1
US-MA-CLI,Sx_Sx(_Sx),skip_empty: 1,A4 M:Sx B:(Sx)( L:(Sx)),skip_empty: 1
US-MA-DOU,Sx-[S.]x(-Sx)(-Sx)(-Sx),merge_after: 4 3 2 & skip_empty: 1,A4 M:Sx B:(Sx)( L:(Sx)),split_groups: 0|- 1|- 2|- & skip_empty: 1
US-MA-DUD,Sx_[S&]x(_Sx)(_Sx),skip_empty: 1,A4 M:Sx( B:Sx) L:Sx,split_groups: 0|- 2|- 2_1|- & skip_empty: 1
US-MA-EBO,Dx(.-Dx.-Dx),keep_length: 1 2 & merge_after: 0 0 & skip_empty: 1,A4 M:Sx B:(Sx)( L:(Sx)),keep_length: 1 2 & merge_after: 0 0 & skip_empty: 1
US-MA-FIT,Sx( )-( )(Sx)( - Sx)(-Sx)( Sx),merge_after: 4 3 2 & skip_empty: 1,A4 M:Sx B:(Sx)( L:(Sx)),split_groups: 0|- 1|- 2|- & skip_empty: 1
US-MA-GAR,Sx( )-( )(Sx)( - Sx)(-Sx)( Sx),split_groups: 1|2 & drop_cols: 1_1 4 & skip_empty: 1,A4 M:Sx( B:Sx)( L:Sx)( [SUP]:(Sx)),split_groups: 0|- & drop_cols: 0_1 & skip_empty: 1
US-MA-GRN,D3.S=D3D=D4.S,drop_cols: 2 & fill_zeros: 5 & merge_after: 0 4,A4 M:Sx B:(Sx)( L:(Sx)),split_groups: 0|. 2|. & keep_length: 0_1 2_1 & merge_after: 0_0 2_0
US-MA-HAK,D3.S=D3D=D4.S,drop_cols: 2 & fill_zeros: 1 & merge_after: 0 & skip_empty: 1,A4 M:Sx B:(Sx)( L:(Sx)),split_groups: 1|3 2|- & skip_empty: 1
US-MA-HON,Sx( )-( )(Sx)( - Sx)(-Sx)( Sx),merge_after: 2 & skip_empty: 1,A4 M:Sx B:(Sx)( L:(Sx)),split_groups: 0|- 1|- 2|- & skip_empty: 1
US-MA-HOE,Sx-Sx-Sx,,A4 M:Sx B:(Sx)( L:(Sx)),split_groups: 2|4 & merge_after: 2_0
US-MA-HAR,Sx/(S) (Sx)/(S) (Sx)/(S)( (Sx)/(S)),split_groups: 4|. & skip_empty: 1,A4 M:Sx B:(Sx)( L:(Sx)),split_groups: 0|- 1|- 2|- & skip_empty: 1
US-MA-HUB,Dx(_A)(_Dx)(_A)_Dx(_A),merge_after: 4 2 0 & skip_empty: 1,A4 M:Sx( B:Sx) L:Sx,split_groups: 0|- 1|- 2|- & merge_after: 0_0 2_0 & skip_empty: 1
US-MA-LAN,D3.S=D3D=D4.S,drop_cols: 2,A4 M:Sx B:(Sx)( L:(Sx)),split_groups: 0|. 1|3 2|. & drop_cols: 1_1
US-MA-LEI,[S&-]x [S.]x [S&+-]x,max_length: 0|3 & skip_empty: 1,A4 M:Sx B:(Sx)( L:(Sx)),split_groups: 0|3 2|- 2_0|4 & skip_empty: 1
US-MA-LEO,Sx-Sx(-Sx)(-Sx),merge_after: 2 & max_length: 2|5 & skip_empty: 1,A4 M:Sx B:(Sx)( L:(Sx)),split_groups: 0|- 1|- & keep_length: 0_1 1_1 & merge_after: 0_0 1_0 & skip_empty: 1
US-MA-LUN,(D5_)Dx.Dx-Dx-Dx.Dx,skip_empty: 1,A4 M:Sx B:(Sx)( L:(Sx)),split_groups: 0|. 1|. 2|. & skip_empty: 1
US-MA-MEN,Sx_[S&]x(_Sx)(_Sx),skip_empty: 1,A4 M:Sx B:Sx P:Sx( [EU]:Sx),drop_cols: 3
US-MA-MIL,Sx-Sx-Sx(-Sx),no_conv: 1,A4 M:Sx B:(Sx)( L:(Sx)),split_groups: 0|- & fill_zeros: 1 & join_char: - & skip_empty: 1
US-MA-MIY,Sx_[S.]x(_[S#.-]x),skip_empty: 1,A4 M:Sx B:(Sx)( L:(Sx)),skip_empty: 1
US-MA-MIE,Sx-[S.]x(-Sx)(-Sx)(-S.x),split_groups: 1|. & keep_length: 1_1 & merge_after: 1_0 & skip_empty: 1,A4 M:Sx B:(Sx)( L:(Sx)),split_groups: 0|4 & skip_empty: 1
US-MA-NBA,Sx,skip_empty: 1,A4 M:Sx B:(Sx)( L:(Sx)),keep_length: 1 2 & merge_after: 0 0 & skip_empty: 1
US-MA-NBR,Sx,keep_length: 1 2 & merge_after: 0 0 & skip_empty: 1,A4 M:Sx B:(Sx)( L:(Sx)),keep_length: 1 2 & merge_after: 0 0 & skip_empty: 1
US-MA-NOH,(D5_)Dx.Dx-Dx-Dx.Dx,skip_empty: 1,A4 M:Sx( B:Sx) L:Sx,split_groups: 0|3 & skip_empty: 1
US-MA-NOE,Sx-[S.]x(-Sx)(-Sx)(-S.x),skip_empty: 1,A4 M:Sx B:(Sx)( L:(Sx)),split_groups: 2|- & skip_empty: 1
US-MA-OAK,Sx/(S) (Sx)/(S) (Sx)/(S)( (Sx)/(S)),split_groups: 4|. & skip_empty: 1,A4 M:Sx B:(Sx)( L:(Sx)),split_groups: 0|3 2|4 & skip_empty: 1
US-MA-OXF,Sx-[S.]x( -D4)(-D3),skip_empty: 1,A4 M:Sx( B:Sx)( L:Sx)( [SUP]:(Sx)),split_groups: 0|- & skip_empty: 1
US-MA-PAX,Ignored,simple,A4 M:Sx( B:Sx) L:Sx,split_groups: 2|- & merge_after: 2_0 1 0
US-MA-PET,Dx(_A)(_Dx)(_A)_Dx(_A),skip_empty: 1,A4 M:Sx( B:Sx)( L:Sx)( [SUP]:(Sx)),skip_empty: 1
US-MA-PHI,Dx(_A)(_Dx)(_A)_Dx(_A),merge_after: 4 2 0 & skip_empty: 1,A4 M:Sx( B:Sx) L:Sx,split_groups: 0|- & skip_empty: 1
US-MA-PRI,Ignored,simple,A4 M:Sx B:(Sx)( L:(Sx)),merge_after: 1 0
US-MA-ROY,Dx,string_lengths: 3 1 4 4 1 & skip_empty: 1,A4 M:Sx B:(Sx)( L:(Sx)),split_groups: 0|3 2|- 2_0|4 & skip_empty: 1
US-MA-RUT,Sx(_Sx)_Sx_[S.-]x(_Sx),skip_empty: 1,A4 M:Sx( B:Sx)( L:Sx)( [SUP]:(Sx)),split_groups: 0|- & skip_empty: 1
US-MA-STE,Sx_[S.]x(_[S#.-]x),skip_empty: 1,A4 M:Sx( B:Sx) L:Sx,split_groups: 2|- & drop_cols: 1 & skip_empty: 1
US-MA-SHR,Sx Sx( Sx),skip_empty: 1,A4 M:Sx B:(Sx)( L:(Sx)),split_groups: 2|. 2_1|- & skip_empty: 1
US-MA-SOH,D3.S=D3D=D4.S,drop_cols: 2 & skip_empty: 1,A4 M:Sx B:(Sx)( L:(Sx)),split_groups: 0|. 1|. 2|. & skip_empty: 1
US-MA-SPE,Sx-[S.]x(-Sx)(-Sx)(-S.x),skip_empty: 1,A4 M:Sx B:(Sx)( L:(Sx)),skip_empty: 1
US-MA-STU,D3-_D_S4_-_[S-_]x,split_groups: 5|- 1|\s & skip_empty: 1,A4 M:Sx B:(Sx)( L:(Sx)),split_groups: 1|3 2|- & skip_empty: 1
US-MA-SOT,D3-D3-(A) -D5,merge_after: 1 & skip_empty: 1,A4 M:Sx B:(Sx)( L:(Sx)),split_groups: 2|- & merge_after: 2_0 & skip_empty: 1
US-MA-SUT,Sx_[S&]x(_Sx)(_Sx),skip_empty: 1,A4 M:Sx P:Sx( [ES]:(Sx))( U:Sx),split_groups: 0|- 2|- & skip_empty: 1
US-MA-TEM,D-D2(-_D)_[S&]x(_D)(_Dx)),skip_empty: 1,A4 M:Sx B:(Sx)( L:(Sx)),split_groups: 0|. & skip_empty: 1
US-MA-UPT,Sx-[S.]x(-Sx)(-Sx)(-S.x),skip_empty: 1,A4 M:Sx( B:Sx) L:Sx,split_groups: 2|- & skip_empty: 1
US-MA-UXB,D3.S=D3D=D4.S,drop_cols: 2 & skip_empty: 1,A4 M:Sx B:(Sx)( L:(Sx)),split_groups: 0|. 1|. 2|. & skip_empty: 1
US-MA-WAN,Dx(.-Dx.-Dx),skip_empty: 1,A4 M:Sx B:(Sx)( L:(Sx)),split_groups: 0|- 1|- 2|- & skip_empty: 1
US-MA-WBO,Dx(_A)(_Dx)(_A)_Dx(_A),skip_empty: 1,A4 M:Sx( B:Sx)( L:Sx)( [SUP]:(Sx)),split_groups: 2|- & merge_after: 2_0 & skip_empty: 1
US-MA-WEB,Sx(_Sx)_Sx_[S.-]x(_Sx),skip_empty: 1,A4 A:Sx A:(Sx)( A:(Sx))( (A:)(Sx)),skip_empty: 1
US-MA-WNC,Ignored,simple,A4 M:Sx B:(Sx)( L:(Sx)),keep_length: 1 2 & merge_after: 0 0 & skip_empty: 1
US-MA-WER,Sx_[S&]x(_Sx)(_Sx),skip_empty: 1,A4 M:Sx B:(Sx)( L:(Sx)),split_groups: 0|3 2|4 & skip_empty: 1
US-MA-WOR,Sx-Sx-Sx(-Sx)(-Sx),skip_empty: 1,A4 M:Sx( B:Sx)( L:Sx)( [SUP]:(Sx)),split_groups: 2|- 2_1|- & skip_empty: 1
US-MA-WBR,(D5_)Dx.Dx-Dx-Dx.Dx,skip_empty: 1,A4 M:Sx B:(Sx)( L:(Sx)),split_groups: 0|3 2|4 & skip_empty: 1
US-MA-WEH,Sx( )-( )(Sx)( - Sx)(-Sx)( Sx),skip_empty: 1,A4 M:Sx B:(Sx)( L:(Sx)),split_groups: 2|- & merge_after: 2_0 & skip_empty: 1
US-MD-AL,Sx,string_lengths: 2 2 6 & drop_cols: 0 & skip_empty: 1,Sx-Sx,split_groups: 1|A & skip_empty: 1
US-MD-AA,Sx,split_groups: 0|3 & drop_cols: 0_0 & skip_empty: 1,Sx-Sx-Sx,keep_length: 1 2 & merge_after: 0 0 & skip_empty: 1
US-MD-BA,Sx,string_lengths: 2 2 10 & drop_cols: 0 & skip_empty: 1,Sx-Sx,skip_empty: 1
US-MD-BL,Sx,skip_empty: 1,D2-D2-Sx( )-Sx,drop_cols: 0 1 & keep_length: 3 & merge_after: 2 & skip_empty: 1
US-MD-CE,Sx(-)Dx,string_lengths: 2 2 6 & drop_cols: 0 & skip_empty: 1,Sx-Sx,skip_empty: 1
US-MD-CH,Dx,string_lengths: 2 2 6 & drop_cols: 0 & skip_empty: 1,Sx-Sx,
US-MD-CL,Sx,split_groups: 0|3 & drop_cols: 0_0 & skip_empty: 1,Sx-Sx,keep_length: 1 & merge_after: 0 & skip_empty: 1
US-MD-CR,Sx,string_lengths: 2 2 6 & drop_cols: 0 & skip_empty: 1,Sx-Sx,skip_empty: 1
US-MD-CA,Sx,string_lengths: 2 2 6 & drop_cols: 0 & skip_empty: 1,Sx-Sx,split_groups: 0|4 & skip_empty: 1
US-MD-DO,Sx,string_lengths: 2 2 6 & drop_cols: 0 & skip_empty: 1,Sx-Sx,skip_empty: 1
US-MD-FR,Sx,string_lengths: 2 2 6 & drop_cols: 0 & skip_empty: 1,Sx-Sx,
US-MD-GA,Sx,string_lengths: 2 2 6 & drop_cols: 0 & skip_empty: 1,Sx-Sx,split_groups: 1|A & skip_empty: 1
US-MD-HA,Sx,string_lengths: 2 2 6 & drop_cols: 0 & skip_empty: 1,Sx-Sx,skip_empty: 1
US-MD-HO,Sx,string_lengths: 2 2 6 & drop_cols: 0 & skip_empty: 1,Sx-Sx,skip_empty: 1
US-MD-KE,Sx,split_groups: 0|3 0_1|15 & drop_cols: 0_0 0_1_1 & skip_empty: 1,Sx-Sx,keep_length: 1 & merge_after: 0 & skip_empty: 1
US-MD-MO,Dx,split_groups: 0|2 0_1|2 & drop_cols: 0_0 & skip_empty: 1,Sx-Sx,split_groups: 0|4 & skip_empty: 1
US-MD-PG,Dx,string_lengths: 2 2 6 & drop_cols: 0 & skip_empty: 1,Sx-Sx,split_groups: 1|-1 & drop_cols: 1_1 & skip_empty: 1
US-MD-QA,Sx,split_groups: 0|3 & drop_cols: 0_0 & skip_empty: 1,Sx-Sx,keep_length: 1 & merge_after: 0 & skip_empty: 1
US-MD-SM,Sx,split_groups: 0|3 & drop_cols: 0_0 & skip_empty: 1,Sx-Sx,keep_length: 1 & merge_after: 0 & skip_empty: 1
US-MD-SO,Sx,string_lengths: 2 2 6 & drop_cols: 0 & skip_empty: 1,Sx-Sx,skip_empty: 1
US-MD-TA,Sx,string_lengths: 2 2 6 & drop_cols: 0 & skip_empty: 1,Sx-Sx,
US-MD-WA,Dx,string_lengths: 2 2 6 & drop_cols: 0 & skip_empty: 1,Sx-Sx,split_groups: 1|A & skip_empty: 1
US-MD-WI,Sx,string_lengths: 2 2 6 & drop_cols: 0 & skip_empty: 1,Sx-Sx,skip_empty: 1
US-MD-WO,Sx,string_lengths: 2 2 6 & drop_cols: 0 & skip_empty: 1,Sx-Sx,skip_empty: 1
US-ME-AUB,Sx-Sx(-Sx)(-Sx),merge_after: 2 & max_length: 2|5 & skip_empty: 1,A4 M:Sx( B:Sx) L:Sx,split_groups: 2|- & drop_cols: 1 & skip_empty: 1
US-ME-DUR,Sx( )-( )(Sx)( - Sx)(-Sx)( Sx),merge_after: 2 & max_length: 2|5 & skip_empty: 1,A4 M:Sx( B:Sx) L:Sx,split_groups: 0|- 2|- 2_1|- & skip_empty: 1
US-ME-GRE,Sx,string_lengths: 2 3 3 3 & skip_empty: 1,A4 M:Sx( B:Sx) L:Sx,split_groups: 2|- 2_1|- & skip_empty: 1
US-ME-LES,Sx-Sx(-Sx)(-Sx),skip_empty: 1,A4 M:Sx( B:Sx) L:Sx,split_groups: 0|1 2|- 2_1|- & merge_after: 0_0 & skip_empty: 1
US-ME-LIF,Sx-Sx(-Sx)(-Sx),split_groups: 0|1 & drop_cols: 0_0 & skip_empty: 1,A4 A:Sx A:(Sx)( A:(Sx))( (A:)(Sx)),split_groups: 1|- 1_1|- 1_1_0|& & skip_empty: 1
US-ME-LIS,Sx,string_lengths: 3 3 1 2 3 & skip_empty: 1,A4 M:Sx( B:Sx) L:Sx,split_groups: 2|- 2_1|- & skip_empty: 1
US-ME-LIV,Sx-Sx(-Sx)(-Sx),skip_empty: 1,A4 M:Sx( B:Sx) L:Sx,split_groups: 2|- 2_1|- & skip_empty: 1
US-ME-LEW,Sx/Sx/Sx,split_groups: 1|- & skip_empty: 1,A4 M:Sx( B:Sx)( L:Sx)( [SUP]:(Sx)),skip_empty: 1
US-ME-MEF,D5_Sx(-Sx),skip_empty: 1 & drop_cols: 0 & split_groups: 1|3 1_1|3 2|1 & merge_after: 1_1_1,A4 A:Sx A:(Sx)( A:(Sx))( (A:)(Sx)),skip_empty: 1
US-ME-MIN,D5_Sx(- ),skip_empty: 1 & drop_cols: 0 1_1_1 1_0_1_1 & split_groups: 1|\s 1_1|3 1_1_0|\s 1_0|3 1_0_1|3,A4 M:Sx( B:Sx)( L:Sx)( [SUP]:(Sx)),skip_empty: 1 & split_groups: 0|1 2|- & merge_after: 2_0 0_0
US-ME-POL,Sx( )-( )(Sx)( - Sx)(-Sx)( Sx),split_groups: 1|. & skip_empty: 1,A4 A:Sx A:(Sx)( A:(Sx))( (A:)(Sx)),split_groups: 0|- 2|- 1|. & skip_empty: 1
US-ME-SAB,Sx-Sx(-Sx)(-Sx),skip_empty: 1,A4 M:Sx( B:Sx)( L:Sx)( [SUP]:(Sx)),split_groups: 2|- 2_1|- & skip_empty: 1
US-ME-TUR,D5_Sx(-Sx),skip_empty: 1 & drop_cols: 0 & split_groups: 1|2 1_1|2 1_1_1|3,A4 A:Sx A:(Sx)( A:(Sx))( (A:)(Sx)),skip_empty: 1
US-ME-WLS,Sx-Sx(-Sx)(-Sx),split_groups: 0|1 & drop_cols: 0_0 & skip_empty: 1,A4 M:Sx( B:Sx) L:Sx,split_groups: 0|1 2|- & drop_cols: 0_0 & skip_empty: 1
US-ME-CAH,Sx( )-( )(Sx)( - Sx)(-Sx)( Sx),split_groups: 1|. & skip_empty: 1,A4 A:Sx A:(Sx)( A:(Sx))( (A:)(Sx)),split_groups: 1|- 1_1|- & skip_empty: 1
US-ME-CAR,Sx( )-( )(Sx)( - Sx)(-Sx)( Sx),merge_after: 4 3 2 & skip_empty: 1,A4 M:Sx( B:Sx) L:Sx,split_groups: 2|- & skip_empty: 1
US-ME-CON,Dx(.-Dx.-Dx),merge_after: 0 0 0 & skip_empty: 1,A4 M:Sx B:(Sx)( L:(Sx)),merge_after: 1 0
US-ME-CHN,Sx-Sx(-Sx)(-Sx),skip_empty: 1,A4 A:Sx A:(Sx)( A:(Sx))( (A:)(Sx)),split_groups: 1|- 1_1|- & skip_empty: 1
US-ME-CSW,Sx,string_lengths: 5 2 2 & drop_cols: 0 & skip_empty: 1,A4 M:Sx( B:Sx) L:Sx,split_groups: 2|2 & skip_empty: 1
US-ME-CYR,Sx,split_groups: 0|6 0_1|15 & drop_cols: 0_0 0_1_1,A4 M:Sx( B:Sx) L:Sx,split_groups: 2|- & merge_after: 2_0 1 0
US-ME-EAN,Sx-Sx(-Sx)(-Sx),merge_after: 1 & skip_empty: 1,A4 M:Sx L:Sx( S:(Sx)),split_groups: 2|- & skip_empty: 1
US-ME-FOF,Sx( )-( )(Sx)( - Sx)(-Sx)( Sx),drop_cols: 3 & skip_empty: 1,A4 A:Sx A:(Sx)( A:(Sx))( (A:)(Sx)),split_groups: 1|- 1_1|- & skip_empty: 1
US-ME-FOK,Sx( )-( )(Sx)( - Sx)(-Sx)( Sx),merge_after: 1 & skip_empty: 1,A4 M:Sx( B:Sx) L:Sx,split_groups: 2|- & drop_cols: 2_1 & skip_empty: 1
US-ME-HEY,Sx( )-( )(Sx)( - Sx)(-Sx)( Sx),drop_cols: 3 & skip_empty: 1,A4 A:Sx A:(Sx)( A:(Sx))( (A:)(Sx)),split_groups: 0|- 1|- 3|- & skip_empty: 1
US-ME-HOU,Dx(.-Dx.-Dx),skip_empty: 1,A4 M:Sx( B:Sx)( L:Sx)( [SUP]:(Sx)),split_groups: 2|- & merge_after: 2_0 & skip_empty: 1
US-ME-LIE,Sx( )-( )(Sx)( - Sx)(-Sx)( Sx),merge_after: 1 & skip_empty: 1,A4 A:Sx A:(Sx)( A:(Sx))( (A:)(Sx)),split_groups: 1|- & merge_after: 1_0 & skip_empty: 1
US-ME-MAA,Sx( )-( )(Sx)( - Sx)(-Sx)( Sx),split_groups: 0|S 0_0|N & drop_cols: 4 & skip_empty: 1,A4 A:Sx A:(Sx)( A:(Sx))( (A:)(Sx)),split_groups: 0|- 2|- 1|. & skip_empty: 1
US-ME-MAH,Sx( )-( )(Sx)( - Sx)(-Sx)( Sx),merge_after: 4 3 2 & skip_empty: 1,A4 A:Sx A:(Sx)( A:(Sx))( (A:)(Sx)),split_groups: 1|- 1_1|- & skip_empty: 1
US-ME-MAP,Sx-Sx(-Sx)(-Sx),split_groups: 0|1 & drop_cols: 0_0 & skip_empty: 1,A4 A:Sx A:(Sx)( A:(Sx))( (A:)(Sx)),split_groups: 1|- 1_1|- & skip_empty: 1
US-ME-NAS,Dx,skip_empty: 1 & split_groups: 0|5 & drop_cols: 0_0,A4 A:Sx A:(Sx)( A:(Sx))( (A:)(Sx)),skip_empty: 1 & merge_after: 0 & split_groups: 1|[A-Z]
US-ME-NSW,Sx-[S.]x(-Sx)(-Sx)(-Sx),merge_after: 4 3 2 & skip_empty: 1,A4 A:Sx A:(Sx)( A:(Sx))( (A:)(Sx)),switch: 1|2 & skip_empty: 1
US-ME-PER,Sx( )-( )(Sx)( - Sx)(-Sx)( Sx),merge_after: 1 & skip_empty: 1,A4 A:Sx A:(Sx)( A:(Sx))( (A:)(Sx)),split_groups: 1|- & merge_after: 1_0 & skip_empty: 1
US-ME-PRI,Sx-[S.]x(-Sx)(-Sx)(-S.x),skip_empty: 1,A4 M:Sx B:(Sx)( L:(Sx)),split_groups: 2|- & skip_empty: 1
US-ME-STJ,Sx,skip_empty: 1 & split_groups: 0|4 & drop_cols: 0_0,Sx [S-]x( [S-]x),skip_empty: 1 & drop_cols: 0 & split_groups: 1|- 1_1|- & merge_after: 1_0 1_0
US-ME-SAG,Sx-Sx,split_groups: 1|2 1_1|2 1_1_1|3 1_1_1_1|3 & drop_cols: 0 & skip_empty: 1,A4 M:Sx( B:Sx) L:Sx,split_groups: 2|2 2_1|. & drop_cols: 0 & merge_after: 2_1_0 & skip_empty: 1
US-ME-WAD,Sx( )-( )(Sx)( - Sx)(-Sx)( Sx),merge_after: 2 & skip_empty: 1,A4 A:Sx A:(Sx)( A:(Sx))( (A:)(Sx)),split_groups: 1|- 1_1|- & skip_empty: 1
US-ME-WED,Sx-Sx(-Sx)(-Sx),merge_after: 1 & skip_empty: 1,A4 M:Sx( B:Sx) L:Sx,split_groups: 0|- 1|- 2|- & merge_after: 0_0 2_0 & skip_empty: 1
US-ME-WIE,Sx(-)Dx,skip_empty: 1 & split_groups: 0|5 & drop_cols: 0_0,A4 A:Sx A:(Sx)( A:(Sx))( (A:)(Sx)),skip_empty: 1 & merge_after: 0 0 & split_groups: 2|& 2_0|- & drop_cols: 2_1
US-ME-WOD,Sx( )-( )(Sx)( - Sx)(-Sx)( Sx),merge_after: 1 & skip_empty: 1,Sx [S-]x( [S-]x),split_groups: 1|- 1_1|- & drop_cols: 0 & merge_after: 1_1_0 & skip_empty: 1
US-ME-WAN,Sx( )-( )(Sx)( - Sx)(-Sx)( Sx),merge_after: 4 3 2 & skip_empty: 1,A4 M:Sx( B:Sx) L:Sx,split_groups: 2|- 2_1|- & skip_empty: 1
US-ME-BAL,Sx-[S.]x(-Sx)(-Sx)(-Sx),merge_after: 1 & skip_empty: 1,A4 A:Sx A:(Sx)( A:(Sx))( (A:)(Sx)),merge_after: 1 & skip_empty: 1
US-ME-BRI,Sx-[S.]x(-Sx)(-Sx)(-S.x),split_groups: 1|. 4|. & skip_empty: 1,A4 M:Sx( B:Sx) L:Sx,split_groups: 2|- 2_1|- & skip_empty: 1
US-ME-BRU,Sx-Sx,split_groups: 0|4 & skip_empty: 1,A4 A:Sx A:(Sx)( A:(Sx))( (A:)(Sx)),split_groups: 1|- & merge_after: 1_0 & skip_empty: 1
US-ME-CAS,Sx-Sx(-Sx)(-Sx),merge_after: 2 & max_length: 2|5 & skip_empty: 1,A4 M:Sx( B:Sx)( L:Sx)( [SUP]:(Sx)),skip_empty: 1
US-ME-CAE,Ignored,simple,Sx Sx( Sx),drop_cols: 0 & keep_length: 2 & merge_after: 1 & skip_empty: 1
US-ME-CUM,Sx Sx( Sx),split_groups: 1|5 & skip_empty: 1,A4 M:Sx( B:Sx)( L:Sx)( [SUP]:(Sx)),split_groups: 2|- & merge_after: 2_0 & skip_empty: 1
US-ME-FAL,Sx( )-( )(Sx)( - Sx)(-Sx)( Sx),merge_after: 4 3 2 & skip_empty: 1,A4 M:Sx( B:Sx)( L:Sx)( [SUP]:(Sx)),skip_empty: 1
US-ME-FRE,^([0-9A-Z]+)$|^([0-9A-Z ]+)$,skip_empty: 1 & split_groups: 0|3 0_1|3 0_1_1|3 1|\s 1_1|3 1_1_1|3 1_0|3 1_0_1|3 & merge_after: 1_1_0,A4 M:Sx( B:Sx)( L:Sx)( [SUP]:(Sx)),skip_empty: 1
US-ME-GOR,Sx( )-( )(Sx)( - Sx)(-Sx)( Sx),drop_cols: 3 & skip_empty: 1,A4 M:Sx B:(Sx)( L:(Sx)),split_groups: 0|4 & skip_empty: 1
US-ME-GRA,Sx-Sx-Sx-Sx,skip_empty: 1,A4 M:Sx B:(Sx)( L:(Sx)),split_groups: 1|3 2|- & skip_empty: 1
US-ME-HAR,Dx(-Sx)(-Dx),split_groups: 0|3 0_1|3 0_1_1|3 & skip_empty: 1,A4 M:Sx L:Sx( S:(Sx)),split_groups: 2|- & skip_empty: 1
US-ME-HRS,Sx-[S.]x(-Sx)(-Sx)(-Sx),split_groups: 1|. & skip_empty: 1,A4 M:Sx( B:Sx) L:Sx,split_groups: 0|- 2|- 2_1|- & skip_empty: 1
US-ME-LOI,Dx(-Sx)(-Dx),skip_empty: 1,Sx [S-]x( [S-]x),split_groups: 1|- 1_1|- & drop_cols: 0 & merge_after: 1_1_0 & skip_empty: 1
US-ME-NAP,Sx-Sx(-Sx)(-Sx),skip_empty: 1,A4 M:Sx L:Sx( S:(Sx)),split_groups: 2|- & skip_empty: 1
US-ME-NGL,Sx-Sx(-Sx)(-Sx),skip_empty: 1,A4 M:Sx( B:Sx) L:Sx,split_groups: 2|- 2_1|- & skip_empty: 1
US-ME-NYA,Sx( )-( )(Sx)( - Sx)(-Sx)( Sx),split_groups: 0|3 & drop_cols: 3 & skip_empty: 1,A4 M:Sx( B:Sx) L:Sx,split_groups: 0|- 2|- 2_1|- & skip_empty: 1
US-ME-POR,Sx Sx,skip_empty: 1,A4 M:Sx B:(Sx)( L:(Sx)),split_groups: 1|4 & drop_cols: 1_1 & skip_empty: 1
US-ME-POW,Sx-Sx(-Sx)(-Sx),split_groups: 0|1 & drop_cols: 0_0 & skip_empty: 1,A4 M:Sx( B:Sx) L:Sx,split_groups: 2|- 2_1|- & skip_empty: 1
US-ME-RAY,Sx,string_lengths: 3 3 3 3 & skip_empty: 1,A4 M:Sx L:Sx( S:(Sx)),split_groups: 2|- & skip_empty: 1
US-ME-SCA,Sx,split_groups: 0|4 & skip_empty: 1,A4 M:Sx( B:Sx) L:Sx,split_groups: 0|- 2|- & skip_empty: 1
US-ME-SEB,Sx-Sx(-Sx)(-Sx),skip_empty: 1,A4 A:Sx A:(Sx)( A:(Sx))( (A:)(Sx)),split_groups: 1|- 1_1|- & skip_empty: 1
US-ME-SPO,Sx( )-( )(Sx)( - Sx)(-Sx)( Sx),merge_after: 2 & skip_empty: 1,A4 M:Sx( B:Sx) L:Sx,split_groups: 0|- 1|- 2|- & merge_after: 0_0 2_0 & skip_empty: 1
US-ME-STA,Sx-Sx(-Sx)(-Sx),merge_after: 1 & skip_empty: 1,A4 M:Sx( B:Sx) L:Sx,split_groups: 0|- 0_1|- 2|- & merge_after: 2_0 & skip_empty: 1
US-ME-WES,Sx-Sx-Sx,skip_empty: 1,A4 M:Sx( B:Sx) L:Sx,split_groups: 0|- 1|- 2|- & merge_after: 0_0 2_0 & skip_empty: 1
US-ME-WIN,Sx,string_lengths: 3 3 3 3 & skip_empty: 1,A4 M:Sx( B:Sx)( L:Sx)( [SUP]:(Sx)),split_groups: 0|- & skip_empty: 1
US-ME-YAR,Sx-Sx(-Sx)(-Sx),skip_empty: 1,A4 M:Sx( B:Sx)( L:Sx)( [SUP]:(Sx)),split_groups: 3|- & drop_cols: 1 & skip_empty: 1
US-ME-CRT,Sx-Sx,drop_cols: 0 & skip_empty: 1,A4 [S.]x,split_groups: 0|. & skip_empty: 1
US-ME-CHS,Sx-Sx(-Sx)(-Sx),skip_empty: 1,A4 M:Sx( B:Sx) L:Sx,split_groups: 0|- 2|- 2_1|- & skip_empty: 1
US-ME-CAV,[S.]x-Sx(-Sx)(/Dx),split_groups: 0|. & skip_empty: 1,A4 M:Sx( B:Sx) L:Sx,split_groups: 0|- 2|- & skip_empty: 1
US-ME-DAL,Sx(-Sx-S1),skip_empty: 1 & split_groups: 0|5 0_1|2 & drop_cols: 0_0,A4 A:Sx A:(Sx)( A:(Sx))( (A:)(Sx)),skip_empty: 1 & split_groups: 1|-
US-ME-EUS,Sx-Sx(-Sx)(-Sx),skip_empty: 1,A4 A:Sx A:(Sx)( A:(Sx))( (A:)(Sx)),split_groups: 1|- 1_1|- & skip_empty: 1
US-ME-FAR,Sx-[S.]x(-Sx)(-Sx)(-S.x),split_groups: 1|. & keep_length: 1_1 & merge_after: 1_0 & skip_empty: 1,A4 M:Sx( B:Sx) L:Sx,split_groups: 2|- 2_1|- & skip_empty: 1
US-ME-JAY,Dx_Sx[- ]Sx,split_groups: 2|- & drop_cols: 0 & join_char:   & skip_empty: 1,A4 M:Sx( B:Sx) L:Sx,split_groups: 2|- & join_char:   & skip_empty: 1
US-ME-KIN,Sx-Sx(-Sx)(-Sx),split_groups: 0|1 & drop_cols: 0_0 & skip_empty: 1,A4 A:Sx A:(Sx)( A:(Sx))( (A:)(Sx)),split_groups: 1|- 1_1|- & skip_empty: 1
US-ME-NSH,Sx-Sx(-Sx)(-Sx),skip_empty: 1,A4 M:Sx( B:Sx) L:Sx,split_groups: 2|- & skip_empty: 1
US-ME-NVI,Sx-Sx(-Sx)(-Sx),merge_after: 2 1 0 & skip_empty: 1,A4 M:Sx( B:Sx) L:Sx,split_groups: 2|- & merge_after: 2_0 1 0
US-ME-RAN,Sx-[S.]x(-Sx)(-Sx)(-Sx),merge_after: 1 & skip_empty: 1,A4 A:Sx A:(Sx)( A:(Sx))( (A:)(Sx)),split_groups: 1|- & merge_after: 1_0 & skip_empty: 1
US-ME-RAN,Sx(-Sx-S1),skip_empty: 1 & split_groups: 0|5 0_1|2 & drop_cols: 0_0,A4 A:Sx A:(Sx)( A:(Sx))( (A:)(Sx)),skip_empty: 1 & split_groups: 1|-
US-ME-STR,Sx( )-( )(Sx)( - Sx)(-Sx)( Sx),split_groups: 1|. & skip_empty: 1,A4 A:Sx A:(Sx)( A:(Sx))( (A:)(Sx)),split_groups: 1|- & skip_empty: 1
US-ME-WLD,Sx-Sx,skip_empty: 1,A4 A:Sx A:(Sx)( A:(Sx))( (A:)(Sx)),drop_cols: 2 3 & skip_empty: 1
US-ME-WIL,Sx-Sx(-Sx)(-Sx),skip_empty: 1,A4 M:Sx( B:Sx) L:Sx,split_groups: 2|- 2_1|- & skip_empty: 1
US-ME-WYM,Dx(.-Dx.-Dx),keep_length: 1 2 3 & merge_after: 0 0 0 & skip_empty: 1,A4 M:Sx B:(Sx)( L:(Sx)),split_groups: 1|- 2|- & merge_after: 2_0 1_1 1_0 0
US-ME-AMH,Sx-Sx-Sx,skip_empty: 1,A4 A:Sx A:(Sx)( A:(Sx))( (A:)(Sx)),split_groups: 1|- 1_1|- & skip_empty: 1
US-ME-AUR,Sx-Sx-Sx,skip_empty: 1,A4 M:Sx( B:Sx) L:Sx,split_groups: 0|- 2|- & skip_empty: 1
US-ME-BAH,Sx-Sx-Sx,skip_empty: 1,A4 M:Sx( B:Sx) L:Sx,split_groups: 0|- 2|- & skip_empty: 1
US-ME-BLH,Sx( )-( )(Sx)( - Sx)(-Sx)( Sx),drop_cols: 3 & skip_empty: 1,A4 M:Sx( B:Sx) L:Sx,split_groups: 2|. 2_0|- & drop_cols: 1 & skip_empty: 1
US-ME-BRK,Sx( )-( )(Sx)( - Sx)(-Sx)( Sx),drop_cols: 3 & skip_empty: 1,A4 M:Sx( B:Sx) L:Sx,split_groups: 0|- 2|- 2_1|- & skip_empty: 1
US-ME-BRN,Sx-Sx-Sx,merge_after: 1 & skip_empty: 1,A4 A:Sx A:(Sx)( A:(Sx))( (A:)(Sx)),split_groups: 1|- & merge_after: 1_0 & skip_empty: 1
US-ME-BUC,Dx(-Sx)(-Dx),skip_empty: 1,A4 M:Sx( B:Sx) L:Sx,split_groups: 0|- 2|- & skip_empty: 1
US-ME-CAS,Sx( )-( )(Sx)( - Sx)(-Sx)( Sx),split_groups: 0|S 0_0|N & drop_cols: 4 & skip_empty: 1,A4 M:Sx( B:Sx) L:Sx,split_groups: 2|. 2_0|- & drop_cols: 1 & skip_empty: 1
US-ME-CRI,D5_D3-D3(-S3),skip_empty: 1 & drop_cols: 0,A4 M:Sx( B:Sx) L:Sx,skip_empty: 1
US-ME-DED,Sx-Sx-Sx(-Sx),skip_empty: 1,A4 M:Sx( B:Sx) L:Sx,split_groups: 0|1 2|- 2_1|- & merge_after: 0_0 & skip_empty: 1
US-ME-DEI,Dx_Sx[- ]Sx,split_groups: 2|- 2_1|- & drop_cols: 0 & skip_empty: 1,A4 A:Sx A:(Sx)( A:(Sx))( (A:)(Sx)),split_groups: 1|- & skip_empty: 1
US-ME-EAK,Sx-Sx(-Sx)(-Sx),split_groups: 0|1 & drop_cols: 0_0 & skip_empty: 1,A4 A:Sx A:(Sx)( A:(Sx))( (A:)(Sx)),split_groups: 1|- 1_1|- 1_1_0|& & skip_empty: 1
US-ME-ELL,Sx-Sx-Sx(-Sx),skip_empty: 1,A4 M:Sx( B:Sx)( L:Sx)( [SUP]:(Sx)),split_groups: 0|- & skip_empty: 1
US-ME-FRO,Dx(-Sx)(-Dx),keep_length: 1 2 & merge_after: 0 0 & skip_empty: 1,A4 M:Sx( B:Sx) L:Sx,split_groups: 2|- & merge_after: 2_0 1 0
US-ME-FRA,Dx_Sx[- ]Sx,split_groups: 2|- 2_1|- & drop_cols: 0 & skip_empty: 1,A4 A:Sx A:(Sx)( A:(Sx))( (A:)(Sx)),split_groups: 1|- 1_1|- & skip_empty: 1
US-ME-GOU,Dx_Sx[- ]Sx,drop_cols: 0 & skip_empty: 1,A4 A:Sx A:(Sx)( A:(Sx))( (A:)(Sx)),split_groups: 1|- & merge_after: 1_0 & skip_empty: 1
US-ME-GPO,Sx-Sx-Sx-Sx,split_groups: 0|2 & drop_cols: 0_0 & skip_empty: 1,A4 A:Sx A:(Sx)( A:(Sx))( (A:)(Sx)),split_groups: 1|- 1_1|- 1_1_0|& & skip_empty: 1
US-ME-HAN,Ignored,simple,A4 M:Sx( B:Sx) L:Sx,split_groups: 2|- & keep_length: 2_0 & merge_after: 0 0 & skip_empty: 1
US-ME-LAM,Sx-Sx-Sx-Sx,split_groups: 2|. 2_1|. & skip_empty: 1,A4 M:Sx( B:Sx) L:Sx,split_groups: 0|- 2|- 2_1|- & skip_empty: 1
US-ME-MAE,Dx_Sx[- ]Sx,drop_cols: 0 & merge_after: 2_0 0_0 & skip_empty: 1,A4 M:Sx B:(Sx)( L:(Sx)),split_groups: 0|. 2|4 & skip_empty: 1
US-ME-MOD,Sx-Sx(-Sx)(-Sx),split_groups: 0|1 & drop_cols: 0_0 & skip_empty: 1,A4 M:Sx( B:Sx) L:Sx,split_groups: 0|1 2|- 2_1|- & merge_after: 0_0 & skip_empty: 1
US-ME-ORL,Sx-Sx-Sx,,A4 M:Sx( B:Sx) L:Sx,split_groups: 2|- & drop_cols: 1
US-ME-PEN,Sx-Sx-Sx,skip_empty: 1,A4 M:Sx L:Sx( S:(Sx)),split_groups: 2|- & skip_empty: 1
US-ME-SED,Sx( )-( )(Sx)( - Sx)(-Sx)( Sx),skip_empty: 1,A4 M:Sx( B:Sx) L:Sx,split_groups: 2|- & skip_empty: 1
US-ME-SOH,Sx-Sx(-Sx)(-Sx),split_groups: 0|1 & drop_cols: 0_0 & skip_empty: 1,A4 M:Sx( B:Sx) L:Sx,split_groups: 0|- 2|- 2_1|- & skip_empty: 1
US-ME-SWI,Dx_Sx[- ]Sx,split_groups: 2|- & drop_cols: 0 & skip_empty: 1,A4 M:Sx( B:Sx) L:Sx,split_groups: 0|- 2|- 2_1|- & skip_empty: 1
US-ME-SOR,Dx_Sx[- ]Sx,split_groups: 2|\s 2_1|\s 2_1_1|\s 2_1_1_1|\s & drop_cols: 0 & skip_empty: 1,A4 M:Sx( B:Sx) L:Sx,split_groups: 0|- & skip_empty: 1
US-ME-SUR,Sx( )-( )(Sx)( - Sx)(-Sx)( Sx),merge_after: 2 & skip_empty: 1,A4 M:Sx( B:Sx) L:Sx,split_groups: 2|- & skip_empty: 1
US-ME-STO,Sx-Sx-Sx(-Sx),merge_after: 2 1 0,A4 M:Sx B:(Sx)( L:(Sx)),split_groups: 1|- 2|- & merge_after: 2_0 1_1 1_0 0
US-ME-SUL,Sx-Sx(-Sx)(-Sx),merge_after: 1 & skip_empty: 1,A4 M:Sx( B:Sx) L:Sx,split_groups: 0|- 1|- 2|- & merge_after: 0_0 2_0 & skip_empty: 1
US-ME-TRE,Dx_Sx[- ]Sx,split_groups: 1|1 2|- & drop_cols: 0 1_0 & skip_empty: 1,A4 A:Sx A:(Sx)( A:(Sx))( (A:)(Sx)),split_groups: 1|- & skip_empty: 1
US-ME-TRT,[S.]x-Sx(-Sx)(/Dx),skip_empty: 1,A4 A:Sx A:(Sx)( A:(Sx))( (A:)(Sx)),split_groups: 1|- 1_1|- 1_1_0|& & skip_empty: 1
US-ME-VEI,Dx,string_lengths: 3 3 3 3 & skip_empty: 1,A4 M:Sx( B:Sx) L:Sx,split_groups: 0|- 2|- 2_1|- & skip_empty: 1
US-ME-WAM,Sx( )-( )(Sx)( - Sx)(-Sx)( Sx),merge_after: 1 & skip_empty: 1,A4 M:Sx( B:Sx) L:Sx,split_groups: 0|- 0_1|- 2|- & merge_after: 2_0 & skip_empty: 1
US-ME-WIH,Sx-Sx-Sx(-Sx),merge_after: 2 1 0,A4 M:Sx( B:Sx) L:Sx,split_groups: 2|- & merge_after: 2_0 1 0
US-ME-ALB,Sx( )-( )(Sx)( - Sx)(-Sx)( Sx),drop_cols: 0 & skip_empty: 1,A4 A:Sx A:(Sx)( A:(Sx))( (A:)(Sx)),split_groups: 2|- & merge_after: 2_0 & skip_empty: 1
US-ME-AUG,Sx Sx( Sx),skip_empty: 1,A4 M:Sx B:(Sx)( L:(Sx)),split_groups: 2|- & merge_after: 2_0 & skip_empty: 1
US-ME-CHE,Sx-Sx(-Sx)(-Sx),merge_after: 2 & max_length: 2|5 & skip_empty: 1,A4 M:Sx B:(Sx)( L:(Sx)),split_groups: 0|- 1|- 2|- & skip_empty: 1
US-ME-CHI,Dx_Sx[- ]Sx,split_groups: 2|- & drop_cols: 0 & skip_empty: 1,A4 M:Sx B:(Sx)( L:(Sx)),split_groups: 1|- & merge_after: 1_0 & skip_empty: 1
US-ME-FAE,Dx_Sx[- ]Sx,split_groups: 2|- 2_1|- & drop_cols: 0 & skip_empty: 1,A4 M:Sx( B:Sx) L:Sx,split_groups: 0|. 1|. 2|. & skip_empty: 1
US-ME-FAY,Sx( )-( )(Sx)( - Sx)(-Sx)( Sx),drop_cols: 4 & skip_empty: 1,A4 M:Sx B:(Sx)( L:(Sx)),split_groups: 0|- 1|- 2|- & skip_empty: 1
US-ME-GAR,Sx,split_groups: 0|3 0_1|3 0_1_1|4 0_1_1_1|2 0_1_1_1_1|1 0_1_1_1_1_1|1 0_1_1_1_1_1_1|2 & merge_after: 0_0 0_0 0_0 0_0 0_0 0_0 & skip_empty: 1,A4 M:Sx( B:Sx)( L:Sx)( [SUP]:(Sx)),split_groups: 0|-2 1|- 1_1|- 2|- & merge_after: 0_0 0_0 0_0 0_0 0_0 0_0 0_0 & skip_empty: 1
US-ME-HAL,Sx( )-( )(Sx)( - Sx)(-Sx)( Sx),drop_cols: 4 & skip_empty: 1,A4 M:Sx( B:Sx) L:Sx,split_groups: 2|- & drop_cols: 1 & skip_empty: 1
US-ME-LIT,Dx_Sx[- ]Sx,split_groups: 2|- 2_1|- & drop_cols: 0 & merge_after: 1 1 1 & skip_empty: 1,A4 M:Sx( B:Sx) L:Sx,split_groups: 2|- & merge_after: 2_0 1 0
US-ME-MAN,Sx-Sx(-Sx)(-Sx),skip_empty: 1,A4 M:Sx( B:Sx) L:Sx,split_groups: 0|- 2|- 2_1|- & skip_empty: 1
US-ME-MON,Sx,string_lengths: 3 3 1 2 3 & skip_empty: 1,A4 A:Sx A:(Sx)( A:(Sx))( (A:)(Sx)),split_groups: 1|- 1_1|- & skip_empty: 1
US-ME-OAK,Sx-Sx(-Sx)(-Sx),split_groups: 0|1 & drop_cols: 0_0 & skip_empty: 1,A4 A:Sx A:(Sx)( A:(Sx))( (A:)(Sx)),split_groups: 1|- 1_1|- & skip_empty: 1
US-ME-PIN,Sx-Sx(-Sx)(-Sx),skip_empty: 1,A4 M:Sx( B:Sx) L:Sx,split_groups: 2|- 2_1|- & skip_empty: 1
US-ME-RAH,Sx( )-( )(Sx)( - Sx)(-Sx)( Sx),merge_after: 4 3 2 & skip_empty: 1,A4 M:Sx( B:Sx) L:Sx,split_groups: 2|- & drop_cols: 1 & skip_empty: 1
US-ME-REA,Dx_Sx[- ]Sx,split_groups: 2|- 2_1|- & drop_cols: 0 & keep_length: 2_0 2_1_0 2_1_0 2_1_1 & merge_after: 1 1 1 & skip_empty: 1,A4 M:Sx( B:Sx) L:Sx,split_groups: 2|- & keep_length: 2_0 & merge_after: 0 0 & skip_empty: 1
US-ME-SID,Sx-Sx(-Sx)(-Sx),split_groups: 0|1 & drop_cols: 0_0 & skip_empty: 1,A4 M:Sx( B:Sx) L:Sx,split_groups: 0|- 2|- 2_1|- & skip_empty: 1
US-ME-VAS,Dx_Sx[- ]Sx,split_groups: 2|- & drop_cols: 0 & skip_empty: 1,A4 M:Sx( B:Sx) L:Sx,split_groups: 0|- 2|- & skip_empty: 1
US-ME-WAE,Sx( )-( )(Sx)( - Sx)(-Sx)( Sx),split_groups: 0|S 0_0|N & drop_cols: 4 & skip_empty: 1,A4 M:Sx B:(Sx)( L:(Sx)),split_groups: 0|- 1|- & keep_length: 0_1 1_1 & merge_after: 0_0 1_0 & skip_empty: 1
US-ME-WIR,Sx-Sx(-Sx)(-Sx),skip_empty: 1,A4 M:Sx( B:Sx) L:Sx,split_groups: 0|- 2|- 2_1|- & skip_empty: 1
US-ME-WIW,Dx_Sx[- ]Sx,split_groups: 2|- & drop_cols: 0 & skip_empty: 1,A4 M:Sx( B:Sx)( L:Sx)( [SUP]:(Sx)),split_groups: 2|- 2_1|- & skip_empty: 1
US-ME-WIP,Sx-Sx(-Sx)(-Sx),skip_empty: 1,A4 M:Sx L:Sx( S:(Sx)),split_groups: 2|- & skip_empty: 1
US-ME-WAY,Dx_Sx[- ]Sx,split_groups: 0|5 2|- & drop_cols: 0_0 & keep_length: 0 & skip_empty: 1,A4 M:Sx( B:Sx) L:Sx,split_groups: 0|- 2|- & skip_empty: 1
US-ME-APP,Dx(-Sx)(-Dx),skip_empty: 1,A4 M:Sx( B:Sx) L:Sx,split_groups: 0|1 2|- & drop_cols: 0_0 & skip_empty: 1
US-ME-CAM,Dx(_A)(_Dx)(_A)_Dx(_A),skip_empty: 1 & drop_cols: 0,A4 M:Sx( B:Sx)( L:Sx)( [SUP]:(Sx)),skip_empty: 1 & keep_length: 1 2 3 & merge_after: 0 0 0
US-ME-CUS,Sx( )-( )(Sx)( - Sx)(-Sx)( Sx),merge_after: 4 3 2 & skip_empty: 1,A4 M:Sx( B:Sx) L:Sx,split_groups: 0|1 2|- 2_1|- & merge_after: 0_0 & skip_empty: 1
US-ME-FRI,Sx-Sx(-Sx)(-Sx),merge_after: 2 1 0 & skip_empty: 1,A4 A:Sx A:(Sx)( A:(Sx))( (A:)(Sx)),drop_cols: 0 & skip_empty: 1
US-ME-HOP,Sx( )-( )(Sx)( - Sx)(-Sx)( Sx),split_groups: 1|. & skip_empty: 1,A4 M:Sx( B:Sx) L:Sx,split_groups: 2|- & drop_cols: 1 & skip_empty: 1
US-ME-NHA,Sx-Sx(-Sx)(-Sx),skip_empty: 1,A4 M:Sx( B:Sx) L:Sx,split_groups: 0|1 2|- 2_1|- & merge_after: 0_0 & skip_empty: 1
US-ME-OWH,Sx-Sx(-Sx)(-Sx),skip_empty: 1,A4 M:Sx( B:Sx) L:Sx,split_groups: 0|1 2|- 2_1|- & merge_after: 0_0 & skip_empty: 1
US-ME-ROT,Sx( )-( )(Sx)( - Sx)(-Sx)( Sx),merge_after: 4 3 2 & skip_empty: 1,A4 M:Sx( B:Sx)( L:Sx)( [SUP]:(Sx)),split_groups: 3|- & skip_empty: 1
US-ME-ROC,Sx(-)Dx,split_groups: 0|- 0_0|3 & skip_empty: 1,A4 M:Sx( B:Sx) L:Sx,split_groups: 2|2 & skip_empty: 1
US-ME-GEO,Sx( )-( )(Sx)( - Sx)(-Sx)( Sx),merge_after: 1 & skip_empty: 1,A4 A:Sx A:(Sx)( A:(Sx))( (A:)(Sx)),split_groups: 1|- & merge_after: 1_0 & skip_empty: 1
US-ME-STH,Sx( )-( )(Sx)( - Sx)(-Sx)( Sx),split_groups: 0|S 0_0|N & drop_cols: 4 & skip_empty: 1,A4 M:Sx( B:Sx)( L:Sx)( [SUP]:(Sx)),split_groups: 0|- 1|- 2|- 3|- & skip_empty: 1
US-ME-THO,Sx( )-( )(Sx)( - Sx)(-Sx)( Sx),drop_cols: 3 & skip_empty: 1,A4 M:Sx( B:Sx) L:Sx,split_groups: 2|- 2_1|- & skip_empty: 1
US-ME-UNI,Dx_Sx[- ]Sx,split_groups: 2|- & drop_cols: 0 & skip_empty: 1,A4 M:Sx( B:Sx) L:Sx,split_groups: 0|- 2|- & skip_empty: 1
US-ME-VIN,Sx-Sx(-Sx)(-Sx),skip_empty: 1,A4 M:Sx( B:Sx) L:Sx,split_groups: 0|- 2|- 2_1|- & skip_empty: 1
US-ME-WAR,Sx-Sx(-Sx)(-Sx),skip_empty: 1,A4 M:Sx L:Sx( S:(Sx)),split_groups: 2|- & skip_empty: 1
US-ME-WAS,Sx-Sx(-Sx)(-Sx),skip_empty: 1,A4 M:Sx( B:Sx) L:Sx,split_groups: 0|- 2|- 2_1|- & skip_empty: 1
US-ME-ALN,Sx( )-( )(Sx)( - Sx)(-Sx)( Sx),drop_cols: 0 & skip_empty: 1,A4 M:Sx L:Sx( S:(Sx)),split_groups: 0|1 & drop_cols: 0_0 & skip_empty: 1
US-ME-BOH,Sx-Sx(-Sx)(-Sx),skip_empty: 1,A4 M:Sx( B:Sx) L:Sx,split_groups: 2|- 2_1|- & skip_empty: 1
US-ME-BRL,Sx-[S.]x(-Sx)(-Sx)(-Sx),split_groups: 1|. & skip_empty: 1,A4 M:Sx( B:Sx) L:Sx,split_groups: 2|- 2_1|- & skip_empty: 1
US-ME-BOO,Sx-[S.]x(-Sx)(-Sx)(-Sx),split_groups: 1|. & skip_empty: 1,A4 A:Sx A:(Sx)( A:(Sx))( (A:)(Sx)),split_groups: 0|- 1|- 3|- & skip_empty: 1
US-ME-BRM,Sx-Sx(-Sx)(-Sx),skip_empty: 1,A4 A:Sx A:(Sx)( A:(Sx))( (A:)(Sx)),split_groups: 1|- 1_1|- 1_1_0|& & skip_empty: 1
US-ME-DAM,Dx(.-Dx.-Dx),keep_length: 1 2 & merge_after: 0 0 & skip_empty: 1,A4 M:Sx( B:Sx) L:Sx,split_groups: 2|- & keep_length: 2_0 & merge_after: 0 0 & skip_empty: 1
US-ME-DRE,Sx [S.]x,skip_empty: 1,A4 A:Sx A:(Sx)( A:(Sx))( (A:)(Sx)),split_groups: 1|- & merge_after: 1_0 & skip_empty: 1
US-ME-EDG,Dx_Sx[- ]Sx,split_groups: 2|- 2_1|- & drop_cols: 0 & skip_empty: 1,A4 M:Sx( B:Sx) L:Sx,split_groups: 0|- 2|- 2_1|- & skip_empty: 1
US-ME-JEF,Sx [S-]x( [S-]x),split_groups: 1|- & skip_empty: 1,A4 M:Sx( B:Sx) L:Sx,split_groups: 0|- 2|- 2_1|- & skip_empty: 1
US-ME-NEE,Sx-Sx(-Sx)(-Sx),merge_after: 2 & max_length: 2|5 & skip_empty: 1,A4 M:Sx( B:Sx) L:Sx,split_groups: 0|- 2|- & skip_empty: 1
US-ME-NOB,Sx( )-( )(Sx)( - Sx)(-Sx)( Sx),merge_after: 1 & skip_empty: 1,A4 M:Sx( B:Sx) L:Sx,split_groups: 0|- 1|- 2|- & merge_after: 0_0 2_0 & skip_empty: 1
US-ME-SBR,Ignored,simple,A4 M:Sx( B:Sx) L:Sx,split_groups: 2|- & merge_after: 2_0 1 0
US-ME-SOM,Sx( )-( )(Sx)( - Sx)(-Sx)( Sx),split_groups: 0|S 0_0|N & drop_cols: 4 & skip_empty: 1,A4 M:Sx( B:Sx) L:Sx,split_groups: 0|1 2|- & drop_cols: 0_0 & skip_empty: 1
US-ME-WAL,Ignored,simple,A4 M:Sx( B:Sx) L:Sx,split_groups: 2|- & merge_after: 2_0 1 0
US-ME-WHI,Sx-Sx(-Sx)(-Sx),split_groups: 0|1 & drop_cols: 0_0 & skip_empty: 1,A4 A:Sx A:(Sx)( A:(Sx))( (A:)(Sx)),split_groups: 1|- 1_1|- 1_1_0|& & skip_empty: 1
US-ME-WEI,Sx-[S.]x(-Sx)(-Sx)(-Sx),split_groups: 1|. & skip_empty: 1,A4 M:Sx( B:Sx) L:Sx,split_groups: 2|. 2_0|- & drop_cols: 1 & skip_empty: 1
US-ME-WIS,Sx-[S.]x(-Sx)(-Sx)(-Sx),merge_after: 4 3 2 & skip_empty: 1,A4 A:Sx A:(Sx)( A:(Sx))( (A:)(Sx)),split_groups: 2|- & merge_after: 2_0 & skip_empty: 1
US-ME-BET,Sx-[S.]x(-Sx)(-Sx)(-S.x),split_groups: 1|. 4|. & skip_empty: 1,A4 A:Sx A:(Sx)( A:(Sx))( (A:)(Sx)),split_groups: 0|- 2|- 1|. & skip_empty: 1
US-ME-BUD,Sx,string_lengths: 3 3 3 3 & skip_empty: 1,A4 M:Sx( B:Sx)( L:Sx)( [SUP]:(Sx)),skip_empty: 1
US-ME-CNT,Sx-[S.]x,split_groups: 1|. & skip_empty: 1,A4 A:Sx A:(Sx)( A:(Sx))( (A:)(Sx)),split_groups: 2|- & skip_empty: 1
US-ME-DEN,Sx(-)Dx,split_groups: 0|- 0_0|3 & skip_empty: 1,A4 A:Sx A:(Sx)( A:(Sx))( (A:)(Sx)),split_groups: 1|- 1_1|- 1_1_0|& & skip_empty: 1
US-ME-DIX,Sx-Sx(-Sx)(-Sx),skip_empty: 1,A4 M:Sx( B:Sx) L:Sx,split_groups: 2|- 2_1|- & skip_empty: 1
US-ME-FRY,Dx_Sx[- ]Sx,split_groups: 2|- 2_1|- & drop_cols: 0 & skip_empty: 1,A4 M:Sx( B:Sx) L:Sx,split_groups: 0|- 2|- 2_1|- & skip_empty: 1
US-ME-GIL,D5_Sx(-Sx),drop_cols: 0 & skip_empty: 1,A4 A:Sx A:(Sx)( A:(Sx))( (A:)(Sx)),keep_length: 1 2 & merge_after: 0 0 & skip_empty: 1
US-ME-GRD,Sx-Sx(-Sx)(-Sx),merge_after: 2 & max_length: 2|5 & skip_empty: 1,A4 M:Sx( B:Sx) L:Sx,split_groups: 2|. 2_0|- & drop_cols: 1 & skip_empty: 1
US-ME-HAN,Dx_Sx[- ]Sx,split_groups: 1|1 2|- & drop_cols: 0 1_0 & skip_empty: 1,A4 M:Sx L:Sx( S:(Sx)),split_groups: 0|1 & drop_cols: 0_0 & skip_empty: 1
US-ME-HEB,Sx-Sx(-Sx)(-Sx),split_groups: 0|1 & drop_cols: 0_0 & skip_empty: 1,A4 M:Sx( B:Sx) L:Sx,split_groups: 0|1 2|- & drop_cols: 0_0 & skip_empty: 1
US-ME-HIR,Sx-[S.]x(-Sx)(-Sx)(-Sx),merge_after: 1 & skip_empty: 1,A4 M:Sx( B:Sx) L:Sx,split_groups: 0|- 0_1|- 2|- & merge_after: 2_0 & skip_empty: 1
US-ME-HRT,Sx-Sx(-Sx)(-Sx),skip_empty: 1,A4 M:Sx( B:Sx) L:Sx,split_groups: 2|- 2_1|- & skip_empty: 1
US-ME-LOV,Dx_Sx[- ]Sx,split_groups: 0|5 2|- & drop_cols: 0_0 & keep_length: 0 & skip_empty: 1,A4 M:Sx( B:Sx) L:Sx,split_groups: 2|. 2_0|- & drop_cols: 1 & skip_empty: 1
US-ME-MLT,Dx(.-Dx.-Dx),merge_after: 0 & skip_empty: 1,A4 M:Sx B:(Sx)( L:(Sx)),merge_after: 1 0
US-ME-NEY,Sx-Sx(-Sx)(-Sx),split_groups: 1|2 & skip_empty: 1,A4 A:Sx A:(Sx)( A:(Sx))( (A:)(Sx)),split_groups: 0|- 1|- 3|- & skip_empty: 1
US-ME-NOR,Sx-[S.]x(-Sx)(-Sx)(-Sx),skip_empty: 1,A4 M:Sx( B:Sx) L:Sx,split_groups: 0|1 2|- 2_1|- & merge_after: 0_0 & skip_empty: 1
US-ME-OTI,Sx-Sx-Sx,merge_after: 1 & skip_empty: 1,A4 A:Sx A:(Sx)( A:(Sx))( (A:)(Sx)),split_groups: 2|- & skip_empty: 1
US-ME-OXF,Sx-Sx-Sx(.Sx),merge_after: 0 0 0 & skip_empty: 1,A4 M:Sx( B:Sx) L:Sx,split_groups: 2|- & merge_after: 2_0 1 0
US-ME-PAR,Sx-[S.]x(-Sx)(-Sx)(-S.x),split_groups: 1|. 4|. & skip_empty: 1,A4 A:Sx A:(Sx)( A:(Sx))( (A:)(Sx)),split_groups: 0|- 2|- 1|. & skip_empty: 1
US-ME-PER,[S.]x-Sx(-Sx)(/Dx),skip_empty: 1,A4 M:Sx( B:Sx)( L:Sx)( [SUP]:(Sx)),split_groups: 0|- 1|- 2|- 3|- & skip_empty: 1
US-ME-PRT,Sx-Sx,split_groups: 1|A & skip_empty: 1,A4 M:Sx( B:Sx) L:Sx,split_groups: 2|- & drop_cols: 1 2_1
US-ME-RUM,Sx( )-( )(Sx)( - Sx)(-Sx)( Sx),merge_after: 4 3 2 & skip_empty: 1,A4 M:Sx( B:Sx) L:Sx,split_groups: 2|- 2_1|- & skip_empty: 1
US-ME-STM,Sx-Sx-Sx(-Sx)(-Sx),skip_empty: 1,A4 A:Sx A:(Sx)( A:(Sx))( (A:)(Sx)),split_groups: 0|- 1|- 3|- & skip_empty: 1
US-ME-SUM,Sx( )-( )(Sx)( - Sx)(-Sx)( Sx),split_groups: 1|. & skip_empty: 1,A4 M:Sx( B:Sx) L:Sx,split_groups: 2|. 2_0|- & drop_cols: 1 & skip_empty: 1
US-ME-SWE,Dx_Sx[- ]Sx,split_groups: 2|- & drop_cols: 0 & join_char:   & skip_empty: 1,A4 M:Sx( B:Sx) L:Sx,split_groups: 2|- & join_char:   & skip_empty: 1
US-ME-STW,Sx( )-( )(Sx)( - Sx)(-Sx)( Sx),merge_after: 1 & skip_empty: 1,A4 M:Sx( B:Sx) L:Sx,split_groups: 0|- 1|- 2|- & merge_after: 0_0 2_0 & skip_empty: 1
US-ME-WAD,Sx(-)Dx,split_groups: 0|2 & merge_after: 0_1 & skip_empty: 1,A4 M:Sx( B:Sx) L:Sx,split_groups: 0|- 0_1|- 2|- & merge_after: 2_0 & skip_empty: 1
US-ME-WOK,Sx-Sx(-Sx)(-Sx),skip_empty: 1,A4 M:Sx( B:Sx) L:Sx,split_groups: 2|- 2_1|- & skip_empty: 1
US-ME-WPA,Sx-Sx(-Sx)(-Sx),split_groups: 0|1 & drop_cols: 0_0 & skip_empty: 1,A4 A:Sx A:(Sx)( A:(Sx))( (A:)(Sx)),split_groups: 1|- 1_1|- 1_1_0|& & skip_empty: 1
US-ME-ARG,Dx(.-Dx.-Dx),keep_length: 1 2 & merge_after: 0 0 & skip_empty: 1,A4 M:Sx B:(Sx)( L:(Sx)),split_groups: 1|- 2|- & merge_after: 2_0 1_1 1_0 0
US-ME-BAN,Sx( )-( )(Sx)( - Sx)(-Sx)( Sx),merge_after: 2 & max_length: 2|5 & skip_empty: 1,A4 A:Sx A:(Sx)( A:(Sx))( (A:)(Sx)),split_groups: 1|- 1_1|- 1_1_0|& & skip_empty: 1
US-ME-BRA,Sx-Sx(-Sx)(-Sx),split_groups: 0|1 & drop_cols: 0_0 & skip_empty: 1,A4 A:Sx A:(Sx)( A:(Sx))( (A:)(Sx)),split_groups: 1|- 1_1|- & skip_empty: 1
US-ME-BRE,Sx-Sx,split_groups: 0|4 0_1|2 & drop_cols: 0_0 & skip_empty: 1,A4 M:Sx( B:Sx)( L:Sx)( [SUP]:(Sx)),split_groups: 2|- & merge_after: 2_0 & skip_empty: 1
US-ME-CLN,Dx_Sx[- ]Sx,split_groups: 2|- & drop_cols: 0 & join_char:   & skip_empty: 1,A4 A:Sx A:(Sx)( A:(Sx))( (A:)(Sx)),split_groups: 1|- & join_char:   & skip_empty: 1
US-ME-DEX,Sx-Sx(-Sx)(-Sx),skip_empty: 1,A4 M:Sx( B:Sx) L:Sx,split_groups: 2|- 2_1|- & skip_empty: 1
US-ME-GAD,Sx-Sx,split_groups: 1|2 1_1|2 1_1_1|3 & drop_cols: 0 & skip_empty: 1,Sx [S-]x( [S-]x),split_groups: 1|- 1_1|- & drop_cols: 0 & skip_empty: 1
US-ME-GLE,Sx-Sx-Sx,drop_cols: 2 & skip_empty: 1,A4 M:Sx( B:Sx) L:Sx,split_groups: 2|2 & skip_empty: 1
US-ME-HAM,Sx-Sx-Sx(-Sx)(-Sx),skip_empty: 1,A4 M:Sx B:(Sx)( L:(Sx)),split_groups: 1|3 2|- & skip_empty: 1
US-ME-HER,Sx-Sx-Sx,skip_empty: 1,A4 A:Sx A:(Sx)( A:(Sx))( (A:)(Sx)),drop_cols: 2 3 & skip_empty: 1
US-ME-HON,Dx_Sx[- ]Sx,split_groups: 1|1 2|- & drop_cols: 0 1_0 & skip_empty: 1,A4 M:Sx( B:Sx) L:Sx,split_groups: 2|2 & skip_empty: 1
US-ME-HOW,Sx-Sx(-Sx)(-Sx),merge_after: 2 & max_length: 2|5 & skip_empty: 1,A4 A:Sx A:(Sx)( A:(Sx))( (A:)(Sx)),split_groups: 1|- & skip_empty: 1
US-ME-KNG,Dx(.-Dx.-Dx),keep_length: 1 2 3 & merge_after: 0 0 0 & skip_empty: 1,A4 M:Sx B:(Sx)( L:(Sx)),merge_after: 1 0
US-ME-LIN,Dx_Sx[- ]Sx,split_groups: 2|- 2_1|- & drop_cols: 0 & skip_empty: 1,A4 M:Sx L:Sx( S:(Sx)),split_groups: 2|1 2_1|- & skip_empty: 1
US-ME-LEV,Dx_Sx[- ]Sx,split_groups: 2|- 2_1|- & drop_cols: 0 & skip_empty: 1,A4 M:Sx( B:Sx) L:Sx,split_groups: 2|- 2_1|- & skip_empty: 1
US-ME-MOC,Sx(-)Dx,skip_empty: 1 & drop_cols: 0_0 & split_groups: 0|4 0_1|3,A4 A:Sx A:(Sx)( A:(Sx))( (A:)(Sx)),skip_empty: 1
US-ME-MID,Sx-Sx(-Sx)(-Sx),skip_empty: 1,A4 A:Sx A:(Sx)( A:(Sx))( (A:)(Sx)),split_groups: 1|- 1_1|- 1_1_0|& & skip_empty: 1
US-ME-NEH,Sx( )-( )(Sx)( - Sx)(-Sx)( Sx),drop_cols: 3 & skip_empty: 1,A4 A:Sx A:(Sx)( A:(Sx))( (A:)(Sx)),split_groups: 0|- 1|- 3|- & skip_empty: 1
US-ME-ORR,Sx( )-( )(Sx)( - Sx)(-Sx)( Sx),drop_cols: 4 & skip_empty: 1,A4 A:Sx A:(Sx)( A:(Sx))( (A:)(Sx)),split_groups: 1|- & skip_empty: 1
US-ME-ORO,Sx-Sx-Sx(-Sx),skip_empty: 1,A4 M:Sx( B:Sx) L:Sx,split_groups: 0|- 2|- 2_1|- & skip_empty: 1
US-ME-OLD,Sx-Sx-Sx,merge_after: 1 & skip_empty: 1,A4 A:Sx A:(Sx)( A:(Sx))( (A:)(Sx)),split_groups: 1|- & merge_after: 1_0 & skip_empty: 1
US-ME-PAT,Sx( )-( )(Sx)( - Sx)(-Sx)( Sx),merge_after: 1 & skip_empty: 1,A4 M:Sx( B:Sx) L:Sx,split_groups: 0|- 1|- 2|- & merge_after: 0_0 2_0 & skip_empty: 1
US-ME-VEA,Sx(-)Dx,split_groups: 0|- 0_0|3 & skip_empty: 1,A4 M:Sx( B:Sx) L:Sx,split_groups: 0|- 2|- 2_1|- & skip_empty: 1
US-ME-BRO,Sx,split_groups: 0|6 0_1|8 0_1_1|8 0_1_1_0|5 0_1_1_0_1|[0] & drop_cols: 0_0 & merge_after: 0_1_0 0_1_0 0_1_0 & skip_empty: 1,A4 M:Sx( B:Sx) L:Sx,split_groups: 2|- & merge_after: 2_0 1 0
US-ME-DOF,Sx-Sx(-Sx)(-Sx),merge_after: 1 & skip_empty: 1,A4 M:Sx( B:Sx) L:Sx,split_groups: 0|- 0_1|- 2|- & merge_after: 2_0 & skip_empty: 1
US-ME-GRN,Sx( )-( )(Sx)( - Sx)(-Sx)( Sx),merge_after: 1 & skip_empty: 1,A4 M:Sx( B:Sx) L:Sx,split_groups: 0|- 0_1|- 2|- & merge_after: 2_0 & skip_empty: 1
US-ME-LAV,Sx(-)Dx,drop_cols: 0 & skip_empty: 1,A4 M:Sx( B:Sx) L:Sx,split_groups: 2|2 2_1|. & drop_cols: 0 & merge_after: 2_1_0 & skip_empty: 1
US-ME-SHI,Sx( )-( )(Sx)( - Sx)(-Sx)( Sx),drop_cols: 1 & skip_empty: 1,A4 M:Sx( B:Sx) L:Sx,split_groups: 0|1 2|- & drop_cols: 0_0 & skip_empty: 1
US-ME-ARR,Sx-Sx(-Sx)(-Sx),split_groups: 0|1 & drop_cols: 0_0 & skip_empty: 1,A4 M:Sx( B:Sx) L:Sx,split_groups: 0|- 2|- 2_1|- & skip_empty: 1
US-ME-BAT,Sx( )-( )(Sx)( - Sx)(-Sx)( Sx),split_groups: 0|S 0_0|N & drop_cols: 4 & skip_empty: 1,A4 M:Sx( B:Sx) L:Sx,split_groups: 2|- & skip_empty: 1
US-ME-BOW,Sx( )-( )(Sx)( - Sx)(-Sx)( Sx),drop_cols: 4 & skip_empty: 1,A4 M:Sx( B:Sx) L:Sx,split_groups: 0|- 2|- & skip_empty: 1
US-ME-BOM,Dx_Sx[- ]Sx,split_groups: 2|- & drop_cols: 0 & skip_empty: 1,A4 M:Sx( B:Sx) L:Sx,split_groups: 2|- & skip_empty: 1
US-ME-GEO,Sx( )-( )(Sx)( - Sx)(-Sx)( Sx),drop_cols: 4 & skip_empty: 1,A4 M:Sx( B:Sx) L:Sx,split_groups: 2|- & skip_empty: 1
US-ME-PHI,Dx_Sx[- ]Sx,drop_cols: 0 & merge_after: 2_0 0_0 & skip_empty: 1,A4 A:Sx A:(Sx)( A:(Sx))( (A:)(Sx)),split_groups: 2|- & skip_empty: 1
US-ME-RIC,Sx-Sx-Sx(-Sx),skip_empty: 1,A4 M:Sx( B:Sx) L:Sx,split_groups: 2|- 2_1|- & skip_empty: 1
US-ME-TOP,Sx-Sx(-Sx)(-Sx),skip_empty: 1,A4 M:Sx( B:Sx) L:Sx,split_groups: 0|- 2|- 2_1|- & skip_empty: 1
US-ME-WBA,Sx-[S.]x(-Sx)(-Sx)(-Sx),merge_after: 4 3 2 1 0 & skip_empty: 1,A4 M:Sx B:(Sx)( L:(Sx)),split_groups: 1|- 2|- & merge_after: 2_0 1_1 1_0 0
US-ME-WOO,Sx-Sx(-Sx)(-Sx),skip_empty: 1,A4 A:Sx A:(Sx)( A:(Sx))( (A:)(Sx)),split_groups: 1|- 1_1|- 1_1_0|& & skip_empty: 1
US-ME-ANS,Sx( )(Sx)( )(Sx) ( )(Sx),split_groups: 1|- & skip_empty: 1,A4 M:Sx( B:Sx) L:Sx,split_groups: 0|- 2|- 2_1|- & skip_empty: 1
US-ME-BIN,Sx( )-( )(Sx)( - Sx)(-Sx)( Sx),merge_after: 2 & skip_empty: 1,A4 M:Sx( B:Sx) L:Sx,split_groups: 2|. 2_0|- & drop_cols: 1 & skip_empty: 1
US-ME-CAN,Sx( )-( )(Sx)( - Sx)(-Sx)( Sx),split_groups: 1|2 & drop_cols: 1_1 4 & skip_empty: 1,A4 A:Sx A:(Sx)( A:(Sx))( (A:)(Sx)),skip_empty: 1
US-ME-FAI,Sx-Sx(-Sx)(-Sx),split_groups: 0|1 & drop_cols: 0_0 & skip_empty: 1,A4 A:Sx A:(Sx)( A:(Sx))( (A:)(Sx)),split_groups: 1|- 1_1|- & skip_empty: 1
US-ME-HIG,Sx,split_groups: 0|6 0_1|8 0_1_1|8 0_1_1_0|5 0_1_1_0_1|[0] & drop_cols: 0_0 & merge_after: 0_1_0 0_1_0 0_1_0 & skip_empty: 1,A4 A:Sx A:(Sx)( A:(Sx))( (A:)(Sx)),keep_length: 1 2 & merge_after: 0 0 & skip_empty: 1
US-ME-MAD,Sx-Sx(-Sx)(-Sx),skip_empty: 1,A4 M:Sx( B:Sx) L:Sx,split_groups: 0|1 2|- 2_1|- & merge_after: 0_0 & skip_empty: 1
US-ME-MOS,Sx#Sx,split_groups: 1|& 1_0|- & skip_empty: 1,A4 M:Sx( B:Sx) L:Sx,split_groups: 2|- & drop_cols: 1 & skip_empty: 1
US-ME-SKO,Sx-Sx(-Sx)(-Sx),skip_empty: 1,A4 M:Sx B:(Sx)( L:(Sx)),split_groups: 0|- 1|- 2|- & skip_empty: 1
US-ME-STK,Sx-[S.]x(-Sx)(-Sx)(-Sx),merge_after: 4 3 2 & skip_empty: 1,A4 M:Sx( B:Sx) L:Sx,split_groups: 2|- & skip_empty: 1
US-ME-BEL,Sx( )-( )(Sx)( - Sx)(-Sx)( Sx),merge_after: 1 & skip_empty: 1,A4 M:Sx( B:Sx) L:Sx,split_groups: 0|- 1|- 2|- & merge_after: 0_0 2_0 & skip_empty: 1
US-ME-BRS,Sx-Sx(-Sx)(-Sx),merge_after: 2 & max_length: 2|5 & skip_empty: 1,A4 A:Sx A:(Sx)( A:(Sx))( (A:)(Sx)),split_groups: 1|- 1_1|- & skip_empty: 1
US-ME-FRM,Sx( )-( )(Sx)( - Sx)(-Sx)( Sx),split_groups: 1|2 & drop_cols: 1_1 4 & skip_empty: 1,A4 A:Sx A:(Sx)( A:(Sx))( (A:)(Sx)),split_groups: 0|- 1|- 3|- & skip_empty: 1
US-ME-FRT,Sx( )-( )(Sx)( - Sx)(-Sx)( Sx),drop_cols: 4 & skip_empty: 1,A4 A:Sx A:(Sx)( A:(Sx))( (A:)(Sx)),split_groups: 0|- 1|- 3|- & skip_empty: 1
US-ME-ISL,Sx( )-( )(Sx)( - Sx)(-Sx)( Sx),drop_cols: 3 & skip_empty: 1,A4 M:Sx( B:Sx) L:Sx,split_groups: 0|- 2|- 2_1|- & skip_empty: 1
US-ME-JAC,Sx( )-( )(Sx)( - Sx)(-Sx)( Sx),merge_after: 2 & max_length: 2|5 & skip_empty: 1,A4 M:Sx( B:Sx) L:Sx,split_groups: 0|1 2|- & drop_cols: 0_0 & skip_empty: 1
US-ME-LIB,^([0-9A-Z-]+)$,skip_empty: 1 & split_groups: 0|- 0_1|- 0_1_1|-,A4 A:Sx A:(Sx)( A:(Sx))( (A:)(Sx)),skip_empty: 1 & split_groups: 1|- 1_1|-
US-ME-LIN,Sx( )-( )(Sx)( - Sx)(-Sx)( Sx),merge_after: 1 & skip_empty: 1,A4 M:Sx( B:Sx) L:Sx,split_groups: 0|- 1|- 2|- & merge_after: 0_0 2_0 & skip_empty: 1
US-ME-MOE,Sx-Sx,,A4 A:Sx A:(Sx)( A:(Sx))( (A:)(Sx)),split_groups: 2|- & drop_cols: 3 & skip_empty: 1
US-ME-MON,Sx( )-( )(Sx)( - Sx)(-Sx)( Sx),split_groups: 0|S 0_0|N & drop_cols: 4 & skip_empty: 1,A4 M:Sx( B:Sx) L:Sx,split_groups: 2|. 2_0|- & drop_cols: 1 & skip_empty: 1
US-ME-MOR,Sx-Sx,split_groups: 0|4 & skip_empty: 1,A4 M:Sx( B:Sx) L:Sx,split_groups: 0|- 1|- 2|- & merge_after: 0_0 2_0 & skip_empty: 1
US-ME-NOT,Sx-Sx(-Sx)(-Sx),skip_empty: 1,A4 M:Sx( B:Sx) L:Sx,split_groups: 0|1 2|- 2_1|- & merge_after: 0_0 & skip_empty: 1
US-ME-PAO,Sx [S-]x( [S-]x),split_groups: 1|- & skip_empty: 1,A4 A:Sx A:(Sx)( A:(Sx))( (A:)(Sx)),split_groups: 1|- & skip_empty: 1
US-ME-SET,Dx_Sx[- ]Sx,drop_cols: 0 & skip_empty: 1,A4 M:Sx( B:Sx) L:Sx,split_groups: 0|. 1|. 2|. & skip_empty: 1
US-ME-SEA,Sx( )-( )(Sx)( - Sx)(-Sx)( Sx),split_groups: 1|. & skip_empty: 1,A4 M:Sx( B:Sx) L:Sx,split_groups: 0|- 2|- & skip_empty: 1
US-ME-STS,Sx-Sx,skip_empty: 1,A4 M:Sx( B:Sx) L:Sx,split_groups: 0|1 2|- & drop_cols: 0_0 & skip_empty: 1
US-ME-THE,Sx-[S.]x,skip_empty: 1,A4 M:Sx( B:Sx) L:Sx,split_groups: 2|- & drop_cols: 1 2_1
US-ME-UNT,Sx-Sx(-Sx)(-Sx),skip_empty: 1,A4 A:Sx A:(Sx)( A:(Sx))( (A:)(Sx)),split_groups: 1|- 1_1|- & skip_empty: 1
US-ME-WIT,Sx-[S.]x(-Sx)(-Sx)(-Sx),skip_empty: 1,A4 A:Sx A:(Sx)( A:(Sx))( (A:)(Sx)),split_groups: 1|- 1_1|- 1_1_0|& & skip_empty: 1
US-ME-ADD,Sx-Sx-Sx(-Sx),skip_empty: 1,A4 A:Sx A:(Sx)( A:(Sx))( (A:)(Sx)),split_groups: 1|- 1_1|- & skip_empty: 1
US-ME-ALE,Sx( )-( )(Sx)( - Sx)(-Sx)( Sx),split_groups: 1|2 & drop_cols: 1_1 4 & skip_empty: 1,A4 M:Sx B:(Sx)( L:(Sx)),split_groups: 1|. & drop_cols: 2 & skip_empty: 1
US-ME-BAI,Dx_Sx[- ]Sx,split_groups: 2|- 2_1|- & drop_cols: 0 & skip_empty: 1,A4 M:Sx B:(Sx)( L:(Sx)),split_groups: 2|1 & skip_empty: 1
US-ME-BED,Dx_Sx[- ]Sx,split_groups: 2|- 2_1|- & drop_cols: 0 & skip_empty: 1,A4 M:Sx( B:Sx) L:Sx,split_groups: 2|. 2_0|- & drop_cols: 1 & skip_empty: 1
US-ME-CHD,Sx-Sx-Sx(-Sx),skip_empty: 1,A4 M:Sx( B:Sx) L:Sx,split_groups: 0|1 2|- 2_1|- & merge_after: 0_0 & skip_empty: 1
US-ME-COF,Dx_Sx[- ]Sx,split_groups: 2|- 2_1|- & drop_cols: 0 & skip_empty: 1,A4 M:Sx( B:Sx) L:Sx,split_groups: 2|- 2_1|- & skip_empty: 1
US-ME-COL,Sx-Sx-Sx,split_groups: 0|[A-Z] & skip_empty: 1,A4 A:Sx A:(Sx)( A:(Sx))( (A:)(Sx)),split_groups: 1|- 1_1|- 1_1_0|& & skip_empty: 1
US-ME-COO,Dx_Sx[- ]Sx,split_groups: 2|- & drop_cols: 0 & skip_empty: 1,A4 M:Sx( B:Sx) L:Sx,split_groups: 0|1 2|- & drop_cols: 0_0 & skip_empty: 1
US-ME-CUT,Sx-Sx-Sx(-Sx),skip_empty: 1,A4 M:Sx( B:Sx) L:Sx,split_groups: 0|- 2|- 2_1|- & skip_empty: 1
US-ME-DAN,Dx_Sx[- ]Sx,split_groups: 0|5 2|- & drop_cols: 0_0 & keep_length: 0 & skip_empty: 1,A4 M:Sx( B:Sx) L:Sx,split_groups: 2|2 & skip_empty: 1
US-ME-DEB,Sx-Sx-Sx,skip_empty: 1,A4 A:Sx A:(Sx)( A:(Sx))( (A:)(Sx)),split_groups: 1|- 1_1|- & skip_empty: 1
US-ME-EAS,Dx_Sx[- ]Sx,split_groups: 0|5 2|- & drop_cols: 0_0 & keep_length: 0 & skip_empty: 1,A4 M:Sx B:(Sx)( L:(Sx)),split_groups: 0|- 1|- & keep_length: 0_1 1_1 & merge_after: 0_0 1_0 & skip_empty: 1
US-ME-EMA,Dx(.-Dx.-Dx),skip_empty: 1,A4 A:Sx A:(Sx)( A:(Sx))( (A:)(Sx)),skip_empty: 1 & split_groups: 0|. 1|-
US-ME-HRN,Sx-Sx-Sx(-Sx),drop_cols: 3,A4 M:Sx( B:Sx) L:Sx,split_groups: 2|- & drop_cols: 1
US-ME-JON,(D5_)Dx-Dx-Dx,skip_empty: 1,A4 M:Sx( B:Sx) L:Sx,split_groups: 2|- 2_1|- & skip_empty: 1
US-ME-JOO,Sx-Sx-Sx(-Sx),skip_empty: 1,A4 M:Sx( B:Sx) L:Sx,split_groups: 0|- 2|- 2_1|- & skip_empty: 1
US-ME-LUB,Sx-Sx-Sx(-Sx),skip_empty: 1,A4 A:Sx A:(Sx)( A:(Sx))( (A:)(Sx)),split_groups: 1|- 1_1|- & skip_empty: 1
US-ME-MAC,Sx-Sx-Sx(-Sx),skip_empty: 1,A4 M:Sx( B:Sx) L:Sx,split_groups: 2|- 2_1|- & skip_empty: 1
US-ME-MCH,Dx_Sx[- ]Sx,split_groups: 0|5 2|- & drop_cols: 0_0 & keep_length: 0 & skip_empty: 1,A4 A:Sx A:(Sx)( A:(Sx))( (A:)(Sx)),split_groups: 0|- 1|- 3|- & skip_empty: 1
US-ME-MES,(D5_)Dx-Dx-Dx,skip_empty: 1,A4 M:Sx( B:Sx) L:Sx,split_groups: 0|- 2|- 2_1|- & skip_empty: 1
US-ME-MIE,Dx_Sx[- ]Sx,split_groups: 0|5 2|- & drop_cols: 0_0 & keep_length: 0 & skip_empty: 1,A4 M:Sx( B:Sx) L:Sx,split_groups: 2|- 2_1|- & skip_empty: 1
US-ME-MAR,Dx_Sx[- ]Sx,split_groups: 2|- 2_1|- & drop_cols: 0 & skip_empty: 1,A4 M:Sx( B:Sx) L:Sx,split_groups: 2|- & skip_empty: 1
US-ME-NOD,Sx-Sx-Sx,skip_empty: 1,A4 M:Sx( B:Sx) L:Sx,split_groups: 2|- & skip_empty: 1
US-ME-PEM,(D5_)Dx-Dx-Dx,skip_empty: 1,A4 A:Sx A:(Sx)( A:(Sx))( (A:)(Sx)),split_groups: 0|- 1|- 3|- & skip_empty: 1
US-ME-PRN,Dx_Sx[- ]Sx,split_groups: 2|- & drop_cols: 0 & skip_empty: 1,A4 M:Sx( B:Sx) L:Sx,split_groups: 0|1 2|- & drop_cols: 0_0 & skip_empty: 1
US-ME-PEY,Sx-Sx-Sx(-Sx),skip_empty: 1,A4 M:Sx( B:Sx) L:Sx,split_groups: 0|1 2|- 2_1|- & merge_after: 0_0 & skip_empty: 1
US-ME-RBL,Dx_Sx[- ]Sx,split_groups: 2|- 2_1|- & drop_cols: 0 & skip_empty: 1,Sx [S-]x( [S-]x),split_groups: 1|- 1_1|- 1_1_1|- & drop_cols: 0 & skip_empty: 1
US-ME-STN,Sx-Sx-Sx(-Sx),skip_empty: 1,A4 M:Sx( B:Sx) L:Sx,split_groups: 0|- 2|- 2_1|- & skip_empty: 1
US-ME-WEY,29D3(Sx)(_.Sx)(-.Sx)(-Sx)(-Sx),skip_empty: 1 & drop_cols: 0 & split_groups: 2|_ 3|- 4|- 5|- 6|-,A4 M:Sx( B:Sx) L:Sx,skip_empty: 1 & split_groups: 2|- 2_1|- 0|[A-Z]
US-ME-WHG,Sx-Sx-Sx(-Sx),skip_empty: 1,A4 M:Sx( B:Sx) L:Sx,split_groups: 2|- 2_1|- & skip_empty: 1
US-ME-WHE,Dx_Sx[- ]Sx,split_groups: 2|- 2_1|- & drop_cols: 0 & merge_after: 1 1 1 & skip_empty: 1,A4 M:Sx( B:Sx) L:Sx,split_groups: 2|- & merge_after: 2_0 1 0
US-ME-ACT,Sx-Sx_Sx-Sx,drop_cols: 2 3 & skip_empty: 1,A4 M:Sx( B:Sx) L:Sx,split_groups: 0|. 1|. 2|. & skip_empty: 1
US-ME-ALF,Sx-[S.]x(-Sx)(-Sx)(-Sx),split_groups: 1|. & skip_empty: 1,A4 M:Sx L:Sx( S:(Sx)),split_groups: 2|- & skip_empty: 1
US-ME-ARU,Sx-Sx(-Sx)(-Sx),split_groups: 0|1 & drop_cols: 0_0 & skip_empty: 1,A4 M:Sx( B:Sx) L:Sx,split_groups: 2|- 2_1|- & skip_empty: 1
US-ME-BID,Sx( )-( )(Sx)( - Sx)(-Sx)( Sx),split_groups: 0|S 0_0|N & drop_cols: 4 & skip_empty: 1,A4 M:Sx( B:Sx) L:Sx,split_groups: 0|- 2|- & skip_empty: 1
US-ME-BUX,Sx-Sx(-Sx)(-Sx),split_groups: 0|1 & drop_cols: 0_0 & skip_empty: 1,A4 M:Sx B:(Sx)( L:(Sx)),split_groups: 0|- 1|- & keep_length: 0_1 1_1 & merge_after: 0_0 1_0 & skip_empty: 1
US-ME-DAY,Sx-( )(Sx) ( )(Sx)( )(Dx),split_groups: 1|- 2|- & skip_empty: 1,A4 M:Sx( B:Sx) L:Sx,split_groups: 2|- & skip_empty: 1
US-ME-ELI,Sx( )-( )(Sx)( - Sx)(-Sx)( Sx),merge_after: 4 3 2 & skip_empty: 1,A4 M:Sx B:(Sx)( L:(Sx)),split_groups: 1|/ 3|4 & skip_empty: 1
US-ME-HOL,Sx,string_lengths: 3 3 3 3 & skip_empty: 1,A4 A:Sx A:(Sx)( A:(Sx))( (A:)(Sx)),split_groups: 0|- 2|- 1|. & skip_empty: 1
US-ME-KEN,Sx( )-( )(Sx)( - Sx)(-Sx)( Sx),drop_cols: 4 & skip_empty: 1,A4 M:Sx( B:Sx)( L:Sx)( [SUP]:(Sx)),split_groups: 3|- & drop_cols: 1 & skip_empty: 1
US-ME-KIT,Sx( )-( )(Sx)( - Sx)(-Sx)( Sx),merge_after: 1 & skip_empty: 1,A4 A:Sx A:(Sx)( A:(Sx))( (A:)(Sx)),split_groups: 1|- & merge_after: 1_0 & skip_empty: 1
US-ME-KET,Sx-Sx-Sx(-Sx),skip_empty: 1,A4 M:Sx B:(Sx)( L:(Sx)),split_groups: 0|- & skip_empty: 1
US-ME-LEB,Sx-Sx(-Sx)(-Sx),skip_empty: 1,A4 M:Sx( B:Sx) L:Sx,split_groups: 0|- 2|- 2_1|- & skip_empty: 1
US-ME-LIK,Sx( )-( )(Sx)( - Sx)(-Sx)( Sx),merge_after: 1 & skip_empty: 1,A4 M:Sx( B:Sx) L:Sx,split_groups: 0|- 1|- 2|- & merge_after: 0_0 2_0 & skip_empty: 1
US-ME-LIM,^([0-9A-Z. &-]+)$,skip_empty: 1 & split_groups: 0|3 0_0|\s 0_1|3 0_1_0|. 0_1_0_0|- 0_1_1|3 0_1_1_0|- 0_1_1_0_0|. 0_1_1_0_0_0|\s 0_1_1_0_0_1|\s 0_1_1_0_0_1_1|\s,A4 A:Sx A:(Sx)( A:(Sx))( (A:)(Sx)),skip_empty: 1 & split_groups: 1|. 2|- 2_0|.
US-ME-LYM,Sx-Sx(-Sx)(-Sx),skip_empty: 1,A4 M:Sx( B:Sx) L:Sx,split_groups: 2|- 2_1|- & skip_empty: 1
US-ME-NBE,Sx( )-( )(Sx)( - Sx)(-Sx)( Sx),skip_empty: 1,A4 M:Sx L:Sx( S:(Sx)),split_groups: 0|. 2|. & skip_empty: 1
US-ME-OGU,Sx-Sx(-Sx)(-Sx),skip_empty: 1,A4 M:Sx( B:Sx)( L:Sx)( [SUP]:(Sx)),split_groups: 3|- & skip_empty: 1
US-ME-OOR,Sx-Sx-Sx(-Sx),skip_empty: 1,A4 A:Sx A:(Sx)( A:(Sx))( (A:)(Sx)),split_groups: 2|- & drop_cols: 3 & skip_empty: 1
US-ME-SAC,Dx,string_lengths: 3 3 3 3 & skip_empty: 1,A4 M:Sx( B:Sx)( L:Sx)( [SUP]:(Sx)),split_groups: 3|- & drop_cols: 1 & skip_empty: 1
US-ME-SBE,Sx-Sx-Sx(-Sx),skip_empty: 1,A4 M:Sx B:(Sx)( L:(Sx)),split_groups: 2|- & skip_empty: 1
US-ME-SHA,^([0-9]{5})_([0-9A-Z]+)$|^([0-9]{5})_([0-9A-Z ]+)$,skip_empty: 1 & drop_cols: 0 2 & split_groups: 1|3 1_1|3 1_1_1|3 3|3 3_1|3 3_1_1|\s,A4 A:Sx A:(Sx)( A:(Sx))( (A:)(Sx)),skip_empty: 1
US-ME-SAN,Sx( )-( )(Sx)( - Sx)(-Sx)( Sx),split_groups: 1|. & skip_empty: 1,A4 M:Sx B:(Sx)( L:(Sx)),split_groups: 0|- 1|- 2|- & skip_empty: 1
US-ME-WAT,Dx_Sx[- ]Sx,split_groups: 2|- & drop_cols: 0 & skip_empty: 1,A4 M:Sx( B:Sx) L:Sx,split_groups: 2|- & keep_length: 2_0 & merge_after: 0 0 & skip_empty: 1
US-ME-YOR,Sx( )-( )(Sx)( - Sx)(-Sx)( Sx),merge_after: 4 3 2 & skip_empty: 1,A4 M:Sx( B:Sx)( L:Sx)( [SUP]:(Sx)),split_groups: 0|- 1|- 2|- 3|- & skip_empty: 1
US-MI-LC,Ignored,simple,Ignored,simple
US-MI-LG,Sx-Sx-Sx(-Sx),skip_empty: 1,Sx-Sx-Sx-Sx,skip_empty: 1
US-MI-AL,Ignored,simple,Ignored,simple
US-MI-AN,Ignored,simple,Ignored,simple
US-MI-LP,Sx( )-Sx-Sx-Sx-Sx-( Sx),keep_length: 2 3 4 & merge_after: 0 0 0 0 0 & skip_empty: 1,Sx( )-Sx-Sx-Sx-Sx-( Sx),keep_length: 2 3 4 & merge_after: 0 0 0 0 0 & skip_empty: 1
US-MI-AR,Sx-Sx-Sx-Sx-Sx-Sx,keep_length: 1 2 3 4 5 & merge_after: 0 0 0 0 0 & skip_empty: 1,Sx-Sx-Sx-Sx-Sx-Sx,keep_length: 1 2 3 4 5 & merge_after: 0 0 0 0 0 & skip_empty: 1
US-MI-BG,Sx-Sx-Sx-Sx,keep_length: 1 2 3 & merge_after: 0 0 0 & skip_empty: 1,Sx-Sx-Sx-Sx,keep_length: 1 2 3 & merge_after: 0 0 0 & skip_empty: 1
US-MI-BR,Ignored,simple,Ignored,simple
US-MI-BN,Ignored,simple,Ignored,simple
US-MI-BE,Ignored,simple,Ignored,simple
US-MI-BA,Sx-Sx-Sx(-Sx)(-Sx),skip_empty: 1,Dx-Dx-Dx-Dx-Dx(-Dx),drop_cols: 0 & skip_empty: 1
US-MI-BY,Ignored,simple,Ignored,simple
US-MI-CL,Ignored,simple,Ignored,simple
US-MI-CR,Ignored,simple,Ignored,simple
US-MI-CI,Sx-Sx-Sx(-Sx)(-Sx),skip_empty: 1,Sx-Sx-Sx-Sx-Sx( Sx),drop_cols: 5 & skip_empty: 1
US-MI-CI,Ignored,simple,Ignored,simple
US-MI-CS,Ignored,simple,Ignored,simple
US-MI-CA,Sx-Sx(-Sx)(-Sx),skip_empty: 1,^(?:52-)?([0-9]+)-([0-9]+)-([0-9]+)-([0-9]+)$,skip_empty: 1
US-MI-CH,Ignored,simple,Ignored,simple
US-MI-CE,Ignored,simple,Ignored,simple
US-MI-DE,Sx-Sx-Sx-Sx,skip_empty: 1,Dx-Dx-Dx-Dx(-Dx-Dx-Dx),skip_empty: 1
US-MI-DI,Ignored,simple,Ignored,simple
US-MI-EA,Dx,,Sx Sx Sx Sx( Sx Sx Sx),keep_length: 1 2 3 4 5 & merge_after: 0 0 0 0 0 & skip_empty: 1
US-MI-EM,Ignored,simple,Ignored,simple
US-MI-GE,Sx-Sx-Sx-Sx,keep_length: 1 2 3 & merge_after: 0 0 0 & skip_empty: 1,Sx-Sx-Sx(-Sx),keep_length: 1 2 3 & merge_after: 0 0 0 & skip_empty: 1
US-MI-GL,Dx-Dx-Dx-Dx-Dx,split_groups: 4|2 & skip_empty: 1,Dx-Dx-Dx-Dx-Dx,split_groups: 4|2 & skip_empty: 1
US-MI-GT,Ignored,simple,Ignored,simple
US-MI-GO,Sx-Sx-Sx-Sx,keep_length: 1 2 3 & merge_after: 0 0 0 & skip_empty: 1,Sx-Sx-Sx-Sx,keep_length: 1 2 3 & merge_after: 0 0 0 & skip_empty: 1
US-MI-GR,Ignored,simple,Ignored,simple
US-MI-HI,Ignored,simple,Ignored,simple
US-MI-HO,Ignored,simple,Ignored,simple
US-MI-HU,Ignored,simple,Ignored,simple
US-MI-IS,Ignored,simple,Ignored,simple
US-MI-IO,Ignored,simple,Ignored,simple
US-MI-IN,Ignored,simple,Ignored,simple
US-MI-IO,Sx-Sx-Sx-Sx-Sx-Sx,drop_cols: 0 & skip_empty: 1,Dx-Dx-Dx-Dx-Dx,split_groups: 4|2 & skip_empty: 1
US-MI-IR,Sx-Sx-Sx-Sx,keep_length: 1 2 3 & merge_after: 0 0 0 & skip_empty: 1,Sx-Sx-Sx-Sx,keep_length: 1 2 3 & merge_after: 0 0 0 & skip_empty: 1
US-MI-JA,Ignored,simple,Ignored,simple
US-MI-KA,Sx-Sx-Sx-Sx,split_groups: 2|. 2_1|. & skip_empty: 1,Sx-Sx-Sx-Sx,split_groups: 2|. 2_1|. & skip_empty: 1
US-MI-KL,Sx-Sx-Sx(-Sx),keep_length: 1 2 3 & merge_after: 0 0 0 & skip_empty: 1,Sx-Sx-Sx-Sx,keep_length: 1 2 3 & merge_after: 0 0 0 & skip_empty: 1
US-MI-KE,Dx,,Ignored,simple
US-MI-KW,Ignored,simple,Ignored,simple
US-MI-LN,Ignored,simple,Ignored,simple
US-MI-LI,Sx-Sx-Sx-Sx,split_groups: 2|. 2_1|. & skip_empty: 1,Sx-Sx-Sx-Sx,split_groups: 0|2 & drop_cols: 0_0 & skip_empty: 1
US-MI-LK,Ignored,simple,Ignored,simple
US-MI-LE,Sx-Sx-Sx-Sx,keep_length: 1 2 3 & merge_after: 0 0 0 & skip_empty: 1,Sx-Sx-Sx-Sx,keep_length: 1 2 3 & merge_after: 0 0 0 & skip_empty: 1
US-MI-LA,Ignored,simple,Ignored,simple
US-MI-LU,Ignored,simple,Ignored,simple
US-MI-MA,Dx-Dx-Dx-Dx-Dx,drop_cols: 0 & skip_empty: 1,Dx-Dx-Dx-Dx(-Dx-Dx-Dx),drop_cols: 0 & skip_empty: 1
US-MI-MT,Ignored,simple,Ignored,simple
US-MI-MI,Ignored,simple,Ignored,simple
US-MI-MN,Sx-Sx-Sx-Sx,drop_cols: 9 & keep_length: 2 3 & merge_after: 1 1 & skip_empty: 1,Sx-Sx-Sx-Sx,drop_cols: 9 & keep_length: 2 3 & merge_after: 1 1 & skip_empty: 1
US-MI-MU,Sx-Sx-Sx-Sx-Sx-Sx,keep_length: 4 5 & skip_empty: 1,Sx-Sx-Sx-Sx-Sx-Sx,keep_length: 4 5 & skip_empty: 1
US-MI-MK,Sx-Sx(-Sx)(-Sx),skip_empty: 1,Sx-Sx-Sx-Sx,split_groups: 0|2 & drop_cols: 0_0 & skip_empty: 1
US-MI-ME,Ignored,simple,Ignored,simple
US-MI-MS,Ignored,simple,Ignored,simple
US-MI-MO,Ignored,simple,Ignored,simple
US-MI-MR,Ignored,simple,Dx-Dx-Dx-Dx-Dx,keep_length: 1 2 3 4 & merge_after: 0 0 0 0 & skip_empty: 1
US-MI-MM,Ignored,simple,Ignored,simple
US-MI-MC,Ignored,simple,Ignored,simple
US-MI-MI,Sx-Sx-Sx(-Sx)(-Sx),skip_empty: 1,Dx-Dx-Dx-Dx(-Dx-Dx-Dx),skip_empty: 1
US-MI-NE,Dx-Dx-Dx-Dx(-Dx-Dx-Dx),drop_cols: 0 & skip_empty: 1,Dx-Dx-Dx-Dx(-Dx-Dx-Dx),skip_empty: 1
US-MI-OC,Ignored,simple,Ignored,simple
US-MI-OA,Dx,string_lengths: 2 4 4 & skip_empty: 1,Dx,string_lengths: 2 4 4 & skip_empty: 1
US-MI-OS,Ignored,simple,Ignored,simple
US-MI-OG,Sx-Sx-Sx(-Sx),skip_empty: 1,Sx-Sx-Sx-Sx,split_groups: 2|. 2_1|. & skip_empty: 1
US-MI-OO,Sx-Sx-Sx-Sx,keep_length: 1 3 & merge_after: 0 0 0 & skip_empty: 1,Sx-Sx-Sx-Sx,keep_length: 1 3 & merge_after: 0 0 0 & skip_empty: 1
US-MI-TS,Ignored,simple,Ignored,simple
US-MI-OT,Ignored,simple,Ignored,simple
US-MI-PI,Ignored,simple,Ignored,simple
US-MI-RO,Ignored,simple,Ignored,simple
US-MI-CL,Dx,split_groups: 0|16 & drop_cols: 0_1,Ignored,simple
US-MI-SA,Sx-Sx-Sx-Sx(-Sx-Sx.Sx),keep_length: 1 2 3 4 5 6 & merge_after: 0 0 0 0 0 0 & skip_empty: 1,Sx-Sx-Sx-Sx-Sx-Sx,keep_length: 1 2 3 4 5 & merge_after: 0 0 0 0 0 & skip_empty: 1
US-MI-SH,Sx-[S.]x(-Sx)(-Sx)(-Sx),skip_empty: 1,Sx-Sx-Sx-Sx(-Sx-Sx.Sx),skip_empty: 1
US-MI-SJ,Ignored,simple,Ignored,simple
US-MI-SN,Ignored,simple,Ignored,simple
US-MI-SC,Dx-Dx-Dx-Dx(-Dx-Dx-Dx),skip_empty: 1,Sx-Sx-Sx-Sx,skip_empty: 1
US-MI-TU,Sx-[S.]x(-Sx)(-Sx)(-Sx),split_groups: 1|. & skip_empty: 1,Dx-Dx-Dx-Dx-Dx,split_groups: 4|2 & skip_empty: 1
US-MI-VB,Dx-Dx-Dx-Dx-Dx,keep_length: 1 2 3 4 & merge_after: 0 0 0 0 & skip_empty: 1,Dx-Dx-Dx-Dx-Dx,keep_length: 1 2 3 4 & merge_after: 0 0 0 0 & skip_empty: 1
US-MI-WE,Ignored,simple,Ignored,simple
US-MI-WS,Ignored,simple,Ignored,simple
US-MI-WA-AP,Dx,split_groups: 0|16 & drop_cols: 0_1,Ignored,simple
US-MI-WA-BE,Dx,,Ignored,simple
US-MI-WA-BR,Dx,,Ignored,simple
US-MI-WA-CA,Dx,,Ignored,simple
US-MI-WA-DR,Dx(.-Dx.-Dx),keep_length: 1 2 & merge_after: 0 0 & skip_empty: 1,Ignored,simple
US-MI-WA-DH,Ignored,simple,Ignored,simple
US-MI-WA-DE,Ignored,simple,Ignored,simple
US-MI-WA-EC,Dx,split_groups: 0|16 & drop_cols: 0_1,Ignored,simple
US-MI-WA-FR,Dx,split_groups: 0|14 & drop_cols: 0_1 & skip_empty: 1,Ignored,simple
US-MI-WA-GB,Ignored,simple,Ignored,simple
US-MI-WA-GA,Ignored,simple,Ignored,simple
US-MI-WA-GI,Ignored,simple,Ignored,simple
US-MI-WA-GR,Dx(.-Dx.-Dx),keep_length: 1 2 & merge_after: 0 0 & skip_empty: 1,Ignored,simple
US-MI-WA-GP,Dx,keep_length: 1 & skip_empty: 1,Ignored,simple
US-MI-WA-GS,Dx,,Ignored,simple
US-MI-WA-GO,Ignored,simple,Ignored,simple
US-MI-WA-HA,Ignored,simple,Ignored,simple
US-MI-WA-HP,Ignored,simple,Ignored,simple
US-MI-WA-HU,Dx,,Ignored,simple
US-MI-WA-HW,Dx,split_groups: 0|14 & drop_cols: 0_1 & skip_empty: 1,Ignored,simple
US-MI-WA-IN,Ignored,simple,Ignored,simple
US-MI-WA-LI,Dx,split_groups: 0|16 & drop_cols: 0_1,Ignored,simple
US-MI-WA-LP,Dx,,Ignored,simple
US-MI-WA-ME,Dx(.-Dx.-Dx),keep_length: 1 2 3 & merge_after: 0 0 0 & skip_empty: 1,Sx Sx Sx Sx( Sx Sx Sx),keep_length: 1 2 3 4 5 & merge_after: 0 0 0 0 0 & skip_empty: 1
US-MI-WA-NO,Dx,,Ignored,simple
US-MI-WA-PL,Dx,split_groups: 0|14 & drop_cols: 0_1 & skip_empty: 1,Ignored,simple
US-MI-WA-RE,Ignored,simple,Ignored,simple
US-MI-WA-RI,Dx,,Ignored,simple
US-MI-WA-RO,Ignored,simple,Ignored,simple
US-MI-WA-RC,Dx,split_groups: 0|16 & drop_cols: 0_1,Ignored,simple
US-MI-WA-RR,Ignored,simple,Ignored,simple
US-MI-WA-SO,Dx,split_groups: 0|16 & drop_cols: 0_1,Ignored,simple
US-MI-WA-TA,Dx,keep_length: 1 & skip_empty: 1,Ignored,simple
US-MI-WA-TR,Dx,split_groups: 0|14 & drop_cols: 0_1 & skip_empty: 1,Ignored,simple
US-MI-WA-VB,Dx,split_groups: 0|16 & drop_cols: 0_1,Ignored,simple
US-MI-WA-VG,Dx,split_groups: 0|14 & drop_cols: 0_1 & skip_empty: 1,Ignored,simple
US-MI-WA-WA,Dx,split_groups: 0|16 & drop_cols: 0_1,Ignored,simple
US-MI-WA-WE,Dx,keep_length: 1 & skip_empty: 1,Ignored,simple
US-MI-WA-WO,Dx,split_groups: 0|14 & drop_cols: 0_1 & skip_empty: 1,Ignored,simple
US-MI-WA-WY,Dx,,Ignored,simple
US-MN-AN,Ignored,simple,Ignored,simple
US-MN-BC,Sx,keep_length: 1 2 & merge_after: 0 0 & skip_empty: 1,Dx,
US-MN-BE,^(?:([R0-9]+)|([0-9]+))$,string_lengths: 1 2 2 2 3 3 & drop_cols: 0,S3.D2.D2.D3.D3,split_groups: 0|1 & drop_cols: 0_0
US-MN-BS,Sx-Sx-Sx,,Sx-Sx-Sx,
US-MN-BN,Sx(-)Dx,skip_empty: 1,Dx,split_groups: 0|14 & drop_cols: 0_1 & skip_empty: 1
US-MN-BR,Ignored,simple,Ignored,simple
US-MN-BL,Ignored,simple,Ignored,simple
US-MN-CL,Dx,keep_length: 1 & skip_empty: 1,Dx(.-Dx.-Dx),keep_length: 1 2 3 & merge_after: 0 0 0 & skip_empty: 1
US-MN-CE,Unrecognized,,Unrecognized,
US-MN-CR,Sx-Sx-Sx,,Sx-Sx-Sx,split_groups: 0|[A-Z] & skip_empty: 1
US-MN-CK,Dx(-Sx)(-Dx),skip_empty: 1,Sx( )-( )(Sx)( - Sx)(-Sx)( Sx),drop_cols: 4 & skip_empty: 1
US-MN-CI,Sx( )-( )(Sx)( - Sx)(-Sx)( Sx),merge_after: 2 & max_length: 2|5 & skip_empty: 1,Sx-Sx-Sx,split_groups: 0|[A-Z] & skip_empty: 1
US-MN-CS,Sx-Sx-Sx,split_groups: 0|[A-Z] & skip_empty: 1,Sx-Sx-Sx,skip_empty: 1
US-MN-CO,Ignored,simple,Ignored,simple
US-MN-CA,Ignored,simple,Ignored,simple
US-MN-CW,Sx,split_groups: 0|2 0_1|2 0_1_1|4 0_1_1_1|4 0_1_1_1_1|4 & skip_empty: 1,Sx,string_lengths: 2 2 3 3 & skip_empty: 1
US-MN-DA,Ignored,simple,Ignored,simple
US-MN-DG,Sx(-)Dx,skip_empty: 1,Dx(.-Dx.-Dx),keep_length: 1 2 3 & merge_after: 0 0 0 & skip_empty: 1
US-MN-DO,Dx(-Sx)(-Dx),split_groups: 0|6 0_1|6 0_1_1|6 & skip_empty: 1,Sx-Sx-Sx,skip_empty: 1
US-MN-FA,Dx,keep_length: 1 & skip_empty: 1,Dx,
US-MN-FI,Sx(-)Dx,keep_length: 0 & skip_empty: 1,Ignored,simple
US-MN-FR,Dx,split_groups: 0|14 & drop_cols: 0_1 & skip_empty: 1,Dx,
US-MN-GO,Dx,keep_length: 1 & skip_empty: 1,Dx(.-Dx.-Dx),keep_length: 1 2 3 & merge_after: 0 0 0 & skip_empty: 1
US-MN-GR,Sx-Sx-Sx,split_groups: 0|[A-Z] & skip_empty: 1,Sx-Sx-Sx,split_groups: 0|[A-Z] & skip_empty: 1
US-MN-HE,Dx,string_lengths: 3 2 2 3 3 & skip_empty: 1,Dx,string_lengths: 3 2 2 3 3 & skip_empty: 1
US-MN-HO,Dx,split_groups: 0|6 0_1|6 1_0|5 & skip_empty: 1,Dx(.-Dx.-Dx),keep_length: 1 2 & merge_after: 0 0 & skip_empty: 1
US-MN-HU,Sx.Sx.(Sx.)Sx,split_groups: 2|. & skip_empty: 1,Sx.Sx.(Sx.)Sx,split_groups: 2|. & skip_empty: 1
US-MN-IS,Dx,,Dx(.-Dx.-Dx),keep_length: 1 2 3 & merge_after: 0 0 0 & skip_empty: 1
US-MN-IT,Sx-Sx-Sx(-Sx),drop_cols: 3,Sx-Sx-Sx,
US-MN-JA,Sx,skip_empty: 1,Dx(.-Dx.-Dx),keep_length: 1 2 3 & merge_after: 0 0 0 & skip_empty: 1
US-MN-KN,Dx(.-Dx.-Dx),keep_length: 1 2 3 & merge_after: 0 0 0 & skip_empty: 1,Dx(.-Dx.-Dx),keep_length: 1 2 3 & merge_after: 0 0 0 & skip_empty: 1
US-MN-KA,Dx(.-Dx.-Dx),keep_length: 1 2 3 & merge_after: 0 0 0 & skip_empty: 1,Sx-Sx-Sx,keep_length: 1 2 & merge_after: 0 0 & skip_empty: 1
US-MN-KI,Sx,split_groups: 0|[E] & keep_length: 0_1 & merge_after: 0_0 & skip_empty: 1,Dx,keep_length: 1 & skip_empty: 1
US-MN-KO,Dx(.-Dx.-Dx),keep_length: 1 2 3 & merge_after: 0 0 0 & skip_empty: 1,Sx-Sx-Sx,keep_length: 1 2 & merge_after: 0 0 & skip_empty: 1
US-MN-LI,Sx( )-( )(Sx)( - Sx)(-Sx)( Sx),drop_cols: 4 & skip_empty: 1,Sx-Sx-Sx,skip_empty: 1
US-MN-LS,Dx(.-Dx.-Dx),keep_length: 1 2 3 & merge_after: 0 0 0 & skip_empty: 1,Dx(.-Dx.-Dx),keep_length: 1 2 3 & merge_after: 0 0 0 & skip_empty: 1
US-MN-LY,Sx-Sx-Sx,split_groups: 0|[A-Z] & skip_empty: 1,Sx-Sx-Sx,skip_empty: 1
US-MN-MC,Dx,split_groups: 0|14 & drop_cols: 0_1 & skip_empty: 1,Dx(.-Dx.-Dx),keep_length: 1 2 3 & merge_after: 0 0 0 & skip_empty: 1
US-MN-ME,Sx(-)Dx,skip_empty: 1,Sx-Sx,split_groups: 1|A & skip_empty: 1
US-MN-MH,Sx,string_lengths: 2 3 4 & skip_empty: 1,Sx-Sx-Sx,skip_empty: 1
US-MN-ML,Sx-Sx-Sx,skip_empty: 1,Sx-Sx-Sx,split_groups: 0|[A-Z] & skip_empty: 1
US-MN-MO,Sx(-)Dx,split_groups: 0|[A-Z] 0_1|[A-Z] & skip_empty: 1,Dx(.-Dx.-Dx),keep_length: 1 2 3 & merge_after: 0 0 0 & skip_empty: 1
US-MN-MR,Sx-Sx-Sx,split_groups: 2|3 & keep_length: 1 2_0 & merge_after: 0 0 & skip_empty: 1,Sx-Sx-Sx,keep_length: 1 2 & merge_after: 0 0 & skip_empty: 1
US-MN-MA,Dx,split_groups: 0|16 & drop_cols: 0_1,Dx(.-Dx.-Dx),keep_length: 1 2 3 & merge_after: 0 0 0 & skip_empty: 1
US-MN-MU,Dx,keep_length: 1 & skip_empty: 1,Sx-Sx-Sx,keep_length: 1 2 & merge_after: 0 0 & skip_empty: 1
US-MN-NO,Sx-Sx-Sx,keep_length: 1 2 & merge_after: 0 0 & skip_empty: 1,Sx-Sx-Sx,keep_length: 1 2 & merge_after: 0 0 & skip_empty: 1
US-MN-NI,Ignored,simple,Ignored,simple
US-MN-NR,Sx-Sx,split_groups: 0|4 & skip_empty: 1,Sx-Sx,split_groups: 0|4 & skip_empty: 1
US-MN-OL,Dx,,D2.D2.D2.D6,keep_length: 1 3 & merge_after: 0 0 0 & skip_empty: 1
US-MN-OT,Sx,split_groups: 0|6 0_1|6 & skip_empty: 1,Dx,split_groups: 0|6 0_1|6 1_0|5 & skip_empty: 1
US-MN-PP,Sx-Sx-Sx,skip_empty: 1,Sx-Sx-Sx,skip_empty: 1
US-MN-PE,Ignored,simple,Ignored,simple
US-MN-PO,Dx(.-Dx.-Dx),keep_length: 1 2 3 & merge_after: 0 0 0 & skip_empty: 1,Dx(.-Dx.-Dx),keep_length: 1 2 3 & merge_after: 0 0 0 & skip_empty: 1
US-MN-PI,Dx,keep_length: 1 & skip_empty: 1,Dx(.-Dx.-Dx),keep_length: 1 2 3 & merge_after: 0 0 0 & skip_empty: 1
US-MN-PS,^([0-9]+)\.([0-9]+)\.([0-9]+)$,,Dx,string_lengths: 2 3 4
US-MN-RA,Sx(-)Dx,skip_empty: 1,Sx,
US-MN-RC,Dx(-Sx)(-Dx),skip_empty: 1,Sx-Sx-Sx,skip_empty: 1
US-MN-RL,Sx-Sx-Sx,merge_after: 1 & skip_empty: 1,Sx-Sx-Sx,merge_after: 1 & skip_empty: 1
US-MN-RI,Ignored,simple,Ignored,simple
US-MN-RN,Sx-Sx-Sx,skip_empty: 1,Sx-Sx-Sx,skip_empty: 1
US-MN-RE,Sx-Sx-Sx,,Sx-Sx-Sx,skip_empty: 1
US-MN-SC,Dx,keep_length: 1 & skip_empty: 1,Sx-Sx-Sx,split_groups: 2|3 & keep_length: 1 2_0 & merge_after: 0 0 & skip_empty: 1
US-MN-SE,Sx-Sx-Sx,skip_empty: 1,Sx-Sx-Sx,skip_empty: 1
US-MN-SH,Dx(-Sx)(-Dx),split_groups: 0|4 & skip_empty: 1,Sx-Sx-Sx,skip_empty: 1
US-MN-SI,Dx(.-Dx.-Dx),keep_length: 1 2 & merge_after: 0 0 & skip_empty: 1,Dx(.-Dx.-Dx),keep_length: 1 2 & merge_after: 0 0 & skip_empty: 1
US-MN-ST,Dx(.-Dx.-Dx),skip_empty: 1,Dx(.-Dx.-Dx),skip_empty: 1
US-MN-LW,Sx-Sx-Sx,skip_empty: 1,Sx-Sx-Sx,skip_empty: 1
US-MN-SV,Sx,split_groups: 0|13 & drop_cols: 0_1 & skip_empty: 1,Sx-Sx-Sx,split_groups: 2|3 & keep_length: 1 2_0 & merge_after: 0 0 & skip_empty: 1
US-MN-SW,Sx-Sx-Sx,split_groups: 0|[A-Z] & skip_empty: 1,Sx-Sx-Sx,skip_empty: 1
US-MN-TO,Sx(-)Dx,split_groups: 0|2 & merge_after: 0_1 & skip_empty: 1,Sx-Sx,split_groups: 1|A & skip_empty: 1
US-MN-TR,Ignored,simple,Ignored,simple
US-MN-WB,^(?:[rRMP])?([0-9]{2})\.([0-9]{5})\.([0-9]{2})$,,Dx(.-Dx.-Dx),drop_cols: 1
US-MN-WD,Sx,split_groups: 0|1 & drop_cols: 0_0,Sx-Sx-Sx,keep_length: 1 2 & merge_after: 0 0 & skip_empty: 1
US-MN-WS,Sx,split_groups: 0|R 0_0|11 & skip_empty: 1,Dx(.-Dx.-Dx),keep_length: 1 2 3 & merge_after: 0 0 0 & skip_empty: 1
US-MN-WA,Ignored,simple,Ignored,simple
US-MN-WL,Sx-Sx-Sx,skip_empty: 1,Sx-Sx-Sx,skip_empty: 1
US-MN-WI,Dx,keep_length: 1 & skip_empty: 1,Dx(.-Dx.-Dx),keep_length: 1 2 3 & merge_after: 0 0 0 & skip_empty: 1
US-MN-WR,Sx(-)Dx,skip_empty: 1,Sx(-)Dx,skip_empty: 1
US-MN-WT,Sx,split_groups: 0|6 0_1|6 & skip_empty: 1,Dx,split_groups: 0|6 0_1|3 0_1_1|2 0_1_1_1|5 0_1_1_1_1|3 0_1_1_1_1_1|1 0_1_1_1_1_1_1|1 0_1_1_1_1_1_1_1|1 & merge_after: 0_1_1_1_1_1_0 0_1_1_1_1_1_0 0_1_1_1_1_1_0 & skip_empty: 1
US-MN-YM,Sx-[S.]x(-Sx)(-Sx)(-S.x),split_groups: 1|. 4|. & skip_empty: 1,Sx-Sx-Sx,
US-MO-AD,Ignored,simple,Ignored,simple
US-MO-AN,Ignored,simple,Ignored,simple
US-MO-AT,Sx-Sx-Sx,,Sx-Sx-Sx,
US-MO-AU,Ignored,simple,Ignored,simple
US-MO-BU,Ignored,simple,Ignored,simple
US-MO-BU,Ignored,simple,Ignored,simple
US-MO-BL,Unrecognized,,Unrecognized,
US-MO-BE,Ignored,simple,Ignored,simple
US-MO-BO,Dx,split_groups: 0|14 & drop_cols: 0_1 & skip_empty: 1,D2-D3-D2-D2-D3.D2,keep_length: 1 2 3 4 5 & merge_after: 0 0 0 0 0 & skip_empty: 1
US-MO-BA,Ignored,simple,Ignored,simple
US-MO-BT,Ignored,simple,Ignored,simple
US-MO-BR,Unrecognized,,Unrecognized,
US-MO-CW,Unrecognized,,Unrecognized,
US-MO-CE,Dx,,Ignored,simple
US-MO-CO,Dx,keep_length: 1 & skip_empty: 1,Sx-Sx-Sx-Sx-Sx-Sx,keep_length: 1 2 3 4 5 & merge_after: 0 0 0 0 0 & skip_empty: 1
US-MO-CR,Ignored,simple,Ignored,simple
US-MO-CG,Dx,,Dx,
US-MO-CN,Sx-[S.]x,split_groups: 1|. & skip_empty: 1,Sx-[S.]x,split_groups: 1|. & skip_empty: 1
US-MO-CK,Dx-Dx-Dx-Dx-Dx-Dx(-Dx)(.Dx)(.Dx),keep_length: 1 3 4 5 7 & merge_after: 0 0 0 0 0 6 & skip_empty: 1,Dx-Dx-Dx-Dx-Dx-Dx(-Dx)(.Dx)(.Dx),keep_length: 1 3 4 5 7 & merge_after: 0 0 0 0 0 6 & skip_empty: 1
US-MO-CA,Ignored,simple,Ignored,simple
US-MO-CM,Unrecognized,,Unrecognized,
US-MO-CI,Sx-Sx.Sx-Sx-Sx-Sx-Sx.Sx,skip_empty: 1,Sx-Sx.Sx-Sx-Sx-Sx-Sx.Sx,skip_empty: 1
US-MO-CP,Ignored,simple,Ignored,simple
US-MO-CA,Dx,,Dx-Dx-Dx-Dx-Dx-Dx.Dx,keep_length: 1 2 3 4 5 6 & merge_after: 0 0 0 0 0 0 & skip_empty: 1
US-MO-CH,Ignored,simple,Ignored,simple
US-MO-CD,Unrecognized,,Unrecognized,
US-MO-CL,Ignored,simple,Ignored,simple
US-MO-DD,Ignored,simple,Ignored,simple
US-MO-DE,Dx-Dx-Dx-Dx-Dx-Dx(-Dx)(.Dx)(.Dx),split_groups: 6|3 & drop_cols: 0 & skip_empty: 1,Dx-Dx-Dx-Dx-Dx-Dx(-Dx)(.Dx)(.Dx),split_groups: 6|3 & drop_cols: 0 & skip_empty: 1
US-MO-DA,Ignored,simple,Ignored,simple
US-MO-DE,Ignored,simple,Ignored,simple
US-MO-DO,Sx-Sx.Sx-Sx-Sx-Sx-Sx.Sx,skip_empty: 1,Sx-Sx.Sx-Sx-Sx-Sx-Sx.Sx,skip_empty: 1
US-MO-DU,Unrecognized,,Unrecognized,
US-MO-DV,Ignored,simple,Ignored,simple
US-MO-FR,Ignored,,Ignored,
US-MO-GA,Dx,string_lengths: 2 1 1 2 3 3 3 3 & skip_empty: 1,Sx-Sx.Sx-Sx-Sx-Sx-Sx.Sx,skip_empty: 1
US-MO-GR,Dx,split_groups: 0|2 0_1|2 & drop_cols: 0_0 & skip_empty: 1,Sx,split_groups: 0|2 & skip_empty: 1
US-MO-GE,Ignored,simple,Ignored,simple
US-MO-GU,Ignored,simple,Ignored,simple
US-MO-HI,Ignored,simple,Ignored,simple
US-MO-HE,Sx-Sx.Sx-Sx-Sx-Sx-Sx.Sx,skip_empty: 1,Sx-Sx.Sx-Sx-Sx-Sx-Sx.Sx,skip_empty: 1
US-MO-HL,Sx-Sx-Sx-Sx(-Sx-Sx.Sx),keep_length: 1 2 3 4 5 6 & merge_after: 0 0 0 0 0 0 & skip_empty: 1,Ignored,simple
US-MO-HW,Ignored,simple,Ignored,simple
US-MO-HA,D2-D1.D1-Dx-(Dx-D2-Dx.D2),keep_length: 2 3 & merge_after: 0 0 0 0 0 0 0 & skip_empty: 1,Dx(.-Dx.-Dx),merge_after: 0 0 0 & skip_empty: 1
US-MO-HO,Ignored,simple,Ignored,simple
US-MO-IR,Unrecognized,,Unrecognized,
US-MO-JA,Dx-Dx-Dx-Dx-Dx-Dx(-Dx)(.Dx)(-Sx)( Dx),skip_empty: 1,Dx-Dx-Dx-Dx-Dx-Dx(-Dx)(.Dx)(-Sx)( Dx),skip_empty: 1
US-MO-JE,Ignored,simple,Ignored,simple
US-MO-JO,Dx,keep_length: 1 & skip_empty: 1,Dx-Dx-Dx-Dx-Dx-Dx.Dx,keep_length: 1 2 3 4 5 6 & merge_after: 0 0 0 0 0 0 & skip_empty: 1
US-MO-JS,Sx,split_groups: 0|[E] & keep_length: 0_1 & merge_after: 0_0 & skip_empty: 1,Dx,
US-MO-KN,Unrecognized,,Unrecognized,
US-MO-ST,Dx,split_groups: 0|1 0_1|6 & drop_cols: 0_0 & skip_empty: 1,Sx-Sx,split_groups: 1|-1 & drop_cols: 1_1 & skip_empty: 1
US-MO-LC,Ignored,simple,Ignored,simple
US-MO-LE,Sx-[S.]x(-Sx)(-Sx)(-S.x),split_groups: 1|. & keep_length: 1_1 & merge_after: 1_0 & skip_empty: 1,Sx-[S.]x(-Sx)(-Sx)(-S.x),split_groups: 1|. & keep_length: 1_1 & merge_after: 1_0 & skip_empty: 1
US-MO-LF,Ignored,simple,Ignored,simple
US-MO-LN,Ignored,simple,Ignored,simple
US-MO-LI,Ignored,simple,Ignored,simple
US-MO-LV,Ignored,simple,Ignored,simple
US-MO-LA,Ignored,simple,Ignored,simple
US-MO-MC,Dx,string_lengths: 2 1 1 2 3 3 3 3 & skip_empty: 1,Sx-Sx.Sx-Sx-Sx-Sx-Sx.Sx,skip_empty: 1
US-MO-ME,Dx(.-Dx.-Dx),keep_length: 1 2 & merge_after: 0 0 & skip_empty: 1,Dx(.-Dx.-Dx),keep_length: 1 2 & merge_after: 0 0 & skip_empty: 1
US-MO-MD,Ignored,simple,Ignored,simple
US-MO-MO,Ignored,simple,Ignored,simple
US-MO-MO,Ignored,simple,Ignored,simple
US-MO-MS,Ignored,simple,Ignored,simple
US-MO-MI,Dx,,Dx,
US-MO-MT,Ignored,simple,Ignored,simple
US-MO-AC,Sx,keep_length: 1 2 & merge_after: 0 0 & skip_empty: 1,Sx-Sx-Sx-Sx,keep_length: 1 2 3 & merge_after: 0 0 0 & skip_empty: 1
US-MO-MA,Ignored,simple,Ignored,simple
US-MO-MN,Ignored,simple,Ignored,simple
US-MO-MR,Ignored,simple,Ignored,simple
US-MO-NO,Sx-Sx-Sx-Sx-Sx-Sx,switch: 0|2 & skip_empty: 1,Sx-Sx-Sx-Sx-Sx-Sx,switch: 0|2 & skip_empty: 1
US-MO-NE,Ignored,simple,Ignored,simple
US-MO-NM,Dx.Dx,split_groups: 1|5 & keep_length: 1_0 & merge_after: 0 & skip_empty: 1,Dx.Dx,split_groups: 1|5 & keep_length: 1_0 & merge_after: 0 & skip_empty: 1
US-MO-OR,Sx-Sx.Sx-Sx-Sx-Sx-Sx.Sx,skip_empty: 1,Sx-Sx.Sx-Sx-Sx-Sx-Sx.Sx,skip_empty: 1
US-MO-OS,Dx,,Sx-Sx-Sx-Sx(-Sx-Sx.Sx),keep_length: 1 2 3 4 5 6 & merge_after: 0 0 0 0 0 0 & skip_empty: 1
US-MO-OZ,Ignored,simple,Ignored,simple
US-MO-PU,Ignored,simple,Ignored,simple
US-MO-PH,Ignored,simple,Ignored,simple
US-MO-PI,Dx-Dx-Dx-Dx-Dx-Dx.Dx,skip_empty: 1,Dx-Dx-Dx-Dx-Dx-Dx.Dx,skip_empty: 1
US-MO-PM,Sx-Sx-Sx-Sx-Sx-Sx,keep_length: 1 2 3 4 5 & merge_after: 0 0 0 0 0 & skip_empty: 1,Sx-Sx-Sx-Sx-Sx-Sx,keep_length: 1 2 3 4 5 & merge_after: 0 0 0 0 0 & skip_empty: 1
US-MO-PT,Ignored,simple,Ignored,simple
US-MO-PO,^[0-9]+-([0-9]+)-([0-9]+)\.([0-9]+)-([0-9]+)-([0-9]+)-([0-9]+)-([0-9]+)\.([0-9]+)$,skip_empty: 1,Sx-Sx.Sx-Sx-Sx-Sx-Sx.Sx,skip_empty: 1
US-MO-PR,^[0-9]+-([0-9]+)-([0-9]+)\.([0-9]+)-([0-9]+)-([0-9.]+)-([0-9]+)-([0-9]+)\.([0-9A-Z]+)$,skip_empty: 1,^([0-9]+)-([0-9]+)\.([0-9]+)-([0-9]+)-([0-9.]+)-([0-9]+)-([0-9]+)\.([0-9A-Z]+)$,skip_empty: 1
US-MO-PE,Ignored,simple,Ignored,simple
US-MO-PL,Ignored,simple,Ignored,simple
US-MO-RE,Sx-Sx.Sx-Sx-Sx-Sx-Sx.Sx,skip_empty: 1,Sx-Sx.Sx-Sx-Sx-Sx-Sx.Sx,skip_empty: 1
US-MO-RI,Ignored,simple,Ignored,simple
US-MO-RL,Sx-Sx.Sx-Sx-Sx-Sx-Sx.Sx,skip_empty: 1,Sx-Sx.Sx-Sx-Sx-Sx-Sx.Sx,skip_empty: 1
US-MO-RA,Unrecognized,,Unrecognized,
US-MO-RY,Dx-Dx-Dx-Dx-Dx-Dx.Dx,keep_length: 1 2 3 4 5 6 & merge_after: 0 0 0 0 0 0 & skip_empty: 1,Dx-Dx-Dx-Dx-Dx-Dx.Dx,keep_length: 1 2 3 4 5 6 & merge_after: 0 0 0 0 0 0 & skip_empty: 1
US-MO-SC,Sx-Sx-Sx-Sx(-Sx-Sx.Sx),skip_empty: 1,Sx-Sx-Sx-Sx(-Sx-Sx.Sx),skip_empty: 1
US-MO-SE,Dx-Dx-Dx-Dx-Dx-Dx(-Dx)(.Dx)(.Dx),split_groups: 2|3 4|2 & skip_empty: 1,Dx-Dx-Dx-Dx-Dx-Dx(-Dx)(.Dx)(.Dx),skip_empty: 1
US-MO-CH,Ignored,simple,Ignored,simple
US-MO-SO,Ignored,simple,Ignored,simple
US-MO-SH,Ignored,simple,Ignored,simple
US-MO-FR,Ignored,simple,Ignored,simple
US-MO-SY,Ignored,simple,Ignored,simple
US-MO-SA,Ignored,simple,Ignored,simple
US-MO-SL,Sx(-)Dx,skip_empty: 1,Sx( )-Sx-Sx-Sx-Sx-( Sx),keep_length: 2 3 4 & merge_after: 0 0 0 0 0 & skip_empty: 1
US-MO-SH,Ignored,simple,Ignored,simple
US-MO-SL,Unrecognized,,Unrecognized,
US-MO-SO,Ignored,simple,Ignored,simple
US-MO-SU,Dx,split_groups: 0|14 & drop_cols: 0_1 & skip_empty: 1,Dx,
US-MO-TA,Ignored,simple,Ignored,simple
US-MO-TX,Ignored,simple,Ignored,simple
US-MO-VE,Ignored,simple,Ignored,simple
US-MO-WE,Ignored,simple,Ignored,simple
US-MO-WR,Ignored,simple,Ignored,simple
US-MO-WO,Ignored,simple,Ignored,simple
US-MO-WA,Dx,keep_length: 1 & skip_empty: 1,D2-D2.D1-D1-D2-D3.D3.D3,keep_length: 1 2 3 4 5 6 7 & merge_after: 0 0 0 0 0 0 0 & skip_empty: 1
US-MO-WS,Sx-Sx.Sx-Sx-Sx-Sx-Sx.Sx,skip_empty: 1,Sx-Sx.Sx-Sx-Sx-Sx-Sx.Sx,skip_empty: 1
US-MS-AD,Dx,split_groups: 0|1 0_1|6 & drop_cols: 0_0 & skip_empty: 1,Dx,split_groups: 0|6 0_1|6 0_1_1|4 0_1_1_1|6 & skip_empty: 1
US-MS-AL,Sx Sx( Sx),split_groups: 1|5 & skip_empty: 1,Sx Sx( Sx),skip_empty: 1
US-MS-AM,Sx_Sx(_Sx),skip_empty: 1,Sx Sx( Sx),skip_empty: 1
US-MS-AT,Ignored,simple,Ignored,simple
US-MS-BE,Ignored,simple,Ignored,simple
US-MS-BO,Ignored,simple,Ignored,simple
US-MS-CI,Sx Sx Sx( Sx)( Sx),skip_empty: 1,Sx Sx Sx( Sx)( Sx),drop_cols: 0 & skip_empty: 1
US-MS-CL,Ignored,simple,Ignored,simple
US-MS-CO,Ignored,simple,Ignored,simple
US-MS-CR,Sx Sx Sx,skip_empty: 1,Sx Sx Sx,skip_empty: 1
US-MS-CA,Ignored,simple,Ignored,simple
US-MS-CP,Ignored,simple,Ignored,simple
US-MS-CI,Ignored,simple,Ignored,simple
US-MS-CV,Ignored,simple,Ignored,simple
US-MS-CH,Ignored,simple,Ignored,simple
US-MS-CY,Sx Sx( Sx),skip_empty: 1,Sx Sx( Sx),skip_empty: 1
US-MS-DE,Ignored,simple,Ignored,simple
US-MS-FO,Ignored,simple,Ignored,simple
US-MS-FR,Ignored,simple,Ignored,simple
US-MS-GN,Unrecognized,,Unrecognized,
US-MS-GE,Unrecognized,,Unrecognized,
US-MS-HI,Dx,string_lengths: 5 7 6 & skip_empty: 1,Sx( )-( )(Sx)( - Sx)(-Sx)( Sx),split_groups: 0|S 0_0|N & drop_cols: 4 & skip_empty: 1
US-MS-HN,Ignored,simple,Ignored,simple
US-MS-HO,Dx,split_groups: 0|14 & drop_cols: 0_1 & skip_empty: 1,Dx,split_groups: 0|14 & drop_cols: 0_1 & skip_empty: 1
US-MS-HA,Ignored,simple,Ignored,simple
US-MS-HU,Unrecognized,,Unrecognized,
US-MS-IS,Sx-Sx-Sx(.Sx),skip_empty: 1,Sx-Sx-Sx(.Sx),skip_empty: 1
US-MS-IT,Sx-Sx-Sx(.Sx),skip_empty: 1,Sx-Sx-Sx(.Sx),skip_empty: 1
US-MS-JA,Ignored,simple,Ignored,simple
US-MS-JD,Sx Sx Sx( Sx)( Sx),drop_cols: 0 & skip_empty: 1,Sx Sx Sx( Sx)( Sx),drop_cols: 0 & skip_empty: 1
US-MS-JE,Sx Sx Sx([.-/]Sx),skip_empty: 1,D4-D2-(A1 )-(A1 ) -D3.(Sx),skip_empty: 1
US-MS-JO,Ignored,simple,Ignored,simple
US-MS-JS,Ignored,simple,Ignored,simple
US-MS-KE,Unrecognized,,Unrecognized,
US-MS-LE,Sx-Sx-Sx-Sx,skip_empty: 1,Sx-Sx-Sx-Sx,skip_empty: 1
US-MS-LI,^([0-9A-Z]+)-([0-9A-Z]+) *-([0-9]+) *-([0-9]+)\.([0-9]+)?$,,^([0-9A-Z]+)-([0-9A-Z]+) *-([0-9]+) *-([0-9]+)\.([0-9]+)?$,
US-MS-LK,Ignored,simple,Ignored,simple
US-MS-LF,Dx,split_groups: 0|16 & drop_cols: 0_1,Dx,
US-MS-LM,Ignored,simple,Ignored,simple
US-MS-LO,Sx,string_lengths: 3 3 1 2 3 & skip_empty: 1,Sx,string_lengths: 3 3 1 2 3 & skip_empty: 1
US-MS-LA,Ignored,simple,Ignored,simple
US-MS-LW,^([0-9A-Z]+)-([0-9]+)-([0-9]+)_([0-9]+)$,,Sx( )-D4-D5.D2,
US-MS-LA,Ignored,simple,Ignored,simple
US-MS-MA,D3A1-D2(A1 )-D3(/D2.D2),skip_empty: 1,D3A1-D2(A1 )-D3(/D2.D2),skip_empty: 1
US-MS-MR,Sx-Sx-Sx-Sx(-Sx-Sx.Sx),skip_empty: 1,Sx-Sx-Sx-Sx(-Sx-Sx.Sx),skip_empty: 1
US-MS-MO,Ignored,simple,Ignored,simple
US-MS-MA,Sx-Sx-Sx,skip_empty: 1,Sx-Sx-Sx,skip_empty: 1
US-MS-MN,Sx Sx( Sx),keep_length: 0 1 & skip_empty: 1,Sx Sx( Sx),keep_length: 0 1 & skip_empty: 1
US-MS-NO,Ignored,simple,Ignored,simple
US-MS-NE,Unrecognized,,Unrecognized,
US-MS-NW,D3(A1 )-D2-D2-D3.D2,skip_empty: 1,D3(A1 )-D2-D2-D3.D2,skip_empty: 1
US-MS-OK,D3(A1 )-D2-D3.D2,skip_empty: 1,D3(A1 )-D2-D3.D2,skip_empty: 1
US-MS-PA,Ignored,simple,Ignored,simple
US-MS-PI,Sx,split_groups: 0|3 0_1|3 0_1_1|4 0_1_1_1|2 0_1_1_1_1|1 0_1_1_1_1_1|1 0_1_1_1_1_1_1|2 & merge_after: 0_0 0_0 0_0 0_0 0_0 0_0 & skip_empty: 1,Sx( )-( )(Sx)( - Sx)(-Sx)( Sx),split_groups: 0|3 & drop_cols: 4 & keep_length: 1 & merge_after: 0_0 0_0 0_0 & skip_empty: 1
US-MS-PR,Sx,split_groups: 0|7 & skip_empty: 1,Sx,split_groups: 0|7 & skip_empty: 1
US-MS-PN,Ignored,simple,Ignored,simple
US-MS-PO,Unrecognized,,Unrecognized,
US-MS-PE,Ignored,simple,Ignored,simple
US-MS-QU,Sx( )(Sx)( )(Sx) ( )(Sx),skip_empty: 1,Sx (Dx Sx) Sx,skip_empty: 1
US-MS-RA,Sx Sx( Sx),keep_length: 0 1 & skip_empty: 1,Sx Sx( Sx),keep_length: 0 1 & skip_empty: 1
US-MS-SC,Ignored,simple,Ignored,simple
US-MS-SH,Ignored,simple,Ignored,simple
US-MS-SI,Sx,split_groups: 0|4 & skip_empty: 1,Sx,split_groups: 0|4 & skip_empty: 1
US-MS-SM,Unrecognized,,Unrecognized,
US-MS-SU,Ignored,simple,Ignored,simple
US-MS-TL,Ignored,simple,Ignored,simple
US-MS-TI,D1-D3(A1 )-D2-D3.D2,drop_cols: 0 & skip_empty: 1,D1-D3(A1 )-D2-D3.D2,drop_cols: 0 & skip_empty: 1
US-MS-TS,Ignored,simple,Ignored,simple
US-MS-TA,Sx( )(Sx)( )(Sx) ( )(Sx),split_groups: 1|- & skip_empty: 1,Sx Sx( Sx),split_groups: 1|3 1_1|4 1_1_1|4 & skip_empty: 1
US-MS-TU,Sx Sx Sx,skip_empty: 1,Sx Sx Sx( Sx)( Sx),skip_empty: 1
US-MS-UN,Sx-Sx-Sx(.Sx),skip_empty: 1,Sx-Sx-Sx(.Sx),skip_empty: 1
US-MS-WE,Ignored,simple,Ignored,simple
US-MS-WI,Ignored,simple,Sx Sx( Sx),keep_length: 1 2 & merge_after: 0 0 & skip_empty: 1
US-MS-WI,Sx,skip_empty: 1,Ignored,simple
US-MS-WA,Sx( )(Sx)( )(Sx) ( )(Sx),split_groups: 1|- & skip_empty: 1,Sx Sx Sx( Sx)( Sx),skip_empty: 1
US-MS-WS,Dx,split_groups: 0|14 & drop_cols: 0_1 & skip_empty: 1,Dx,split_groups: 0|14 & drop_cols: 0_1 & skip_empty: 1
US-MS-WL,Sx-Sx-Sx-Sx(-Sx-Sx.Sx),keep_length: 1 2 3 4 5 6 & merge_after: 0 0 0 0 0 0 & skip_empty: 1,Sx-Sx-Sx-Sx(-Sx-Sx.Sx),keep_length: 1 2 3 4 5 6 & merge_after: 0 0 0 0 0 0 & skip_empty: 1
US-MS-WY,^([0-9A-Z ]+)$,skip_empty: 1,^([0-9A-Z ]+)[0-9]{2}$,skip_empty: 1
US-MS-YL,Sx Sx( Sx),split_groups: 1|5 & skip_empty: 1,Sx Sx( Sx),split_groups: 1|5 & skip_empty: 1
US-MS-YA,D3(A1 )-D2-D3.D2,skip_empty: 1,D1-D3(A1 )-D2-D3.D2,drop_cols: 0 & skip_empty: 1
US-MT-BE,Dx,,Ignored,simple
US-MT-BH,Ignored,simple,Ignored,simple
US-MT-BL,Ignored,simple,Ignored,simple
US-MT-BR,Dx,string_lengths: 2 4 2 1 2 2 4 & skip_empty: 1,Dx-Dx-Dx-Dx-Dx-Dx(-Dx)(.Dx)(.Dx),skip_empty: 1
US-MT-CA,Sx,,Ignored,simple
US-MT-CH,Ignored,simple,Ignored,simple
US-MT-CA,Ignored,simple,Ignored,simple
US-MT-CR,Sx,,Ignored,simple
US-MT-CU,Sx,split_groups: 0|[E] & keep_length: 0_1 & merge_after: 0_0 & skip_empty: 1,Ignored,simple
US-MT-DL,Dx,string_lengths: 2 4 2 1 2 2 4 & skip_empty: 1,Dx-Dx-Dx-Dx-Dx-Dx(-Dx)(.Dx)(.Dx),skip_empty: 1
US-MT-DN,Sx,keep_length: 1 2 & merge_after: 0 0 & skip_empty: 1,Ignored,simple
US-MT-DA,Sx,split_groups: 0|[E] & keep_length: 0_1 & merge_after: 0_0 & skip_empty: 1,Ignored,simple
US-MT-FA,Ignored,simple,Ignored,simple
US-MT-FE,Dx,string_lengths: 2 4 2 1 2 2 4 & skip_empty: 1,Dx-Dx-Dx-Dx-Dx-Dx(-Dx)(.Dx)(-Sx)( Dx),skip_empty: 1
US-MT-FL,Ignored,simple,Ignored,simple
US-MT-GL,Ignored,simple,Ignored,simple
US-MT-GF,Ignored,simple,Ignored,simple
US-MT-GA,Dx,string_lengths: 2 4 2 1 2 2 4 & skip_empty: 1,Dx-Dx-Dx-Dx-Dx-Dx(-Dx)(.Dx)(.Dx),skip_empty: 1
US-MT-GR,Dx,,Dx-Dx-Dx-Dx-Dx-Dx(-Dx)(.Dx)(.Dx),keep_length: 1 2 3 4 5 6 & merge_after: 0 0 0 0 0 0 & skip_empty: 1
US-MT-GV,Dx,keep_length: 1 & skip_empty: 1,Dx-Dx-Dx-Dx-Dx-Dx(-Dx)(.Dx)(.Dx),drop_cols: 7 & keep_length: 1 2 3 4 5 6 & merge_after: 0 0 0 0 0 0 & skip_empty: 1
US-MT-HI,Ignored,simple,Ignored,simple
US-MT-JE,Dx,string_lengths: 2 4 2 1 2 2 4 & skip_empty: 1,Dx-Dx-Dx-Dx-Dx-Dx(-Dx)(.Dx)(.Dx),skip_empty: 1
US-MT-JB,Sx,keep_length: 1 2 & merge_after: 0 0 & skip_empty: 1,Ignored,simple
US-MT-LA,Dx,keep_length: 1 & skip_empty: 1,Ignored,simple
US-MT-LB,Ignored,simple,Dx-Dx-Dx-Dx-Dx-Dx(-Dx)(.Dx)(.Dx),keep_length: 1 2 3 4 5 6 & merge_after: 0 0 0 0 0 0 & skip_empty: 1
US-MT-LC,Dx,split_groups: 0|1 & drop_cols: 0_0 & skip_empty: 1,Dx-Dx-Dx-Dx-Dx-Dx(-Dx)(.Dx)(.Dx),drop_cols: 7 & keep_length: 1 2 3 4 5 6 & merge_after: 0 0 0 0 0 0 & skip_empty: 1
US-MT-LI,Ignored,simple,Ignored,simple
US-MT-MA,Sx,keep_length: 1 2 & merge_after: 0 0 & skip_empty: 1,Dx-Dx-Dx-Dx-Dx-Dx(-Dx)(.Dx)(.Dx),keep_length: 1 2 3 4 5 6 & merge_after: 0 0 0 0 0 0 & skip_empty: 1
US-MT-MC,Ignored,simple,Ignored,simple
US-MT-ME,Ignored,simple,Ignored,simple
US-MT-MN,Dx,,Ignored,simple
US-MT-MI,Ignored,simple,Ignored,simple
US-MT-MU,Sx,keep_length: 1 2 & merge_after: 0 0 & skip_empty: 1,Ignored,simple
US-MT-PA,Sx,skip_empty: 1,Ignored,simple
US-MT-PR,Dx,,Dx-Dx-Dx-Dx-Dx-Dx(-Dx)(.Dx)(.Dx),drop_cols: 7 & keep_length: 1 2 3 4 5 6 & merge_after: 0 0 0 0 0 0 & skip_empty: 1
US-MT-PH,Sx,keep_length: 1 2 & merge_after: 0 0 & skip_empty: 1,Ignored,simple
US-MT-PO,Dx,keep_length: 1 & skip_empty: 1,Dx-Dx-Dx-Dx-Dx-Dx(-Dx)(.Dx)(.Dx),drop_cols: 7 & keep_length: 1 2 3 4 5 6 & merge_after: 0 0 0 0 0 0 & skip_empty: 1
US-MT-PN,Dx,keep_length: 1 & skip_empty: 1,Ignored,simple
US-MT-PE,Dx,,Dx-Dx-Dx-Dx-Dx-Dx(-Dx)(.Dx)(.Dx),keep_length: 1 2 3 4 5 6 7 & merge_after: 0 0 0 0 0 0 0 & skip_empty: 1
US-MT-PI,Ignored,simple,Ignored,simple
US-MT-RA,Dx,string_lengths: 2 4 2 1 2 2 4 & skip_empty: 1,Dx-Dx-Dx-Dx-Dx-Dx(-Dx)(.Dx)(-Sx)( Dx),skip_empty: 1
US-MT-RI,Dx,string_lengths: 2 4 2 1 2 2 4 & skip_empty: 1,Dx-Dx-Dx-Dx-Dx-Dx(-Dx)(.Dx)(-Sx)( Dx),skip_empty: 1
US-MT-RO,Sx,split_groups: 0|[E] & keep_length: 0_1 & merge_after: 0_0 & skip_empty: 1,Ignored,simple
US-MT-RS,Sx,keep_length: 1 2 & merge_after: 0 0 & skip_empty: 1,Ignored,simple
US-MT-SA,Sx(-)Dx,skip_empty: 1,Ignored,simple
US-MT-SH,Sx,skip_empty: 1,Ignored,simple
US-MT-SB,Ignored,simple,Ignored,simple
US-MT-ST,Dx,,Ignored,simple
US-MT-SG,Dx,split_groups: 0|1 & drop_cols: 0_0 & skip_empty: 1,Dx-Dx-Dx-Dx-Dx-Dx(-Dx)(.Dx)(-Sx)( Dx),split_groups: 7|-1 & drop_cols: 0 & keep_length: 2 3 4 5 6 7_0 & merge_after: 1 1 1 1 1 1 1 & skip_empty: 1
US-MT-TE,Sx,skip_empty: 1,Ignored,simple
US-MT-TO,Sx,,Ignored,simple
US-MT-TR,Sx,split_groups: 0|[E] & keep_length: 0_1 & merge_after: 0_0 & skip_empty: 1,Ignored,simple
US-MT-VA,Sx,keep_length: 1 2 & merge_after: 0 0 & skip_empty: 1,Ignored,simple
US-MT-WH,Dx,string_lengths: 2 4 2 1 2 2 4 & skip_empty: 1,Dx-Dx-Dx-Dx-Dx-Dx(-Dx)(.Dx)(.Dx),skip_empty: 1
US-MT-WI,Sx,,Ignored,simple
US-MT-YE,Ignored,simple,Ignored,simple
US-NC-AL,Dx,split_groups: 0|14 & drop_cols: 0_1 & skip_empty: 1,Dx,split_groups: 0|6 0_1|3 0_1_1|2 0_1_1_1|5 0_1_1_1_1|3 0_1_1_1_1_1|1 0_1_1_1_1_1_1|1 0_1_1_1_1_1_1_1|1 & merge_after: 0_1_1_1_1_1_0 0_1_1_1_1_1_0 0_1_1_1_1_1_0 & skip_empty: 1
US-NC-LX,Dx,split_groups: 0|14 & drop_cols: 0_1 & skip_empty: 1,Dx,
US-NC-LG,Sx,,Sx,skip_empty: 1
US-NC-AN,Dx,split_groups: 0|16 & drop_cols: 0_1,Sx-Sx-Sx-Sx,keep_length: 1 2 3 & merge_after: 0 0 0 & skip_empty: 1
US-NC-AS,Ignored,simple,Ignored,simple
US-NC-AV,Dx,split_groups: 0|6 0_1|6 0_1_1|4 0_1_1_1|6 & skip_empty: 1,Dx,split_groups: 0|6 0_1|6 0_1_1|4 0_1_1_1|6 & skip_empty: 1
US-NC-BE,Ignored,simple,Ignored,simple
US-NC-BU,Dx,split_groups: 0|6 0_1|6 1_0|5 & skip_empty: 1,Dx,split_groups: 0|14 & drop_cols: 0_1 & skip_empty: 1
US-NC-BL,Dx,,Dx,split_groups: 0|1 0_1|6 & drop_cols: 0_0 & skip_empty: 1
US-NC-BU,Ignored,simple,Ignored,simple
US-NC-BR,Ignored,simple,Ignored,simple
US-NC-BE,Dx,split_groups: 0|16 & drop_cols: 0_1,Ignored,simple
US-NC-CT,Ignored,simple,Ignored,simple
US-NC-CM,Dx,string_lengths: 2 4 2 2 4 4 & skip_empty: 1,D2.D4.D2.D2.D4.D4,skip_empty: 1
US-NC-CA,Ignored,simple,Ignored,simple
US-NC-CH,Dx,split_groups: 0|1 & drop_cols: 0_0 & skip_empty: 1,Dx,split_groups: 0|16 & drop_cols: 0_1
US-NC-CI,Sx,string_lengths: 4 2 2 7 & skip_empty: 1,Sx,string_lengths: 4 2 2 7 & skip_empty: 1
US-NC-CD,Sx Sx Sx( Sx)( Sx),,Sx Sx Sx( Sx)( Sx),
US-NC-CO,(D5_)Dx.Dx-Dx-Dx.Dx,split_groups: 1|1 4|1 4_1|1 & drop_cols: 1_0 & keep_length: 1_1 2 3 & merge_after: 0 0 0 0 0 0 & skip_empty: 1,(D5_)Dx.Dx-Dx-Dx.Dx,split_groups: 1|1 4|1 4_1|1 & drop_cols: 1_0 & keep_length: 1_1 2 3 & merge_after: 0 0 0 0 0 0 & skip_empty: 1
US-NC-CR,Sx( )-( )(Sx)( - Sx)(-Sx)( Sx),no_conv: 1,Sx( )-( )(Sx)( - Sx)(-Sx)( Sx),no_conv: 1
US-NC-CE,Dx,split_groups: 0|6 0_1|6 0_1_1|4 0_1_1_1|6 & skip_empty: 1,Dx,split_groups: 0|6 0_1|6 0_1_1|4 0_1_1_1|6 & skip_empty: 1
US-NC-CT,Dx,split_groups: 0|6 0_1|3 0_1_1|2 0_1_1_1|5 0_1_1_1_1|3 0_1_1_1_1_1|1 & merge_after: 0_1_1_1_0 0_1_1_1_0 & skip_empty: 1,Dx,split_groups: 0|6 0_1|3 0_1_1|2 0_1_1_1|5 0_1_1_1_1|3 0_1_1_1_1_1|1 0_1_1_1_1_1_1|1 0_1_1_1_1_1_1_1|1 & merge_after: 0_1_1_1_1_1_0 0_1_1_1_1_1_0 0_1_1_1_1_1_0 & skip_empty: 1
US-NC-CS,Dx,string_lengths: 4 2 2 4 4 & skip_empty: 1,Dx.Dx.Dx.Dx.Dx,skip_empty: 1
US-NC-CU,Sx-Sx-Sx,,Sx-Sx-Sx(-Sx),drop_cols: 3
US-NC-CL,Dx,split_groups: 0|14 & drop_cols: 0_1 & skip_empty: 1,Sx,split_groups: 0|13 & drop_cols: 0_1 & skip_empty: 1
US-NC-CW,Sx,split_groups: 0|13 & drop_cols: 0_1 & skip_empty: 1,Sx,
US-NC-CY,Dx,,Dx,keep_length: 1 & skip_empty: 1
US-NC-DA,Ignored,simple,Ignored,simple
US-NC-DR,Dx,split_groups: 0|16 & drop_cols: 0_1,Dx,
US-NC-DU,Dx,string_lengths: 1 3 2 & skip_empty: 1,Dx,string_lengths: 1 3 2 & skip_empty: 1
US-NC-DV,Ignored,simple,Ignored,simple
US-NC-ED,Sx-Sx-Sx,skip_empty: 1,Sx-Sx-Sx-Sx,split_groups: 2|. 2_1|. & skip_empty: 1
US-NC-FO,Sx-Sx-Sx(.Sx),skip_empty: 1,Sx-Sx-Sx(.Sx),merge_after: 2 & skip_empty: 1
US-NC-FR,Ignored,simple,Ignored,simple
US-NC-GE,Sx(-)Dx,split_groups: 0|6 0_1|1 0_1_1|5 & skip_empty: 1,Dx,split_groups: 0|6 0_1|6 0_1_1|4 0_1_1_1|6 & skip_empty: 1
US-NC-GH,Ignored,simple,Ignored,simple
US-NC-GR,Sx,skip_empty: 1,Sx,split_groups: 0|[E] & keep_length: 0_1 & merge_after: 0_0 & skip_empty: 1
US-NC-GA,Dx,split_groups: 0|16 & drop_cols: 0_1,Dx,split_groups: 0|6 0_1|3 0_1_1|2 0_1_1_1|5 0_1_1_1_1|3 0_1_1_1_1_1|1 0_1_1_1_1_1_1|1 0_1_1_1_1_1_1_1|1 & merge_after: 0_1_1_1_1_1_0 0_1_1_1_1_1_0 0_1_1_1_1_1_0 & skip_empty: 1
US-NC-GT,Sx,split_groups: 0|-5 0_0|4 0_0_0|2 & drop_cols: 0_0_1_1 & skip_empty: 1,Sx-Sx,
US-NC-GU,Ignored,simple,Dx,split_groups: 0|14 & drop_cols: 0_1 & skip_empty: 1
US-NC-HE,Sx-Sx-Sx,skip_empty: 1,Sx-Sx-Sx(-Sx),skip_empty: 1
US-NC-HY,Dx,split_groups: 0|6 0_1|3 0_1_1|2 0_1_1_1|5 0_1_1_1_1|3 0_1_1_1_1_1|1 0_1_1_1_1_1_1|1 0_1_1_1_1_1_1_1|1 & merge_after: 0_1_1_1_1_1_0 0_1_1_1_1_1_0 0_1_1_1_1_1_0 & skip_empty: 1,Dx,split_groups: 0|6 0_1|3 0_1_1|7 0_1_1_1|3 0_1_1_1_1|1 0_1_1_1_1_1|1 & merge_after: 0_1_1_1_0 0_1_1_1_0 & skip_empty: 1
US-NC-HL,Sx(-)Dx,split_groups: 0|- 0_0|3 & skip_empty: 1,Dx,split_groups: 0|3 0_1|7 0_1_1|3 0_1_1_1|1 0_1_1_1_1|[0] & merge_after: 0_1_1_0 0_1_1_0 & skip_empty: 1
US-NC-HE,Sx,skip_empty: 1,Sx-Sx-Sx,keep_length: 1 2 & merge_after: 0 0 & skip_empty: 1
US-NC-HO,Sx,split_groups: 0|[E] & keep_length: 0_1 & merge_after: 0_0 & skip_empty: 1,Dx(.-Dx.-Dx),keep_length: 1 2 & merge_after: 0 0 & skip_empty: 1
US-NC-HR,Ignored,simple,Ignored,simple
US-NC-HA,Ignored,simple,Ignored,simple
US-NC-IR,Ignored,simple,Ignored,simple
US-NC-JA,Sx-Sx-Sx,skip_empty: 1,Sx-Sx-Sx,skip_empty: 1
US-NC-ME,Sx,string_lengths: 3 3 2 & skip_empty: 1,Sx,string_lengths: 3 3 2 & skip_empty: 1
US-NC-MD,Sx,split_groups: 0|6 0_1|6 & skip_empty: 1,Dx(.-Dx.-Dx),keep_length: 1 2 & merge_after: 0 0 & skip_empty: 1
US-NC-MO,Dx,split_groups: 0|16 & drop_cols: 0_1,Sx(-)Dx,split_groups: 0|[A-Z] 0_1|[A-Z] & skip_empty: 1
US-NC-MI,Ignored,simple,Ignored,simple
US-NC-MN,Ignored,simple,Ignored,simple
US-NC-MR,Sx,split_groups: 0|7 & skip_empty: 1,Dx,
US-NC-NA,Ignored,simple,Ignored,simple
US-NC-NH,Ignored,simple,Ignored,simple
US-NC-NO,Dx,split_groups: 0|16 & drop_cols: 0_1,Sx-Sx,keep_length: 1 & merge_after: 0 & skip_empty: 1
US-NC-ON,Dx,,Dx,
US-NC-OR,Dx,keep_length: 1 & skip_empty: 1,Dx(.-Dx.-Dx),keep_length: 1 2 & merge_after: 0 0 0 & skip_empty: 1
US-NC-PR,Sx-Sx-Sx-Sx,keep_length: 1 2 3 & merge_after: 0 0 0 & skip_empty: 1,Ignored,simple
US-NC-PI,Ignored,simple,Ignored,simple
US-NC-PM,Sx-[S.]x(-Sx)(-Sx)(-Sx),skip_empty: 1,Sx-[S.]x(-Sx)(-Sx)(-Sx),split_groups: 1|. & skip_empty: 1
US-NC-PE,Ignored,,Ignored,
US-NC-PO,Sx-Sx(-Sx)(-Sx),skip_empty: 1,Sx-Sx(-Sx)(-Sx),skip_empty: 1
US-NC-PR,Ignored,simple,Ignored,simple
US-NC-PA,^([0-9]+) ? ?([0-9]{2})?([0-9]{6})$,,^([0-9]+) ? ?([0-9]{2})?([0-9]{6})$,
US-NC-RA,Ignored,simple,Dx.Dx,skip_empty: 1
US-NC-RO,Sx,split_groups: 0|7 & skip_empty: 1,Sx,split_groups: 0|7 & skip_empty: 1
US-NC-RC,Sx,split_groups: 0|3 0_1|3 0_1_1|4 0_1_1_1|2 0_1_1_1_1|1 0_1_1_1_1_1|1 0_1_1_1_1_1_1|2 & merge_after: 0_0 0_0 0_0 0_0 0_0 0_0 & skip_empty: 1,Sx,split_groups: 0|3 0_1|3 0_1_1|4 0_1_1_1|2 0_1_1_1_1|1 0_1_1_1_1_1|1 0_1_1_1_1_1_1|2 & merge_after: 0_0 0_0 0_0 0_0 0_0 0_0 & skip_empty: 1
US-NC-RI,Sx,,Ignored,simple
US-NC-RU,Dx,split_groups: 0|14 & drop_cols: 0_1 & skip_empty: 1,Dx,
US-NC-RO,Ignored,simple,Ignored,simple
US-NC-SC,Ignored,simple,Ignored,simple
US-NC-ST,Dx,split_groups: 0|16 & drop_cols: 0_1,Ignored,simple
US-NC-SO,Dx,split_groups: 0|14 & drop_cols: 0_1 & skip_empty: 1,Ignored,simple
US-NC-SA,Dx,string_lengths: 2 3 6 & skip_empty: 1,Dx,string_lengths: 2 3 6 & skip_empty: 1
US-NC-SU,Dx,split_groups: 0|16 & drop_cols: 0_1,Ignored,simple
US-NC-SW,Sx,,Dx,
US-NC-TR,Sx-Sx-Sx-Sx,split_groups: 2|1 3|1 & skip_empty: 1,Sx-Sx-Sx-Sx,split_groups: 2|1 3|1 & skip_empty: 1
US-NC-TY,Ignored,simple,Ignored,simple
US-NC-UN,Ignored,simple,Ignored,simple
US-NC-VA,Ignored,simple,Ignored,simple
US-NC-WL,Dx,split_groups: 0|16 & drop_cols: 0_1,Dx,split_groups: 0|14 & drop_cols: 0_1 & skip_empty: 1
US-NC-WS,Ignored,simple,Ignored,simple
US-NC-WA,Dx,split_groups: 0|14 & drop_cols: 0_1 & skip_empty: 1,Dx,keep_length: 1 & skip_empty: 1
US-NC-WI,Ignored,simple,Dx.Dx,split_groups: 1|5 & keep_length: 1_0 & merge_after: 0 & skip_empty: 1
US-NC-WR,Ignored,simple,Ignored,simple
US-NC-WT,Sx-Sx-Sx-Sx,split_groups: 2|. 2_1|. & skip_empty: 1,Sx-Sx-Sx(-Sx),skip_empty: 1
US-NC-WY,Dx,split_groups: 0|1 & drop_cols: 0_0 & skip_empty: 1,Sx,split_groups: 0|3 0_1|15 & drop_cols: 0_0 0_1_1 & skip_empty: 1
US-NC-YA,Dx,split_groups: 0|6 0_1|3 0_1_1|2 0_1_1_1|5 0_1_1_1_1|3 0_1_1_1_1_1|1 & merge_after: 0_1_1_1_0 0_1_1_1_0 & skip_empty: 1,Sx,keep_length: 1 2 & merge_after: 0 0 & skip_empty: 1
US-NC-YN,Dx,,Dx,
US-ND-AD,Dx,split_groups: 0|14 & drop_cols: 0_1 & skip_empty: 1,Dx,split_groups: 0|14 & drop_cols: 0_1 & skip_empty: 1
US-ND-BA,Sx-Sx,,Sx-Sx,
US-ND-BE,Sx-Sx-Sx-Sx,keep_length: 1 2 3 & merge_after: 0 0 0 & skip_empty: 1,Dx,
US-ND-BI,Sx,,Dx,keep_length: 1 & skip_empty: 1
US-ND-BR,Sx,keep_length: 1 2 & merge_after: 0 0 & skip_empty: 1,Dx,
US-ND-BU,Ignored,simple,Ignored,simple
US-ND-BO,Sx,split_groups: 0|[E] & keep_length: 0_1 & merge_after: 0_0 & skip_empty: 1,Sx-Sx-Sx-Sx,keep_length: 1 2 3 & merge_after: 0 0 0 & skip_empty: 1
US-ND-BW,Dx,string_lengths: 3 4 3 4 & skip_empty: 1,Dx,string_lengths: 3 4 3 4 & skip_empty: 1
US-ND-CA,Ignored,simple,Ignored,simple
US-ND-CV,Sx,split_groups: 0|13 & drop_cols: 0_1 & skip_empty: 1,Dx,
US-ND-DI,Sx(-Sx-S1),skip_empty: 1,Dx,split_groups: 0|14 & drop_cols: 0_1 & skip_empty: 1
US-ND-DU,Unrecognized,,Sx-Sx-Sx,keep_length: 1 2 & merge_after: 0 0 & skip_empty: 1
US-ND-DV,Dx,split_groups: 0|14 & drop_cols: 0_1 & skip_empty: 1,Sx-Sx-Sx-Sx,keep_length: 1 2 3 & merge_after: 0 0 0 & skip_empty: 1
US-ND-ED,Dx,keep_length: 1 & skip_empty: 1,Dx,split_groups: 0|14 & drop_cols: 0_1 & skip_empty: 1
US-ND-EM,Ignored,simple,Ignored,simple
US-ND-FO,Dx,keep_length: 1 & skip_empty: 1,Dx,keep_length: 1 & skip_empty: 1
US-ND-GF,Dx,split_groups: 0|6 0_1|3 0_1_1|7 0_1_1_1|3 0_1_1_1_1|1 0_1_1_1_1_1|1 & merge_after: 0_1_1_1_0 0_1_1_1_0 & skip_empty: 1,Dx,split_groups: 0|6 0_1|3 0_1_1|7 0_1_1_1|3 0_1_1_1_1|1 0_1_1_1_1_1|1 & merge_after: 0_1_1_1_0 0_1_1_1_0 & skip_empty: 1
US-ND-GR,Sx,skip_empty: 1,Sx-Sx-Sx-Sx,keep_length: 1 2 3 & merge_after: 0 0 0 & skip_empty: 1
US-ND-GV,Sx(-)Dx,split_groups: 0|[A-Z] 0_1|[A-Z] & skip_empty: 1,Dx,
US-ND-GA,Sx(-Sx-S1),skip_empty: 1,Dx,split_groups: 0|14 & drop_cols: 0_1 & skip_empty: 1
US-ND-HE,Dx,split_groups: 0|14 & drop_cols: 0_1 & skip_empty: 1,Dx,
US-ND-KI,Dx,split_groups: 0|6 0_1|3 0_1_1|2 0_1_1_1|5 0_1_1_1_1|3 0_1_1_1_1_1|1 & merge_after: 0_1_1_1_0 0_1_1_1_0 & skip_empty: 1,Dx,split_groups: 0|6 0_1|3 0_1_1|7 0_1_1_1|3 0_1_1_1_1|1 0_1_1_1_1_1|1 & merge_after: 0_1_1_1_0 0_1_1_1_0 & skip_empty: 1
US-ND-LA,Ignored,simple,Ignored,simple
US-ND-LO,Sx(-Sx-S1),skip_empty: 1,Dx,keep_length: 1 & skip_empty: 1
US-ND-ME,Ignored,simple,Ignored,simple
US-ND-MH,Dx,,Dx,
US-ND-MI,Sx(-Sx-S1),skip_empty: 1,Dx,keep_length: 1 & skip_empty: 1
US-ND-MK,Ignored,simple,Ignored,simple
US-ND-MC,Ignored,simple,Ignored,simple
US-ND-MO,Dx,,Sx-Sx,keep_length: 1 & merge_after: 0 & skip_empty: 1
US-ND-MN,Ignored,simple,Ignored,simple
US-ND-NE,Dx,split_groups: 0|14 & drop_cols: 0_1 & skip_empty: 1,Dx,split_groups: 0|14 & drop_cols: 0_1 & skip_empty: 1
US-ND-OL,Ignored,simple,Ignored,simple
US-ND-PE,Ignored,simple,Ignored,simple
US-ND-PI,Dx,split_groups: 0|6 0_1|6 1_0|5 & skip_empty: 1,Dx,split_groups: 0|6 0_1|6 1_0|5 & skip_empty: 1
US-ND-RE,Dx,,Ignored,simple
US-ND-RI,Dx,simple,Sx-Sx-Sx(.Sx),keep_length: 1 2 3 & join_char: 
US-ND-RA,Ignored,simple,Ignored,simple
US-ND-RN,Sx(-)Dx,split_groups: 0|[A-Z] 0_1|[A-Z] & skip_empty: 1,Sx-Sx,keep_length: 1 & merge_after: 0 & skip_empty: 1
US-ND-RO,Dx,split_groups: 0|14 & drop_cols: 0_1 & skip_empty: 1,Dx,
US-ND-SE,Ignored,simple,Ignored,simple
US-ND-SA,Dx(-Sx)(-Dx),skip_empty: 1,Sx-Sx,keep_length: 1 & merge_after: 0 & skip_empty: 1
US-ND-SH,Ignored,simple,Dx,split_groups: 0|14 & drop_cols: 0_1 & skip_empty: 1
US-ND-SI,Useless,,Dx,
US-ND-SL,Sx-Sx(-Sx)(-Sx),skip_empty: 1,Sx( )-( )(Sx)( - Sx)(-Sx)( Sx),merge_after: 2 & skip_empty: 1
US-ND-ST,Sx,keep_length: 1 2 & merge_after: 0 0 & skip_empty: 1,Sx-Sx-Sx-Sx,keep_length: 1 2 3 & merge_after: 0 0 0 & skip_empty: 1
US-ND-SU,Sx,split_groups: 0|11 & drop_cols: 0_1 & skip_empty: 1,Sx( )-( )(Sx)( - Sx)(-Sx)( Sx),split_groups: 0|3 & drop_cols: 4 & keep_length: 1 & merge_after: 0_0 0_0 0_0 & skip_empty: 1
US-ND-TO,Ignored,simple,Ignored,simple
US-ND-TR,Sx,skip_empty: 1,Sx-Sx-Sx-Sx,keep_length: 1 2 3 & merge_after: 0 0 0 & skip_empty: 1
US-ND-WE,Dx,split_groups: 0|14 & drop_cols: 0_1 & skip_empty: 1,Dx(.-Dx.-Dx),keep_length: 1 2 3 & merge_after: 0 0 0 & skip_empty: 1
US-ND-WI,Ignored,simple,Ignored,simple
US-ND-WL,Sx(-)Dx,split_groups: 0|[A-Z] 0_1|[A-Z] & skip_empty: 1,Dx,
US-ND-WA,Sx,string_lengths: 14 & skip_empty: 1,Ignored,simple
US-NE-AD,Dx,split_groups: 0|6 0_1|3 0_1_1|2 0_1_1_1|5 0_1_1_1_1|3 0_1_1_1_1_1|1 & merge_after: 0_1_1_1_0 0_1_1_1_0 & skip_empty: 1,Dx,split_groups: 0|6 0_1|3 0_1_1|7 0_1_1_1|3 0_1_1_1_1|1 0_1_1_1_1_1|1 & merge_after: 0_1_1_1_0 0_1_1_1_0 & skip_empty: 1
US-NE-AN,Dx,,Dx,split_groups: 0|14 & drop_cols: 0_1 & skip_empty: 1
US-NE-AR,Dx,split_groups: 0|1 & drop_cols: 0_0 & skip_empty: 1,Dx,
US-NE-BA,Dx,split_groups: 0|14 & drop_cols: 0_1 & skip_empty: 1,Dx,split_groups: 0|14 & drop_cols: 0_1 & skip_empty: 1
US-NE-BT,Dx(.-Dx.-Dx),keep_length: 1 2 & merge_after: 0 0 & skip_empty: 1,Ignored,simple
US-NE-BU,Dx(.-Dx.-Dx),keep_length: 1 2 & merge_after: 0 0 & skip_empty: 1,Dx,
US-NE-BL,Dx,split_groups: 0|6 0_1|3 0_1_1|7 0_1_1_1|3 0_1_1_1_1|1 0_1_1_1_1_1|1 & merge_after: 0_1_1_1_0 0_1_1_1_0 & skip_empty: 1,Dx,split_groups: 0|6 0_1|6 1_0|5 & skip_empty: 1
US-NE-BO,Dx(.-Dx.-Dx),keep_length: 1 2 3 & merge_after: 0 0 0 & skip_empty: 1,Dx.Dx,split_groups: 1|5 & keep_length: 1_0 & merge_after: 0 & skip_empty: 1
US-NE-BU,Dx,,Dx,split_groups: 0|14 & drop_cols: 0_1 & skip_empty: 1
US-NE-BR,Dx,split_groups: 0|14 & drop_cols: 0_1 & skip_empty: 1,Dx,
US-NE-BB,Dx,split_groups: 0|16 & drop_cols: 0_1,Dx,keep_length: 1 & skip_empty: 1
US-NE-BY,Ignored,simple,Dx,keep_length: 1 & skip_empty: 1
US-NE-CE,Ignored,simple,Ignored,simple
US-NE-CS,Dx,split_groups: 0|3 0_1|7 0_1_1|3 0_1_1_1|1 0_1_1_1_1|[0] & merge_after: 0_1_1_0 0_1_1_0 & skip_empty: 1,Dx,split_groups: 0|3 0_1|7 0_1_1|3 0_1_1_1|1 0_1_1_1_1|[0] & merge_after: 0_1_1_0 0_1_1_0 & skip_empty: 1
US-NE-CR,Dx,split_groups: 0|14 & drop_cols: 0_1 & skip_empty: 1,Dx,split_groups: 0|16 & drop_cols: 0_1
US-NE-CL,Dx,split_groups: 0|16 & drop_cols: 0_1,Dx,keep_length: 1 & skip_empty: 1
US-NE-CM,Ignored,simple,Ignored,simple
US-NE-CO,Dx(.-Dx.-Dx),keep_length: 1 2 3 & merge_after: 0 0 0 & skip_empty: 1,Dx.Dx,split_groups: 1|5 & keep_length: 1_0 & merge_after: 0 & skip_empty: 1
US-NE-CA,Dx,split_groups: 0|6 0_1|3 0_1_1|2 0_1_1_1|5 0_1_1_1_1|3 0_1_1_1_1_1|1 & merge_after: 0_1_1_1_0 0_1_1_1_0 & skip_empty: 1,Dx,split_groups: 0|6 0_1|3 0_1_1|2 0_1_1_1|5 0_1_1_1_1|3 0_1_1_1_1_1|1 0_1_1_1_1_1_1|1 0_1_1_1_1_1_1_1|1 & merge_after: 0_1_1_1_1_1_0 0_1_1_1_1_1_0 0_1_1_1_1_1_0 & skip_empty: 1
US-NE-CU,(D2(A))D2(S)D6S(.D2),skip_empty: 1 & split_groups: 0|3 & drop_cols: 0_0,Dx,skip_empty: 1
US-NE-CH,Ignored,simple,Dx,split_groups: 0|14 & drop_cols: 0_1 & skip_empty: 1
US-NE-DG,Dx,split_groups: 0|14 & drop_cols: 0_1 & skip_empty: 1,Dx,split_groups: 0|14 & drop_cols: 0_1 & skip_empty: 1
US-NE-DO,Dx,string_lengths: 2 5 3 & skip_empty: 1,Dx,string_lengths: 2 5 3 & skip_empty: 1
US-NE-DI,Dx.Dx,,Dx.Dx,
US-NE-DK,Dx,split_groups: 0|1 & drop_cols: 0_0 & skip_empty: 1,Dx,split_groups: 0|1 & drop_cols: 0_0 & skip_empty: 1
US-NE-DE,Dx.Dx,skip_empty: 1,Dx.Dx,split_groups: 0|2 & drop_cols: 0_0 & skip_empty: 1
US-NE-DA,Ignored,simple,Sx,split_groups: 0|R 0_0|11 & skip_empty: 1
US-NE-DW,Dx,split_groups: 0|16 & drop_cols: 0_1,Dx,
US-NE-DU,Sx(-)Dx,skip_empty: 1,Ignored,simple
US-NE-FR,Ignored,simple,Ignored,simple
US-NE-FI,Dx,split_groups: 0|14 & drop_cols: 0_1 & skip_empty: 1,Dx,
US-NE-FO,Dx,,Sx,
US-NE-FU,Dx.Dx,split_groups: 1|5 & keep_length: 1_0 & merge_after: 0 & skip_empty: 1,Dx.Dx,split_groups: 1|5 & keep_length: 1_0 & merge_after: 0 & skip_empty: 1
US-NE-GR,Dx,split_groups: 0|16 & drop_cols: 0_1,Dx,split_groups: 0|14 & drop_cols: 0_1 & skip_empty: 1
US-NE-GD,Ignored,simple,Dx,
US-NE-GR,Dx,split_groups: 0|16 & drop_cols: 0_1,Dx,keep_length: 1 & skip_empty: 1
US-NE-GA,Dx,,Dx,
US-NE-GA,Dx,split_groups: 0|14 & drop_cols: 0_1 & skip_empty: 1,Dx,split_groups: 0|14 & drop_cols: 0_1 & skip_empty: 1
US-NE-GO,Dx,split_groups: 0|16 & drop_cols: 0_1,Dx,
US-NE-HI,Dx,split_groups: 0|14 & drop_cols: 0_1 & skip_empty: 1,Dx,
US-NE-HA,Dx,split_groups: 0|14 & drop_cols: 0_1 & skip_empty: 1,Dx,keep_length: 1 & skip_empty: 1
US-NE-HM,Dx(.-Dx.-Dx),keep_length: 1 2 3 & merge_after: 0 0 0 & skip_empty: 1,Dx,split_groups: 0|14 & drop_cols: 0_1 & skip_empty: 1
US-NE-HK,Dx,split_groups: 0|14 & drop_cols: 0_1 & skip_empty: 1,Dx,split_groups: 0|16 & drop_cols: 0_1
US-NE-HR,Dx,split_groups: 0|6 0_1|3 0_1_1|2 0_1_1_1|5 0_1_1_1_1|3 0_1_1_1_1_1|1 & merge_after: 0_1_1_1_0 0_1_1_1_0 & skip_empty: 1,Dx,split_groups: 0|6 0_1|3 0_1_1|2 0_1_1_1|5 0_1_1_1_1|3 0_1_1_1_1_1|1 0_1_1_1_1_1_1|1 0_1_1_1_1_1_1_1|1 & merge_after: 0_1_1_1_1_1_0 0_1_1_1_1_1_0 0_1_1_1_1_1_0 & skip_empty: 1
US-NE-HO,Ignored,simple,Dx,keep_length: 1 & skip_empty: 1
US-NE-HW,Dx,,Dx,
US-NE-HY,Dx,split_groups: 0|14 & drop_cols: 0_1 & skip_empty: 1,Sx,keep_length: 1 2 & merge_after: 0 0 & skip_empty: 1
US-NE-JE,Ignored,simple,Ignored,simple
US-NE-JO,Dx,,Dx,split_groups: 0|14 & drop_cols: 0_1 & skip_empty: 1
US-NE-KR,Dx(.-Dx.-Dx),keep_length: 1 2 & merge_after: 0 0 & skip_empty: 1,Dx.Dx,split_groups: 1|5 & keep_length: 1_0 & merge_after: 0 & skip_empty: 1
US-NE-KI,Dx,split_groups: 0|2 0_1|2 0_1_1|2 0_1_1_1|3 0_1_1_1_1|3 0_1_1_1_1|3 & skip_empty: 1,Dx,split_groups: 0|2 0_1|1 0_1_1|1 0_1_1_1|2 0_1_1_1_1|3 0_1_1_1_1_1|3 0_1_1_1_1_1_1|3 0_1_1_1_1_1_1_1|2 & skip_empty: 1
US-NE-KN,Dx,split_groups: 0|6 0_1|6 0_1_1|4 0_1_1_1|6 & skip_empty: 1,Dx,split_groups: 0|6 0_1|6 1_0|5 & skip_empty: 1
US-NE-KE,Dx,split_groups: 0|6 0_1|3 0_1_1|7 0_1_1_1|3 0_1_1_1_1|1 0_1_1_1_1_1|1 & merge_after: 0_1_1_1_0 0_1_1_1_0 & skip_empty: 1,Dx,split_groups: 0|6 0_1|6 0_1_1|4 0_1_1_1|6 & skip_empty: 1
US-NE-KP,Ignored,simple,Dx,split_groups: 0|14 & drop_cols: 0_1 & skip_empty: 1
US-NE-LA,Ignored,simple,Ignored,simple
US-NE-LO,Dx,keep_length: 1 & skip_empty: 1,Dx,split_groups: 0|16 & drop_cols: 0_1
US-NE-LI,Dx(.-Dx.-Dx),keep_length: 1 2 & merge_after: 0 0 & skip_empty: 1,Dx.Dx,split_groups: 1|5 & keep_length: 1_0 & merge_after: 0 & skip_empty: 1
US-NE-LP,Dx,split_groups: 0|6 0_1|6 0_1_1|4 0_1_1_1|6 & skip_empty: 1,Dx,split_groups: 0|6 0_1|3 0_1_1|7 0_1_1_1|3 0_1_1_1_1|1 0_1_1_1_1_1|1 & merge_after: 0_1_1_1_0 0_1_1_1_0 & skip_empty: 1
US-NE-MA,Dx,keep_length: 1 & skip_empty: 1,Dx,
US-NE-MC,Dx,split_groups: 0|1 & drop_cols: 0_0 & skip_empty: 1,Dx,split_groups: 0|1 & drop_cols: 0_0 & skip_empty: 1
US-NE-ME,Ignored,simple,Ignored,simple
US-NE-MO,Dx,split_groups: 0|16 & drop_cols: 0_1,Dx,
US-NE-NA,Dx(.-Dx.-Dx),keep_length: 1 2 & merge_after: 0 0 & skip_empty: 1,Dx.Dx,split_groups: 1|5 & keep_length: 1_0 & merge_after: 0 & skip_empty: 1
US-NE-NE,Dx,split_groups: 0|1 & drop_cols: 0_0 & skip_empty: 1,Sx,split_groups: 0|1 & drop_cols: 0_0
US-NE-NU,Dx.Dx,,Dx.Dx,
US-NE-OT,Dx,split_groups: 0|16 & drop_cols: 0_1,Dx,
US-NE-PA,Dx,,Dx,
US-NE-PE,Dx,split_groups: 0|6 0_1|3 0_1_1|2 0_1_1_1|5 0_1_1_1_1|3 0_1_1_1_1_1|1 & merge_after: 0_1_1_1_0 0_1_1_1_0 & skip_empty: 1,Dx,split_groups: 0|6 0_1|3 0_1_1|2 0_1_1_1|5 0_1_1_1_1|3 0_1_1_1_1_1|1 0_1_1_1_1_1_1|1 0_1_1_1_1_1_1_1|1 & merge_after: 0_1_1_1_1_1_0 0_1_1_1_1_1_0 0_1_1_1_1_1_0 & skip_empty: 1
US-NE-PH,Dx(.-Dx.-Dx),keep_length: 1 2 & merge_after: 0 0 & skip_empty: 1,Dx.Dx,split_groups: 1|5 & keep_length: 1_0 & merge_after: 0 & skip_empty: 1
US-NE-PI,Dx,split_groups: 0|14 & drop_cols: 0_1 & skip_empty: 1,Dx,
US-NE-PL,Dx,split_groups: 0|6 0_1|3 0_1_1|2 0_1_1_1|5 0_1_1_1_1|3 0_1_1_1_1_1|1 & merge_after: 0_1_1_1_0 0_1_1_1_0 & skip_empty: 1,Dx,split_groups: 0|6 0_1|3 0_1_1|7 0_1_1_1|3 0_1_1_1_1|1 0_1_1_1_1_1|1 & merge_after: 0_1_1_1_0 0_1_1_1_0 & skip_empty: 1
US-NE-PO,Dx,split_groups: 0|14 & drop_cols: 0_1 & skip_empty: 1,Dx,split_groups: 0|14 & drop_cols: 0_1 & skip_empty: 1
US-NE-RW,Dx(.-Dx.-Dx),keep_length: 1 2 & merge_after: 0 0 & skip_empty: 1,Dx,split_groups: 0|1 & drop_cols: 0_0 & skip_empty: 1
US-NE-RI,Dx,split_groups: 0|6 0_1|6 0_1_1|4 0_1_1_1|6 & skip_empty: 1,Dx,split_groups: 0|6 0_1|6 1_0|5 & skip_empty: 1
US-NE-RO,Dx,split_groups: 0|14 & drop_cols: 0_1 & skip_empty: 1,Dx,split_groups: 0|14 & drop_cols: 0_1 & skip_empty: 1
US-NE-SE,Dx,,Dx,split_groups: 0|16 & drop_cols: 0_1
US-NE-SB,Sx(-)Dx,split_groups: 0|[A-Z] 0_1|[A-Z] & skip_empty: 1,Dx,split_groups: 0|14 & drop_cols: 0_1 & skip_empty: 1
US-NE-SH,Dx,,Dx,
US-NE-SI,Dx,split_groups: 0|14 & drop_cols: 0_1 & skip_empty: 1,Dx,split_groups: 0|14 & drop_cols: 0_1 & skip_empty: 1
US-NE-SL,Ignored,simple,Dx,
US-NE-SR,Dx,string_lengths: 3 3 3,Dx,string_lengths: 3 3 3
US-NE-ST,Ignored,simple,Ignored,simple
US-NE-SN,Dx,keep_length: 1 & skip_empty: 1,Sx,split_groups: 0|[E] & keep_length: 0_1 & merge_after: 0_0 & skip_empty: 1
US-NE-SA,Sx,split_groups: 0|1 & skip_empty: 1,Dx,keep_length: 1 & skip_empty: 1
US-NE-TA,Ignored,simple,Ignored,simple
US-NE-TO,Dx,split_groups: 0|16 & drop_cols: 0_1,Dx,
US-NE-TH,Dx,split_groups: 0|6 0_1|3 0_1_1|2 0_1_1_1|5 0_1_1_1_1|3 0_1_1_1_1_1|1 0_1_1_1_1_1_1|1 0_1_1_1_1_1_1_1|1 & merge_after: 0_1_1_1_1_1_0 0_1_1_1_1_1_0 0_1_1_1_1_1_0 & skip_empty: 1,Dx,split_groups: 0|6 0_1|3 0_1_1|7 0_1_1_1|3 0_1_1_1_1|1 0_1_1_1_1_1|1 & merge_after: 0_1_1_1_0 0_1_1_1_0 & skip_empty: 1
US-NE-VA,Dx,,Dx,split_groups: 0|14 & drop_cols: 0_1 & skip_empty: 1
US-NE-WE,Dx,split_groups: 0|14 & drop_cols: 0_1 & skip_empty: 1,Dx,split_groups: 0|1 & drop_cols: 0_0 & skip_empty: 1
US-NE-WH,Dx.Dx,skip_empty: 1,Dx.Dx,split_groups: 0|2 & drop_cols: 0_0 & skip_empty: 1
US-NE-WA,Dx,split_groups: 0|3 0_1|15 & drop_cols: 0_0 0_1_1 & skip_empty: 1,Dx,split_groups: 0|3 0_1|15 & drop_cols: 0_0 0_1_1 & skip_empty: 1
US-NE-WY,Dx(.-Dx.-Dx),keep_length: 1 2 & merge_after: 0 0 & skip_empty: 1,Dx.Dx,split_groups: 1|5 & keep_length: 1_0 & merge_after: 0 & skip_empty: 1
US-NE-YO,Dx,split_groups: 0|16 & drop_cols: 0_1,Dx,
US-NH-ALT,Sx( )-( )(Sx)( - Sx)(-Sx)( Sx),merge_after: 4 3 2 & skip_empty: 1,A4 M:Sx( B:Sx)( L:Sx)( [SUP]:(Sx)),split_groups: 3|- & merge_after: 3_0 & skip_empty: 1
US-NH-BAD,Sx(-)Dx,split_groups: 0|6 0_1|1 0_1_1|5 & skip_empty: 1,A4 M:Sx L:Sx( S:(Sx)),split_groups: 2|- & skip_empty: 1
US-NH-BEL,Sx-Sx-Sx(-Sx)(-Sx),skip_empty: 1,A4 A:Sx A:(Sx)( A:(Sx))( (A:)(Sx)),split_groups: 0|- 2|- 1|. & skip_empty: 1
US-NH-CEH,Sx( )-( )(Sx)( - Sx)(-Sx)( Sx),split_groups: 1|. & skip_empty: 1,A4 M:Sx( B:Sx)( L:Sx)( [SUP]:(Sx)),split_groups: 2|- & merge_after: 2_0 & skip_empty: 1
US-NH-GIL,Sx-Sx-Sx,split_groups: 0|[A-Z] & skip_empty: 1,A4 M:Sx B:(Sx)( L:(Sx)),skip_empty: 1
US-NH-GIN,Sx-Sx-Sx-Sx,split_groups: 2|1 3|1 & skip_empty: 1,A4 M:Sx L:Sx( S:(Sx)),split_groups: 1|3 & skip_empty: 1
US-NH-LAC,Sx-[S.]x(-Sx)(-Sx)(-S.x),split_groups: 1|. 4|. & skip_empty: 1,A4 A:Sx A:(Sx)( A:(Sx))( (A:)(Sx)),split_groups: 1|- & merge_after: 1_0 & skip_empty: 1
US-NH-MEH,Sx-[S.]x(-Sx)(-Sx)(-Sx),merge_after: 4 3 2 1 0 & skip_empty: 1,A4 M:Sx B:(Sx)( L:(Sx)),split_groups: 1|- 2|- & merge_after: 2_0 1_1 1_0 0
US-NH-NHM,Ignored,simple,A4 M:Sx B:(Sx)( L:(Sx)),keep_length: 1 2 & merge_after: 0 0 & skip_empty: 1
US-NH-SNB,Sx-[S.]x(-Sx)(-Sx)(-S.x),split_groups: 1|. 3|. & skip_empty: 1,A4 M:Sx B:(Sx)( L:(Sx)),split_groups: 2|- & skip_empty: 1
US-NH-TIL,Sx(-)Dx,split_groups: 0|6 0_1|1 0_1_1|5 & skip_empty: 1,A4 M:Sx B:(Sx)( L:(Sx)),split_groups: 2|- & skip_empty: 1
US-NH-BAR,Sx(-)Dx,split_groups: 0|6 0_1|1 0_1_1|5 & skip_empty: 1,A4 M:Sx L:Sx( S:(Sx)),split_groups: 2|- & skip_empty: 1
US-NH-BRD,Dx(-Sx)(-Dx),split_groups: 0|4 & skip_empty: 1,A4 M:Sx L:Sx( S:(Sx)),split_groups: 2|- & skip_empty: 1
US-NH-CHM,Sx(-)Dx,split_groups: 0|6 0_1|1 0_1_1|5 & skip_empty: 1,A4 M:Sx B:(Sx)( L:(Sx)),split_groups: 1|3 2|- & skip_empty: 1
US-NH-COY,Sx-[S.]x(-Sx)(-Sx)(-Sx),split_groups: 1|. & skip_empty: 1,A4 M:Sx B:(Sx)( L:(Sx)),split_groups: 0|3 2|4 & skip_empty: 1
US-NH-EAT,Sx( )-( )(Sx)( - Sx)(-Sx)( Sx),skip_empty: 1,A4 M:Sx L:Sx( S:(Sx)),split_groups: 2|- & skip_empty: 1
US-NH-EFF,Sx-Sx(-Sx)(-Sx),skip_empty: 1,A4 M:Sx B:(Sx)( L:(Sx)),split_groups: 0|- 1|- & keep_length: 0_1 1_1 & merge_after: 0_0 1_0 & skip_empty: 1
US-NH-FRM,Sx(-)Dx,split_groups: 0|6 0_1|1 0_1_1|5 & skip_empty: 1,A4 M:Sx L:Sx( S:(Sx)),split_groups: 2|- & skip_empty: 1
US-NH-HAT,Sx-Sx(-Sx)(-Sx),split_groups: 1|6 1_1|6 & drop_cols: 0 & skip_empty: 1,A4 M:Sx L:Sx( S:(Sx)),skip_empty: 1
US-NH-JAC,Sx(-)Dx,split_groups: 0|6 0_1|1 0_1_1|5 & skip_empty: 1,A4 M:Sx L:Sx( S:(Sx)),split_groups: 2|1 2_1|- & skip_empty: 1
US-NH-MAD,Dx(.-Dx.-Dx),keep_length: 1 2 & merge_after: 0 0 & skip_empty: 1,A4 M:Sx B:(Sx)( L:(Sx)),keep_length: 1 2 & merge_after: 0 0 & skip_empty: 1
US-NH-MOU,Sx,string_lengths: 3 3 1 2 3 & skip_empty: 1,A4 M:Sx( B:Sx)( L:Sx)( [SUP]:(Sx)),split_groups: 0|- 1|- 2|- 3|- & skip_empty: 1
US-NH-OSS,Dx(-Sx)(-Dx),string_lengths: 6 6 6 & skip_empty: 1,A4 M:Sx( B:Sx)( L:Sx)( [SUP]:(Sx)),drop_cols: 1 & skip_empty: 1
US-NH-SAH,Sx,split_groups: 0|2 0_1|2 0_1_1|4 0_1_1_1|4 0_1_1_1_1|4 & skip_empty: 1,A4 M:Sx L:Sx( S:(Sx)),split_groups: 2|- & skip_empty: 1
US-NH-TAM,Sx( )-( )(Sx)( - Sx)(-Sx)( Sx),merge_after: 2 & skip_empty: 1,A4 M:Sx B:(Sx)( L:(Sx)),split_groups: 1|- & merge_after: 1_0 & skip_empty: 1
US-NH-TUF,Sx(-)Dx,split_groups: 0|6 0_1|1 0_1_1|5 & skip_empty: 1,A4 M:Sx B:(Sx)( L:(Sx)),split_groups: 1|3 2|- & skip_empty: 1
US-NH-WAK,Sx( )-( )(Sx)( - Sx)(-Sx)( Sx),split_groups: 1|. & skip_empty: 1,A4 M:Sx B:(Sx)( L:(Sx)),split_groups: 0|. 2|4 & skip_empty: 1
US-NH-WOL,Sx( )-( )(Sx)( - Sx)(-Sx)( Sx),merge_after: 4 3 2 & skip_empty: 1,A4 M:Sx B:(Sx)( L:(Sx)),split_groups: 2|- & skip_empty: 1
US-NH-ALS,Sx-Sx(-Sx)(-Sx),merge_after: 2 & max_length: 2|5 & skip_empty: 1,A4 M:Sx B:(Sx)( L:(Sx)),split_groups: 1|- & merge_after: 1_0 & skip_empty: 1
US-NH-CHD,Sx-Sx-Sx,skip_empty: 1,A4 M:Sx B:(Sx)( L:(Sx)),split_groups: 0|- 1|- & keep_length: 0_1 1_1 & merge_after: 0_0 1_0 & skip_empty: 1
US-NH-DUB,Sx,split_groups: 0|3 0_1|15 & drop_cols: 0_0 0_1_1 & skip_empty: 1,A4 M:Sx B:(Sx)( L:(Sx)),keep_length: 1 2 & merge_after: 0 0 & skip_empty: 1
US-NH-FIT,Sx,split_groups: 0|[E] & keep_length: 0_1 & merge_after: 0_0 & skip_empty: 1,A4 M:Sx B:(Sx)( L:(Sx)),keep_length: 1 2 & merge_after: 0 0 & skip_empty: 1
US-NH-GIM,Sx(-)Dx,split_groups: 0|6 0_1|1 0_1_1|5 & skip_empty: 1,A4 M:Sx B:(Sx)( L:(Sx)),split_groups: 0|. 2|4 & skip_empty: 1
US-NH-HAR,Sx,split_groups: 0|6 0_1|6 & skip_empty: 1,A4 M:Sx L:Sx( S:(Sx)),split_groups: 2|1 2_1|- & skip_empty: 1
US-NH-HIN,Sx-Sx-Sx,skip_empty: 1,A4 M:Sx B:(Sx)( L:(Sx)),split_groups: 1|4 & drop_cols: 1_1 & skip_empty: 1
US-NH-JAF,Dx(.-Dx.-Dx),keep_length: 1 2 3 & merge_after: 0 0 0 & skip_empty: 1,A4 M:Sx B:(Sx)( L:(Sx)),split_groups: 1|- 2|- & merge_after: 2_0 1_1 1_0 0
US-NH-KEE,Dx,string_lengths: 3 2 3 & skip_empty: 1,A4 M:Sx( B:Sx)( L:Sx)( [SUP]:(Sx)),split_groups: 3|- & drop_cols: 0 1 & skip_empty: 1
US-NH-MAH,Sx( )-( )(Sx)( - Sx)(-Sx)( Sx),split_groups: 0|3 & drop_cols: 3 & skip_empty: 1,A4 M:Sx( B:Sx) L:Sx,split_groups: 0|- 2|- & skip_empty: 1
US-NH-MAW,Dx(.-Dx.-Dx),keep_length: 1 2 & merge_after: 0 0 & skip_empty: 1,A4 M:Sx( B:Sx) L:Sx,split_groups: 2|- & keep_length: 2_0 & merge_after: 0 0 & skip_empty: 1
US-NH-NEL,Sx(-)Dx,split_groups: 0|6 0_1|1 0_1_1|5 & skip_empty: 1,A4 M:Sx B:(Sx)( L:(Sx)),split_groups: 2|- & skip_empty: 1
US-NH-RIC,Dx(.-Dx.-Dx),keep_length: 1 2 & merge_after: 0 0 & skip_empty: 1,A4 M:Sx B:(Sx)( L:(Sx)),keep_length: 1 2 & merge_after: 0 0 & skip_empty: 1
US-NH-RIN,Sx-[S.]x(-Sx)(-Sx)(-Sx),split_groups: 1|. & skip_empty: 1,A4 M:Sx( B:Sx)( L:Sx)( [SUP]:(Sx)),split_groups: 3|- & skip_empty: 1
US-NH-ROX,Sx,string_lengths: 6 6 6,A4 M:Sx L:Sx( S:(Sx)),
US-NH-SUR,Sx(-)Dx,split_groups: 0|6 0_1|1 0_1_1|5 & skip_empty: 1,A4 M:Sx B:(Sx)( L:(Sx)),split_groups: 1|3 2|- & skip_empty: 1
US-NH-STO,Sx( )-( )(Sx)( - Sx)(-Sx)( Sx),skip_empty: 1,A4 M:Sx( B:Sx) L:Sx,split_groups: 2|. 2_0|- & drop_cols: 1 & skip_empty: 1
US-NH-SUL,Sx( )-( )(Sx)( - Sx)(-Sx)( Sx),split_groups: 0|S 0_0|N & drop_cols: 4 & skip_empty: 1,A4 M:Sx B:(Sx)( L:(Sx)),split_groups: 2|. 2_1|- & skip_empty: 1
US-NH-SWA,Dx(-Sx)(-Dx),split_groups: 0|6 0_1|6 0_1_1|6 & skip_empty: 1,A4 A:Sx A:(Sx)( A:(Sx))( (A:)(Sx)),skip_empty: 1
US-NH-TRO,Sx( A)-Sx-Sx( A),skip_empty: 1,A4 A:Sx A:(Sx)( A:(Sx))( (A:)(Sx)),split_groups: 1|- & merge_after: 1_0 & skip_empty: 1
US-NH-WAL,Sx(-)Dx,split_groups: 0|6 0_1|1 0_1_1|5 & skip_empty: 1,A4 M:Sx L:Sx( S:(Sx)),split_groups: 2|- & skip_empty: 1
US-NH-WES,Sx,string_lengths: 6 6 6,A4 M:Sx B:(Sx)( L:(Sx)),split_groups: 2|4 & merge_after: 2_0
US-NH-WIN,Sx(-)Dx,split_groups: 0|6 0_1|1 0_1_1|5 & skip_empty: 1,A4 M:Sx B:(Sx)( L:(Sx)),split_groups: 1|3 2|- & skip_empty: 1
US-NH-BER,Dx,split_groups: 0|6 0_1|6 1_0|5 & skip_empty: 1,A4 M:Sx B:(Sx)( L:(Sx)),split_groups: 2|. 2_1|- & skip_empty: 1
US-NH-COL,Dx(.-Dx.-Dx),keep_length: 1 2 & merge_after: 0 0 & skip_empty: 1,A4 M:Sx B:(Sx)( L:(Sx)),keep_length: 1 2 & merge_after: 0 0 & skip_empty: 1
US-NH-CLE,Sx,split_groups: 0|2 0_1|2 0_1_1|4 0_1_1_1|4 0_1_1_1_1|4 & skip_empty: 1,A4 M:Sx B:(Sx)( L:(Sx)),split_groups: 1|3 2|- & skip_empty: 1
US-NH-COA,Sx-Sx(-Sx)(-Sx),split_groups: 1|3 1_1|3 1_1_1|4 1_1_1_1|4 & drop_cols: 0 & skip_empty: 1,A4 M:Sx B:(Sx)( L:(Sx)),split_groups: 0|. 1|. 2|. & skip_empty: 1
US-NH-CAR,Sx-Sx-Sx,merge_after: 1 & skip_empty: 1,A4 M:Sx B:(Sx)( L:(Sx)),split_groups: 1|. & drop_cols: 2 & skip_empty: 1
US-NH-DAL,Dx,split_groups: 0|2 0_1|1 0_1_1|1 0_1_1_1|2 0_1_1_1_1|3 0_1_1_1_1_1|3 0_1_1_1_1_1_1|3 0_1_1_1_1_1_1_1|2 & skip_empty: 1,A4 M:Sx B:(Sx)( L:(Sx)),split_groups: 0|4 & skip_empty: 1
US-NH-DUM,Sx,split_groups: 0|6 0_1|6 & skip_empty: 1,A4 M:Sx L:Sx( S:(Sx)),split_groups: 2|- & skip_empty: 1
US-NH-GOR,Sx-[S.]x(-Sx)(-Sx)(-Sx),split_groups: 1|. & skip_empty: 1,A4 M:Sx( B:Sx) L:Sx,split_groups: 0|- 2|- & skip_empty: 1
US-NH-JEF,Sx,split_groups: 0|6 0_1|6 & skip_empty: 1,A4 M:Sx B:(Sx)( L:(Sx)),split_groups: 0|3 2|4 & skip_empty: 1
US-NH-LAN,Sx(-)Dx,split_groups: 0|2 & merge_after: 0_1 & skip_empty: 1,A4 M:Sx( B:Sx) L:Sx,split_groups: 0|1 2|- 2_1|- & merge_after: 0_0 & skip_empty: 1
US-NH-MLN,Sx(-)Dx,split_groups: 0|6 0_1|1 0_1_1|5 & skip_empty: 1,A4 M:Sx L:Sx( S:(Sx)),split_groups: 2|1 2_1|- & skip_empty: 1
US-NH-NRT,Sx-Sx-Sx,skip_empty: 1,A4 M:Sx( B:Sx) L:Sx,split_groups: 0|- 2|- & skip_empty: 1
US-NH-PIG,Sx(-)Dx,split_groups: 0|6 0_1|1 0_1_1|5 & skip_empty: 1,A4 M:Sx B:(Sx)( L:(Sx)),split_groups: 2|- & skip_empty: 1
US-NH-RAN,Sx,split_groups: 0|1 & skip_empty: 1,A4 M:Sx B:(Sx)( L:(Sx)),keep_length: 1 2 & merge_after: 0 0 & skip_empty: 1
US-NH-STE,Sx,string_lengths: 6 6 6,A4 A:Sx A:(Sx)( A:(Sx))( (A:)(Sx)),drop_cols: 3
US-NH-SHE,Sx,split_groups: 0|6 0_1|6 & skip_empty: 1,A4 M:Sx B:(Sx)( L:(Sx)),split_groups: 2|- & skip_empty: 1
US-NH-STD,Dx(-Sx)(-Dx),string_lengths: 6 6 6 & skip_empty: 1,A4 M:Sx( B:Sx)( L:Sx)( [SUP]:(Sx)),drop_cols: 1 & skip_empty: 1
US-NH-WHI,Sx( )-( )(Sx)( - Sx)(-Sx)( Sx),split_groups: 0|3 & drop_cols: 3 & skip_empty: 1,A4 M:Sx( B:Sx) L:Sx,split_groups: 2|. 2_0|- & drop_cols: 1 & skip_empty: 1
US-NH-ALE,Sx-Sx(-Sx)(-Sx),skip_empty: 1,A4 M:Sx B:(Sx)( L:(Sx)),split_groups: 2|- & merge_after: 2_0 & skip_empty: 1
US-NH-ASH,Sx-Sx(-Sx)(-Sx),split_groups: 0|1 & drop_cols: 0_0 & skip_empty: 1,A4 A:Sx A:(Sx)( A:(Sx))( (A:)(Sx)),split_groups: 2|- & skip_empty: 1
US-NH-BAT,Sx(-)Dx,split_groups: 0|8 & skip_empty: 1,A4 M:Sx B:(Sx)( L:(Sx)),split_groups: 0|. 1|. 2|. & skip_empty: 1
US-NH-BNT,Sx(-)Dx,split_groups: 0|6 0_1|1 0_1_1|5 & skip_empty: 1,A4 M:Sx B:(Sx)( L:(Sx)),split_groups: 2|- & skip_empty: 1
US-NH-BRI,Dx(-Sx)(-Dx),string_lengths: 6 6 6 & skip_empty: 1,A4 M:Sx L:Sx( S:(Sx)),skip_empty: 1
US-NH-BRR,Dx(.-Dx.-Dx),skip_empty: 1,A4 M:Sx B:(Sx)( L:(Sx)),split_groups: 2|1 & skip_empty: 1
US-NH-BET,Sx-[S.]x(-Sx)(-Sx)(-Sx),split_groups: 1|. & skip_empty: 1,A4 M:Sx( B:Sx)( L:Sx)( [SUP]:(Sx)),split_groups: 3|- & merge_after: 3_0 & skip_empty: 1
US-NH-CAM,Sx,split_groups: 0|3 0_1|3 0_1_1|4 0_1_1_1|2 0_1_1_1_1|1 0_1_1_1_1_1|1 0_1_1_1_1_1_1|2 & merge_after: 0_0 0_0 0_0 0_0 0_0 0_0 & skip_empty: 1,A4 M:Sx B:(Sx)( L:(Sx)),split_groups: 1|- 2|- & merge_after: 2_0 1_1 1_0 0
US-NH-CAA,Sx(-)Dx,split_groups: 0|6 0_1|1 0_1_1|5 & skip_empty: 1,A4 M:Sx B:(Sx)( L:(Sx)),split_groups: 2|- & skip_empty: 1
US-NH-DOR,Dx,string_lengths: 3 3 5 & skip_empty: 1,A4 M:Sx L:Sx( S:(Sx)),split_groups: 0|1 & drop_cols: 0_0 & skip_empty: 1
US-NH-EAS,Sx,split_groups: 0|6 0_1|6 & skip_empty: 1,A4 M:Sx B:(Sx)( L:(Sx)),split_groups: 0|. 1|. 2|. & skip_empty: 1
US-NH-ENF,Sx-Sx(-Sx)(-Sx),skip_empty: 1,A4 M:Sx B:(Sx)( L:(Sx)),split_groups: 1|3 2|- & skip_empty: 1
US-NH-FRC,Dx,skip_empty: 1 & split_groups: 0|6 0_1|6,A4 A:Sx A:(Sx)( A:(Sx))( (A:)(Sx)),skip_empty: 1
US-NH-GRO,Sx,string_lengths: 6 6 6,A4 M:Sx L:Sx( S:(Sx)),
US-NH-GRA,Sx(-)Dx,split_groups: 0|6 0_1|1 0_1_1|5 & skip_empty: 1,A4 M:Sx L:Sx( S:(Sx)),split_groups: 2|- & skip_empty: 1
US-NH-HAN,Dx(-Sx)(-Dx),skip_empty: 1,A4 M:Sx B:(Sx)( L:(Sx)),split_groups: 1|. & drop_cols: 2 & skip_empty: 1
US-NH-HEB,Sx-[S.]x(-Sx)(-Sx)(-Sx),split_groups: 1|6 1_1|6 & drop_cols: 0 & skip_empty: 1,A4 M:Sx B:(Sx)( L:(Sx)),split_groups: 2|- & skip_empty: 1
US-NH-HOS,Ignored,simple,A4 M:Sx B:(Sx)( L:(Sx)),keep_length: 1 2 & merge_after: 0 0 & skip_empty: 1
US-NH-HAV,Sx(-)Dx,split_groups: 0|6 0_1|1 0_1_1|5 & skip_empty: 1,A4 M:Sx B:(Sx)( L:(Sx)),split_groups: 1|- & merge_after: 1_0 & skip_empty: 1
US-NH-LAF,Sx( )-( )(Sx)( - Sx)(-Sx)( Sx),split_groups: 1|. & skip_empty: 1,A4 M:Sx L:Sx( S:(Sx)),split_groups: 0|1 & drop_cols: 0_0 & skip_empty: 1
US-NH-LEB,Sx Sx( Sx),skip_empty: 1,A4 M:Sx B:(Sx)( L:(Sx)),split_groups: 0|. & skip_empty: 1
US-NH-LIN,Sx-[S.]x(-Sx)(-Sx)(-Sx),skip_empty: 1,A4 M:Sx B:(Sx)( L:(Sx)),split_groups: 2|-3 & drop_cols: 2_0 & skip_empty: 1
US-NH-LYM,Dx(.-Dx.-Dx),keep_length: 2 & merge_after: 1 & skip_empty: 1,A4 M:Sx B:(Sx)( L:(Sx)),split_groups: 2|1 & skip_empty: 1
US-NH-LIS,Sx-Sx-Sx(-Sx)(-Sx),skip_empty: 1,A4 M:Sx B:(Sx)( L:(Sx)),split_groups: 2|. 2_1|- & skip_empty: 1
US-NH-LIT,Sx( )-( )(Sx)( - Sx)(-Sx)( Sx),drop_cols: 3 & skip_empty: 1,A4 A:Sx A:(Sx)( A:(Sx))( (A:)(Sx)),split_groups: 2|- & merge_after: 2_0 & skip_empty: 1
US-NH-LYM,Sx( )-( )(Sx)( - Sx)(-Sx)( Sx),merge_after: 1 & skip_empty: 1,A4 M:Sx L:Sx( S:(Sx)),split_groups: 1|3 & skip_empty: 1
US-NH-MON,Sx(-)Dx,split_groups: 0|6 0_1|1 0_1_1|5 & skip_empty: 1,A4 M:Sx L:Sx( S:(Sx)),split_groups: 1|3 & skip_empty: 1
US-NH-PIE,Sx(-)Dx,split_groups: 0|6 0_1|1 0_1_1|5 & skip_empty: 1,A4 M:Sx L:Sx( S:(Sx)),split_groups: 2|- & skip_empty: 1
US-NH-PLY,Sx-Sx-Sx-Sx,skip_empty: 1,A4 M:Sx B:(Sx)( L:(Sx)),split_groups: 0|. 2|4 & skip_empty: 1
US-NH-RUM,Sx(-)Dx,split_groups: 0|6 0_1|1 0_1_1|5 & skip_empty: 1,A4 M:Sx L:Sx( S:(Sx)),split_groups: 2|- & skip_empty: 1
US-NH-SUH,Dx(.-Dx.-Dx),keep_length: 2 & merge_after: 1 & skip_empty: 1,A4 M:Sx B:(Sx)( L:(Sx)),split_groups: 0|. 1|. 2|. & skip_empty: 1
US-NH-THO,Sx(-)Dx,split_groups: 0|6 0_1|1 0_1_1|5 & skip_empty: 1,A4 M:Sx L:Sx( S:(Sx)),split_groups: 2|- & skip_empty: 1
US-NH-WAN,Sx( )-( )(Sx)( - Sx)(-Sx)( Sx),merge_after: 2 & skip_empty: 1,A4 M:Sx L:Sx( S:(Sx)),split_groups: 1|3 & skip_empty: 1
US-NH-WEN,Sx(-)Dx,split_groups: 0|6 0_1|1 0_1_1|5 & skip_empty: 1,A4 M:Sx B:(Sx)( L:(Sx)),split_groups: 2|- & skip_empty: 1
US-NH-WOO,Sx( )-Sx-Sx-Sx-Sx-( Sx),skip_empty: 1,A4 M:Sx B:(Sx)( L:(Sx)),split_groups: 0|- 1|- 2|- & skip_empty: 1
US-NH-WAV,Sx-Sx-Sx(-Sx),skip_empty: 1,A4 M:Sx B:(Sx)( L:(Sx)),split_groups: 2|-3 & drop_cols: 2_0 & skip_empty: 1
US-NH-AMH,Sx,string_lengths: 3 3 3 & skip_empty: 1,A4 M:Sx( B:Sx)( L:Sx)( [SUP]:(Sx)),split_groups: 0|[A-Z] & drop_cols: 3 & skip_empty: 1
US-NH-ANT,Sx-Sx-Sx-Sx,split_groups: 2|1 3|1 & skip_empty: 1,A4 M:Sx B:(Sx)( L:(Sx)),split_groups: 2|-3 & drop_cols: 2_0 & skip_empty: 1
US-NH-BED,Sx-Sx(-Sx)(-Sx),skip_empty: 1,A4 M:Sx B:(Sx)( L:(Sx)),split_groups: 1|3 2|- & skip_empty: 1
US-NH-BEN,Sx(-)Dx,split_groups: 0|6 0_1|1 0_1_1|5 & skip_empty: 1,A4 M:Sx B:(Sx)( L:(Sx)),split_groups: 2|- & skip_empty: 1
US-NH-BRO,Sx(-)Dx,split_groups: 0|6 0_1|1 0_1_1|5 & skip_empty: 1,A4 M:Sx L:Sx( S:(Sx)),split_groups: 2|- & skip_empty: 1
US-NH-DEG,Dx,string_lengths: 2 2 2 3 3 3 3 & skip_empty: 1,A4 M:Sx B:(Sx)( L:(Sx)),split_groups: 0|3 2|- 2_0|4 & skip_empty: 1
US-NH-FRN,Sx,split_groups: 0|6 0_1|6 & skip_empty: 1,A4 M:Sx L:Sx( S:(Sx)),split_groups: 0|. 2|. & skip_empty: 1
US-NH-GRN,Sx(-)Dx,split_groups: 0|6 0_1|1 0_1_1|5 & skip_empty: 1,A4 M:Sx L:Sx( S:(Sx)),split_groups: 2|1 2_1|- & skip_empty: 1
US-NH-GOF,Sx-[S.]x(-Sx)(-Sx)(-Sx),merge_after: 4 3 2 & skip_empty: 1,A4 M:Sx B:(Sx)( L:(Sx)),split_groups: 2|- & merge_after: 2_0 & skip_empty: 1
US-NH-GRD,Sx(-)Dx,split_groups: 0|6 0_1|1 0_1_1|5 & skip_empty: 1,A4 M:Sx B:(Sx)( L:(Sx)),split_groups: 1|3 2|- & skip_empty: 1
US-NH-HAK,Sx,split_groups: 0|6 0_1|6 & skip_empty: 1,A4 M:Sx L:Sx( S:(Sx)),split_groups: 2|1 2_1|- & skip_empty: 1
US-NH-HIL,Sx,split_groups: 0|6 0_1|6 & skip_empty: 1,A4 M:Sx B:(Sx)( L:(Sx)),split_groups: 2|- & skip_empty: 1
US-NH-HOL,Sx( )-( )(Sx)( - Sx)(-Sx)( Sx),split_groups: 0|S 0_0|N & drop_cols: 4 & skip_empty: 1,A4 M:Sx B:(Sx)( L:(Sx)),split_groups: 0|. & skip_empty: 1
US-NH-HUD,Sx( )-( )(Sx)( - Sx)(-Sx)( Sx),drop_cols: 3 & skip_empty: 1,A4 M:Sx B:(Sx)( L:(Sx)),split_groups: 1|- & merge_after: 1_0 & skip_empty: 1
US-NH-LIT,Sx,string_lengths: 4 4 4 & skip_empty: 1,A4 M:Sx L:Sx( S:(Sx)),split_groups: 2|- & skip_empty: 1
US-NH-LYN,Sx-Sx-Sx,skip_empty: 1,A4 M:Sx B:(Sx)( L:(Sx)),split_groups: 2|. 2_1|- & skip_empty: 1
US-NH-MAN,Sx( )-( )(Sx)( - Sx)(-Sx)( Sx),merge_after: 4 3 2 & skip_empty: 1,A4 M:Sx B:(Sx)( L:(Sx)),split_groups: 2|- & skip_empty: 1
US-NH-MER,Sx-Sx(-Sx)(-Sx),split_groups: 0|1 & drop_cols: 0_0 & skip_empty: 1,A4 M:Sx L:Sx( S:(Sx)),split_groups: 2|1 2_1|- & skip_empty: 1
US-NH-MIL,Sx-[S.]x(-Sx)(-Sx)(-Sx),split_groups: 1|. & skip_empty: 1,A4 M:Sx( B:Sx)( L:Sx)( [SUP]:(Sx)),split_groups: 0|- & drop_cols: 0_1 & skip_empty: 1
US-NH-MAS,Sx,string_lengths: 6 6 6,A4 M:Sx L:Sx( S:(Sx)),
US-NH-MOV,Sx(-)Dx,skip_empty: 1,A4 M:Sx B:(Sx)( L:(Sx)),keep_length: 1 2 & merge_after: 0 0 & skip_empty: 1
US-NH-NAS,Sx( )-( )(Sx)( - Sx)(-Sx)( Sx),drop_cols: 4 & skip_empty: 1,A4 A:Sx A:(Sx)( A:(Sx))( (A:)(Sx)),drop_cols: 2 3 & skip_empty: 1
US-NH-NBO,Dx,string_lengths: 2 3 * & skip_empty: 1,A4 M:Sx B:(Sx)( L:(Sx)),skip_empty: 1
US-NH-NIP,Sx(-)Dx,split_groups: 0|6 0_1|1 0_1_1|5 & skip_empty: 1,A4 M:Sx L:Sx( S:(Sx)),split_groups: 2|- & skip_empty: 1
US-NH-PEL,Sx-Sx(-Sx)(-Sx),split_groups: 0|1 & drop_cols: 0_0 & skip_empty: 1,A4 M:Sx B:(Sx)( L:(Sx)),split_groups: 0|- 1|- & drop_cols: 0_0 & skip_empty: 1
US-NH-PET,Sx-Sx-Sx,skip_empty: 1,A4 M:Sx B:(Sx)( L:(Sx)),split_groups: 2|-3 & drop_cols: 2_0 & skip_empty: 1
US-NH-SHN,Sx(-)Dx,split_groups: 0|6 0_1|1 0_1_1|5 & skip_empty: 1,A4 M:Sx B:(Sx)( L:(Sx)),split_groups: 1|- & merge_after: 1_0 & skip_empty: 1
US-NH-WEA,Sx(-)Dx,split_groups: 0|6 0_1|1 0_1_1|5 & skip_empty: 1,A4 M:Sx L:Sx( S:(Sx)),split_groups: 2|- & skip_empty: 1
US-NH-WIL,Sx-Sx-Sx(-Sx),skip_empty: 1,A4 M:Sx( B:Sx)( L:Sx)( [SUP]:(Sx)),split_groups: 0|- 1|- 2|- 3|- & skip_empty: 1
US-NH-WIR,Sx,split_groups: 0|6 0_1|6 & skip_empty: 1,A4 M:Sx L:Sx( S:(Sx)),split_groups: 2|1 2_1|- & skip_empty: 1
US-NH-ALL,Dx(-Sx)(-Dx),string_lengths: 6 6 6 & skip_empty: 1,A4 M:Sx L:Sx( S:(Sx)),skip_empty: 1
US-NH-AND,Sx,string_lengths: 6 6 6,A4 M:Sx B:(Sx)( L:(Sx)),split_groups: 0|. 2|. & keep_length: 0_1 2_1 & merge_after: 0_0 2_0
US-NH-BOS,Sx(-)Dx,split_groups: 0|6 0_1|1 0_1_1|5 & skip_empty: 1,A4 M:Sx B:(Sx)( L:(Sx)),split_groups: 2|- & skip_empty: 1
US-NH-BRA,Sx( )-( )(Sx)( - Sx)(-Sx)( Sx),split_groups: 1|. & skip_empty: 1,A4 M:Sx L:Sx( S:(Sx)),split_groups: 0|. 2|. & skip_empty: 1
US-NH-BOW,Ignored,simple,A4 M:Sx( B:Sx)( L:Sx)( [SUP]:(Sx)),split_groups: 0|- 1|- 2|- 3|- & merge_after: 3_0 2_1 2_0 2 1_1 1_0 1 0_1 0_0 0
US-NH-CAY,Sx,split_groups: 0|1 & skip_empty: 1,A4 M:Sx B:(Sx)( L:(Sx)),keep_length: 1 2 & merge_after: 0 0 & skip_empty: 1
US-NH-CHI,Sx(-)Dx,split_groups: 0|6 0_1|1 0_1_1|5 & skip_empty: 1,A4 M:Sx B:(Sx)( L:(Sx)),split_groups: 2|- & merge_after: 2_0 & skip_empty: 1
US-NH-CON,Sx-[S.]x(-Sx)(-Sx)(-S.x),split_groups: 1|. 4|. & skip_empty: 1,A4 M:Sx B:(Sx)( L:(Sx)),split_groups: 2|- & merge_after: 2_0 & skip_empty: 1
US-NH-DAY,Dx(.-Dx.-Dx),keep_length: 1 2 3 & merge_after: 0 0 0 & skip_empty: 1,A4 M:Sx B:(Sx)( L:(Sx)),split_groups: 1|- 2|- & merge_after: 2_0 1_1 1_0 0
US-NH-DUN,Sx( )-( )(Sx)( - Sx)(-Sx)( Sx),merge_after: 2 & max_length: 2|5 & skip_empty: 1,A4 M:Sx( B:Sx)( L:Sx)( [SUP]:(Sx)),skip_empty: 1
US-NH-EPS,Sx(-)Dx,split_groups: 0|6 0_1|1 0_1_1|5 & skip_empty: 1,A4 M:Sx L:Sx( S:(Sx)),split_groups: 2|- & skip_empty: 1
US-NH-FRA,Sx,split_groups: 0|6 0_1|6 & skip_empty: 1,A4 M:Sx B:(Sx)( L:(Sx)),split_groups: 2|- & skip_empty: 1
US-NH-HEN,Dx(-Sx)(-Dx),skip_empty: 1,A4 M:Sx( B:Sx)( L:Sx)( [SUP]:(Sx)),split_groups: 2|- & drop_cols: 0 & skip_empty: 1
US-NH-HLL,Sx(-)Dx,split_groups: 0|6 0_1|1 0_1_1|5 & skip_empty: 1,A4 M:Sx L:Sx( S:(Sx)),split_groups: 2|- & skip_empty: 1
US-NH-HOO,Sx-[S.]x(-Sx)(-Sx)(-Sx),skip_empty: 1,A4 M:Sx( B:Sx)( L:Sx)( [SUP]:(Sx)),split_groups: 2|- & skip_empty: 1
US-NH-HOP,Sx( )-( )(Sx)( - Sx)(-Sx)( Sx),split_groups: 0|S 0_0|N & drop_cols: 4 & skip_empty: 1,A4 M:Sx B:(Sx)( L:(Sx)),split_groups: 0|. 1|. 2|. & skip_empty: 1
US-NH-LOU,Sx(-)Dx,split_groups: 0|6 0_1|1 0_1_1|5 & skip_empty: 1,A4 M:Sx B:(Sx)( L:(Sx)),split_groups: 1|3 2|- & skip_empty: 1
US-NH-NEY,Sx-Sx(-Sx)(-Sx),split_groups: 1|3 1_1|3 1_1_1|4 1_1_1_1|4 & drop_cols: 0 & skip_empty: 1,A4 M:Sx B:(Sx)( L:(Sx)),split_groups: 0|- 1|- & drop_cols: 0_0 & skip_empty: 1
US-NH-NLO,Sx( )-( )(Sx)( - Sx)(-Sx)( Sx),split_groups: 1|. & skip_empty: 1,A4 A:Sx A:(Sx)( A:(Sx))( (A:)(Sx)),split_groups: 1|- 1_1|- & skip_empty: 1
US-NH-NOR,Sx-Sx(-Sx)(-Sx),skip_empty: 1,A4 M:Sx L:Sx( S:(Sx)),split_groups: 2|- & skip_empty: 1
US-NH-PEM,Sx-Sx(-Sx)(-Sx),skip_empty: 1,A4 M:Sx B:(Sx)( L:(Sx)),split_groups: 1|3 2|- & skip_empty: 1
US-NH-PIT,Sx( )-( )(Sx)( - Sx)(-Sx)( Sx),skip_empty: 1,A4 M:Sx L:Sx( S:(Sx)),split_groups: 2|1 2_1|- & skip_empty: 1
US-NH-SAY,Dx(.-Dx.-Dx),skip_empty: 1,A4 M:Sx L:Sx( S:(Sx)),split_groups: 2|1 2_1|- & skip_empty: 1
US-NH-SUT,Sx( )-( )(Sx)( - Sx)(-Sx)( Sx),merge_after: 4 3 2 & skip_empty: 1,A4 M:Sx B:(Sx)( L:(Sx)),split_groups: 0|- 1|- & keep_length: 0_1 1_1 & merge_after: 0_0 1_0 & skip_empty: 1
US-NH-WAR,Sx-Sx(-Sx)(-Sx),skip_empty: 1,A4 M:Sx( B:Sx) L:Sx,split_groups: 0|- 2|- 2_1|- & skip_empty: 1
US-NH-WEB,Sx-[S.]x(-Sx)(-Sx)(-Sx),split_groups: 1|. & skip_empty: 1,A4 M:Sx B:(Sx)( L:(Sx)),split_groups: 0|- 1|- 2|- & skip_empty: 1
US-NH-WIT,Dx,split_groups: 0|2 0_1|2 0_1_1|2 0_1_1_1|3 0_1_1_1_1|3 0_1_1_1_1|3 & skip_empty: 1,A4 M:Sx L:Sx( S:(Sx)),split_groups: 1|3 & skip_empty: 1
US-NH-ATK,Sx(-)Dx,skip_empty: 1,A4 M:Sx B:(Sx)( L:(Sx)),keep_length: 1 2 & merge_after: 0 0 & skip_empty: 1
US-NH-AUB,Sx(-)Dx,split_groups: 0|6 0_1|1 0_1_1|5 & skip_empty: 1,A4 M:Sx B:(Sx)( L:(Sx)),split_groups: 2|- & skip_empty: 1
US-NH-BRE,Dx(.-Dx.-Dx),merge_after: 0 & skip_empty: 1,A4 M:Sx( B:Sx)( L:Sx)( [SUP]:(Sx)),split_groups: 2|- 2_1|- & skip_empty: 1
US-NH-CAN,Sx-[S.]x(-Sx)(-Sx)(-S.x),skip_empty: 1,A4 M:Sx B:(Sx)( L:(Sx)),split_groups: 0|3 2|- 2_0|4 & skip_empty: 1
US-NH-CHE,Sx-Sx(-Sx)(-Sx),split_groups: 1|6 1_1|6 & drop_cols: 0,A4 M:Sx B:(Sx)( L:(Sx)),split_groups: 2|- 2_1|.
US-NH-DAN,Sx(-)Dx,split_groups: 0|6 0_1|1 0_1_1|5 & skip_empty: 1,A4 M:Sx B:(Sx)( L:(Sx)),split_groups: 2|- & skip_empty: 1
US-NH-DEE,Sx-Sx(-Sx)(-Sx),merge_after: 2 & max_length: 2|5 & skip_empty: 1,A4 M:Sx B:(Sx)( L:(Sx)),split_groups: 0|- 1|- 2|- & skip_empty: 1
US-NH-DER,Dx(-Sx)(-Dx),split_groups: 0|2 0_1|- & skip_empty: 1,A4 M:Sx( B:Sx)( L:Sx)( [SUP]:(Sx)),split_groups: 0|- 1|- 2|- 3|- & skip_empty: 1
US-NH-EKI,Sx-Sx-Sx(-Sx),skip_empty: 1,A4 M:Sx B:(Sx)( L:(Sx)),split_groups: 1|3 2|- & skip_empty: 1
US-NH-EPP,Sx( )-( )(Sx)( - Sx)(-Sx)( Sx),drop_cols: 4 & skip_empty: 1,A4 M:Sx B:(Sx)( L:(Sx)),split_groups: 0|- & skip_empty: 1
US-NH-EXE,Dx(.-Dx.-Dx),keep_length: 1 2 & merge_after: 0 0 & skip_empty: 1,A4 M:Sx( B:Sx) L:Sx,split_groups: 2|- & keep_length: 2_0 & merge_after: 0 0 & skip_empty: 1
US-NH-FRE,Sx-Sx(-Sx)(-Sx),merge_after: 2 & max_length: 2|5 & skip_empty: 1,A4 M:Sx B:(Sx)( L:(Sx)),split_groups: 2|- & merge_after: 2_0 & skip_empty: 1
US-NH-GRE,Sx-Sx(-Sx)(-Sx),split_groups: 0|1 & drop_cols: 0_0 & skip_empty: 1,A4 M:Sx( B:Sx)( L:Sx)( [SUP]:(Sx)),split_groups: 2|- & drop_cols: 0 & skip_empty: 1
US-NH-HAD,Sx-[S.]x(-Sx)(-Sx)(-Sx),split_groups: 1|6 1_1|6 & drop_cols: 0 & skip_empty: 1,A4 M:Sx B:(Sx)( L:(Sx)),split_groups: 1|/ 3|4 & skip_empty: 1
US-NH-HAF,Sx [S-]x( [S-]x),split_groups: 1|- & skip_empty: 1,A4 M:Sx B:(Sx)( L:(Sx)),split_groups: 2|- & merge_after: 2_0 & skip_empty: 1
US-NH-HAM,Sx-Sx-Sx,skip_empty: 1,A4 A:Sx A:(Sx)( A:(Sx))( (A:)(Sx)),split_groups: 1|- & merge_after: 1_0 & skip_empty: 1
US-NH-KEN,Sx(-)Dx,split_groups: 0|6 0_1|1 0_1_1|5 & skip_empty: 1,A4 M:Sx L:Sx( S:(Sx)),split_groups: 2|- & skip_empty: 1
US-NH-KIN,Sx(-)Dx,split_groups: 0|6 0_1|1 0_1_1|5 & skip_empty: 1,A4 M:Sx B:(Sx)( L:(Sx)),split_groups: 2|-3 & drop_cols: 2_0 & skip_empty: 1
US-NH-LON,Sx [S-]x( [S-]x),split_groups: 1|- 1_1|- 1_1_1|- & skip_empty: 1,A4 M:Sx( B:Sx) L:Sx,split_groups: 2|. 2_0|- & drop_cols: 1 & skip_empty: 1
US-NH-NCA,Sx(-)Dx,split_groups: 0|6 0_1|1 0_1_1|5 & skip_empty: 1,A4 M:Sx B:(Sx)( L:(Sx)),split_groups: 0|- 1|- 2|- & skip_empty: 1
US-NH-NES,Sx-Sx-Sx(-Sx),skip_empty: 1,A4 M:Sx L:Sx( S:(Sx)),split_groups: 2|- & skip_empty: 1
US-NH-NHA,Dx(.-Dx.-Dx),keep_length: 2 & merge_after: 1 & skip_empty: 1,A4 A:Sx A:(Sx)( A:(Sx))( (A:)(Sx)),split_groups: 1|- 1_1|- 1_1_0|& & skip_empty: 1
US-NH-NOT,Sx-Sx(-Sx)(-Sx),skip_empty: 1,A4 M:Sx L:Sx( S:(Sx)),split_groups: 2|1 2_1|- & skip_empty: 1
US-NH-NEW,Sx-[S.]x(-Sx)(-Sx)(-Sx),merge_after: 4 3 2 & skip_empty: 1,A4 M:Sx B:(Sx)( L:(Sx)),split_groups: 2|- & merge_after: 2_0 & skip_empty: 1
US-NH-NOD,Dx(-Sx)(-Dx),string_lengths: 6 6 6 & skip_empty: 1,A4 M:Sx L:Sx( S:(Sx)),split_groups: 0|. 2|. & skip_empty: 1
US-NH-NEN,Dx(-Sx)(-Dx),split_groups: 0|6 0_1|6 0_1_1|6 & skip_empty: 1,A4 M:Sx B:(Sx)( L:(Sx)),split_groups: 1|3 2|- & skip_empty: 1
US-NH-NWG,Sx( )-( )(Sx)( - Sx)(-Sx)( Sx),skip_empty: 1,A4 M:Sx B:(Sx)( L:(Sx)),split_groups: 1|- & merge_after: 1_0 & skip_empty: 1
US-NH-PLA,Sx,string_lengths: 2 3 3 3 & skip_empty: 1,A4 M:Sx B:(Sx)( L:(Sx)),split_groups: 0|- 1|- 2|- & skip_empty: 1
US-NH-POR,Sx( )-( )(Sx)( - Sx)(-Sx)( Sx),merge_after: 4 3 2 & skip_empty: 1,A4 M:Sx B:(Sx)( L:(Sx)),split_groups: 0|- 1|- & keep_length: 0_1 1_1 & merge_after: 0_0 1_0 & skip_empty: 1
US-NH-RAY,Sx-Sx-Sx-Sx,skip_empty: 1,A4 M:Sx( B:Sx)( L:Sx)( [SUP]:(Sx)),split_groups: 0|- 1|- 2|- 3|- & skip_empty: 1
US-NH-RYE,[S.]x-Sx(-Sx)(/Dx),split_groups: 0|. & skip_empty: 1,A4 M:Sx B:(Sx)( L:(Sx)),split_groups: 1|4 & drop_cols: 1_1 & skip_empty: 1
US-NH-SAL,Sx-Sx(-Sx)(-Sx),drop_cols: 0 & skip_empty: 1,A4 A:Sx A:(Sx)( A:(Sx))( (A:)(Sx)),drop_cols: 0 & skip_empty: 1
US-NH-SEA,Sx( )-( )(Sx)( - Sx)(-Sx)( Sx),,A4 M:Sx B:(Sx)( L:(Sx)),split_groups: 2|- 2_1|.
US-NH-SHA,Dx,split_groups: 0|2 0_1|2 0_1_1|2 0_1_1_1|3 0_1_1_1_1|3 0_1_1_1_1|3 & skip_empty: 1,A4 M:Sx L:Sx( S:(Sx)),skip_empty: 1
US-NH-SAN,Sx-Sx-Sx-Sx,split_groups: 2|. 2_1|. & skip_empty: 1,A4 M:Sx B:(Sx)( L:(Sx)),split_groups: 2|- & skip_empty: 1
US-NH-STR,Dx(-Sx)(-Dx),string_lengths: 3 3 3 3 & skip_empty: 1,A4 M:Sx B:(Sx)( L:(Sx)),split_groups: 2|- & skip_empty: 1
US-NH-WIN,Sx-Sx(-Sx)(-Sx),skip_empty: 1,A4 M:Sx B:(Sx)( L:(Sx)),split_groups: 0|- 1|- & keep_length: 0_1 1_1 & merge_after: 0_0 1_0 & skip_empty: 1
US-NH-BAR,Sx-Sx(-Sx)(-Sx),merge_after: 2 & max_length: 2|5 & skip_empty: 1,A4 M:Sx B:(Sx)( L:(Sx)),split_groups: 2|- & merge_after: 2_0 & skip_empty: 1
US-NH-DOV,Sx( )-( )(Sx)( - Sx)(-Sx)( Sx),merge_after: 2 & max_length: 2|5 & skip_empty: 1,A4 M:Sx B:(Sx)( L:(Sx)),split_groups: 1|- & merge_after: 1_0 & skip_empty: 1
US-NH-DUR,Sx-Sx-Sx,skip_empty: 1,A4 M:Sx B:(Sx)( L:(Sx)),split_groups: 2|- & merge_after: 2_0 & skip_empty: 1
US-NH-FAR,Sx,string_lengths: 3 3 3 3 & skip_empty: 1,A4 A:Sx A:(Sx)( A:(Sx))( (A:)(Sx)),split_groups: 0|- 2|- 1|. & skip_empty: 1
US-NH-LEE,Sx-Sx-Sx,skip_empty: 1,A4 M:Sx B:(Sx)( L:(Sx)),split_groups: 2|- & skip_empty: 1
US-NH-MAY,Sx,split_groups: 0|6 0_1|6 & skip_empty: 1,A4 M:Sx B:(Sx)( L:(Sx)),split_groups: 2|- & skip_empty: 1
US-NH-MIN,Dx,split_groups: 0|6 0_1|6 1_0|5 & skip_empty: 1,A4 M:Sx B:(Sx)( L:(Sx)),merge_after: 1 0
US-NH-NDU,Sx( )-( )(Sx)( - Sx)(-Sx)( Sx),split_groups: 0|3 & drop_cols: 3 & skip_empty: 1,A4 M:Sx( B:Sx)( L:Sx)( [SUP]:(Sx)),split_groups: 0|- 1|- 2|- 3|- & skip_empty: 1
US-NH-ROL,Sx(-)Dx,split_groups: 0|6 0_1|1 0_1_1|5 & skip_empty: 1,A4 M:Sx L:Sx( S:(Sx)),split_groups: 2|1 2_1|- & skip_empty: 1
US-NH-ROC,Sx-Sx(-Sx)(-Sx),skip_empty: 1,A4 M:Sx B:(Sx)( L:(Sx)),split_groups: 1|/ 3|4 & skip_empty: 1
US-NH-SOM,Dx=Sx=Dx,drop_cols: 1 & skip_empty: 1,A4 M:Sx B:(Sx)( L:(Sx)),split_groups: 1|- & merge_after: 1_0 & skip_empty: 1
US-NH-STR,Sx-Sx(-Sx)(-Sx),merge_after: 2 & max_length: 2|5 & skip_empty: 1,A4 M:Sx B:(Sx)( L:(Sx)),split_groups: 2|- & merge_after: 2_0 & skip_empty: 1
US-NH-ACW,Dx(.-Dx.-Dx),keep_length: 1 2 & merge_after: 0 0 & skip_empty: 1,A4 M:Sx( B:Sx) L:Sx,split_groups: 2|- & keep_length: 2_0 & merge_after: 0 0 & skip_empty: 1
US-NH-CHA,Ignored,simple,A4 M:Sx B:(Sx)( L:(Sx)),keep_length: 1 2 & merge_after: 0 0 & skip_empty: 1
US-NH-CLA,Sx( )-( )(Sx)( - Sx)(-Sx)( Sx),merge_after: 2 & max_length: 2|5 & skip_empty: 1,A4 M:Sx( B:Sx) L:Sx,split_groups: 0|- 2|- & skip_empty: 1
US-NH-COR,Sx,split_groups: 0|6 0_1|6 & skip_empty: 1,A4 M:Sx L:Sx( S:(Sx)),split_groups: 2|- & skip_empty: 1
US-NH-GOS,Sx-Sx-Sx(.Sx),skip_empty: 1,A4 M:Sx( B:Sx) L:Sx,split_groups: 2|. 2_0|- & drop_cols: 1 & skip_empty: 1
US-NH-GRA,Sx-Sx-Sx,skip_empty: 1,A4 M:Sx( B:Sx) L:Sx,split_groups: 2|. 2_0|- & drop_cols: 1 & skip_empty: 1
US-NH-LNG,Dx(.-Dx.-Dx),keep_length: 2 & merge_after: 1 & skip_empty: 1,A4 M:Sx( B:Sx) L:Sx,split_groups: 2|2 2_1|. & drop_cols: 0 & merge_after: 2_1_0 & skip_empty: 1
US-NH-LEM,Sx,split_groups: 0|6 0_1|6 & skip_empty: 1,A4 M:Sx L:Sx( S:(Sx)),split_groups: 2|1 2_1|- & skip_empty: 1
US-NH-NET,Sx(-)Dx,split_groups: 0|- 0_0|3 & skip_empty: 1,A4 M:Sx B:(Sx)( L:(Sx)),keep_length: 1 2 & merge_after: 0 0 & skip_empty: 1
US-NH-PLD,Sx-[S.]x(-Sx)(-Sx)(-Sx),skip_empty: 1,A4 M:Sx L:Sx( S:(Sx)),split_groups: 0|. 2|. & skip_empty: 1
US-NH-SPR,Sx-Sx(-Sx)(-Sx),split_groups: 1|6 1_1|6 & drop_cols: 0 & skip_empty: 1,A4 M:Sx L:Sx( S:(Sx)),split_groups: 2|- & skip_empty: 1
US-NH-SUN,Sx-Sx-Sx,,A4 M:Sx B:(Sx)( L:(Sx)),split_groups: 0|. 2|. & keep_length: 0_1 2_1 & merge_after: 0_0 2_0
US-NH-UNI,Sx(-)Dx,skip_empty: 1 & split_groups: 0|6 0_1|6,A4 M:Sx L:Sx( S:(Sx)),skip_empty: 1 & drop_cols: 2
US-NH-WAS,Sx(-)Dx,split_groups: 0|6 0_1|1 0_1_1|5 & skip_empty: 1,A4 M:Sx L:Sx( S:(Sx)),split_groups: 2|- & skip_empty: 1
US-NJ-AT,Sx_[S.]x_[S.]x(_[S.]x),split_groups: 0|2 1|. 2|. & drop_cols: 0_0 & skip_empty: 1,Dx Sx- Dx-Sx- Sx(-Sx)(-Sx),skip_empty: 1
US-NJ-BE,Sx_[S.]x_[S.]x(_[S.]x),split_groups: 0|2 1|. 2|. & drop_cols: 0_0 & skip_empty: 1,Dx Sx- Dx-Sx- Sx(-Sx)(-Sx),skip_empty: 1
US-NJ-BU,Sx_[S.]x_[S.]x(_[S.]x),split_groups: 0|2 1|. 2|. & drop_cols: 0_0 & skip_empty: 1,Dx Sx- Dx-Sx- Sx(-Sx)(-Sx),skip_empty: 1
US-NJ-CA,Sx_[S.]x_[S.]x(_[S.]x),split_groups: 0|2 1|. 2|. & drop_cols: 0_0 & skip_empty: 1,Dx Sx- Dx-Sx- Sx(-Sx)(-Sx),skip_empty: 1
US-NJ-CM,Sx_[S.]x_[S.]x(_[S.]x),split_groups: 0|2 1|. 2|. & drop_cols: 0_0 & skip_empty: 1,Dx Sx- Dx-Sx- Sx(-Sx)(-Sx),skip_empty: 1
US-NJ-CU,Sx_[S.]x_[S.]x(_[S.]x),split_groups: 0|2 1|. 2|. & drop_cols: 0_0 & skip_empty: 1,Dx Sx- Dx-Sx- Sx(-Sx)(-Sx),skip_empty: 1
US-NJ-ES,Sx_[S.]x_[S.]x(_[S.]x),split_groups: 0|2 1|. 2|. & drop_cols: 0_0 & skip_empty: 1,Dx Sx- Dx-Sx- Sx(-Sx)(-Sx),skip_empty: 1
US-NJ-GL,Sx_[S.]x_[S.]x(_[S.]x),split_groups: 0|2 1|. 2|. & drop_cols: 0_0 & skip_empty: 1,Dx Sx- Dx-Sx- Sx(-Sx)(-Sx),skip_empty: 1
US-NJ-HU,Sx_[S.]x_[S.]x(_[S.]x),split_groups: 0|2 1|. 2|. & drop_cols: 0_0 & skip_empty: 1,Dx Sx- Dx-Sx- Sx(-Sx)(-Sx),skip_empty: 1
US-NJ-HN,Sx_[S.]x_[S.]x(_[S.]x),split_groups: 0|2 1|. 2|. & drop_cols: 0_0 & skip_empty: 1,Dx Sx- Dx-Sx- Sx(-Sx)(-Sx),skip_empty: 1
US-NJ-ME,Sx_[S.]x_[S.]x(_[S.]x),split_groups: 0|2 1|. 2|. & drop_cols: 0_0 & skip_empty: 1,Dx Sx- Dx-Sx- Sx(-Sx)(-Sx),skip_empty: 1
US-NJ-MI,Sx_[S.]x_[S.]x(_[S.]x),split_groups: 0|2 1|. 2|. & drop_cols: 0_0 & skip_empty: 1,Dx Sx- Dx-Sx- Sx(-Sx)(-Sx),skip_empty: 1
US-NJ-MO,Sx_[S.]x_[S.]x(_[S.]x),split_groups: 0|2 1|. 2|. & drop_cols: 0_0 & skip_empty: 1,Dx Sx- Dx-Sx- Sx(-Sx)(-Sx),skip_empty: 1
US-NJ-MR,Sx_[S.]x_[S.]x(_[S.]x),split_groups: 0|2 1|. 2|. & drop_cols: 0_0 & skip_empty: 1,Dx Sx- Dx-Sx- Sx(-Sx)(-Sx),skip_empty: 1
US-NJ-OC,Sx_[S.]x_[S.]x(_[S.]x),split_groups: 0|2 1|. 2|. & drop_cols: 0_0 & skip_empty: 1,Dx Sx- Dx-Sx- Sx(-Sx)(-Sx),skip_empty: 1
US-NJ-PA,Sx_[S.]x_[S.]x(_[S.]x),split_groups: 0|2 1|. 2|. & drop_cols: 0_0 & skip_empty: 1,Dx Sx- Dx-Sx- Sx(-Sx)(-Sx),skip_empty: 1
US-NJ-SA,Sx_[S.]x_[S.]x(_[S.]x),split_groups: 0|2 1|. 2|. & drop_cols: 0_0 & skip_empty: 1,Dx Sx- Dx-Sx- Sx(-Sx)(-Sx),skip_empty: 1
US-NJ-SO,Sx_[S.]x_[S.]x(_[S.]x),split_groups: 0|2 1|. 2|. & drop_cols: 0_0 & skip_empty: 1,Dx Sx- Dx-Sx- Sx(-Sx)(-Sx),skip_empty: 1
US-NJ-SU,Sx_[S.]x_[S.]x(_[S.]x),split_groups: 0|2 1|. 2|. & drop_cols: 0_0 & skip_empty: 1,Dx Sx- Dx-Sx- Sx(-Sx)(-Sx),skip_empty: 1
US-NJ-UN,Sx_[S.]x_[S.]x(_[S.]x),split_groups: 0|2 1|. 2|. & drop_cols: 0_0 & skip_empty: 1,Dx Sx- Dx-Sx- Sx(-Sx)(-Sx),skip_empty: 1
US-NJ-WA,Sx_[S.]x_[S.]x(_[S.]x),split_groups: 0|2 1|. 2|. & drop_cols: 0_0 & skip_empty: 1,Dx Sx- Dx-Sx- Sx(-Sx)(-Sx),skip_empty: 1
US-NM-BE,Sx,,Sx,skip_empty: 1
US-NM-CH,Dx,,Sx-Sx-Sx-Sx-Sx-Sx,keep_length: 1 2 3 4 5 & merge_after: 0 0 0 0 0 & skip_empty: 1
US-NM-CI,Sx(-)Dx,split_groups: 0|8 & skip_empty: 1,Sx,split_groups: 0|[E] & keep_length: 0_1 & merge_after: 0_0 & skip_empty: 1
US-NM-CO,Dx,split_groups: 0|1 & drop_cols: 0_0 & skip_empty: 1,Sx( )-Sx-Sx-Sx-Sx-( Sx),drop_cols: 0 & keep_length: 2 3 4 & merge_after: 1 1 1 1 & skip_empty: 1
US-NM-CU,Dx,split_groups: 0|16 & drop_cols: 0_1,Sx-Sx-Sx-Sx-Sx-Sx,keep_length: 2 3 4 & merge_after: 0 0 0 0 & skip_empty: 1
US-NM-DB,Dx,split_groups: 0|1 & drop_cols: 0_0 & skip_empty: 1,Sx,split_groups: 0|1 & drop_cols: 0_0
US-NM-DA,Ignored,simple,Ignored,simple
US-NM-ED,Ignored,simple,Ignored,simple
US-NM-GR,Dx,split_groups: 0|16 & drop_cols: 0_1,Ignored,simple
US-NM-GU,Ignored,simple,Sx Sx Sx Sx( Sx Sx Sx),keep_length: 1 2 3 4 5 & merge_after: 0 0 0 0 0 & skip_empty: 1
US-NM-HA,Ignored,simple,Sx Sx Sx Sx( Sx Sx Sx),keep_length: 1 2 3 4 5 & merge_after: 0 0 0 0 0 & skip_empty: 1
US-NM-HI,Dx,split_groups: 0|6 0_1|6 0_1_1|4 0_1_1_1|6 & skip_empty: 1,Sx,split_groups: 0|6 0_1|6 & skip_empty: 1
US-NM-LE,Dx,split_groups: 0|14 & drop_cols: 0_1 & skip_empty: 1,Ignored,simple
US-NM-LI,Ignored,simple,Sx,skip_empty: 1
US-NM-LA,Dx,keep_length: 1 & skip_empty: 1,Sx-Sx-Sx-Sx(-Sx-Sx.Sx),keep_length: 1 2 3 4 5 6 & merge_after: 0 0 0 0 0 0 & skip_empty: 1
US-NM-LU,Dx,split_groups: 0|14 & drop_cols: 0_1 & skip_empty: 1,Sx,keep_length: 1 2 & merge_after: 0 0 & skip_empty: 1
US-NM-MC,Sx,keep_length: 1 2 & merge_after: 0 0 & skip_empty: 1,Ignored,simple
US-NM-MO,Sx-Sx-Sx-Sx(-Sx-Sx.Sx),keep_length: 1 2 3 4 5 6 & merge_after: 0 0 0 0 0 0 & skip_empty: 1,Ignored,simple
US-NM-OT,Sx,string_lengths: 3 4 & skip_empty: 1,Sx,string_lengths: 3 4 & skip_empty: 1
US-NM-QU,Dx,string_lengths: 3 1 4 4 1 & skip_empty: 1,Dx,string_lengths: 3 1 4 4 1 & skip_empty: 1
US-NM-RA,Ignored,simple,Ignored,simple
US-NM-RO,Dx,,Sx(-)Dx,keep_length: 0 & skip_empty: 1
US-NM-SA,Sx,string_lengths: 3 4 & skip_empty: 1,Sx,string_lengths: 3 4 & skip_empty: 1
US-NM-SI,Sx,keep_length: 1 2 & merge_after: 0 0 & skip_empty: 1,Sx(-)Dx,skip_empty: 1
US-NM-SJ,Dx,split_groups: 0|16 & drop_cols: 0_1,Dx,split_groups: 0|14 & drop_cols: 0_1 & skip_empty: 1
US-NM-SM,Sx,keep_length: 1 2 & merge_after: 0 0 & skip_empty: 1,Sx,split_groups: 0|[E] & keep_length: 0_1 & merge_after: 0_0 & skip_empty: 1
US-NM-SO,Ignored,simple,Ignored,simple
US-NM-SF,Ignored,simple,Dx,
US-NM-TA,Ignored,simple,Dx,keep_length: 1 & skip_empty: 1
US-NM-TO,Ignored,simple,Dx,
US-NM-UN,Ignored,simple,Sx,
US-NM-VA,Ignored,simple,Ignored,simple
US-NV-CA,Dx,string_lengths: 3 2 3 & skip_empty: 1,Dx,string_lengths: 3 2 3 & skip_empty: 1
US-NV-CH,Sx,string_lengths: 3 3 2 & skip_empty: 1,Sx-Sx-Sx,
US-NV-CL,Dx,split_groups: 0|14 & drop_cols: 0_1 & skip_empty: 1,Sx-Sx-Sx-Sx,keep_length: 1 2 3 & merge_after: 0 0 0 & skip_empty: 1
US-NV-DO,Dx,,Sx-Sx-Sx-Sx,keep_length: 1 2 3 & merge_after: 0 0 0 & skip_empty: 1
US-NV-EL,Sx,,Sx-Sx-Sx,keep_length: 1 2 & merge_after: 0 0 & skip_empty: 1
US-NV-ES,Sx-Sx-Sx,split_groups: 0|[A-Z] & skip_empty: 1,Sx-Sx-Sx,skip_empty: 1
US-NV-EU,Dx,split_groups: 0|16 & drop_cols: 0_1,Sx-Sx-Sx,split_groups: 2|3 & keep_length: 1 2_0 & merge_after: 0 0 & skip_empty: 1
US-NV-HU,Dx,,Sx-Sx-Sx,keep_length: 1 2 & merge_after: 0 0 & skip_empty: 1
US-NV-LA,Dx,,Sx-Sx-Sx,keep_length: 1 2 & merge_after: 0 0 & skip_empty: 1
US-NV-LI,Dx,split_groups: 0|16 & drop_cols: 0_1,Sx-Sx-Sx,keep_length: 1 2 & merge_after: 0 0 & skip_empty: 1
US-NV-LY,Dx,,Sx-Sx-Sx,keep_length: 1 2 & merge_after: 0 0 & skip_empty: 1
US-NV-MI,Dx,string_lengths: 1 3 2 & skip_empty: 1,Sx-Sx-Sx,split_groups: 0|[A-Z] & skip_empty: 1
US-NV-NY,Ignored,simple,Ignored,simple
US-NV-PE,Sx-Sx-Sx,split_groups: 0|[A-Z] & skip_empty: 1,Sx-Sx-Sx,skip_empty: 1
US-NV-ST,Dx,string_lengths: 1 3 2 & skip_empty: 1,Sx-Sx-Sx,
US-NV-WA,Ignored,simple,Sx-Sx-Sx,keep_length: 1 2 & merge_after: 0 0 & skip_empty: 1
US-NV-WP,Ignored,simple,Ignored,simple
US-NY-AL-AL,Dx,string_lengths: 3 3 4 3 3 & skip_empty: 1,Dx.(Dx)-(Dx)-Dx(.Dx)(-Sx)( Sx),skip_empty: 1
US-NY-AL-BE,Dx,string_lengths: 3 3 4 3 3 & skip_empty: 1,Dx.(Dx)-Dx-Dx(.(Dx)(/Sx)),skip_empty: 1
US-NY-AL-BE,Dx( Dx),string_lengths: 3 3 4 3 3 4,Dx.(Dx)-Dx-Dx(.(Dx)(/Sx)),
US-NY-AL-CH,Dx,string_lengths: 3 3 4 3 3 & skip_empty: 1,Dx.(Dx)-Dx-Dx(.(Dx)(/Sx)),skip_empty: 1
US-NY-AL-CO,Dx,string_lengths: 3 3 4 3 3 & skip_empty: 1,Dx.(Dx)-(Dx)-Dx(.Dx)(-Sx)( Sx),skip_empty: 1
US-NY-AL-CO,Dx,string_lengths: 3 3 4 3 3 & skip_empty: 1,Dx.(Dx)-(Dx)-Dx(.Dx)(-Sx)( Sx),skip_empty: 1
US-NY-AL-GI,Dx,string_lengths: 3 3 4 3 3 & skip_empty: 1,Dx.(Dx)-Dx-Dx(.(Dx)(/Sx)),skip_empty: 1
US-NY-AL-GU,Dx,string_lengths: 3 3 4 3 3 & skip_empty: 1,Dx.(Dx)-Dx-Dx(.(Dx)(/Sx)),skip_empty: 1
US-NY-AL-KN,Dx,string_lengths: 3 3 4 3 3 & skip_empty: 1,Dx.(Dx)-Dx-Dx(.(Dx)(/Sx)),skip_empty: 1
US-NY-AL-NS,Dx,string_lengths: 3 3 4 3 3 & skip_empty: 1,Dx.(Dx)-Dx-Dx(.(Dx)(/Sx)),skip_empty: 1
US-NY-AL-RE,Dx,string_lengths: 3 3 4 3 3 & skip_empty: 1,Dx.(Dx)-Dx-Dx(.(Dx)(/Sx)),skip_empty: 1
US-NY-AL-WA,Dx,string_lengths: 3 3 4 3 3 & skip_empty: 1,Dx.(Dx)-(Dx)-Dx(.Dx)(-Sx)( Sx),skip_empty: 1
US-NY-AL-WE,Dx,string_lengths: 3 3 4 3 3 & skip_empty: 1,Dx.(Dx)-Dx-Dx(.(Dx)(/Sx)),skip_empty: 1
US-NY-LG-LM,Dx.(Dx)-Dx-Dx(.(Dx)(/Sx)),skip_empty: 1,Dx.(Dx)-Dx-Dx(.(Dx)(/Sx)),skip_empty: 1
US-NY-LG-LN,Dx.(A1)-Dx-Dx(.Dx Dx),merge_after: 4 & skip_empty: 1,Dx.(Dx)-Dx-Dx(.(Dx)(/Sx)),skip_empty: 1
US-NY-LG-AN,Dx.(Dx)-Dx-Dx(.(Dx)(/Sx)),skip_empty: 1,Dx.(Dx)-Dx-Dx(.(Dx)(/Sx)),skip_empty: 1
US-NY-LG-AL,Dx.(Dx)-Dx-Dx(.(Dx)(/Sx)),skip_empty: 1,Dx.(Dx)-Dx-Dx(.(Dx)(/Sx)),skip_empty: 1
US-NY-LG-AM,Dx.(Dx)-Dx-Dx(.(Dx)(/Sx)),skip_empty: 1,Dx.(Dx)-Dx-Dx(.(Dx)(/Sx)),skip_empty: 1
US-NY-LG-AN,Dx.(Dx)-Dx-Dx(.(Dx)(/Sx)),skip_empty: 1,Dx.(Dx)-Dx-Dx(.(Dx)(/Sx)),skip_empty: 1
US-NY-LG-AL,Dx.(Dx)-Dx-Dx(.(Dx)(/Sx)),skip_empty: 1,Dx.(Dx)-Dx-Dx(.(Dx)(/Sx)),skip_empty: 1
US-NY-LG-BE,Dx.(Dx)-Dx-Dx(.(Dx)(/Sx)),skip_empty: 1,Dx.(Dx)-Dx-Dx(.(Dx)(/Sx)),skip_empty: 1
US-NY-LG-BI,Dx.(A1)-Dx-Dx(.Dx Dx),merge_after: 4 & skip_empty: 1,Dx.(Dx)-Dx-Dx(.(Dx)(/Sx)),skip_empty: 1
US-NY-LG-BO,Dx.(Dx)-Dx-Dx(.(Dx)(/Sx)),skip_empty: 1,Dx.(Dx)-Dx-Dx(.(Dx)(/Sx)),skip_empty: 1
US-NY-LG-BU,Dx.(Dx)-Dx-Dx(.(Dx)(/Sx)),skip_empty: 1,Dx.(Dx)-Dx-Dx(.(Dx)(/Sx)),skip_empty: 1
US-NY-LG-CA,Dx.(Dx)-Dx-Dx(.(Dx)(/Sx)),skip_empty: 1,Dx.(Dx)-Dx-Dx(.(Dx)(/Sx)),skip_empty: 1
US-NY-LG-CE,Dx.(Dx)-Dx-Dx(.(Dx)(/Sx)),skip_empty: 1,Dx.(Dx)-Dx-Dx(.(Dx)(/Sx)),skip_empty: 1
US-NY-LG-CL,Dx.(Dx)-Dx-Dx(.(Dx)(/Sx)),skip_empty: 1,Dx.(Dx)-Dx-Dx(.(Dx)(/Sx)),skip_empty: 1
US-NY-LG-CU,Dx.(Dx)-Dx-Dx(.(Dx)(/Sx)),skip_empty: 1,Dx.(Dx)-Dx-Dx(.(Dx)(/Sx)),skip_empty: 1
US-NY-LG-FR,Dx.(Dx)-Dx-Dx(.(Dx)(/Sx)),skip_empty: 1,Dx.(Dx)-Dx-Dx(.(Dx)(/Sx)),skip_empty: 1
US-NY-LG-GE,Dx.(Dx)-Dx-Dx(.(Dx)(/Sx)),skip_empty: 1,Dx.(Dx)-Dx-Dx(.(Dx)(/Sx)),skip_empty: 1
US-NY-LG-GR,Dx.(Dx)-Dx-Dx(.(Dx)(/Sx)),skip_empty: 1,Dx.(Dx)-Dx-Dx(.(Dx)(/Sx)),skip_empty: 1
US-NY-LG-GR,Dx.(Dx)-Dx-Dx(.(Dx)(/Sx)),skip_empty: 1,Dx.(Dx)-Dx-Dx(.(Dx)(/Sx)),skip_empty: 1
US-NY-LG-HU,Dx.(Dx)-Dx-Dx(.(Dx)(/Sx)),skip_empty: 1,Dx.(Dx)-Dx-Dx(.(Dx)(/Sx)),skip_empty: 1
US-NY-LG-IN,Dx.(Dx)-Dx-Dx(.(Dx)(/Sx)),skip_empty: 1,Dx.(Dx)-Dx-Dx(.(Dx)(/Sx)),skip_empty: 1
US-NY-LG-NH,Dx.(Dx)-Dx-Dx(.(Dx)(/Sx)),skip_empty: 1,Dx.(Dx)-Dx-Dx(.(Dx)(/Sx)),skip_empty: 1
US-NY-LG-RU,Dx.(Dx)-Dx-Dx(.(Dx)(/Sx)),skip_empty: 1,Dx.(Dx)-Dx-Dx(.(Dx)(/Sx)),skip_empty: 1
US-NY-LG-SC,Dx.(Dx)-Dx-Dx(.(Dx)(/Sx)),skip_empty: 1,Dx.(Dx)-Dx-Dx(.(Dx)(/Sx)),skip_empty: 1
US-NY-LG-WA,Dx.(Dx)-Dx-Dx(.(Dx)(/Sx)),skip_empty: 1,Dx.(Dx)-Dx-Dx(.(Dx)(/Sx)),skip_empty: 1
US-NY-LG-WE,Dx.(Dx)-Dx-Dx(.(Dx)(/Sx)),skip_empty: 1,Dx.(Dx)-Dx-Dx(.(Dx)(/Sx)),skip_empty: 1
US-NY-LG-WL,Dx.(Dx)-Dx-Dx(.(Dx)(/Sx)),skip_empty: 1,Dx.(Dx)-Dx-Dx(.(Dx)(/Sx)),skip_empty: 1
US-NY-LG-WR,Dx(.-Dx.-Dx),skip_empty: 1,Dx.(Dx)-Dx-Dx(.(Dx)(/Sx)),skip_empty: 1
US-NY-LG-WI,Dx.(Dx)-Dx-Dx(.(Dx)(/Sx)),skip_empty: 1,Dx.(Dx)-Dx-Dx(.(Dx)(/Sx)),skip_empty: 1
US-NY-BR,Dx,split_groups: 0|1 & drop_cols: 0_0 & skip_empty: 1,Sx( )-( )(Sx)( - Sx)(-Sx)( Sx),merge_after: 4 3 2 1 0 & skip_empty: 1
US-NY-BO-BA,Ignored,simple,Ignored,simple
US-NY-BO-BN,D3.D2-D1-Dx(.Dx D2),skip_empty: 1,Dx.(Dx)-Dx-Dx(.(Dx)(/Sx)),skip_empty: 1
US-NY-BO-BI,D3.D2-D1-Dx(.Dx D2),skip_empty: 1,Dx.(Dx)-Dx-Dx(.(Dx)(/Sx)),skip_empty: 1
US-NY-BO-CH,D3.D2-D1-Dx(.Dx D2),skip_empty: 1,Dx.(Dx)-Dx-Dx(.(Dx)(/Sx)),skip_empty: 1
US-NY-BO-CO,D3.D2-D1-Dx(.Dx D2),skip_empty: 1,Dx.(Dx)-Dx-Dx(.(Dx)(/Sx)),skip_empty: 1
US-NY-BO-CO,D3.D2-D1-Dx(.Dx D2),skip_empty: 1,Dx.(Dx)-Dx-Dx(.(Dx)(/Sx)),skip_empty: 1
US-NY-BO-DI,D3.D2-D1-Dx(.Dx D2),skip_empty: 1,Dx.(Dx)-Dx-Dx(.(Dx)(/Sx)),skip_empty: 1
US-NY-BO-FE,D3.D2-D1-Dx(.Dx D2),skip_empty: 1,Dx.(Dx)-Dx-Dx(.(Dx)(/Sx)),skip_empty: 1
US-NY-BO-KI,Ignored,simple,Ignored,simple
US-NY-BO-LI,Ignored,simple,Ignored,simple
US-NY-BO-ME,D3.D2-D1-Dx(.Dx D2),skip_empty: 1,Dx.(Dx)-Dx-Dx(.(Dx)(/Sx)),skip_empty: 1
US-NY-BO-NA,D3.D2-D1-Dx(.Dx D2),skip_empty: 1,Dx.(Dx)-Dx-Dx(.(Dx)(/Sx)),skip_empty: 1
US-NY-BO-SA,D3.D2-D1-Dx(.Dx D2),skip_empty: 1,Dx.(Dx)-Dx-Dx(.(Dx)(/Sx)),skip_empty: 1
US-NY-BO-TR,Ignored,simple,Ignored,simple
US-NY-BO-UN,Dx.(Dx)-Dx-Dx(.(Dx)(/Sx)),skip_empty: 1,Dx.(Dx)-Dx-Dx(.(Dx)(/Sx)),skip_empty: 1
US-NY-BO-VE,Dx.(Dx)-Dx-Dx(.(Dx)(/Sx)),skip_empty: 1,Dx.(Dx)-Dx-Dx(.(Dx)(/Sx)),skip_empty: 1
US-NY-BO-WI,Ignored,simple,Ignored,simple
US-NY-CR-CI,Dx,string_lengths: 3 3 4 3 3 & skip_empty: 1,Dx.(Dx)-(Dx)-Dx(.Dx)(-Sx)( Sx),skip_empty: 1
US-NY-CR-CR,Dx,string_lengths: 3 3 4 3 3 & skip_empty: 1,Dx.(Dx)-(Dx)-Dx(.Dx)(-Sx)( Sx),skip_empty: 1
US-NY-CR-CO,Dx,string_lengths: 3 3 4 3 3 & skip_empty: 1,Dx.(Dx)-(Dx)-Dx(.Dx)(-Sx)( Sx),skip_empty: 1
US-NY-CR-CU,Dx,string_lengths: 3 3 4 3 3 & skip_empty: 1,Dx.(Dx)-(Dx)-Dx(.Dx)(-Sx)( Sx),skip_empty: 1
US-NY-CR-FR,Dx,string_lengths: 3 3 4 3 3 & skip_empty: 1,Dx.(Dx)-(Dx)-Dx(.Dx)(-Sx)( Sx),skip_empty: 1
US-NY-CR-HA,Dx,string_lengths: 3 3 4 3 3 & skip_empty: 1,Dx.(Dx)-(Dx)-Dx(.Dx)(-Sx)( Sx),skip_empty: 1
US-NY-CR-HO,Dx,string_lengths: 3 3 4 3 3 & skip_empty: 1,Dx.(Dx)-(Dx)-Dx(.Dx)(-Sx)( Sx),drop_cols: 5 6 & skip_empty: 1
US-NY-CR-LA,Dx,string_lengths: 3 3 4 3 3 & skip_empty: 1,Dx.(Dx)-(Dx)-Dx(.Dx)(-Sx)( Sx),skip_empty: 1
US-NY-CR-MA,Dx,string_lengths: 3 3 4 3 3 & skip_empty: 1,Dx.(Dx)-(Dx)-Dx(.Dx)(-Sx)( Sx),skip_empty: 1
US-NY-CR-PR,Dx,string_lengths: 3 3 4 3 3 & skip_empty: 1,Dx.(Dx)-(Dx)-Dx(.Dx)(-Sx)( Sx),skip_empty: 1
US-NY-CR-SC,Dx,string_lengths: 3 3 4 3 3 & skip_empty: 1,Dx.(Dx)-(Dx)-Dx(.Dx)(-Sx)( Sx),drop_cols: 5 6 & skip_empty: 1
US-NY-CR-SO,Dx,string_lengths: 3 3 4 3 3 & skip_empty: 1,Dx.(Dx)-(Dx)-Dx(.Dx)(-Sx)( Sx),drop_cols: 5 6 & skip_empty: 1
US-NY-CR-TA,Dx,string_lengths: 3 3 4 3 3 & skip_empty: 1,Dx.(Dx)-(Dx)-Dx(.Dx)(-Sx)( Sx),drop_cols: 5 6 & skip_empty: 1
US-NY-CR-TR,Dx,string_lengths: 3 3 4 3 3 & skip_empty: 1,Dx.(Dx)-(Dx)-Dx(.Dx)(-Sx)( Sx),skip_empty: 1
US-NY-CR-VI,Dx,string_lengths: 3 3 4 3 3 & skip_empty: 1,Dx.(Dx)-(Dx)-Dx(.Dx)(-Sx)( Sx),skip_empty: 1
US-NY-CR-WI,Dx,string_lengths: 3 3 4 3 3 & skip_empty: 1,Dx.(Dx)-(Dx)-Dx(.Dx)(-Sx)( Sx),skip_empty: 1
US-NY-CA-AT,Dx,string_lengths: 3 3 4 3 3 & skip_empty: 1,Dx.(Dx)-Dx-Dx(.(Dx)(/Sx)),skip_empty: 1
US-NY-CA-AS,Dx,string_lengths: 3 3 4 3 3 & skip_empty: 1,Dx.(Dx)-Dx-Dx(.(Dx)(/Sx)),skip_empty: 1
US-NY-CA-CA,Dx,string_lengths: 3 3 4 3 3 & skip_empty: 1,Dx.(Dx)-Dx-Dx(.(Dx)(/Sx)),skip_empty: 1
US-NY-CA-CO,Dx,string_lengths: 3 3 4 3 3 & skip_empty: 1,Dx.(Dx)-Dx-Dx(.(Dx)(/Sx)),skip_empty: 1
US-NY-CA-CL,Dx,string_lengths: 3 3 4 3 3 & skip_empty: 1,Dx.(Dx)-Dx-Dx(.(Dx)(/Sx)),skip_empty: 1
US-NY-CA-DA,Dx,string_lengths: 3 3 4 3 3 & skip_empty: 1,Dx.(Dx)-Dx-Dx(.(Dx)(/Sx)),skip_empty: 1
US-NY-CA-EL,Dx,string_lengths: 3 3 4 3 3 & skip_empty: 1,Dx.(Dx)-Dx-Dx(.(Dx)(/Sx)),skip_empty: 1
US-NY-CA-EO,Dx,string_lengths: 3 3 4 3 3 & skip_empty: 1,Dx.(Dx)-Dx-Dx(.(Dx)(/Sx)),skip_empty: 1
US-NY-CA-FA,Dx,string_lengths: 3 3 4 3 3 & skip_empty: 1,Dx.(Dx)-Dx-Dx(.(Dx)(/Sx)),skip_empty: 1
US-NY-CA-FE,Dx,string_lengths: 3 3 4 3 3 & skip_empty: 1,Dx.(Dx)-Dx-Dx(.(Dx)(/Sx)),skip_empty: 1
US-NY-CA-FR,Dx,string_lengths: 3 3 4 3 3 & skip_empty: 1,Dx.(Dx)-Dx-Dx(.(Dx)(/Sx)),skip_empty: 1
US-NY-CA-GV,Dx,string_lengths: 3 3 4 3 3 & skip_empty: 1,Dx.(Dx)-Dx-Dx(.(Dx)(/Sx)),skip_empty: 1
US-NY-CA-HI,Dx,string_lengths: 3 3 4 3 3 & skip_empty: 1,Dx.(Dx)-Dx-Dx(.(Dx)(/Sx)),skip_empty: 1
US-NY-CA-HU,Dx,string_lengths: 3 3 4 3 3 & skip_empty: 1,Dx.(Dx)-Dx-Dx(.(Dx)(/Sx)),skip_empty: 1
US-NY-CA-IS,Dx,string_lengths: 3 3 4 3 3 & skip_empty: 1,Dx.(Dx)-Dx-Dx(.(Dx)(/Sx)),skip_empty: 1
US-NY-CA-LE,Dx,string_lengths: 3 3 4 3 3 & skip_empty: 1,Dx.(Dx)-Dx-Dx(.(Dx)(/Sx)),skip_empty: 1
US-NY-CA-LV,Dx,string_lengths: 3 3 4 3 3 & skip_empty: 1,Dx.(Dx)-Dx-Dx(.(Dx)(/Sx)),skip_empty: 1
US-NY-CA-LY,Dx,string_lengths: 3 3 4 3 3 & skip_empty: 1,Dx.(Dx)-Dx-Dx(.(Dx)(/Sx)),skip_empty: 1
US-NY-CA-MA,Dx,string_lengths: 3 3 4 3 3 & skip_empty: 1,Dx.(Dx)-Dx-Dx(.(Dx)(/Sx)),skip_empty: 1
US-NY-CA-MO,Dx,string_lengths: 3 3 4 3 3 & skip_empty: 1,Dx.(Dx)-Dx-Dx(.(Dx)(/Sx)),skip_empty: 1
US-NY-CA-NE,Dx,string_lengths: 3 3 4 3 3 & skip_empty: 1,Dx.(Dx)-Dx-Dx(.(Dx)(/Sx)),skip_empty: 1
US-NY-CA-NA,Dx,string_lengths: 3 3 4 3 3 & skip_empty: 1,Dx.(Dx)-Dx-Dx(.(Dx)(/Sx)),skip_empty: 1
US-NY-CA-OT,Dx,string_lengths: 3 3 4 3 3 & skip_empty: 1,Dx.(Dx)-Dx-Dx(.(Dx)(/Sx)),skip_empty: 1
US-NY-CA-OC,Dx,string_lengths: 3 3 4 3 3 & skip_empty: 1,Dx.(Dx)-Dx-Dx(.(Dx)(/Sx)),skip_empty: 1
US-NY-CA-OO,Dx,string_lengths: 3 3 4 3 3 & skip_empty: 1,Dx.(Dx)-Dx-Dx(.(Dx)(/Sx)),skip_empty: 1
US-NY-CA-PE,Dx,string_lengths: 3 3 4 3 3 & skip_empty: 1,Dx.(Dx)-Dx-Dx(.(Dx)(/Sx)),skip_empty: 1
US-NY-CA-PO,Dx,string_lengths: 3 3 4 3 3 & skip_empty: 1,Dx.(Dx)-Dx-Dx(.(Dx)(/Sx)),skip_empty: 1
US-NY-CA-PR,Dx,string_lengths: 3 3 4 3 3 & skip_empty: 1,Dx.(Dx)-Dx-Dx(.(Dx)(/Sx)),skip_empty: 1
US-NY-CA-RA,Dx,string_lengths: 3 3 4 3 3 & skip_empty: 1,Dx.(Dx)-Dx-Dx(.(Dx)(/Sx)),skip_empty: 1
US-NY-CA-RH,Dx,string_lengths: 3 3 4 3 3 & skip_empty: 1,Dx.(Dx)-Dx-Dx(.(Dx)(/Sx)),skip_empty: 1
US-NY-CA-SC,Dx,string_lengths: 3 3 4 3 3 & skip_empty: 1,Dx.(Dx)-Dx-Dx(.(Dx)(/Sx)),skip_empty: 1
US-NY-CA-ST,Dx,string_lengths: 3 3 4 3 3 & skip_empty: 1,Dx.(Dx)-Dx-Dx(.(Dx)(/Sx)),skip_empty: 1
US-NY-CA-SV,Dx,string_lengths: 3 3 4 3 3 & skip_empty: 1,Dx.(Dx)-Dx-Dx(.(Dx)(/Sx)),skip_empty: 1
US-NY-CA-YO,Dx,string_lengths: 3 3 4 3 3 & skip_empty: 1,Dx.(Dx)-Dx-Dx(.(Dx)(/Sx)),skip_empty: 1
US-NY-CN-AF,Dx.(Dx)-Dx-Dx(.(Dx)(/Sx)),skip_empty: 1,Dx.(Dx)-(Dx)-Dx(.Dx)(-Sx)( Sx),skip_empty: 1
US-NY-CN-BA,Dx.(Dx)-Dx-Dx(.(Dx)(/Sx)),skip_empty: 1,Dx.(Dx)-(Dx)-Dx(.Dx)(-Sx)( Sx),skip_empty: 1
US-NY-CN-CL,Dx.(Dx)-Dx-Dx(.(Dx)(/Sx)),skip_empty: 1,Dx.(Dx)-(Dx)-Dx(.Dx)(-Sx)( Sx),skip_empty: 1
US-NY-CN-CO,Dx.(Dx)-Dx-Dx(.(Dx)(/Sx)),skip_empty: 1,Dx.(Dx)-(Dx)-Dx(.Dx)(-Sx)( Sx),skip_empty: 1
US-NY-CN-GE,Dx.(Dx)-Dx-Dx(.(Dx)(/Sx)),skip_empty: 1,Dx.(Dx)-(Dx)-Dx(.Dx)(-Sx)( Sx),skip_empty: 1
US-NY-CN-GR,Dx.(Dx)-Dx-Dx(.(Dx)(/Sx)),skip_empty: 1,Dx.(Dx)-(Dx)-Dx(.Dx)(-Sx)( Sx),skip_empty: 1
US-NY-CN-GU,Dx.(Dx)-Dx-Dx(.(Dx)(/Sx)),skip_empty: 1,Dx.(Dx)-(Dx)-Dx(.Dx)(-Sx)( Sx),skip_empty: 1
US-NY-CN-LI,Dx.(Dx)-Dx-Dx(.(Dx)(/Sx)),skip_empty: 1,Dx.(Dx)-(Dx)-Dx(.Dx)(-Sx)( Sx),drop_cols: 5 6 & skip_empty: 1
US-NY-CN-MC,Dx.(Dx)-Dx-Dx(.(Dx)(/Sx)),skip_empty: 1,Dx.(Dx)-(Dx)-Dx(.Dx)(-Sx)( Sx),skip_empty: 1
US-NY-CN-NB,Dx.(Dx)-Dx-Dx(.(Dx)(/Sx)),skip_empty: 1,Dx.(Dx)-(Dx)-Dx(.Dx)(-Sx)( Sx),skip_empty: 1
US-NY-CN-NN,Dx.(Dx)-Dx-Dx(.(Dx)(/Sx)),skip_empty: 1,Dx.(Dx)-(Dx)-Dx(.Dx)(-Sx)( Sx),drop_cols: 5 6 & skip_empty: 1
US-NY-CN-NO,Dx.(Dx)-Dx-Dx(.(Dx)(/Sx)),skip_empty: 1,Dx.(Dx)-(Dx)-Dx(.Dx)(-Sx)( Sx),skip_empty: 1
US-NY-CN-NR,Dx.(Dx)-Dx-Dx(.(Dx)(/Sx)),skip_empty: 1,Dx.(Dx)-(Dx)-Dx(.Dx)(-Sx)( Sx),skip_empty: 1
US-NY-CN-OT,Dx.(Dx)-(Dx)-Dx(.Dx)(-Sx)( Sx),skip_empty: 1,Dx.(Dx)-(Dx)-Dx(.Dx)(-Sx)( Sx),drop_cols: 5 6 & skip_empty: 1
US-NY-CN-OX,Dx.(Dx)-Dx-Dx(.(Dx)(/Sx)),skip_empty: 1,Dx.(Dx)-(Dx)-Dx(.Dx)(-Sx)( Sx),skip_empty: 1
US-NY-CN-PH,Dx.(Dx)-Dx-Dx(.(Dx)(/Sx)),skip_empty: 1,Dx.(Dx)-(Dx)-Dx(.Dx)(-Sx)( Sx),skip_empty: 1
US-NY-CN-PI,Dx.(Dx)-Dx-Dx(.(Dx)(/Sx)),skip_empty: 1,Dx.(Dx)-(Dx)-Dx(.Dx)(-Sx)( Sx),skip_empty: 1
US-NY-CN-PL,Dx.(Dx)-Dx-Dx(.(Dx)(/Sx)),skip_empty: 1,Dx.(Dx)-(Dx)-Dx(.Dx)(-Sx)( Sx),skip_empty: 1
US-NY-CN-PR,Dx.(Dx)-Dx-Dx(.(Dx)(/Sx)),skip_empty: 1,Dx.(Dx)-(Dx)-Dx(.Dx)(-Sx)( Sx),skip_empty: 1
US-NY-CN-SH,Dx.(Dx)-Dx-Dx(.(Dx)(/Sx)),skip_empty: 1,Dx.(Dx)-(Dx)-Dx(.Dx)(-Sx)( Sx),skip_empty: 1
US-NY-CN-SM,Dx.(Dx)-Dx-Dx(.(Dx)(/Sx)),skip_empty: 1,Dx.(Dx)-(Dx)-Dx(.Dx)(-Sx)( Sx),drop_cols: 5 6 & skip_empty: 1
US-NY-CN-SM,Dx.(Dx)-(Dx)-Dx(.Dx)(-Sx)( Sx),drop_cols: 5 6 & skip_empty: 1,Dx.(Dx)-(Dx)-Dx(.Dx)(-Sx)( Sx),skip_empty: 1
US-NY-CL-AL,Dx.(Dx)-(Dx)-Dx(.Dx)(-Sx)( Sx),skip_empty: 1,Dx.(Dx)-(Dx)-Dx(.Dx)(-Sx)( Sx),skip_empty: 1
US-NY-CL-AS,Dx.(Dx)-(Dx)-Dx(.Dx)(-Sx)( Sx),skip_empty: 1,Dx.(Dx)-(Dx)-Dx(.Dx)(-Sx)( Sx),skip_empty: 1
US-NY-CL-BB,Dx.(Dx)-(Dx)-Dx(.Dx)(-Sx)( Sx),skip_empty: 1,Dx.(Dx)-(Dx)-Dx(.Dx)(-Sx)( Sx),skip_empty: 1
US-NY-CL-BE,Dx.(Dx)-(Dx)-Dx(.Dx)(-Sx)( Sx),skip_empty: 1,Dx.(Dx)-(Dx)-Dx(.Dx)(-Sx)( Sx),skip_empty: 1
US-NY-CL-CA,Dx.(Dx)-(Dx)-Dx(.Dx)(-Sx)( Sx),skip_empty: 1,Dx.(Dx)-(Dx)-Dx(.Dx)(-Sx)( Sx),skip_empty: 1
US-NY-CL-CH,Dx.(Dx)-(Dx)-Dx(.Dx)(-Sx)( Sx),skip_empty: 1,Dx.(Dx)-(Dx)-Dx(.Dx)(-Sx)( Sx),skip_empty: 1
US-NY-CL-CL,Dx.(Dx)-(Dx)-Dx(.Dx)(-Sx)( Sx),skip_empty: 1,Dx.(Dx)-(Dx)-Dx(.Dx)(-Sx)( Sx),skip_empty: 1
US-NY-CL-DA,Dx.(Dx)-(Dx)-Dx(.Dx)(-Sx)( Sx),skip_empty: 1,Dx.(Dx)-(Dx)-Dx(.Dx)(-Sx)( Sx),skip_empty: 1
US-NY-CL-EL,Dx.(Dx)-(Dx)-Dx(.Dx)(-Sx)( Sx),skip_empty: 1,Dx.(Dx)-(Dx)-Dx(.Dx)(-Sx)( Sx),skip_empty: 1
US-NY-CL-MO,Dx.(Dx)-(Dx)-Dx(.Dx)(-Sx)( Sx),skip_empty: 1,Dx.(Dx)-(Dx)-Dx(.Dx)(-Sx)( Sx),skip_empty: 1
US-NY-CL-PL,Dx.(Dx)-(Dx)-Dx(.Dx)(-Sx)( Sx),skip_empty: 1,Dx.(Dx)-(Dx)-Dx(.Dx)(-Sx)( Sx),skip_empty: 1
US-NY-CL-PE,Dx.(Dx)-(Dx)-Dx(.Dx)(-Sx)( Sx),skip_empty: 1,Dx.(Dx)-(Dx)-Dx(.Dx)(-Sx)( Sx),skip_empty: 1
US-NY-CL-PA,Dx.(Dx)-(Dx)-Dx(.Dx)(-Sx)( Sx),skip_empty: 1,Dx.(Dx)-(Dx)-Dx(.Dx)(-Sx)( Sx),skip_empty: 1
US-NY-CL-SA,Dx.(Dx)-(Dx)-Dx(.Dx)(-Sx)( Sx),skip_empty: 1,Dx.(Dx)-(Dx)-Dx(.Dx)(-Sx)( Sx),skip_empty: 1
US-NY-CL-SF,Dx.(Dx)-(Dx)-Dx(.Dx)(-Sx)( Sx),skip_empty: 1,Dx.(Dx)-(Dx)-Dx(.Dx)(-Sx)( Sx),skip_empty: 1
US-NY-CE-AS,Ignored,simple,Ignored,simple
US-NY-CE-BA,Dx.(Dx)-Dx-Dx(.(Dx)(/Sx)),skip_empty: 1,Dx.(Dx)-Dx-Dx(.(Dx)(/Sx)),skip_empty: 1
US-NY-CE-BF,Dx.(Dx)-Dx-Dx(.(Dx)(/Sx)),skip_empty: 1,Dx.(Dx)-Dx-Dx(.(Dx)(/Sx)),skip_empty: 1
US-NY-CE-CA,Dx.(Dx)-Dx-Dx(.(Dx)(/Sx)),skip_empty: 1,Dx.(Dx)-Dx-Dx(.(Dx)(/Sx)),skip_empty: 1
US-NY-CE-CH,Dx.(Dx)-Dx-Dx(.(Dx)(/Sx)),skip_empty: 1,Dx.(Dx)-Dx-Dx(.(Dx)(/Sx)),skip_empty: 1
US-NY-CE-LM,Dx.(Dx)-Dx-Dx(.(Dx)(/Sx)),skip_empty: 1,Dx.(Dx)-Dx-Dx(.(Dx)(/Sx)),skip_empty: 1
US-NY-CE-EL,Dx.(Dx)-Dx-Dx(.(Dx)(/Sx)),skip_empty: 1,Dx.(Dx)-Dx-Dx(.(Dx)(/Sx)),skip_empty: 1
US-NY-CE-ER,Dx.(Dx)-Dx-Dx(.(Dx)(/Sx)),skip_empty: 1,Dx.(Dx)-Dx-Dx(.(Dx)(/Sx)),skip_empty: 1
US-NY-CE-HO,Dx.(Dx)-Dx-Dx(.(Dx)(/Sx)),skip_empty: 1,Dx.(Dx)-Dx-Dx(.(Dx)(/Sx)),skip_empty: 1
US-NY-CE-SO,Dx.(Dx)-Dx-Dx(.(Dx)(/Sx)),skip_empty: 1,Dx.(Dx)-Dx-Dx(.(Dx)(/Sx)),skip_empty: 1
US-NY-CE-VA,Dx.(Dx)-Dx-Dx(.(Dx)(/Sx)),skip_empty: 1,Dx.(Dx)-Dx-Dx(.(Dx)(/Sx)),skip_empty: 1
US-NY-CE-VE,Dx.(Dx)-Dx-Dx(.(Dx)(/Sx)),skip_empty: 1,Dx.(Dx)-Dx-Dx(.(Dx)(/Sx)),skip_empty: 1
US-NY-CH-AR,Dx,string_lengths: 3 3 4 3 3 & skip_empty: 1,Dx.(Dx)-Dx-Dx(.(Dx)(/Sx)),skip_empty: 1
US-NY-CH-BU,Dx,string_lengths: 3 3 4 3 3 & skip_empty: 1,Dx.(Dx)-Dx-Dx(.(Dx)(/Sx)),skip_empty: 1
US-NY-CH-CA,Dx,string_lengths: 3 3 4 3 3 & skip_empty: 1,Dx.(Dx)-Dx-Dx(.(Dx)(/Sx)),skip_empty: 1
US-NY-CH-CC,Dx,string_lengths: 3 3 4 3 3 & skip_empty: 1,Dx.(Dx)-Dx-Dx(.(Dx)(/Sx)),skip_empty: 1
US-NY-CH-CH,Dx,string_lengths: 3 3 4 3 3 & skip_empty: 1,Dx.(Dx)-Dx-Dx(.(Dx)(/Sx)),skip_empty: 1
US-NY-CH-CH,Dx,string_lengths: 3 3 4 3 3 & skip_empty: 1,Dx.(Dx)-Dx-Dx(.(Dx)(/Sx)),skip_empty: 1
US-NY-CH-CY,Dx,string_lengths: 3 3 4 3 3 & skip_empty: 1,Dx.(Dx)-Dx-Dx(.(Dx)(/Sx)),skip_empty: 1
US-NY-CH-DU,Dx,string_lengths: 3 3 4 3 3 & skip_empty: 1,Dx.(Dx)-Dx-Dx(.(Dx)(/Sx)),skip_empty: 1
US-NY-CH-DN,Dx,string_lengths: 3 3 4 3 3 & skip_empty: 1,Dx.(Dx)-Dx-Dx(.(Dx)(/Sx)),skip_empty: 1
US-NY-CH-EL,Dx,string_lengths: 3 3 4 3 3 & skip_empty: 1,Dx.(Dx)-Dx-Dx(.(Dx)(/Sx)),skip_empty: 1
US-NY-CH-EL,Dx,string_lengths: 3 3 4 3 3 & skip_empty: 1,Dx.(Dx)-Dx-Dx(.(Dx)(/Sx)),skip_empty: 1
US-NY-CH-EL,Dx,string_lengths: 3 3 4 3 3 & skip_empty: 1,D3.D2-D1-Dx(.Dx D2),skip_empty: 1
US-NY-CH-FC,Dx,string_lengths: 3 3 4 3 3 & skip_empty: 1,Dx.(Dx)-Dx-Dx(.(Dx)(/Sx)),skip_empty: 1
US-NY-CH-GE,Dx,string_lengths: 3 3 4 3 3 & skip_empty: 1,Dx.(Dx)-Dx-Dx(.(Dx)(/Sx)),skip_empty: 1
US-NY-CH-HA,Dx,string_lengths: 3 3 4 3 3 & skip_empty: 1,Dx.(Dx)-Dx-Dx(.(Dx)(/Sx)),skip_empty: 1
US-NY-CH-HA,Dx,string_lengths: 3 3 4 3 3 & skip_empty: 1,Dx.(Dx)-Dx-Dx(.(Dx)(/Sx)),skip_empty: 1
US-NY-CH-JA,Dx,string_lengths: 3 3 4 3 3 & skip_empty: 1,Dx.(Dx)-Dx-Dx(.(Dx)(/Sx)),skip_empty: 1
US-NY-CH-KI,Dx,string_lengths: 3 3 4 3 3 & skip_empty: 1,Dx.(Dx)-Dx-Dx(.(Dx)(/Sx)),skip_empty: 1
US-NY-CH-MI,Dx,string_lengths: 3 3 4 3 3 & skip_empty: 1,Dx.(Dx)-Dx-Dx(.(Dx)(/Sx)),skip_empty: 1
US-NY-CH-NH,Dx,string_lengths: 3 3 4 3 3 & skip_empty: 1,Dx.(Dx)-Dx-Dx(.(Dx)(/Sx)),skip_empty: 1
US-NY-CH-PO,Dx,string_lengths: 3 3 4 3 3 & skip_empty: 1,Dx.(Dx)-Dx-Dx(.(Dx)(/Sx)),skip_empty: 1
US-NY-CH-PL,Dx,string_lengths: 3 3 4 3 3 & skip_empty: 1,Dx.(Dx)-Dx-Dx(.(Dx)(/Sx)),skip_empty: 1
US-NY-CN-PR,Dx,string_lengths: 3 3 4 3 3 & skip_empty: 1,Dx.(Dx)-Dx-Dx(.(Dx)(/Sx)),skip_empty: 1
US-NY-CH-RI,Dx,string_lengths: 3 3 4 3 3 & skip_empty: 1,Dx.(Dx)-Dx-Dx(.(Dx)(/Sx)),skip_empty: 1
US-NY-CH-SE,Dx,string_lengths: 3 3 4 3 3 & skip_empty: 1,Dx.(Dx)-Dx-Dx(.(Dx)(/Sx)),skip_empty: 1
US-NY-CH-SH,Dx,string_lengths: 3 3 4 3 3 & skip_empty: 1,Dx.(Dx)-Dx-Dx(.(Dx)(/Sx)),skip_empty: 1
US-NY-CH-ST,Dx,string_lengths: 3 3 4 3 3 & skip_empty: 1,Dx.(Dx)-Dx-Dx(.(Dx)(/Sx)),skip_empty: 1
US-NY-CH-VI,Dx,string_lengths: 3 3 4 3 3 & skip_empty: 1,Dx.(Dx)-Dx-Dx(.(Dx)(/Sx)),skip_empty: 1
US-NY-CH-WE,Dx,string_lengths: 3 3 4 3 3 & skip_empty: 1,Dx.(Dx)-Dx-Dx(.(Dx)(/Sx)),skip_empty: 1
US-NY-CO,^[0-9]{6}-([0-9]+)\.([0-9]*)-([0-9]+)-([0-9]+)(?:\.([0-9]+))?$,,^[0-9]{6} ([0-9]+)\.([0-9]*)-([0-9]+)-([0-9]+)(?:\.([0-9]+))?$,
US-NY-CY-RL,Dx,string_lengths: 3 3 4 3 3 & skip_empty: 1,Dx.(Dx)-(Dx)-Dx(.Dx)(-Sx)( Sx),skip_empty: 1
US-NY-CA-AU,Dx,string_lengths: 3 3 4 3 3 & skip_empty: 1,Dx.(Dx)-(Dx)-Dx(.Dx)(-Sx)( Sx),skip_empty: 1
US-NY-CA-BR,Dx,string_lengths: 3 3 4 3 3 & skip_empty: 1,Dx.(Dx)-(Dx)-Dx(.Dx)(-Sx)( Sx),skip_empty: 1
US-NY-CA-CA,Dx,string_lengths: 3 3 4 3 3 & skip_empty: 1,Dx.(Dx)-(Dx)-Dx(.Dx)(-Sx)( Sx),skip_empty: 1
US-NY-CA-CO,Dx,string_lengths: 3 3 4 3 3 & skip_empty: 1,Dx.(Dx)-(Dx)-Dx(.Dx)(-Sx)( Sx),skip_empty: 1
US-NY-CA-FL,Dx,string_lengths: 3 3 4 3 3 & skip_empty: 1,Dx.(Dx)-(Dx)-Dx(.Dx)(-Sx)( Sx),skip_empty: 1
US-NY-CA-GE,Dx,string_lengths: 3 3 4 3 3 & skip_empty: 1,Dx.(Dx)-(Dx)-Dx(.Dx)(-Sx)( Sx),skip_empty: 1
US-NY-CA-IR,Dx,string_lengths: 3 3 4 3 3 & skip_empty: 1,Dx.(Dx)-(Dx)-Dx(.Dx)(-Sx)( Sx),skip_empty: 1
US-NY-CA-LE,Dx,string_lengths: 3 3 4 3 3 & skip_empty: 1,Dx.(Dx)-(Dx)-Dx(.Dx)(-Sx)( Sx),skip_empty: 1
US-NY-CA-LO,Dx,string_lengths: 3 3 4 3 3 & skip_empty: 1,Dx.(Dx)-(Dx)-Dx(.Dx)(-Sx)( Sx),skip_empty: 1
US-NY-CA-ME,Dx,string_lengths: 3 3 4 3 3 & skip_empty: 1,Dx.(Dx)-(Dx)-Dx(.Dx)(-Sx)( Sx),skip_empty: 1
US-NY-CY-MN,Dx,string_lengths: 3 3 4 3 3 & skip_empty: 1,Dx.(Dx)-(Dx)-Dx(.Dx)(-Sx)( Sx),skip_empty: 1
US-NY-CA-MO,Dx,string_lengths: 3 3 4 3 3 & skip_empty: 1,Dx.(Dx)-(Dx)-Dx(.Dx)(-Sx)( Sx),skip_empty: 1
US-NY-CA-NI,Dx,string_lengths: 3 3 4 3 3 & skip_empty: 1,Dx.(Dx)-(Dx)-Dx(.Dx)(-Sx)( Sx),skip_empty: 1
US-NY-CA-OW,Dx,string_lengths: 3 3 4 3 3 & skip_empty: 1,Dx.(Dx)-(Dx)-Dx(.Dx)(-Sx)( Sx),skip_empty: 1
US-NY-CA-SC,Dx,string_lengths: 3 3 4 3 3 & skip_empty: 1,Dx.(Dx)-(Dx)-Dx(.Dx)(-Sx)( Sx),skip_empty: 1
US-NY-CY-SM,Dx,string_lengths: 3 3 4 3 3 & skip_empty: 1,Dx.(Dx)-(Dx)-Dx(.Dx)(-Sx)( Sx),skip_empty: 1
US-NY-CA-SE,Dx,string_lengths: 3 3 4 3 3 & skip_empty: 1,Dx.(Dx)-(Dx)-Dx(.Dx)(-Sx)( Sx),skip_empty: 1
US-NY-CA-SP,Dx,string_lengths: 3 3 4 3 3 & skip_empty: 1,Dx.(Dx)-(Dx)-Dx(.Dx)(-Sx)( Sx),skip_empty: 1
US-NY-CA-ST,Dx,string_lengths: 3 3 4 3 3 & skip_empty: 1,Dx.(Dx)-(Dx)-Dx(.Dx)(-Sx)( Sx),skip_empty: 1
US-NY-CA-SU,Dx,string_lengths: 3 3 4 3 3 & skip_empty: 1,Dx.(Dx)-(Dx)-Dx(.Dx)(-Sx)( Sx),skip_empty: 1
US-NY-CA-TH,Dx,string_lengths: 3 3 4 3 3 & skip_empty: 1,Dx.(Dx)-(Dx)-Dx(.Dx)(-Sx)( Sx),skip_empty: 1
US-NY-CA-VE,Dx,string_lengths: 3 3 4 3 3 & skip_empty: 1,Dx.(Dx)-(Dx)-Dx(.Dx)(-Sx)( Sx),skip_empty: 1
US-NY-CA-VI,Dx,string_lengths: 3 3 4 3 3 & skip_empty: 1,Dx.(Dx)-(Dx)-Dx(.Dx)(-Sx)( Sx),drop_cols: 5 6 & skip_empty: 1
US-NY-DE-AN,Dx.(Dx)-Dx-Dx(.(Dx)(/Sx)),skip_empty: 1,Dx.(Dx)-(Dx)-Dx(.Dx)(-Sx)( Sx),skip_empty: 1
US-NY-DE-BO,Dx.(Dx)-Dx-Dx(.(Dx)(/Sx)),skip_empty: 1,Dx.(Dx)-(Dx)-Dx(.Dx)(-Sx)( Sx),skip_empty: 1
US-NY-DE-CO,Dx.(Dx)-Dx-Dx(.(Dx)(/Sx)),skip_empty: 1,Dx.(Dx)-(Dx)-Dx(.Dx)(-Sx)( Sx),skip_empty: 1
US-NY-DE-DA,Dx.(Dx)-Dx-Dx(.(Dx)(/Sx)),skip_empty: 1,Dx.(Dx)-(Dx)-Dx(.Dx)(-Sx)( Sx),drop_cols: 5 6 & skip_empty: 1
US-NY-DE-DE,Dx.(Dx)-Dx-Dx(.(Dx)(/Sx)),skip_empty: 1,Dx.(Dx)-(Dx)-Dx(.Dx)(-Sx)( Sx),skip_empty: 1
US-NY-DE-DE,Dx.(Dx)-Dx-Dx(.(Dx)(/Sx)),skip_empty: 1,Dx.(Dx)-Dx-Dx(.(Dx)(/Sx)),skip_empty: 1
US-NY-DE-FR,Dx.(Dx)-Dx-Dx(.(Dx)(/Sx)),skip_empty: 1,Dx.(Dx)-(Dx)-Dx(.Dx)(-Sx)( Sx),skip_empty: 1
US-NY-DE-HM,Dx.(Dx)-Dx-Dx(.(Dx)(/Sx)),skip_empty: 1,Dx.(Dx)-(Dx)-Dx(.Dx)(-Sx)( Sx),skip_empty: 1
US-NY-DE-HA,Dx.(Dx)-Dx-Dx(.(Dx)(/Sx)),skip_empty: 1,Dx.(Dx)-(Dx)-Dx(.Dx)(-Sx)( Sx),skip_empty: 1
US-NY-DE-HR,Dx.(Dx)-Dx-Dx(.(Dx)(/Sx)),skip_empty: 1,Dx.(Dx)-(Dx)-Dx(.Dx)(-Sx)( Sx),skip_empty: 1
US-NY-DE-KO,Dx.(Dx)-Dx-Dx(.(Dx)(/Sx)),skip_empty: 1,Dx.(Dx)-(Dx)-Dx(.Dx)(-Sx)( Sx),skip_empty: 1
US-NY-DE-MA,Dx.(Dx)-Dx-Dx(.(Dx)(/Sx)),skip_empty: 1,Dx.(Dx)-(Dx)-Dx(.Dx)(-Sx)( Sx),skip_empty: 1
US-NY-DE-ME,Dx.(Dx)-Dx-Dx(.(Dx)(/Sx)),skip_empty: 1,Dx.(Dx)-(Dx)-Dx(.Dx)(-Sx)( Sx),skip_empty: 1
US-NY-DE-MI,Dx.(Dx)-Dx-Dx(.(Dx)(/Sx)),skip_empty: 1,Dx.(Dx)-(Dx)-Dx(.Dx)(-Sx)( Sx),skip_empty: 1
US-NY-DE-RO,Dx.(Dx)-Dx-Dx(.(Dx)(/Sx)),skip_empty: 1,Dx.(Dx)-(Dx)-Dx(.Dx)(-Sx)( Sx),skip_empty: 1
US-NY-DE-SI,Dx.(Dx)-Dx-Dx(.(Dx)(/Sx)),skip_empty: 1,Dx.(Dx)-(Dx)-Dx(.Dx)(-Sx)( Sx),drop_cols: 5 6 & skip_empty: 1
US-NY-DE-ST,Dx.(Dx)-Dx-Dx(.(Dx)(/Sx)),skip_empty: 1,Dx.(Dx)-(Dx)-Dx(.Dx)(-Sx)( Sx),skip_empty: 1
US-NY-DE-TO,Dx.(Dx)-Dx-Dx(.(Dx)(/Sx)),skip_empty: 1,Dx.(Dx)-(Dx)-Dx(.Dx)(-Sx)( Sx),skip_empty: 1
US-NY-DE-WA,Dx.(Dx)-Dx-Dx(.(Dx)(/Sx)),skip_empty: 1,Dx.(Dx)-(Dx)-Dx(.Dx)(-Sx)( Sx),skip_empty: 1
US-NY-DU-AM,Sx-Sx-Sx-Sx,drop_cols: 3 & skip_empty: 1,Sx-Sx-Sx-Sx,skip_empty: 1
US-NY-DU-BE,Sx-Sx-Sx-Sx,drop_cols: 3 & skip_empty: 1,Sx-Sx-Sx-Sx,skip_empty: 1
US-NY-DU-BE,Ignored,simple,Sx-Sx-Sx-Sx,keep_length: 1 2 3 & merge_after: 0 0 0 & skip_empty: 1
US-NY-DU-CL,Ignored,simple,Ignored,simple
US-NY-DU-DO,Sx-Sx-Sx-Sx,drop_cols: 9 & keep_length: 2 3 & merge_after: 1 1 & skip_empty: 1,Sx-Sx-Sx-Sx,drop_cols: 9 & keep_length: 2 3 & merge_after: 1 1 & skip_empty: 1
US-NY-DU-EF,Sx-Sx-Sx-Sx,drop_cols: 3 & skip_empty: 1,Sx-Sx-Sx-Sx,skip_empty: 1
US-NY-DU-FI,Ignored,simple,Ignored,simple
US-NY-DU-HP,Sx-Sx-Sx-Sx,drop_cols: 3 & skip_empty: 1,Sx-Sx-Sx-Sx,skip_empty: 1
US-NY-DU-LA,Ignored,simple,Sx-Sx-Sx-Sx,keep_length: 1 2 3 & merge_after: 0 0 0 & skip_empty: 1
US-NY-DU-MI,Sx-Sx-Sx-Sx,drop_cols: 0 & skip_empty: 1,Sx-Sx-Sx-Sx,drop_cols: 0 & skip_empty: 1
US-NY-DU-NE,Ignored,simple,Sx-Sx-Sx-Sx,keep_length: 1 2 3 & merge_after: 0 0 0 & skip_empty: 1
US-NY-DU-PA,Ignored,simple,Ignored,simple
US-NY-DU-PO,Ignored,simple,Ignored,simple
US-NY-DU-PP,Sx-Sx-Sx-Sx,keep_length: 1 2 3 & merge_after: 0 0 0 & skip_empty: 1,Sx-Sx-Sx-Sx,keep_length: 1 2 3 & merge_after: 0 0 0 & skip_empty: 1
US-NY-DU-PG,Ignored,simple,Ignored,simple
US-NY-DU-PV,Sx-Sx-Sx-Sx,keep_length: 1 2 3 & merge_after: 0 0 0 & skip_empty: 1,Ignored,simple
US-NY-DU-RH,Ignored,simple,Sx-Sx-Sx-Sx,keep_length: 1 2 3 & merge_after: 0 0 0 & skip_empty: 1
US-NY-DU-RH,Sx-Sx-Sx-Sx,keep_length: 1 2 3 & merge_after: 0 0 0 & skip_empty: 1,Sx-Sx-Sx-Sx,keep_length: 1 2 3 & merge_after: 0 0 0 & skip_empty: 1
US-NY-DU-ST,Sx-Sx-Sx-Sx,split_groups: 2|1 3|1 & skip_empty: 1,Sx-Sx-Sx-Sx,split_groups: 2|1 3|1 & skip_empty: 1
US-NY-DU-UV,Sx-Sx-Sx-Sx,skip_empty: 1,Sx-Sx-Sx-Sx,split_groups: 2|. 2_1|. & skip_empty: 1
US-NY-DU-WA,Sx-Sx-Sx-Sx,drop_cols: 3 & skip_empty: 1,Sx-Sx-Sx-Sx,skip_empty: 1
US-NY-DU-WA,Sx-Sx-Sx-Sx,keep_length: 1 2 3 & merge_after: 0 0 0 & skip_empty: 1,Sx-Sx-Sx-Sx,keep_length: 1 2 3 & merge_after: 0 0 0 & skip_empty: 1
US-NY-ER-AL,^([0-9]{6})([0-9]{3})([0-9]{2})([0-9]{5})([0-9]{3})([1-9]*)0*?$,drop_cols: 0 & skip_empty: 1,Dx.(Dx)-Dx-Dx(.(Dx)(/Sx)),skip_empty: 1
US-NY-ER-AM,Sx,string_lengths: 6 3 2 5 3 1 1 1 & merge_after: 5 5 & skip_empty: 1,D6 Dx(.-Dx-Dx-Dx../-)Sx(./ -Sx),split_groups: 2|2 & skip_empty: 1
US-NY-ER-AU,^([0-9]{6})([0-9]{3})([0-9]{2})([0-9]{5})([0-9]{3})([1-9]*)0*?$,drop_cols: 0 & skip_empty: 1,Dx.(Dx)-Dx-Dx(.(Dx)(/Sx)),skip_empty: 1
US-NY-ER-BO,Dx,split_groups: 0|6 0_1|3 0_1_1|2 0_1_1_1|5 0_1_1_1_1|3 0_1_1_1_1_1|1 0_1_1_1_1_1_1|1 & drop_cols: 0_0 & skip_empty: 1,Dx.(Dx)-Dx-Dx(.(Dx)(/Sx)),skip_empty: 1
US-NY-ER-BR,Dx,split_groups: 0|6 0_1|3 0_1_1|2 0_1_1_1|5 0_1_1_1_1|3 0_1_1_1_1_1|1 0_1_1_1_1_1_1|1 & drop_cols: 0_0 & skip_empty: 1,Dx.(Dx)-Dx-Dx(.(Dx)(/Sx)),skip_empty: 1
US-NY-ER-BU,Dx,split_groups: 0|6 0_1|3 0_1_1|2 0_1_1_1|5 0_1_1_1_1|3 0_1_1_1_1_1|1 0_1_1_1_1_1_1|1 & drop_cols: 0_0 & skip_empty: 1,Dx.(Dx)-Dx-Dx(.(Dx)(/Sx)),skip_empty: 1
US-NY-ER-CH,^([0-9]{6})([0-9]{3})([0-9]{2})([0-9]{5})([0-9]{3})([1-9]*)0*?$,drop_cols: 0 & skip_empty: 1,Dx.(Dx)-Dx-Dx(.(Dx)(/Sx)),skip_empty: 1
US-NY-ER-CO,^([0-9]{6})([0-9]{3})([0-9]{2})([0-9]{5})([0-9]{3})([1-9]*)0*?$,drop_cols: 0 & skip_empty: 1,Dx.(Dx)-Dx-Dx(.(Dx)(/Sx)),skip_empty: 1
US-NY-ER-CL,Dx,split_groups: 0|6 0_1|3 0_1_1|2 0_1_1_1|5 0_1_1_1_1|3 0_1_1_1_1_1|1 0_1_1_1_1_1_1|1 & drop_cols: 0_0 & skip_empty: 1,Dx.(Dx)-Dx-Dx(.(Dx)(/Sx)),skip_empty: 1
US-NY-ER-CN,Dx,split_groups: 0|6 0_1|3 0_1_1|2 0_1_1_1|5 0_1_1_1_1|3 0_1_1_1_1_1|1 0_1_1_1_1_1_1|1 & drop_cols: 0_0 & skip_empty: 1,Dx.(Dx)-Dx-Dx(.(Dx)(/Sx)),skip_empty: 1
US-NY-ER-CD,Dx,split_groups: 0|6 0_1|3 0_1_1|2 0_1_1_1|5 0_1_1_1_1|3 0_1_1_1_1_1|1 0_1_1_1_1_1_1|1 & drop_cols: 0_0 & skip_empty: 1,Dx.(Dx)-Dx-Dx(.(Dx)(/Sx)),skip_empty: 1
US-NY-ER-ED,Dx,split_groups: 0|6 0_1|3 0_1_1|2 0_1_1_1|5 0_1_1_1_1|3 0_1_1_1_1_1|1 0_1_1_1_1_1_1|1 & drop_cols: 0_0 & skip_empty: 1,Dx.(Dx)-Dx-Dx(.(Dx)(/Sx)),skip_empty: 1
US-NY-ER-EL,Dx,split_groups: 0|6 0_1|3 0_1_1|2 0_1_1_1|5 0_1_1_1_1|3 0_1_1_1_1_1|1 0_1_1_1_1_1_1|1 & drop_cols: 0_0 & skip_empty: 1,Dx.(Dx)-Dx-Dx(.(Dx)(/Sx)),skip_empty: 1
US-NY-ER-GI,Dx,split_groups: 0|6 0_1|3 0_1_1|2 0_1_1_1|5 0_1_1_1_1|3 0_1_1_1_1_1|1 0_1_1_1_1_1_1|1 & drop_cols: 0_0 & skip_empty: 1,Dx.(Dx)-Dx-Dx(.(Dx)(/Sx)),skip_empty: 1
US-NY-ER-HO,Dx,split_groups: 0|6 0_1|3 0_1_1|2 0_1_1_1|5 0_1_1_1_1|3 0_1_1_1_1_1|1 0_1_1_1_1_1_1|1 & drop_cols: 0_0 & skip_empty: 1,Dx.(Dx)-Dx-Dx(.(Dx)(/Sx)),skip_empty: 1
US-NY-ER-LC,Dx,split_groups: 0|6 0_1|3 0_1_1|2 0_1_1_1|5 0_1_1_1_1|3 0_1_1_1_1_1|1 0_1_1_1_1_1_1|1 & drop_cols: 0_0 & skip_empty: 1,Dx.(Dx)-Dx-Dx(.(Dx)(/Sx)),skip_empty: 1
US-NY-ER-LA,Dx,split_groups: 0|6 0_1|3 0_1_1|2 0_1_1_1|5 0_1_1_1_1|3 0_1_1_1_1_1|1 0_1_1_1_1_1_1|1 & drop_cols: 0_0 & skip_empty: 1,Dx.(Dx)-Dx-Dx(.(Dx)(/Sx)),skip_empty: 1
US-NY-ER-MA,Dx,split_groups: 0|6 0_1|3 0_1_1|2 0_1_1_1|5 0_1_1_1_1|3 0_1_1_1_1_1|1 0_1_1_1_1_1_1|1 & drop_cols: 0_0 & skip_empty: 1,Dx.(Dx)-Dx-Dx(.(Dx)(/Sx)),skip_empty: 1
US-NY-ER-NC,Dx,split_groups: 0|6 0_1|3 0_1_1|2 0_1_1_1|5 0_1_1_1_1|3 0_1_1_1_1_1|1 0_1_1_1_1_1_1|1 & drop_cols: 0_0 & skip_empty: 1,Dx.(Dx)-Dx-Dx(.(Dx)(/Sx)),skip_empty: 1
US-NY-ER-NE,Dx,split_groups: 0|6 0_1|3 0_1_1|2 0_1_1_1|5 0_1_1_1_1|3 0_1_1_1_1_1|1 0_1_1_1_1_1_1|1 & drop_cols: 0_0 & skip_empty: 1,Dx.(Dx)-Dx-Dx(.(Dx)(/Sx)),skip_empty: 1
US-NY-ER-OP,Dx,split_groups: 0|6 0_1|3 0_1_1|2 0_1_1_1|5 0_1_1_1_1|3 0_1_1_1_1_1|1 0_1_1_1_1_1_1|1 & drop_cols: 0_0 & skip_empty: 1,Dx.(Dx)-Dx-Dx(.(Dx)(/Sx)),skip_empty: 1
US-NY-ER-SA,Dx,split_groups: 0|6 0_1|3 0_1_1|2 0_1_1_1|5 0_1_1_1_1|3 0_1_1_1_1_1|1 0_1_1_1_1_1_1|1 & drop_cols: 0_0 & skip_empty: 1,Dx.(Dx)-Dx-Dx(.(Dx)(/Sx)),skip_empty: 1
US-NY-ER-TN,Dx,split_groups: 0|6 0_1|3 0_1_1|2 0_1_1_1|5 0_1_1_1_1|3 0_1_1_1_1_1|1 0_1_1_1_1_1_1|1 & drop_cols: 0_0 & skip_empty: 1,Dx.(Dx)-Dx-Dx(.(Dx)(/Sx)),skip_empty: 1
US-NY-ER-TO,^([0-9]{6})([0-9]{3})([0-9]{2})([0-9]{5})([0-9]{3})([1-9]*)0*?$,drop_cols: 0 & skip_empty: 1,Dx.(Dx)-Dx-Dx(.(Dx)(/Sx)),skip_empty: 1
US-NY-ER-WA,Dx,split_groups: 0|6 0_1|3 0_1_1|2 0_1_1_1|5 0_1_1_1_1|3 0_1_1_1_1_1|1 0_1_1_1_1_1_1|1 & drop_cols: 0_0 & skip_empty: 1,Dx.(Dx)-Dx-Dx(.(Dx)(/Sx)),skip_empty: 1
US-NY-ER-WS,Dx,split_groups: 0|6 0_1|3 0_1_1|2 0_1_1_1|5 0_1_1_1_1|3 0_1_1_1_1_1|1 0_1_1_1_1_1_1|1 & drop_cols: 0_0 & skip_empty: 1,Dx.(Dx)-Dx-Dx(.(Dx)(/Sx)),skip_empty: 1
US-NY-ES-CH,Dx.(Dx)-Dx-Dx(.(Dx)(/Sx)),skip_empty: 1,Dx.(Dx)-Dx-Dx(.(Dx)(/Sx)),skip_empty: 1
US-NY-ES-CP,Dx.(Dx)-Dx-Dx(.(Dx)(/Sx)),skip_empty: 1,Dx.(Dx)-Dx-Dx(.(Dx)(/Sx)),skip_empty: 1
US-NY-ES-EL,Dx.(Dx)-Dx-Dx(.(Dx)(/Sx)),skip_empty: 1,Dx.(Dx)-Dx-Dx(.(Dx)(/Sx)),skip_empty: 1
US-NY-ES-ES,(D5_)Dx.Dx-Dx-Dx.Dx,skip_empty: 1,Dx.(Dx)-Dx-Dx(.(Dx)(/Sx)),skip_empty: 1
US-NY-ES-JA,Dx.(Dx)-Dx-Dx(.(Dx)(/Sx)),skip_empty: 1,Dx.(Dx)-Dx-Dx(.(Dx)(/Sx)),skip_empty: 1
US-NY-ES-KE,Ignored,simple,Ignored,simple
US-NY-ES-LE,Dx.(Dx)-Dx-Dx(.(Dx)(/Sx)),skip_empty: 1,Dx.(Dx)-Dx-Dx(.(Dx)(/Sx)),skip_empty: 1
US-NY-ES-MI,Dx.(Dx)-Dx-Dx(.(Dx)(/Sx)),skip_empty: 1,Dx.(Dx)-Dx-Dx(.(Dx)(/Sx)),skip_empty: 1
US-NY-ES-MO,Dx.(Dx)-Dx-Dx(.(Dx)(/Sx)),skip_empty: 1,Dx.(Dx)-Dx-Dx(.(Dx)(/Sx)),skip_empty: 1
US-NY-ES-NE,Dx.(Dx)-Dx-Dx(.(Dx)(/Sx)),skip_empty: 1,Dx.(Dx)-Dx-Dx(.(Dx)(/Sx)),skip_empty: 1
US-NY-ES-NH,Dx.(Dx)-Dx-Dx(.(Dx)(/Sx)),skip_empty: 1,Dx.(Dx)-Dx-Dx(.(Dx)(/Sx)),skip_empty: 1
US-NY-ES-NE,Dx.(Dx)-Dx-Dx(.(Dx)(/Sx)),skip_empty: 1,Dx.(Dx)-Dx-Dx(.(Dx)(/Sx)),skip_empty: 1
US-NY-ES-SA,Dx.(Dx)-Dx-Dx(.(Dx)(/Sx)),skip_empty: 1,Dx.(Dx)-Dx-Dx(.(Dx)(/Sx)),skip_empty: 1
US-NY-ES-SC,Dx.(Dx)-Dx-Dx(.(Dx)(/Sx)),skip_empty: 1,Dx.(Dx)-Dx-Dx(.(Dx)(/Sx)),skip_empty: 1
US-NY-ES-TI,Dx.(Dx)-Dx-Dx(.(Dx)(/Sx)),skip_empty: 1,Dx.(Dx)-Dx-Dx(.(Dx)(/Sx)),skip_empty: 1
US-NY-ES-WE,Ignored,simple,Ignored,simple
US-NY-ES-WI,Dx.(Dx)-Dx-Dx(.(Dx)(/Sx)),skip_empty: 1,Dx.(Dx)-Dx-Dx(.(Dx)(/Sx)),skip_empty: 1
US-NY-ES-WL,Ignored,simple,Ignored,simple
US-NY-FR-BA,Dx.(Dx)-Dx-Dx(.(Dx)(/Sx)),skip_empty: 1,Dx.(Dx)-Dx-Dx(.(Dx)(/Sx)),skip_empty: 1
US-NY-FR-BE,Dx.(Dx)-Dx-Dx(.(Dx)(/Sx)),skip_empty: 1,Dx.(Dx)-Dx-Dx(.(Dx)(/Sx)),skip_empty: 1
US-NY-FR-BR,Dx.(Dx)-Dx-Dx(.(Dx)(/Sx)),skip_empty: 1,Dx.(Dx)-Dx-Dx(.(Dx)(/Sx)),skip_empty: 1
US-NY-FR-BO,Dx.(Dx)-Dx-Dx(.(Dx)(/Sx)),skip_empty: 1,Dx.(Dx)-Dx-Dx(.(Dx)(/Sx)),skip_empty: 1
US-NY-FR-BR,Dx(.-Dx.-Dx),skip_empty: 1,Dx.(Dx)-Dx-Dx(.(Dx)(/Sx)),skip_empty: 1
US-NY-FR-BU,Ignored,simple,Ignored,simple
US-NY-FR-CH,Dx.(Dx)-Dx-Dx(.(Dx)(/Sx)),skip_empty: 1,Dx.(Dx)-Dx-Dx(.(Dx)(/Sx)),skip_empty: 1
US-NY-FR-SC,Ignored,simple,Ignored,simple
US-NY-FR-CO,Dx.(Dx)-Dx-Dx(.(Dx)(/Sx)),skip_empty: 1,Dx.(Dx)-Dx-Dx(.(Dx)(/Sx)),skip_empty: 1
US-NY-FR-DI,Dx.(Dx)-Dx-Dx(.(Dx)(/Sx)),skip_empty: 1,Dx.(Dx)-Dx-Dx(.(Dx)(/Sx)),skip_empty: 1
US-NY-FR-DU,Dx.(Dx)-Dx-Dx(.(Dx)(/Sx)),skip_empty: 1,Dx.(Dx)-Dx-Dx(.(Dx)(/Sx)),skip_empty: 1
US-NY-FR-FC,Dx.(Dx)-Dx-Dx(.(Dx)(/Sx)),skip_empty: 1,Dx.(Dx)-Dx-Dx(.(Dx)(/Sx)),skip_empty: 1
US-NY-FR-FR,Dx.(Dx)-Dx-Dx(.(Dx)(/Sx)),skip_empty: 1,Dx.(Dx)-Dx-Dx(.(Dx)(/Sx)),skip_empty: 1
US-NY-FR-HA,Dx.(Dx)-Dx-Dx(.(Dx)(/Sx)),skip_empty: 1,Dx.(Dx)-Dx-Dx(.(Dx)(/Sx)),skip_empty: 1
US-NY-FR-MA,Dx.(Dx)-Dx-Dx(.(Dx)(/Sx)),skip_empty: 1,Dx.(Dx)-Dx-Dx(.(Dx)(/Sx)),skip_empty: 1
US-NY-FR-MO,Dx.(Dx)-Dx-Dx(.(Dx)(/Sx)),skip_empty: 1,Dx.(Dx)-Dx-Dx(.(Dx)(/Sx)),skip_empty: 1
US-NY-FR-TL,Dx.(Dx)-Dx-Dx(.(Dx)(/Sx)),skip_empty: 1,Dx.(Dx)-Dx-Dx(.(Dx)(/Sx)),skip_empty: 1
US-NY-FR-WA,Dx.(Dx)-Dx-Dx(.(Dx)(/Sx)),skip_empty: 1,Dx.(Dx)-Dx-Dx(.(Dx)(/Sx)),skip_empty: 1
US-NY-FR-WE,Dx.(Dx)-Dx-Dx(.(Dx)(/Sx)),skip_empty: 1,Dx.(Dx)-Dx-Dx(.(Dx)(/Sx)),skip_empty: 1
US-NY-FU-BL,Dx.(Dx)-Dx-Dx(.(Dx)(/Sx)),skip_empty: 1,Dx.(Dx)-Dx-Dx(.(Dx)(/Sx)),skip_empty: 1
US-NY-FU-BR,Dx.(Dx)-Dx-Dx(.(Dx)(/Sx)),skip_empty: 1,Dx.(Dx)-Dx-Dx(.(Dx)(/Sx)),skip_empty: 1
US-NY-FU-CA,Dx.(Dx)-Dx-Dx(.(Dx)(/Sx)),skip_empty: 1,Dx.(Dx)-Dx-Dx(.(Dx)(/Sx)),skip_empty: 1
US-NY-FU-EP,Dx.(Dx)-Dx-Dx(.(Dx)(/Sx)),skip_empty: 1,Dx.(Dx)-Dx-Dx(.(Dx)(/Sx)),skip_empty: 1
US-NY-FU-GL,Dx.(Dx)-Dx-Dx(.(Dx)(/Sx)),skip_empty: 1,Dx.(Dx)-Dx-Dx(.(Dx)(/Sx)),skip_empty: 1
US-NY-FU-JO,Dx.(Dx)-Dx-Dx(.(Dx)(/Sx)),skip_empty: 1,Dx.(Dx)-Dx-Dx(.(Dx)(/Sx)),skip_empty: 1
US-NY-FU-JH,Dx.(Dx)-Dx-Dx(.(Dx)(/Sx)),skip_empty: 1,Dx.(Dx)-Dx-Dx(.(Dx)(/Sx)),skip_empty: 1
US-NY-FU-MA,Dx.(Dx)-Dx-Dx(.(Dx)(/Sx)),skip_empty: 1,Dx.(Dx)-Dx-Dx(.(Dx)(/Sx)),skip_empty: 1
US-NY-FU-NO,Dx.(Dx)-Dx-Dx(.(Dx)(/Sx)),skip_empty: 1,Dx.(Dx)-Dx-Dx(.(Dx)(/Sx)),skip_empty: 1
US-NY-FU-OP,Dx.(Dx)-Dx-Dx(.(Dx)(/Sx)),skip_empty: 1,Dx.(Dx)-Dx-Dx(.(Dx)(/Sx)),skip_empty: 1
US-NY-FU-PE,Dx.(Dx)-Dx-Dx(.(Dx)(/Sx)),skip_empty: 1,Dx.(Dx)-Dx-Dx(.(Dx)(/Sx)),skip_empty: 1
US-NY-FU-ST,Dx.(Dx)-Dx-Dx(.(Dx)(/Sx)),skip_empty: 1,Dx.(Dx)-Dx-Dx(.(Dx)(/Sx)),skip_empty: 1
US-NY-GE-AL,Dx.(A1)-Dx-Dx(.Dx Dx),merge_after: 4 & skip_empty: 1,Dx.(Dx)-Dx-Dx(.(Dx)(/Sx)),skip_empty: 1
US-NY-GE-AL,Dx(.-Dx.-Dx),skip_empty: 1,Dx.(Dx)-Dx-Dx(.(Dx)(/Sx)),skip_empty: 1
US-NY-GE-BT,Dx.(Dx)-Dx-Dx(.(Dx)(/Sx)),skip_empty: 1,Dx.(Dx)-Dx-Dx(.(Dx)(/Sx)),skip_empty: 1
US-NY-GE-BE,Dx(.-Dx.-Dx),skip_empty: 1,Dx.(Dx)-Dx-Dx(.(Dx)(/Sx)),skip_empty: 1
US-NY-GE-BE,Dx.(A1)-Dx-Dx(.Dx Dx),merge_after: 4 & skip_empty: 1,Dx.(Dx)-Dx-Dx(.(Dx)(/Sx)),skip_empty: 1
US-NY-GE-BA,Dx.(Dx)-Dx-Dx(.(Dx)(/Sx)),skip_empty: 1,Dx.(Dx)-Dx-Dx(.(Dx)(/Sx)),skip_empty: 1
US-NY-GE-BY,Dx(.-Dx.-Dx),skip_empty: 1,Dx.(Dx)-Dx-Dx(.(Dx)(/Sx)),skip_empty: 1
US-NY-GE-DA,Dx(.-Dx.-Dx),skip_empty: 1,Dx.(Dx)-Dx-Dx(.(Dx)(/Sx)),skip_empty: 1
US-NY-GE-EL,Dx.(A1)-Dx-Dx(.Dx Dx),merge_after: 4 & skip_empty: 1,Dx.(Dx)-Dx-Dx(.(Dx)(/Sx)),skip_empty: 1
US-NY-GE-LR,Dx(.-Dx.-Dx),skip_empty: 1,Dx.(Dx)-Dx-Dx(.(Dx)(/Sx)),skip_empty: 1
US-NY-GE-OA,Dx(.-Dx.-Dx),skip_empty: 1,Dx.(Dx)-Dx-Dx(.(Dx)(/Sx)),skip_empty: 1
US-NY-GE-PA,Dx(.-Dx.-Dx),skip_empty: 1,Dx.(Dx)-Dx-Dx(.(Dx)(/Sx)),skip_empty: 1
US-NY-GE-PE,Dx.(Dx)-Dx-Dx(.(Dx)(/Sx)),skip_empty: 1,Dx.(Dx)-Dx-Dx(.(Dx)(/Sx)),skip_empty: 1
US-NY-GE-ST,Dx(.-Dx.-Dx),skip_empty: 1,Dx.(Dx)-Dx-Dx(.(Dx)(/Sx)),skip_empty: 1
US-NY-GR-AS,Dx.(Dx)-(Dx)-Dx(.Dx)(-Sx)( Sx),skip_empty: 1,Dx.(Dx)-(Dx)-Dx(.Dx)(-Sx)( Sx),skip_empty: 1
US-NY-GR-AT,Dx.(Dx)-Dx-Dx(.(Dx)(/Sx)),skip_empty: 1,Dx.(Dx)-(Dx)-Dx(.Dx)(-Sx)( Sx),skip_empty: 1
US-NY-GR-CR,Dx.(Dx)-Dx-Dx(.(Dx)(/Sx)),skip_empty: 1,Dx.(Dx)-(Dx)-Dx(.Dx)(-Sx)( Sx),skip_empty: 1
US-NY-GR-CO,Dx.(Dx)-Dx-Dx(.(Dx)(/Sx)),skip_empty: 1,Dx.(Dx)-(Dx)-Dx(.Dx)(-Sx)( Sx),drop_cols: 5 6 & skip_empty: 1
US-NY-GR-CA,Dx.(Dx)-Dx-Dx(.(Dx)(/Sx)),skip_empty: 1,Dx.(Dx)-(Dx)-Dx(.Dx)(-Sx)( Sx),skip_empty: 1
US-NY-GR-DU,Dx.(Dx)-Dx-Dx(.(Dx)(/Sx)),skip_empty: 1,Dx.(Dx)-(Dx)-Dx(.Dx)(-Sx)( Sx),skip_empty: 1
US-NY-GR-GR,Dx.(Dx)-Dx-Dx(.(Dx)(/Sx)),skip_empty: 1,Dx.(Dx)-(Dx)-Dx(.Dx)(-Sx)( Sx),skip_empty: 1
US-NY-GR-HA,Dx.(Dx)-(Dx)-Dx(.Dx)(-Sx)( Sx),skip_empty: 1,Dx.(Dx)-(Dx)-Dx(.Dx)(-Sx)( Sx),skip_empty: 1
US-NY-GR-HU,Dx.(Dx)-(Dx)-Dx(.Dx)(-Sx)( Sx),skip_empty: 1,Dx.(Dx)-(Dx)-Dx(.Dx)(-Sx)( Sx),skip_empty: 1
US-NY-GR-JE,Dx.(Dx)-(Dx)-Dx(.Dx)(-Sx)( Sx),skip_empty: 1,Dx.(Dx)-(Dx)-Dx(.Dx)(-Sx)( Sx),skip_empty: 1
US-NY-GR-LE,Dx.(Dx)-(Dx)-Dx(.Dx)(-Sx)( Sx),skip_empty: 1,Dx.(Dx)-(Dx)-Dx(.Dx)(-Sx)( Sx),skip_empty: 1
US-NY-GR-NB,Dx.(Dx)-Dx-Dx(.(Dx)(/Sx)),skip_empty: 1,Dx.(Dx)-(Dx)-Dx(.Dx)(-Sx)( Sx),skip_empty: 1
US-NY-GR-PR,Ignored,simple,Ignored,simple
US-NY-GR-WI,Dx.(Dx)-Dx-Dx(.(Dx)(/Sx)),skip_empty: 1,Dx.(Dx)-(Dx)-Dx(.Dx)(-Sx)( Sx),drop_cols: 5 6 & skip_empty: 1
US-NY-HA-AR,Ignored,simple,Ignored,simple
US-NY-HA-BE,Dx.(Dx)-Dx-Dx(.(Dx)(/Sx)),skip_empty: 1,Dx.(Dx)-Dx-Dx(.(Dx)(/Sx)),skip_empty: 1
US-NY-HA-HO,Ignored,simple,Ignored,simple
US-NY-HA-IL,Dx.(Dx)-Dx-Dx(.(Dx)(/Sx)),skip_empty: 1,Dx.(Dx)-Dx-Dx(.(Dx)(/Sx)),skip_empty: 1
US-NY-HA-IN,Dx.(Dx)-Dx-Dx(.(Dx)(/Sx)),skip_empty: 1,Dx.(Dx)-Dx-Dx(.(Dx)(/Sx)),skip_empty: 1
US-NY-HA-LL,Ignored,simple,Ignored,simple
US-NY-HA-LP,Dx.(Dx)-Dx-Dx(.(Dx)(/Sx)),skip_empty: 1,Dx.(Dx)-Dx-Dx(.(Dx)(/Sx)),skip_empty: 1
US-NY-HA-MO,Ignored,simple,Ignored,simple
US-NY-HA-WE,Ignored,simple,Ignored,simple
US-NY-HE-CO,Dx.(Dx)-Dx-Dx(.(Dx)(/Sx)),skip_empty: 1,Dx.(Dx)-(Dx)-Dx(.Dx)(-Sx)( Sx),skip_empty: 1
US-NY-HE-DA,Dx.(Dx)-Dx-Dx(.(Dx)(/Sx)),skip_empty: 1,Dx.(Dx)-(Dx)-Dx(.Dx)(-Sx)( Sx),drop_cols: 5 6 & skip_empty: 1
US-NY-HE-FA,Dx.(Dx)-Dx-Dx(.(Dx)(/Sx)),skip_empty: 1,Dx.(Dx)-(Dx)-Dx(.Dx)(-Sx)( Sx),skip_empty: 1
US-NY-HE-FR,Dx.(Dx)-Dx-Dx(.(Dx)(/Sx)),skip_empty: 1,Dx.(Dx)-(Dx)-Dx(.Dx)(-Sx)( Sx),skip_empty: 1
US-NY-HE-GF,Dx.(Dx)-Dx-Dx(.(Dx)(/Sx)),skip_empty: 1,Dx.(Dx)-(Dx)-Dx(.Dx)(-Sx)( Sx),drop_cols: 5 6 & skip_empty: 1
US-NY-HE-HE,Dx.(Dx)-Dx-Dx(.(Dx)(/Sx)),skip_empty: 1,Dx.(Dx)-(Dx)-Dx(.Dx)(-Sx)( Sx),skip_empty: 1
US-NY-HE-LT,Dx.(Dx)-Dx-Dx(.(Dx)(/Sx)),skip_empty: 1,Dx.(Dx)-(Dx)-Dx(.Dx)(-Sx)( Sx),drop_cols: 5 6 & skip_empty: 1
US-NY-HE-LI,Dx.(Dx)-Dx-Dx(.(Dx)(/Sx)),skip_empty: 1,Dx.(Dx)-(Dx)-Dx(.Dx)(-Sx)( Sx),drop_cols: 5 6 & skip_empty: 1
US-NY-HE-LF,Dx.(Dx)-Dx-Dx(.(Dx)(/Sx)),skip_empty: 1,Dx.(Dx)-(Dx)-Dx(.Dx)(-Sx)( Sx),skip_empty: 1
US-NY-HE-MA,Dx.(Dx)-Dx-Dx(.(Dx)(/Sx)),skip_empty: 1,Dx.(Dx)-(Dx)-Dx(.Dx)(-Sx)( Sx),drop_cols: 5 6 & skip_empty: 1
US-NY-HE-NE,Dx.(Dx)-Dx-Dx(.(Dx)(/Sx)),skip_empty: 1,Dx.(Dx)-(Dx)-Dx(.Dx)(-Sx)( Sx),skip_empty: 1
US-NY-HE-NO,Dx.(Dx)-Dx-Dx(.(Dx)(/Sx)),skip_empty: 1,Dx.(Dx)-(Dx)-Dx(.Dx)(-Sx)( Sx),skip_empty: 1
US-NY-HE-OH,Dx.(Dx)-Dx-Dx(.(Dx)(/Sx)),skip_empty: 1,Dx.(Dx)-(Dx)-Dx(.Dx)(-Sx)( Sx),drop_cols: 5 6 & skip_empty: 1
US-NY-HE-RU,Dx.(Dx)-Dx-Dx(.(Dx)(/Sx)),skip_empty: 1,Dx.(Dx)-(Dx)-Dx(.Dx)(-Sx)( Sx),skip_empty: 1
US-NY-HE-SA,Dx.(Dx)-Dx-Dx(.(Dx)(/Sx)),skip_empty: 1,Dx.(Dx)-(Dx)-Dx(.Dx)(-Sx)( Sx),skip_empty: 1
US-NY-HE-SC,Dx.(Dx)-Dx-Dx(.(Dx)(/Sx)),skip_empty: 1,Dx.(Dx)-(Dx)-Dx(.Dx)(-Sx)( Sx),skip_empty: 1
US-NY-HE-ST,Dx.(Dx)-Dx-Dx(.(Dx)(/Sx)),skip_empty: 1,Dx.(Dx)-(Dx)-Dx(.Dx)(-Sx)( Sx),skip_empty: 1
US-NY-HE-WA,Dx.(Dx)-Dx-Dx(.(Dx)(/Sx)),skip_empty: 1,Dx.(Dx)-(Dx)-Dx(.Dx)(-Sx)( Sx),skip_empty: 1
US-NY-HE-WE,Dx.(Dx)-Dx-Dx(.(Dx)(/Sx)),skip_empty: 1,Dx.(Dx)-(Dx)-Dx(.Dx)(-Sx)( Sx),drop_cols: 5 6 & skip_empty: 1
US-NY-HE-WI,Dx.(Dx)-Dx-Dx(.(Dx)(/Sx)),skip_empty: 1,Dx.(Dx)-(Dx)-Dx(.Dx)(-Sx)( Sx),skip_empty: 1
US-NY-JE-AD,Dx.(Dx)-Dx-Dx(.(Dx)(/Sx)),skip_empty: 1,Dx.(Dx)-(Dx)-Dx(.Dx)(-Sx)( Sx),skip_empty: 1
US-NY-JE-AL,Dx.(Dx)-Dx-Dx(.(Dx)(/Sx)),skip_empty: 1,Dx.(Dx)-(Dx)-Dx(.Dx)(-Sx)( Sx),skip_empty: 1
US-NY-JE-AN,Dx.(Dx)-Dx-Dx(.(Dx)(/Sx)),skip_empty: 1,Dx.(Dx)-(Dx)-Dx(.Dx)(-Sx)( Sx),skip_empty: 1
US-NY-JE-BR,Dx.(Dx)-Dx-Dx(.(Dx)(/Sx)),skip_empty: 1,Dx.(Dx)-(Dx)-Dx(.Dx)(-Sx)( Sx),skip_empty: 1
US-NY-JE-CH,Dx.(Dx)-Dx-Dx(.(Dx)(/Sx)),skip_empty: 1,Dx.(Dx)-(Dx)-Dx(.Dx)(-Sx)( Sx),skip_empty: 1
US-NY-JE-CL,Dx.(Dx)-Dx-Dx(.(Dx)(/Sx)),skip_empty: 1,Dx.(Dx)-(Dx)-Dx(.Dx)(-Sx)( Sx),skip_empty: 1
US-NY-JE-CV,Dx.(Dx)-Dx-Dx(.(Dx)(/Sx)),skip_empty: 1,Dx.(Dx)-(Dx)-Dx(.Dx)(-Sx)( Sx),skip_empty: 1
US-NY-JE-EL,D3.D2-D1-Dx(.Dx D2),skip_empty: 1,Dx.(Dx)-(Dx)-Dx(.Dx)(-Sx)( Sx),skip_empty: 1
US-NY-JE-HE,Dx.(Dx)-Dx-Dx(.(Dx)(/Sx)),skip_empty: 1,Dx.(Dx)-(Dx)-Dx(.Dx)(-Sx)( Sx),skip_empty: 1
US-NY-JE-HO,Dx.(Dx)-Dx-Dx(.(Dx)(/Sx)),skip_empty: 1,Dx.(Dx)-(Dx)-Dx(.Dx)(-Sx)( Sx),skip_empty: 1
US-NY-JE-LO,D3.D2-D1-Dx(.Dx D2),skip_empty: 1,Dx.(Dx)-(Dx)-Dx(.Dx)(-Sx)( Sx),skip_empty: 1
US-NY-JE-LR,Dx.(Dx)-Dx-Dx(.(Dx)(/Sx)),skip_empty: 1,Dx.(Dx)-(Dx)-Dx(.Dx)(-Sx)( Sx),skip_empty: 1
US-NY-JE-LY,Dx.(Dx)-Dx-Dx(.(Dx)(/Sx)),skip_empty: 1,Dx.(Dx)-(Dx)-Dx(.Dx)(-Sx)( Sx),skip_empty: 1
US-NY-JE-OR,Dx.(Dx)-Dx-Dx(.(Dx)(/Sx)),skip_empty: 1,Dx.(Dx)-(Dx)-Dx(.Dx)(-Sx)( Sx),skip_empty: 1
US-NY-JE-PA,Dx.(Dx)-Dx-Dx(.(Dx)(/Sx)),skip_empty: 1,Dx.(Dx)-(Dx)-Dx(.Dx)(-Sx)( Sx),skip_empty: 1
US-NY-JE-PH,Dx.(Dx)-Dx-Dx(.(Dx)(/Sx)),skip_empty: 1,Dx.(Dx)-(Dx)-Dx(.Dx)(-Sx)( Sx),skip_empty: 1
US-NY-JE-RO,D3.D2-D1-Dx(.Dx D2),skip_empty: 1,Dx.(Dx)-(Dx)-Dx(.Dx)(-Sx)( Sx),skip_empty: 1
US-NY-JE-RU,Dx.(Dx)-Dx-Dx(.(Dx)(/Sx)),skip_empty: 1,Dx.(Dx)-(Dx)-Dx(.Dx)(-Sx)( Sx),skip_empty: 1
US-NY-JE-TH,Dx.(Dx)-Dx-Dx(.(Dx)(/Sx)),skip_empty: 1,Dx.(Dx)-(Dx)-Dx(.Dx)(-Sx)( Sx),skip_empty: 1
US-NY-JE-WA,Ignored,simple,Ignored,simple
US-NY-JE-WI,Dx.(Dx)-Dx-Dx(.(Dx)(/Sx)),skip_empty: 1,Dx.(Dx)-(Dx)-Dx(.Dx)(-Sx)( Sx),skip_empty: 1
US-NY-JE-WO,D3.D2-D1-Dx(.Dx D2),skip_empty: 1,Dx.(Dx)-(Dx)-Dx(.Dx)(-Sx)( Sx),skip_empty: 1
US-NY-JE-WT,Dx.(Dx)-Dx-Dx(.(Dx)(/Sx)),skip_empty: 1,Dx.(Dx)-(Dx)-Dx(.Dx)(-Sx)( Sx),skip_empty: 1
US-NY-KI,Dx,string_lengths: 2 4 4 & drop_cols: 0 & skip_empty: 1,Sx( )-( )(Sx)( - Sx)(-Sx)( Sx),merge_after: 4 3 2 & skip_empty: 1
US-NY-LE-CR,Ignored,simple,Ignored,simple
US-NY-LE-DE,Ignored,simple,Ignored,simple
US-NY-LE-DI,Ignored,simple,Ignored,simple
US-NY-LE-GR,Ignored,simple,Ignored,simple
US-NY-LE-HA,Ignored,simple,Ignored,simple
US-NY-LE-LE,Ignored,simple,Ignored,simple
US-NY-LE-LW,(D5_)Dx.Dx-Dx-Dx.Dx,skip_empty: 1,Dx.(Dx)-(Dx)-Dx(.Dx)(-Sx)( Sx),skip_empty: 1
US-NY-LE-LO,Ignored,simple,Ignored,simple
US-NY-LE-LY,Ignored,simple,Ignored,simple
US-NY-LE-MA,(D5_)Dx.Dx-Dx-Dx.Dx,skip_empty: 1,Dx.(Dx)-(Dx)-Dx(.Dx)(-Sx)( Sx),skip_empty: 1
US-NY-LE-MO,(D5_)Dx.Dx-Dx-Dx.Dx,skip_empty: 1,Dx.(Dx)-(Dx)-Dx(.Dx)(-Sx)( Sx),drop_cols: 5 6 & skip_empty: 1
US-NY-LE-NB,Ignored,simple,Ignored,simple
US-NY-LE-OS,(D5_)Dx.Dx-Dx-Dx.Dx,skip_empty: 1,Dx.(Dx)-(Dx)-Dx(.Dx)(-Sx)( Sx),drop_cols: 5 6 & skip_empty: 1
US-NY-LE-PI,Ignored,simple,Ignored,simple
US-NY-LE-TU,Ignored,simple,Ignored,simple
US-NY-LE-WA,(D5_)Dx.Dx-Dx-Dx.Dx,skip_empty: 1,Dx.(Dx)-(Dx)-Dx(.Dx)(-Sx)( Sx),skip_empty: 1
US-NY-LE-WT,(D5_)Dx.Dx-Dx-Dx.Dx,skip_empty: 1,Dx.(Dx)-(Dx)-Dx(.Dx)(-Sx)( Sx),skip_empty: 1
US-NY-LI-AV,Dx.(Dx)-Dx-Dx(.(Dx)(/Sx)),skip_empty: 1,Dx.(Dx)-(Dx)-Dx(.Dx)(-Sx)( Sx),skip_empty: 1
US-NY-LI-CA,Dx.(Dx)-Dx-Dx(.(Dx)(/Sx)),skip_empty: 1,Dx.(Dx)-(Dx)-Dx(.Dx)(-Sx)( Sx),skip_empty: 1
US-NY-LI-CO,Dx.(Dx)-Dx-Dx(.(Dx)(/Sx)),skip_empty: 1,Dx.(Dx)-(Dx)-Dx(.Dx)(-Sx)( Sx),skip_empty: 1
US-NY-LI-GE,Dx.(Dx)-Dx-Dx(.(Dx)(/Sx)),skip_empty: 1,Dx.(Dx)-(Dx)-Dx(.Dx)(-Sx)( Sx),skip_empty: 1
US-NY-LI-GR,Dx.(Dx)-Dx-Dx(.(Dx)(/Sx)),skip_empty: 1,Dx.(Dx)-(Dx)-Dx(.Dx)(-Sx)( Sx),skip_empty: 1
US-NY-LI-LE,Dx.(Dx)-Dx-Dx(.(Dx)(/Sx)),skip_empty: 1,Dx.(Dx)-(Dx)-Dx(.Dx)(-Sx)( Sx),skip_empty: 1
US-NY-LI-LM,Dx.(Dx)-Dx-Dx(.(Dx)(/Sx)),skip_empty: 1,Dx.(Dx)-(Dx)-Dx(.Dx)(-Sx)( Sx),skip_empty: 1
US-NY-LI-LI,Dx.(Dx)-Dx-Dx(.(Dx)(/Sx)),skip_empty: 1,Dx.(Dx)-(Dx)-Dx(.Dx)(-Sx)( Sx),skip_empty: 1
US-NY-LI-MM,Dx.(Dx)-Dx-Dx(.(Dx)(/Sx)),skip_empty: 1,Dx.(Dx)-(Dx)-Dx(.Dx)(-Sx)( Sx),skip_empty: 1
US-NY-LI-ND,Dx.(Dx)-Dx-Dx(.(Dx)(/Sx)),skip_empty: 1,Dx.(Dx)-(Dx)-Dx(.Dx)(-Sx)( Sx),skip_empty: 1
US-NY-LI-NU,Dx.(Dx)-Dx-Dx(.(Dx)(/Sx)),skip_empty: 1,Dx.(Dx)-(Dx)-Dx(.Dx)(-Sx)( Sx),skip_empty: 1
US-NY-LI-OS,Dx(.-Dx.-Dx),skip_empty: 1,Dx.(Dx)-(Dx)-Dx(.Dx)(-Sx)( Sx),drop_cols: 5 6 & skip_empty: 1
US-NY-LI-PO,Dx.(Dx)-Dx-Dx(.(Dx)(/Sx)),skip_empty: 1,Dx.(Dx)-(Dx)-Dx(.Dx)(-Sx)( Sx),drop_cols: 5 6 & skip_empty: 1
US-NY-LI-SA,Dx.(Dx)-Dx-Dx(.(Dx)(/Sx)),skip_empty: 1,Dx.(Dx)-(Dx)-Dx(.Dx)(-Sx)( Sx),skip_empty: 1
US-NY-LI-SP,Dx.(Dx)-Dx-Dx(.(Dx)(/Sx)),skip_empty: 1,Dx.(Dx)-(Dx)-Dx(.Dx)(-Sx)( Sx),skip_empty: 1
US-NY-LI-WS,Dx(.-Dx.-Dx),skip_empty: 1,Dx.(Dx)-(Dx)-Dx(.Dx)(-Sx)( Sx),skip_empty: 1
US-NY-LI-YO,Dx.(Dx)-Dx-Dx(.(Dx)(/Sx)),skip_empty: 1,Dx.(Dx)-(Dx)-Dx(.Dx)(-Sx)( Sx),skip_empty: 1
US-NY-MA-BR,Dx.(Dx)-Dx-Dx(.(Dx)(/Sx)),skip_empty: 1,Dx.(Dx)-(Dx)-Dx(.Dx)(-Sx)( Sx),skip_empty: 1
US-NY-MA-CA,Dx.(Dx)-Dx-Dx(.(Dx)(/Sx)),skip_empty: 1,Dx.(Dx)-(Dx)-Dx(.Dx)(-Sx)( Sx),skip_empty: 1
US-NY-MA-DE,Dx.(Dx)-(Dx)-Dx(.Dx)(-Sx)( Sx),skip_empty: 1,Dx.(Dx)-(Dx)-Dx(.Dx)(-Sx)( Sx),skip_empty: 1
US-NY-MA-EA,Dx.(Dx)-(Dx)-Dx(.Dx)(-Sx)( Sx),skip_empty: 1,Dx.(Dx)-(Dx)-Dx(.Dx)(-Sx)( Sx),skip_empty: 1
US-NY-MA-FE,Dx.(Dx)-Dx-Dx(.(Dx)(/Sx)),skip_empty: 1,Dx.(Dx)-(Dx)-Dx(.Dx)(-Sx)( Sx),skip_empty: 1
US-NY-MA-GE,Dx.(Dx)-Dx-Dx(.(Dx)(/Sx)),skip_empty: 1,Dx.(Dx)-Dx-Dx(.(Dx)(/Sx)),skip_empty: 1
US-NY-MA-HA,Dx.(Dx)-Dx-Dx(.(Dx)(/Sx)),skip_empty: 1,Dx.(Dx)-(Dx)-Dx(.Dx)(-Sx)( Sx),skip_empty: 1
US-NY-MA-LB,Dx.(Dx)-(Dx)-Dx(.Dx)(-Sx)( Sx),skip_empty: 1,Dx.(Dx)-(Dx)-Dx(.Dx)(-Sx)( Sx),skip_empty: 1
US-NY-MA-LI,Dx.(Dx)-Dx-Dx(.(Dx)(/Sx)),skip_empty: 1,Dx.(Dx)-Dx-Dx(.(Dx)(/Sx)),skip_empty: 1
US-NY-MA-LE,Dx.(Dx)-(Dx)-Dx(.Dx)(-Sx)( Sx),skip_empty: 1,Dx.(Dx)-(Dx)-Dx(.Dx)(-Sx)( Sx),skip_empty: 1
US-NY-MA-MA,Dx.(Dx)-(Dx)-Dx(.Dx)(-Sx)( Sx),skip_empty: 1,Dx.(Dx)-(Dx)-Dx(.Dx)(-Sx)( Sx),skip_empty: 1
US-NY-MA-NE,Dx.(Dx)-(Dx)-Dx(.Dx)(-Sx)( Sx),skip_empty: 1,Dx.(Dx)-(Dx)-Dx(.Dx)(-Sx)( Sx),skip_empty: 1
US-NY-MA-ON,Dx.(Dx)-Dx-Dx(.(Dx)(/Sx)),skip_empty: 1,Dx.(Dx)-(Dx)-Dx(.Dx)(-Sx)( Sx),skip_empty: 1
US-NY-MA-SM,Dx.(Dx)-Dx-Dx(.(Dx)(/Sx)),skip_empty: 1,Dx.(Dx)-(Dx)-Dx(.Dx)(-Sx)( Sx),skip_empty: 1
US-NY-MA-ST,Dx.(Dx)-Dx-Dx(.(Dx)(/Sx)),skip_empty: 1,Dx.(Dx)-(Dx)-Dx(.Dx)(-Sx)( Sx),skip_empty: 1
US-NY-MA-SU,Dx.(Dx)-Dx-Dx(.(Dx)(/Sx)),skip_empty: 1,Dx.(Dx)-(Dx)-Dx(.Dx)(-Sx)( Sx),skip_empty: 1
US-NY-MO-BR,Dx.(Dx)-Dx-Dx(.(Dx)(/Sx)),skip_empty: 1,Dx.(Dx)-Dx-Dx(.(Dx)(/Sx)),skip_empty: 1
US-NY-MO-CH,Dx.(Dx)-Dx-Dx(.(Dx)(/Sx)),skip_empty: 1,Dx.(Dx)-Dx-Dx(.(Dx)(/Sx)),skip_empty: 1
US-NY-MO-CL,Dx.(Dx)-Dx-Dx(.(Dx)(/Sx)),skip_empty: 1,Dx.(Dx)-Dx-Dx(.(Dx)(/Sx)),skip_empty: 1
US-NY-MO-ER,D3.D2-D1-Dx(.Dx D2),skip_empty: 1,Dx.(Dx)-Dx-Dx(.(Dx)(/Sx)),skip_empty: 1
US-NY-MO-GA,Dx.(Dx)-Dx-Dx(.(Dx)(/Sx)),skip_empty: 1,Dx.(Dx)-Dx-Dx(.(Dx)(/Sx)),skip_empty: 1
US-NY-MO-GR,Dx.(Dx)-Dx-Dx(.(Dx)(/Sx)),skip_empty: 1,Dx.(Dx)-Dx-Dx(.(Dx)(/Sx)),skip_empty: 1
US-NY-MO-HA,Dx.(Dx)-Dx-Dx(.(Dx)(/Sx)),skip_empty: 1,Dx.(Dx)-Dx-Dx(.(Dx)(/Sx)),skip_empty: 1
US-NY-MO-HE,Dx.(Dx)-Dx-Dx(.(Dx)(/Sx)),skip_empty: 1,Dx.(Dx)-Dx-Dx(.(Dx)(/Sx)),skip_empty: 1
US-NY-MO-IR,Dx.(Dx)-Dx-Dx(.(Dx)(/Sx)),skip_empty: 1,Dx.(Dx)-Dx-Dx(.(Dx)(/Sx)),skip_empty: 1
US-NY-MO-ME,Dx.(Dx)-Dx-Dx(.(Dx)(/Sx)),skip_empty: 1,Dx.(Dx)-Dx-Dx(.(Dx)(/Sx)),skip_empty: 1
US-NY-MO-OG,Dx.(Dx)-Dx-Dx(.(Dx)(/Sx)),skip_empty: 1,Dx.(Dx)-Dx-Dx(.(Dx)(/Sx)),skip_empty: 1
US-NY-MO-PA,Dx.(Dx)-Dx-Dx(.(Dx)(/Sx)),skip_empty: 1,Dx.(Dx)-Dx-Dx(.(Dx)(/Sx)),skip_empty: 1
US-NY-MO-PN,Dx.(Dx)-Dx-Dx(.(Dx)(/Sx)),skip_empty: 1,Dx.(Dx)-Dx-Dx(.(Dx)(/Sx)),skip_empty: 1
US-NY-MO-PI,Dx.(Dx)-Dx-Dx(.(Dx)(/Sx)),skip_empty: 1,Dx.(Dx)-Dx-Dx(.(Dx)(/Sx)),skip_empty: 1
US-NY-MO-PE,Dx.(Dx)-Dx-Dx(.(Dx)(/Sx)),skip_empty: 1,Dx.(Dx)-Dx-Dx(.(Dx)(/Sx)),skip_empty: 1
US-NY-MO-RI,Dx.(Dx)-Dx-Dx(.(Dx)(/Sx)),skip_empty: 1,Dx.(Dx)-Dx-Dx(.(Dx)(/Sx)),skip_empty: 1
US-NY-MO-RU,Dx.(Dx)-Dx-Dx(.(Dx)(/Sx)),skip_empty: 1,Dx.(Dx)-Dx-Dx(.(Dx)(/Sx)),skip_empty: 1
US-NY-MO-SW,Dx.(Dx)-Dx-Dx(.(Dx)(/Sx)),skip_empty: 1,Dx.(Dx)-Dx-Dx(.(Dx)(/Sx)),skip_empty: 1
US-NY-MO-WE,Dx.(Dx)-Dx-Dx(.(Dx)(/Sx)),skip_empty: 1,Dx.(Dx)-Dx-Dx(.(Dx)(/Sx)),skip_empty: 1
US-NY-MO-WH,Dx.(Dx)-Dx-Dx(.(Dx)(/Sx)),skip_empty: 1,Dx.(Dx)-Dx-Dx(.(Dx)(/Sx)),skip_empty: 1
US-NY-MN-AM,Dx.(Dx)-(Dx)-Dx(.Dx)(-Sx)( Sx),skip_empty: 1,Dx.(Dx)-(Dx)-Dx(.Dx)(-Sx)( Sx),skip_empty: 1
US-NY-MN-MS,Dx.(Dx)-Dx-Dx(.(Dx)(/Sx)),skip_empty: 1,Dx.(Dx)-(Dx)-Dx(.Dx)(-Sx)( Sx),skip_empty: 1
US-NY-MN-CA,Dx.(Dx)-Dx-Dx(.(Dx)(/Sx)),skip_empty: 1,Dx.(Dx)-(Dx)-Dx(.Dx)(-Sx)( Sx),skip_empty: 1
US-NY-MN-CH,Dx.(Dx)-Dx-Dx(.(Dx)(/Sx)),skip_empty: 1,Dx.(Dx)-(Dx)-Dx(.Dx)(-Sx)( Sx),skip_empty: 1
US-NY-MN-FL,Dx.(Dx)-Dx-Dx(.(Dx)(/Sx)),skip_empty: 1,Dx.(Dx)-(Dx)-Dx(.Dx)(-Sx)( Sx),skip_empty: 1
US-NY-MN-GL,Dx.(Dx)-Dx-Dx(.(Dx)(/Sx)),skip_empty: 1,Dx.(Dx)-(Dx)-Dx(.Dx)(-Sx)( Sx),skip_empty: 1
US-NY-MN-MI,Dx.(Dx)-Dx-Dx(.(Dx)(/Sx)),skip_empty: 1,Dx.(Dx)-(Dx)-Dx(.Dx)(-Sx)( Sx),drop_cols: 5 6 & skip_empty: 1
US-NY-MN-MO,Dx.(Dx)-Dx-Dx(.(Dx)(/Sx)),skip_empty: 1,Dx.(Dx)-(Dx)-Dx(.Dx)(-Sx)( Sx),skip_empty: 1
US-NY-MN-PA,Dx.(Dx)-Dx-Dx(.(Dx)(/Sx)),skip_empty: 1,Dx.(Dx)-(Dx)-Dx(.Dx)(-Sx)( Sx),skip_empty: 1
US-NY-MN-RO,Dx.(Dx)-Dx-Dx(.(Dx)(/Sx)),skip_empty: 1,Dx.(Dx)-(Dx)-Dx(.Dx)(-Sx)( Sx),skip_empty: 1
US-NY-MN-SJ,Dx.(Dx)-Dx-Dx(.(Dx)(/Sx)),skip_empty: 1,Dx.(Dx)-(Dx)-Dx(.Dx)(-Sx)( Sx),skip_empty: 1
US-NY-NA,Sx [S-]x( [S-]x),split_groups: 2|4 & skip_empty: 1,Sx-Sx-Sx(-Sx)(-Sx),skip_empty: 1
US-NY-NY,Dx,string_lengths: 2 4 4 & drop_cols: 0 & skip_empty: 1,Sx( )-( )(Sx)( - Sx)(-Sx)( Sx),drop_cols: 3 & skip_empty: 1
US-NY-NI-CA,Dx.(Dx)-Dx-Dx(.(Dx)(/Sx)),skip_empty: 1,Dx.(Dx)-Dx-Dx(.(Dx)(/Sx)),skip_empty: 1
US-NY-NI-HA,Dx.(Dx)-Dx-Dx(.(Dx)(/Sx)),skip_empty: 1,Dx.(Dx)-Dx-Dx(.(Dx)(/Sx)),skip_empty: 1
US-NY-NI-LC,Dx.(Dx)-Dx-Dx(.(Dx)(/Sx)),skip_empty: 1,Dx.(Dx)-Dx-Dx(.(Dx)(/Sx)),skip_empty: 1
US-NY-NI-LE,Dx.(Dx)-Dx-Dx(.(Dx)(/Sx)),skip_empty: 1,Dx.(Dx)-Dx-Dx(.(Dx)(/Sx)),skip_empty: 1
US-NY-NI-LC,Dx.(Dx)-Dx-Dx(.(Dx)(/Sx)),skip_empty: 1,Dx.(Dx)-Dx-Dx(.(Dx)(/Sx)),skip_empty: 1
US-NY-NI-NE,Dx.(Dx)-Dx-Dx(.(Dx)(/Sx)),skip_empty: 1,Dx.(Dx)-Dx-Dx(.(Dx)(/Sx)),skip_empty: 1
US-NY-NI-NF,Dx.(Dx)-Dx-Dx(.(Dx)(/Sx)),skip_empty: 1,Dx.(Dx)-Dx-Dx(.(Dx)(/Sx)),skip_empty: 1
US-NY-NI-NI,Dx.(Dx)-Dx-Dx(.(Dx)(/Sx)),skip_empty: 1,Dx.(Dx)-Dx-Dx(.(Dx)(/Sx)),skip_empty: 1
US-NY-NI-NT,Dx.(Dx)-Dx-Dx(.(Dx)(/Sx)),skip_empty: 1,Dx.(Dx)-Dx-Dx(.(Dx)(/Sx)),skip_empty: 1
US-NY-NI-PE,Dx.(Dx)-Dx-Dx(.(Dx)(/Sx)),skip_empty: 1,Dx.(Dx)-Dx-Dx(.(Dx)(/Sx)),skip_empty: 1
US-NY-NI-PO,Dx.(Dx)-Dx-Dx(.(Dx)(/Sx)),skip_empty: 1,Dx.(Dx)-Dx-Dx(.(Dx)(/Sx)),skip_empty: 1
US-NY-NI-RO,Dx.(Dx)-Dx-Dx(.(Dx)(/Sx)),skip_empty: 1,Dx.(Dx)-Dx-Dx(.(Dx)(/Sx)),skip_empty: 1
US-NY-NI-SO,Dx.(Dx)-Dx-Dx(.(Dx)(/Sx)),skip_empty: 1,Dx.(Dx)-Dx-Dx(.(Dx)(/Sx)),skip_empty: 1
US-NY-NI-WH,Dx.(Dx)-Dx-Dx(.(Dx)(/Sx)),skip_empty: 1,Dx.(Dx)-Dx-Dx(.(Dx)(/Sx)),skip_empty: 1
US-NY-NI-WI,Dx.(Dx)-Dx-Dx(.(Dx)(/Sx)),skip_empty: 1,Dx.(Dx)-Dx-Dx(.(Dx)(/Sx)),skip_empty: 1
US-NY-ND-AN,Dx.(Dx)-Dx-Dx(.(Dx)(/Sx)),skip_empty: 1,Dx.(Dx)-Dx-Dx(.(Dx)(/Sx)),skip_empty: 1
US-NY-ND-AU,Dx.(Dx)-Dx-Dx(.(Dx)(/Sx)),skip_empty: 1,Dx.(Dx)-(Dx)-Dx(.Dx)(-Sx)( Sx),skip_empty: 1
US-NY-ND-AV,Dx.(Dx)-Dx-Dx(.(Dx)(/Sx)),skip_empty: 1,Dx.(Dx)-Dx-Dx(.(Dx)(/Sx)),skip_empty: 1
US-NY-ND-BO,Dx.(Dx)-Dx-Dx(.(Dx)(/Sx)),skip_empty: 1,Dx.(Dx)-(Dx)-Dx(.Dx)(-Sx)( Sx),skip_empty: 1
US-NY-ND-BR,Dx.(Dx)-Dx-Dx(.(Dx)(/Sx)),skip_empty: 1,Dx.(Dx)-(Dx)-Dx(.Dx)(-Sx)( Sx),skip_empty: 1
US-NY-ND-CA,Dx.(Dx)-Dx-Dx(.(Dx)(/Sx)),skip_empty: 1,Dx.(Dx)-Dx-Dx(.(Dx)(/Sx)),skip_empty: 1
US-NY-ND-DE,Dx.(Dx)-Dx-Dx(.(Dx)(/Sx)),skip_empty: 1,Dx.(Dx)-Dx-Dx(.(Dx)(/Sx)),skip_empty: 1
US-NY-ND-FR,Dx.(Dx)-Dx-Dx(.(Dx)(/Sx)),skip_empty: 1,Dx.(Dx)-Dx-Dx(.(Dx)(/Sx)),skip_empty: 1
US-NY-ND-FO,Dx.(Dx)-Dx-Dx(.(Dx)(/Sx)),skip_empty: 1,Dx.(Dx)-Dx-Dx(.(Dx)(/Sx)),skip_empty: 1
US-NY-ND-FL,Dx.(Dx)-Dx-Dx(.(Dx)(/Sx)),skip_empty: 1,Dx.(Dx)-Dx-Dx(.(Dx)(/Sx)),skip_empty: 1
US-NY-ND-KI,Dx.(Dx)-Dx-Dx(.(Dx)(/Sx)),skip_empty: 1,Dx.(Dx)-Dx-Dx(.(Dx)(/Sx)),skip_empty: 1
US-NY-ND-LE,Dx.(Dx)-Dx-Dx(.(Dx)(/Sx)),skip_empty: 1,Dx.(Dx)-(Dx)-Dx(.Dx)(-Sx)( Sx),drop_cols: 5 6 & skip_empty: 1
US-NY-ND-MA,Dx.(Dx)-Dx-Dx(.(Dx)(/Sx)),skip_empty: 1,Dx.(Dx)-(Dx)-Dx(.Dx)(-Sx)( Sx),skip_empty: 1
US-NY-ND-MR,Dx.(Dx)-Dx-Dx(.(Dx)(/Sx)),skip_empty: 1,Dx.(Dx)-Dx-Dx(.(Dx)(/Sx)),skip_empty: 1
US-NY-ND-NH,Dx.(Dx)-Dx-Dx(.(Dx)(/Sx)),skip_empty: 1,Dx.(Dx)-Dx-Dx(.(Dx)(/Sx)),skip_empty: 1
US-NY-ND-PA,Dx.(Dx)-Dx-Dx(.(Dx)(/Sx)),skip_empty: 1,Dx.(Dx)-Dx-Dx(.(Dx)(/Sx)),skip_empty: 1
US-NY-ND-RE,Dx.(Dx)-Dx-Dx(.(Dx)(/Sx)),skip_empty: 1,Dx.(Dx)-(Dx)-Dx(.Dx)(-Sx)( Sx),skip_empty: 1
US-NY-ND-RO,Dx.(Dx)-Dx-Dx(.(Dx)(/Sx)),skip_empty: 1,Dx.(Dx)-(Dx)-Dx(.Dx)(-Sx)( Sx),skip_empty: 1
US-NY-ND-SA,Dx.(Dx)-Dx-Dx(.(Dx)(/Sx)),skip_empty: 1,Dx.(Dx)-Dx-Dx(.(Dx)(/Sx)),skip_empty: 1
US-NY-ND-ST,Dx.(Dx)-Dx-Dx(.(Dx)(/Sx)),skip_empty: 1,Dx.(Dx)-(Dx)-Dx(.Dx)(-Sx)( Sx),skip_empty: 1
US-NY-ND-TR,Dx.(Dx)-Dx-Dx(.(Dx)(/Sx)),skip_empty: 1,Dx.(Dx)-(Dx)-Dx(.Dx)(-Sx)( Sx),skip_empty: 1
US-NY-ND-UT,Dx.(Dx)-Dx-Dx(.(Dx)(/Sx)),skip_empty: 1,Dx.(Dx)-Dx-Dx(.(Dx)(/Sx)),skip_empty: 1
US-NY-ND-VE,Dx.(Dx)-Dx-Dx(.(Dx)(/Sx)),skip_empty: 1,Dx.(Dx)-Dx-Dx(.(Dx)(/Sx)),skip_empty: 1
US-NY-ND-VI,Dx.(Dx)-Dx-Dx(.(Dx)(/Sx)),skip_empty: 1,Dx.(Dx)-Dx-Dx(.(Dx)(/Sx)),skip_empty: 1
US-NY-ND-VR,Dx.(Dx)-Dx-Dx(.(Dx)(/Sx)),skip_empty: 1,Dx.(Dx)-Dx-Dx(.(Dx)(/Sx)),skip_empty: 1
US-NY-ND-WS,Dx.(Dx)-Dx-Dx(.(Dx)(/Sx)),skip_empty: 1,Dx.(Dx)-Dx-Dx(.(Dx)(/Sx)),skip_empty: 1
US-NY-ND-WH,Dx.(Dx)-Dx-Dx(.(Dx)(/Sx)),skip_empty: 1,Dx.(Dx)-(Dx)-Dx(.Dx)(-Sx)( Sx),drop_cols: 5 6 & skip_empty: 1
US-NY-ND-WE,Dx.(Dx)-Dx-Dx(.(Dx)(/Sx)),skip_empty: 1,Dx.(Dx)-(Dx)-Dx(.Dx)(-Sx)( Sx),skip_empty: 1
US-NY-OR-BG,Dx,split_groups: 0|6 0_1|3 0_1_1|2 0_1_1_1|5 0_1_1_1_1|3 0_1_1_1_1_1|1 0_1_1_1_1_1_1|1 & drop_cols: 0_0 & skip_empty: 1,Dx(.-Dx.-Dx),skip_empty: 1
US-NY-OR-CH,Dx,split_groups: 0|6 0_1|3 0_1_1|2 0_1_1_1|5 0_1_1_1_1|3 0_1_1_1_1_1|1 0_1_1_1_1_1_1|1 & drop_cols: 0_0 & skip_empty: 1,Dx(.-Dx.-Dx),skip_empty: 1
US-NY-OR-CO,Dx,split_groups: 0|6 0_1|3 0_1_1|2 0_1_1_1|5 0_1_1_1_1|3 0_1_1_1_1_1|1 0_1_1_1_1_1_1|1 & drop_cols: 0_0 & skip_empty: 1,Dx(.-Dx.-Dx),skip_empty: 1
US-NY-OR-CR,Dx,split_groups: 0|6 0_1|3 0_1_1|2 0_1_1_1|5 0_1_1_1_1|3 0_1_1_1_1_1|1 0_1_1_1_1_1_1|1 & drop_cols: 0_0 & skip_empty: 1,Dx(.-Dx.-Dx),skip_empty: 1
US-NY-OR-DE,Dx,split_groups: 0|6 0_1|3 0_1_1|2 0_1_1_1|5 0_1_1_1_1|3 0_1_1_1_1_1|1 0_1_1_1_1_1_1|1 & drop_cols: 0_0 & skip_empty: 1,Dx(.-Dx.-Dx),skip_empty: 1
US-NY-OR-GO,Dx,split_groups: 0|6 0_1|3 0_1_1|2 0_1_1_1|5 0_1_1_1_1|3 0_1_1_1_1_1|1 0_1_1_1_1_1_1|1 & drop_cols: 0_0 & skip_empty: 1,Sx-Sx-Sx(.Sx),skip_empty: 1
US-NY-OR-GR,Dx,split_groups: 0|3 0_1|7 0_1_1|3 0_1_1_1|1 0_1_1_1_1|[0] & merge_after: 0_1_1_0 0_1_1_0 & skip_empty: 1,Sx-Sx-Sx(.Sx),merge_after: 2 & skip_empty: 1
US-NY-OR-HA,Dx,split_groups: 0|6 0_1|3 0_1_1|2 0_1_1_1|5 0_1_1_1_1|3 0_1_1_1_1_1|1 0_1_1_1_1_1_1|1 & drop_cols: 0_0 & skip_empty: 1,Dx(.-Dx.-Dx),skip_empty: 1
US-NY-OR-HI,Dx,split_groups: 0|6 0_1|3 0_1_1|2 0_1_1_1|5 0_1_1_1_1|3 0_1_1_1_1_1|1 0_1_1_1_1_1_1|1 & drop_cols: 0_0 & skip_empty: 1,Dx(.-Dx.-Dx),skip_empty: 1
US-NY-OR-MH,Dx,split_groups: 0|6 0_1|3 0_1_1|2 0_1_1_1|5 0_1_1_1_1|3 0_1_1_1_1_1|1 0_1_1_1_1_1_1|1 & drop_cols: 0_0 & skip_empty: 1,Sx-Sx-Sx(.Sx),skip_empty: 1
US-NY-OR-MI,Dx,split_groups: 0|6 0_1|3 0_1_1|2 0_1_1_1|5 0_1_1_1_1|3 0_1_1_1_1_1|1 0_1_1_1_1_1_1|1 & drop_cols: 0_0 & skip_empty: 1,Dx(.-Dx.-Dx),skip_empty: 1
US-NY-OR-MI,Dx,split_groups: 0|6 0_1|3 0_1_1|2 0_1_1_1|5 0_1_1_1_1|3 0_1_1_1_1_1|1 0_1_1_1_1_1_1|1 & drop_cols: 0_0 & skip_empty: 1,Dx(.-Dx.-Dx),skip_empty: 1
US-NY-OR-MO,Dx,split_groups: 0|6 0_1|3 0_1_1|2 0_1_1_1|5 0_1_1_1_1|3 0_1_1_1_1_1|1 0_1_1_1_1_1_1|1 & drop_cols: 0_0 & skip_empty: 1,Dx(.-Dx.-Dx),skip_empty: 1
US-NY-OR-MN,Dx,string_lengths: 3 3 4 3 3 & skip_empty: 1,Sx-Sx-Sx(.Sx),skip_empty: 1
US-NY-OR-NB,Dx,split_groups: 0|6 0_1|3 0_1_1|2 0_1_1_1|5 0_1_1_1_1|3 0_1_1_1_1_1|1 0_1_1_1_1_1_1|1 & drop_cols: 0_0 & skip_empty: 1,Dx(.-Dx.-Dx),skip_empty: 1
US-NY-OR-NE,Dx,split_groups: 0|6 0_1|3 0_1_1|2 0_1_1_1|5 0_1_1_1_1|3 0_1_1_1_1_1|1 0_1_1_1_1_1_1|1 & drop_cols: 0_0 & skip_empty: 1,Dx(.-Dx.-Dx),skip_empty: 1
US-NY-OR-NW,Dx,split_groups: 0|6 0_1|3 0_1_1|2 0_1_1_1|5 0_1_1_1_1|3 0_1_1_1_1_1|1 0_1_1_1_1_1_1|1 & drop_cols: 0_0 & skip_empty: 1,Dx(.-Dx.-Dx),skip_empty: 1
US-NY-OR-PJ,Dx,split_groups: 0|6 0_1|3 0_1_1|2 0_1_1_1|5 0_1_1_1_1|3 0_1_1_1_1_1|1 0_1_1_1_1_1_1|1 & drop_cols: 0_0 & skip_empty: 1,Sx-Sx-Sx(.Sx),skip_empty: 1
US-NY-OR-TU,Dx,split_groups: 0|6 0_1|3 0_1_1|2 0_1_1_1|5 0_1_1_1_1|3 0_1_1_1_1_1|1 0_1_1_1_1_1_1|1 & drop_cols: 0_0 & skip_empty: 1,Dx(.-Dx.-Dx),skip_empty: 1
US-NY-OR-WL,Dx,split_groups: 0|6 0_1|3 0_1_1|2 0_1_1_1|5 0_1_1_1_1|3 0_1_1_1_1_1|1 0_1_1_1_1_1_1|1 & drop_cols: 0_0 & skip_empty: 1,Dx(.-Dx.-Dx),skip_empty: 1
US-NY-OR-WO,Dx,split_groups: 0|6 0_1|3 0_1_1|2 0_1_1_1|5 0_1_1_1_1|3 0_1_1_1_1_1|1 0_1_1_1_1_1_1|1 & drop_cols: 0_0 & skip_empty: 1,Dx(.-Dx.-Dx),skip_empty: 1
US-NY-OR-WA,Dx,split_groups: 0|6 0_1|3 0_1_1|2 0_1_1_1|5 0_1_1_1_1|3 0_1_1_1_1_1|1 0_1_1_1_1_1_1|1 & drop_cols: 0_0 & skip_empty: 1,Dx(.-Dx.-Dx),skip_empty: 1
US-NY-OR-WY,Dx,split_groups: 0|6 0_1|3 0_1_1|2 0_1_1_1|5 0_1_1_1_1|3 0_1_1_1_1_1|1 0_1_1_1_1_1_1|1 & drop_cols: 0_0 & skip_empty: 1,Dx(.-Dx.-Dx),skip_empty: 1
US-NY-ON-CA,Ignored,simple,Ignored,simple
US-NY-ON-CI,Ignored,simple,Ignored,simple
US-NY-ON-CL,Ignored,simple,Ignored,simple
US-NY-ON-DW,Ignored,simple,Ignored,simple
US-NY-ON-EL,Ignored,simple,Ignored,simple
US-NY-ON-FA,Ignored,simple,Ignored,simple
US-NY-ON-GE,Ignored,simple,Ignored,simple
US-NY-ON-LA,Ignored,simple,Ignored,simple
US-NY-ON-LY,Ignored,simple,Ignored,simple
US-NY-ON-MA,Ignored,simple,Ignored,simple
US-NY-ON-MR,Ignored,simple,Ignored,simple
US-NY-ON-ON,Ignored,simple,Ignored,simple
US-NY-ON-OT,Ignored,simple,Ignored,simple
US-NY-ON-PO,Ignored,simple,Ignored,simple
US-NY-ON-SA,Ignored,simple,Ignored,simple
US-NY-ON-SK,Ignored,simple,Ignored,simple
US-NY-ON-SP,Ignored,simple,Ignored,simple
US-NY-ON-SY,Dx.(Dx)-Dx-Dx(.(Dx)(/Sx)),skip_empty: 1,Dx.(Dx)-Dx-Dx(.(Dx)(/Sx)),skip_empty: 1
US-NY-ON-TU,Dx.(Dx)-Dx-Dx(.(Dx)(/Sx)),skip_empty: 1,Dx.(Dx)-Dx-Dx(.(Dx)(/Sx)),skip_empty: 1
US-NY-ON-VB,Ignored,simple,Ignored,simple
US-NY-RL-AL,Dx.(Dx)-Dx-Dx(.(Dx)(/Sx)),skip_empty: 1,Dx.(Dx)-Dx-Dx(.(Dx)(/Sx)),skip_empty: 1
US-NY-RL-BA,Dx.(Dx)-Dx-Dx(.(Dx)(/Sx)),skip_empty: 1,Dx.(Dx)-Dx-Dx(.(Dx)(/Sx)),skip_empty: 1
US-NY-RL-CA,Dx.(Dx)-Dx-Dx(.(Dx)(/Sx)),skip_empty: 1,Dx.(Dx)-Dx-Dx(.(Dx)(/Sx)),skip_empty: 1
US-NY-RL-CL,Dx.(Dx)-Dx-Dx(.(Dx)(/Sx)),skip_empty: 1,Dx.(Dx)-Dx-Dx(.(Dx)(/Sx)),skip_empty: 1
US-NY-RL-GA,Dx.(Dx)-Dx-Dx(.(Dx)(/Sx)),skip_empty: 1,Dx.(Dx)-Dx-Dx(.(Dx)(/Sx)),skip_empty: 1
US-NY-RL-KE,Dx.(Dx)-Dx-Dx(.(Dx)(/Sx)),skip_empty: 1,Dx.(Dx)-Dx-Dx(.(Dx)(/Sx)),skip_empty: 1
US-NY-RL-MU,Dx.(Dx)-Dx-Dx(.(Dx)(/Sx)),skip_empty: 1,Dx.(Dx)-Dx-Dx(.(Dx)(/Sx)),skip_empty: 1
US-NY-RL-RI,Dx.(Dx)-Dx-Dx(.(Dx)(/Sx)),skip_empty: 1,Dx.(Dx)-Dx-Dx(.(Dx)(/Sx)),skip_empty: 1
US-NY-RL-SH,Dx.(Dx)-Dx-Dx(.(Dx)(/Sx)),skip_empty: 1,Dx.(Dx)-Dx-Dx(.(Dx)(/Sx)),skip_empty: 1
US-NY-RL-YA,Dx.(Dx)-Dx-Dx(.(Dx)(/Sx)),skip_empty: 1,Dx.(Dx)-Dx-Dx(.(Dx)(/Sx)),skip_empty: 1
US-NY-OT-BU,(D5_)Dx.Dx-Dx-Dx.Dx,skip_empty: 1,Dx.(Dx)-Dx-Dx(.(Dx)(/Sx)),skip_empty: 1
US-NY-OT-BR,(D5_)Dx.Dx-Dx-Dx.Dx,skip_empty: 1,(D5_)Dx.Dx-Dx-Dx.Dx,skip_empty: 1
US-NY-OT-CV,Ignored,simple,Ignored,simple
US-NY-OT-DE,Ignored,simple,Ignored,simple
US-NY-OT-ED,Ignored,simple,Ignored,simple
US-NY-OT-EX,Ignored,simple,Ignored,simple
US-NY-OT-HA,Ignored,simple,Ignored,simple
US-NY-OT-LA,(D5_)Dx.Dx-Dx-Dx.Dx,skip_empty: 1,Dx.(Dx)-Dx-Dx(.(Dx)(/Sx)),skip_empty: 1
US-NY-OT-MD,Ignored,simple,Ignored,simple
US-NY-OT-MI,Ignored,simple,Ignored,simple
US-NY-OT-ML,(D5_)Dx.Dx-Dx-Dx.Dx,skip_empty: 1,Dx.(Dx)-Dx-Dx(.(Dx)(/Sx)),skip_empty: 1
US-NY-OT-MO,(D5_)Dx.Dx-Dx-Dx.Dx,skip_empty: 1,Dx.(Dx)-Dx-Dx(.(Dx)(/Sx)),skip_empty: 1
US-NY-OT-NL,Ignored,simple,Ignored,simple
US-NY-OT-ON,Ignored,simple,Ignored,simple
US-NY-OT-ON,Dx.(Dx)-Dx-Dx(.(Dx)(/Sx)),skip_empty: 1,Dx.(Dx)-Dx-Dx(.(Dx)(/Sx)),skip_empty: 1
US-NY-OT-OT,Ignored,simple,Ignored,simple
US-NY-OT-OT,(D5_)Dx.Dx-Dx-Dx.Dx,skip_empty: 1,Dx.(Dx)-Dx-Dx(.(Dx)(/Sx)),skip_empty: 1
US-NY-OT-PI,Ignored,simple,Ignored,simple
US-NY-OT-PL,Ignored,simple,Ignored,simple
US-NY-OT-RI,Ignored,simple,Ignored,simple
US-NY-OT-RO,(D5_)Dx.Dx-Dx-Dx.Dx,skip_empty: 1,Dx.(Dx)-Dx-Dx(.(Dx)(/Sx)),skip_empty: 1
US-NY-OT-SP,(D5_)Dx.Dx-Dx-Dx.Dx,skip_empty: 1,Dx.(Dx)-Dx-Dx(.(Dx)(/Sx)),skip_empty: 1
US-NY-OT-UN,Ignored,simple,Ignored,simple
US-NY-OT-WE,Ignored,simple,Ignored,simple
US-NY-OT-WO,Ignored,simple,Ignored,simple
US-NY-NT-BR,Dx,string_lengths: 3 3 4 3 3 & skip_empty: 1,Dx.(Dx)-Dx-Dx(.(Dx)(/Sx)),skip_empty: 1
US-NY-NT-CA,Dx,string_lengths: 3 3 4 3 3 & skip_empty: 1,Dx.(Dx)-Dx-Dx(.(Dx)(/Sx)),skip_empty: 1
US-NY-NT-CA,Dx,string_lengths: 3 3 4 3 3 & skip_empty: 1,Dx.(Dx)-Dx-Dx(.(Dx)(/Sx)),skip_empty: 1
US-NY-NT-CN,Dx,string_lengths: 3 3 4 3 3 & skip_empty: 1,Dx.(Dx)-Dx-Dx(.(Dx)(/Sx)),skip_empty: 1
US-NY-NT-EB,Dx,string_lengths: 3 3 4 3 3 & skip_empty: 1,Dx.(Dx)-Dx-Dx(.(Dx)(/Sx)),skip_empty: 1
US-NY-NT-FA,Dx,string_lengths: 3 3 4 3 3 & skip_empty: 1,Dx.(Dx)-Dx-Dx(.(Dx)(/Sx)),skip_empty: 1
US-NY-NT-GE,Dx,string_lengths: 3 3 4 3 3 & skip_empty: 1,Dx.(Dx)-Dx-Dx(.(Dx)(/Sx)),skip_empty: 1
US-NY-NT-GN,Dx,string_lengths: 3 3 4 3 3 & skip_empty: 1,Dx.(Dx)-Dx-Dx(.(Dx)(/Sx)),skip_empty: 1
US-NY-NT-GO,Dx,string_lengths: 3 3 4 3 3 & skip_empty: 1,Dx.(Dx)-Dx-Dx(.(Dx)(/Sx)),skip_empty: 1
US-NY-NT-HO,Dx,string_lengths: 3 3 4 3 3 & skip_empty: 1,Dx.(Dx)-Dx-Dx(.(Dx)(/Sx)),skip_empty: 1
US-NY-NT-MA,Dx,string_lengths: 3 3 4 3 3 & skip_empty: 1,Dx.(Dx)-Dx-Dx(.(Dx)(/Sx)),skip_empty: 1
US-NY-NT-NA,Dx,string_lengths: 3 3 4 3 3 & skip_empty: 1,Dx.(Dx)-Dx-Dx(.(Dx)(/Sx)),skip_empty: 1
US-NY-NT-PH,Dx,string_lengths: 3 3 4 3 3 & skip_empty: 1,Dx.(Dx)-Dx-Dx(.(Dx)(/Sx)),skip_empty: 1
US-NY-NT-RI,Dx,string_lengths: 3 3 4 3 3 & skip_empty: 1,Dx.(Dx)-Dx-Dx(.(Dx)(/Sx)),skip_empty: 1
US-NY-NT-SB,Dx,string_lengths: 3 3 4 3 3 & skip_empty: 1,Dx.(Dx)-Dx-Dx(.(Dx)(/Sx)),skip_empty: 1
US-NY-NT-SE,Dx,string_lengths: 3 3 4 3 3 & skip_empty: 1,Dx.(Dx)-Dx-Dx(.(Dx)(/Sx)),skip_empty: 1
US-NY-NT-VI,Dx,string_lengths: 3 3 4 3 3 & skip_empty: 1,Dx.(Dx)-Dx-Dx(.(Dx)(/Sx)),skip_empty: 1
US-NY-NT-WB,Dx,string_lengths: 3 3 4 3 3 & skip_empty: 1,Dx.(Dx)-Dx-Dx(.(Dx)(/Sx)),skip_empty: 1
US-NY-OS-AL,Ignored,simple,Ignored,simple
US-NY-OS-AM,Ignored,simple,Ignored,simple
US-NY-OS-BO,Dx.(Dx)-Dx-Dx(.(Dx)(/Sx)),skip_empty: 1,Dx.(Dx)-Dx-Dx(.(Dx)(/Sx)),skip_empty: 1
US-NY-OS-CO,Ignored,simple,Ignored,simple
US-NY-OS-FU,Ignored,simple,Ignored,simple
US-NY-OS-GR,Ignored,simple,Ignored,simple
US-NY-OS-HN,Ignored,simple,Ignored,simple
US-NY-OS-HA,Ignored,simple,Ignored,simple
US-NY-OS-ME,Ignored,simple,Ignored,simple
US-NY-OS-MI,Ignored,simple,Ignored,simple
US-NY-OS-NH,Ignored,simple,Ignored,simple
US-NY-OS-OR,Ignored,simple,Ignored,simple
US-NY-OS-OS,Ignored,simple,Ignored,simple
US-NY-OS-SW,Ignored,simple,Ignored,simple
US-NY-OS-PA,Ignored,simple,Ignored,simple
US-NY-OS-PA,Ignored,simple,Ignored,simple
US-NY-OS-RE,Ignored,simple,Ignored,simple
US-NY-OS-RI,Ignored,simple,Ignored,simple
US-NY-OS-SA,Ignored,simple,Ignored,simple
US-NY-OS-SC,Ignored,simple,Ignored,simple
US-NY-OS-SR,Ignored,simple,Ignored,simple
US-NY-OS-VO,Ignored,simple,Ignored,simple
US-NY-OS-WI,Ignored,simple,Ignored,simple
US-NY-OS-WM,Ignored,simple,Ignored,simple
US-NY-PU-CA,Dx.(Dx)-(Dx)-Dx(.Dx)(-Sx)( Sx),skip_empty: 1,Dx.(Dx)-(Dx)-Dx(.Dx)(-Sx)( Sx),skip_empty: 1
US-NY-PU-KE,Dx.(Dx)-(Dx)-Dx(.Dx)(-Sx)( Sx),skip_empty: 1,Dx.(Dx)-(Dx)-Dx(.Dx)(-Sx)( Sx),skip_empty: 1
US-NY-PU-PA,Dx.(Dx)-(Dx)-Dx(.Dx)(-Sx)( Sx),skip_empty: 1,Dx.(Dx)-(Dx)-Dx(.Dx)(-Sx)( Sx),skip_empty: 1
US-NY-PU-PH,Dx.(Dx)-(Dx)-Dx(.Dx)(-Sx)( Sx),skip_empty: 1,Dx.(Dx)-(Dx)-Dx(.Dx)(-Sx)( Sx),skip_empty: 1
US-NY-PU-PV,Dx.(Dx)-Dx-Dx(.(Dx)(/Sx)),skip_empty: 1,Dx.(Dx)-(Dx)-Dx(.Dx)(-Sx)( Sx),skip_empty: 1
US-NY-PU-SO,Dx.(Dx)-(Dx)-Dx(.Dx)(-Sx)( Sx),skip_empty: 1,Dx.(Dx)-(Dx)-Dx(.Dx)(-Sx)( Sx),skip_empty: 1
US-NY-QU,Dx,split_groups: 0|1 & drop_cols: 0_0 & skip_empty: 1,Sx( )-( )(Sx)( - Sx)(-Sx)( Sx),merge_after: 1 0 & skip_empty: 1
US-NY-RE-BE,Dx.(Dx)-Dx-Dx(.(Dx)(/Sx)),skip_empty: 1,Dx.(Dx)-Dx-Dx(.(Dx)(/Sx)),skip_empty: 1
US-NY-RE-BR,Dx.(Dx)-Dx-Dx(.(Dx)(/Sx)),skip_empty: 1,Dx.(Dx)-Dx-Dx(.(Dx)(/Sx)),skip_empty: 1
US-NY-RE-EG,Dx.(Dx)-Dx-Dx(.(Dx)(/Sx)),skip_empty: 1,Dx.(Dx)-Dx-Dx(.(Dx)(/Sx)),skip_empty: 1
US-NY-RE-GR,Dx.(Dx)-Dx-Dx(.(Dx)(/Sx)),skip_empty: 1,Dx.(Dx)-Dx-Dx(.(Dx)(/Sx)),skip_empty: 1
US-NY-RE-HO,Dx.(Dx)-Dx-Dx(.(Dx)(/Sx)),skip_empty: 1,Dx.(Dx)-Dx-Dx(.(Dx)(/Sx)),skip_empty: 1
US-NY-RE-NA,Dx.(Dx)-Dx-Dx(.(Dx)(/Sx)),skip_empty: 1,Dx.(Dx)-Dx-Dx(.(Dx)(/Sx)),skip_empty: 1
US-NY-RE-NG,Dx.(Dx)-Dx-Dx(.(Dx)(/Sx)),skip_empty: 1,Dx.(Dx)-Dx-Dx(.(Dx)(/Sx)),skip_empty: 1
US-NY-RE-PE,Dx.(Dx)-Dx-Dx(.(Dx)(/Sx)),skip_empty: 1,Dx.(Dx)-Dx-Dx(.(Dx)(/Sx)),skip_empty: 1
US-NY-RE-PI,Dx.(Dx)-Dx-Dx(.(Dx)(/Sx)),skip_empty: 1,Dx.(Dx)-Dx-Dx(.(Dx)(/Sx)),skip_empty: 1
US-NY-RE-PO,Dx.(Dx)-Dx-Dx(.(Dx)(/Sx)),skip_empty: 1,Dx.(Dx)-Dx-Dx(.(Dx)(/Sx)),skip_empty: 1
US-NY-RE-RE,Dx.(Dx)-Dx-Dx(.(Dx)(/Sx)),skip_empty: 1,Dx.(Dx)-Dx-Dx(.(Dx)(/Sx)),skip_empty: 1
US-NY-RE-SH,Dx.(Dx)-Dx-Dx(.(Dx)(/Sx)),skip_empty: 1,Dx.(Dx)-Dx-Dx(.(Dx)(/Sx)),skip_empty: 1
US-NY-RE-SC,Dx.(Dx)-Dx-Dx(.(Dx)(/Sx)),skip_empty: 1,Dx.(Dx)-Dx-Dx(.(Dx)(/Sx)),skip_empty: 1
US-NY-RE-SL,Dx.(Dx)-Dx-Dx(.(Dx)(/Sx)),skip_empty: 1,Dx.(Dx)-Dx-Dx(.(Dx)(/Sx)),skip_empty: 1
US-NY-RE-ST,Dx.(Dx)-Dx-Dx(.(Dx)(/Sx)),skip_empty: 1,Dx.(Dx)-Dx-Dx(.(Dx)(/Sx)),skip_empty: 1
US-NY-RE-TR,Dx.(Dx)-Dx-Dx(.(Dx)(/Sx)),skip_empty: 1,Dx.(Dx)-Dx-Dx(.(Dx)(/Sx)),skip_empty: 1
US-NY-RI,Dx,split_groups: 0|1 & drop_cols: 0_0 & skip_empty: 1,Sx( )-( )(Sx)( - Sx)(-Sx)( Sx),merge_after: 4 3 2 1 0 & skip_empty: 1
US-NY-RO-CL,Dx.(Dx)-Dx-Dx(.(Dx)(/Sx)),skip_empty: 1,Dx.(Dx)-Dx-Dx(.(Dx)(/Sx)),skip_empty: 1
US-NY-RO-HA,Dx.(Dx)-Dx-Dx(.(Dx)(/Sx)),skip_empty: 1,Dx.(Dx)-(Dx)-Dx(.Dx)(-Sx)( Sx),skip_empty: 1
US-NY-RO-OR,Dx.(Dx)-Dx-Dx(.(Dx)(/Sx)),skip_empty: 1,Dx.(Dx)-(Dx)-Dx(.Dx)(-Sx)( Sx),skip_empty: 1
US-NY-RO-RA,Dx.(Dx)-(Dx)-Dx(.Dx)(-Sx)( Sx),skip_empty: 1,Dx.(Dx)-(Dx)-Dx(.Dx)(-Sx)( Sx),skip_empty: 1
US-NY-RO-SP,Dx.(Dx)-Dx-Dx(.(Dx)(/Sx)),skip_empty: 1,Dx.(Dx)-Dx-Dx(.(Dx)(/Sx)),skip_empty: 1
US-NY-SE-CO,Ignored,simple,Ignored,simple
US-NY-SE-FA,Sx-Sx-Sx(.Sx),skip_empty: 1,Sx-Sx-Sx(.Sx),skip_empty: 1
US-NY-SE-JU,Sx-Sx-Sx(.Sx),skip_empty: 1,Sx-Sx-Sx(.Sx),skip_empty: 1
US-NY-SE-LO,Ignored,simple,Ignored,simple
US-NY-SE-OV,Sx-Sx-Sx(.Sx),skip_empty: 1,Sx-Sx-Sx(.Sx),skip_empty: 1
US-NY-SE-RO,Ignored,simple,Ignored,simple
US-NY-SE-SF,Ignored,simple,Ignored,simple
US-NY-SE-TY,Ignored,simple,Ignored,simple
US-NY-SE-VA,Sx-Sx-Sx(.Sx),skip_empty: 1,Sx-Sx-Sx(.Sx),skip_empty: 1
US-NY-SE-WA,Ignored,simple,Ignored,simple
US-NY-SU,Dx,,D4-D3.D2-D2.D2-D3.D3( -Dx),keep_length: 1 2 3 4 5 6 & merge_after: 0 0 0 0 0 0 & skip_empty: 1
US-NY-SL-BR,Dx.(Dx)-Dx-Dx(.(Dx)(/Sx)),skip_empty: 1,Dx.(Dx)-Dx-Dx(.(Dx)(/Sx)),skip_empty: 1
US-NY-SL-CA,Dx.(Dx)-Dx-Dx(.(Dx)(/Sx)),skip_empty: 1,Dx.(Dx)-Dx-Dx(.(Dx)(/Sx)),skip_empty: 1
US-NY-LA-CL,Dx.(Dx)-Dx-Dx(.(Dx)(/Sx)),skip_empty: 1,Dx.(Dx)-Dx-Dx(.(Dx)(/Sx)),skip_empty: 1
US-NY-SL-CL,Dx.(Dx)-Dx-Dx(.(Dx)(/Sx)),skip_empty: 1,Dx.(Dx)-Dx-Dx(.(Dx)(/Sx)),skip_empty: 1
US-NY-SL-CO,Dx.(Dx)-Dx-Dx(.(Dx)(/Sx)),skip_empty: 1,Dx.(Dx)-Dx-Dx(.(Dx)(/Sx)),skip_empty: 1
US-NY-SL-DK,Dx.(Dx)-Dx-Dx(.(Dx)(/Sx)),skip_empty: 1,Dx.(Dx)-Dx-Dx(.(Dx)(/Sx)),skip_empty: 1
US-NY-SL-DP,Dx.(Dx)-Dx-Dx(.(Dx)(/Sx)),skip_empty: 1,Dx.(Dx)-Dx-Dx(.(Dx)(/Sx)),skip_empty: 1
US-NY-SL-ED,Dx.(Dx)-Dx-Dx(.(Dx)(/Sx)),skip_empty: 1,Dx.(Dx)-Dx-Dx(.(Dx)(/Sx)),skip_empty: 1
US-NY-SL-FI,Dx.(Dx)-Dx-Dx(.(Dx)(/Sx)),skip_empty: 1,Dx.(Dx)-Dx-Dx(.(Dx)(/Sx)),skip_empty: 1
US-NY-SL-FO,Dx.(Dx)-Dx-Dx(.(Dx)(/Sx)),skip_empty: 1,Dx.(Dx)-Dx-Dx(.(Dx)(/Sx)),skip_empty: 1
US-NY-SL-GO,Dx.(Dx)-Dx-Dx(.(Dx)(/Sx)),skip_empty: 1,Dx.(Dx)-Dx-Dx(.(Dx)(/Sx)),skip_empty: 1
US-NY-SL-HA,Dx.(Dx)-Dx-Dx(.(Dx)(/Sx)),skip_empty: 1,Dx.(Dx)-Dx-Dx(.(Dx)(/Sx)),skip_empty: 1
US-NY-SL-HE,Dx.(Dx)-Dx-Dx(.(Dx)(/Sx)),skip_empty: 1,Dx.(Dx)-Dx-Dx(.(Dx)(/Sx)),skip_empty: 1
US-NY-SL-HO,Dx.(Dx)-Dx-Dx(.(Dx)(/Sx)),skip_empty: 1,Dx.(Dx)-Dx-Dx(.(Dx)(/Sx)),skip_empty: 1
US-NY-SL-LA,Dx.(Dx)-Dx-Dx(.(Dx)(/Sx)),skip_empty: 1,Dx.(Dx)-Dx-Dx(.(Dx)(/Sx)),skip_empty: 1
US-NY-SL-LI,Dx.(Dx)-Dx-Dx(.(Dx)(/Sx)),skip_empty: 1,Dx.(Dx)-Dx-Dx(.(Dx)(/Sx)),skip_empty: 1
US-NY-SL-LO,Dx.(Dx)-Dx-Dx(.(Dx)(/Sx)),skip_empty: 1,Dx.(Dx)-Dx-Dx(.(Dx)(/Sx)),skip_empty: 1
US-NY-SL-MC,Dx.(Dx)-Dx-Dx(.(Dx)(/Sx)),skip_empty: 1,Dx.(Dx)-Dx-Dx(.(Dx)(/Sx)),skip_empty: 1
US-NY-SL-MD,Dx.(Dx)-Dx-Dx(.(Dx)(/Sx)),skip_empty: 1,Dx.(Dx)-Dx-Dx(.(Dx)(/Sx)),skip_empty: 1
US-NY-SL-MO,Dx.(Dx)-Dx-Dx(.(Dx)(/Sx)),skip_empty: 1,Dx.(Dx)-Dx-Dx(.(Dx)(/Sx)),skip_empty: 1
US-NY-SL-MA,Dx.(Dx)-Dx-Dx(.(Dx)(/Sx)),skip_empty: 1,Dx.(Dx)-Dx-Dx(.(Dx)(/Sx)),skip_empty: 1
US-NY-SL-NO,Dx.(Dx)-Dx-Dx(.(Dx)(/Sx)),skip_empty: 1,Dx.(Dx)-Dx-Dx(.(Dx)(/Sx)),skip_empty: 1
US-NY-SL-OG,Dx.(Dx)-Dx-Dx(.(Dx)(/Sx)),split_groups: 0|6 & drop_cols: 0_0 & skip_empty: 1,Dx.(Dx)-Dx-Dx(.(Dx)(/Sx)),split_groups: 0|6 & drop_cols: 0_0 & skip_empty: 1
US-NY-SL-OS,Dx.(Dx)-Dx-Dx(.(Dx)(/Sx)),skip_empty: 1,Dx.(Dx)-Dx-Dx(.(Dx)(/Sx)),skip_empty: 1
US-NY-SL-PA,Dx.(Dx)-Dx-Dx(.(Dx)(/Sx)),skip_empty: 1,Dx.(Dx)-Dx-Dx(.(Dx)(/Sx)),skip_empty: 1
US-NY-SL-PI,Dx.(Dx)-Dx-Dx(.(Dx)(/Sx)),skip_empty: 1,Dx.(Dx)-Dx-Dx(.(Dx)(/Sx)),skip_empty: 1
US-NY-SL-PR,Dx.(Dx)-Dx-Dx(.(Dx)(/Sx)),skip_empty: 1,Dx.(Dx)-Dx-Dx(.(Dx)(/Sx)),skip_empty: 1
US-NY-SL-PO,Dx.(Dx)-Dx-Dx(.(Dx)(/Sx)),skip_empty: 1,Dx.(Dx)-Dx-Dx(.(Dx)(/Sx)),skip_empty: 1
US-NY-SL-PT,Dx.(Dx)-Dx-Dx(.(Dx)(/Sx)),skip_empty: 1,Dx.(Dx)-Dx-Dx(.(Dx)(/Sx)),skip_empty: 1
US-NY-SL-RO,Dx.(Dx)-Dx-Dx(.(Dx)(/Sx)),skip_empty: 1,Dx.(Dx)-Dx-Dx(.(Dx)(/Sx)),skip_empty: 1
US-NY-SL-RU,Dx.(Dx)-Dx-Dx(.(Dx)(/Sx)),skip_empty: 1,Dx.(Dx)-Dx-Dx(.(Dx)(/Sx)),skip_empty: 1
US-NY-SL-ST,Dx.(Dx)-Dx-Dx(.(Dx)(/Sx)),skip_empty: 1,Dx.(Dx)-Dx-Dx(.(Dx)(/Sx)),skip_empty: 1
US-NY-SL-WA,Dx.(Dx)-Dx-Dx(.(Dx)(/Sx)),skip_empty: 1,Dx.(Dx)-Dx-Dx(.(Dx)(/Sx)),skip_empty: 1
US-NY-SU-BE,Dx.(A1)-Dx-Dx(.Dx Dx),skip_empty: 1,Dx.(A1)-Dx-Dx(.Dx Dx),skip_empty: 1
US-NY-SY-CA,Dx.(Dx)-Dx-Dx(.(Dx)(/Sx)),skip_empty: 1,Dx.(Dx)-Dx-Dx(.(Dx)(/Sx)),skip_empty: 1
US-NY-SU-CO,Dx.(A1)-Dx-Dx(.Dx Dx),merge_after: 4 & skip_empty: 1,Dx.(Dx)-Dx-Dx(.(Dx)(/Sx)),skip_empty: 1
US-NY-SU-DE,Dx.(A1)-Dx-Dx(.Dx Dx),skip_empty: 1,Dx.(A1)-Dx-Dx(.Dx Dx),skip_empty: 1
US-NY-SU-FA,Ignored,simple,Ignored,simple
US-NY-SU-FO,Dx.(A1)-Dx-Dx(.Dx Dx),skip_empty: 1,Dx.(A1)-Dx-Dx(.Dx Dx),skip_empty: 1
US-NY-SU-FR,Dx.(A1)-Dx-Dx(.Dx Dx),skip_empty: 1,Dx.(A1)-Dx-Dx(.Dx Dx),skip_empty: 1
US-NY-SU-HI,Dx.(A1)-Dx-Dx(.Dx Dx),merge_after: 4 & skip_empty: 1,Dx.(A1)-Dx-Dx(.Dx Dx),merge_after: 4 & skip_empty: 1
US-NY-SU-LI,Dx.(Dx)-Dx-Dx(.(Dx)(/Sx)),skip_empty: 1,Dx.(Dx)-Dx-Dx(.(Dx)(/Sx)),skip_empty: 1
US-NY-SU-LU,Dx.(A1)-Dx-Dx(.Dx Dx),merge_after: 4 & skip_empty: 1,Dx.(A1)-Dx-Dx(.Dx Dx),skip_empty: 1
US-NY-SU-MA,Ignored,simple,Ignored,simple
US-NY-SU-NE,Dx.(A1)-Dx-Dx(.Dx Dx),skip_empty: 1,Dx.(A1)-Dx-Dx(.Dx Dx),skip_empty: 1
US-NY-SU-RO,Dx.(A1)-Dx-Dx(.Dx Dx),merge_after: 4 & skip_empty: 1,Dx.(A1)-Dx-Dx(.Dx Dx),skip_empty: 1
US-NY-SU-TH,Ignored,simple,Ignored,simple
US-NY-SU-TU,Dx.(A1)-Dx-Dx(.Dx Dx),skip_empty: 1,Dx.(A1)-Dx-Dx(.Dx Dx),skip_empty: 1
US-NY-SC-DU,Dx.(Dx)-Dx-Dx(.(Dx)(/Sx)),skip_empty: 1,Dx.(Dx)-Dx-Dx(.(Dx)(/Sx)),skip_empty: 1
US-NY-SC-GL,Dx.(Dx)-Dx-Dx(.(Dx)(/Sx)),skip_empty: 1,Dx.(Dx)-(Dx)-Dx(.Dx)(-Sx)( Sx),skip_empty: 1
US-NY-SC-NI,Dx.(Dx)-Dx-Dx(.(Dx)(/Sx)),skip_empty: 1,Dx.(Dx)-Dx-Dx(.(Dx)(/Sx)),skip_empty: 1
US-NY-SC-PR,Dx.(Dx)-Dx-Dx(.(Dx)(/Sx)),skip_empty: 1,Dx.(Dx)-Dx-Dx(.(Dx)(/Sx)),skip_empty: 1
US-NY-SC-RO,Dx.(Dx)-Dx-Dx(.(Dx)(/Sx)),skip_empty: 1,Dx.(Dx)-Dx-Dx(.(Dx)(/Sx)),skip_empty: 1
US-NY-SC-SC,Dx.(Dx)-Dx-Dx(.(Dx)(/Sx)),skip_empty: 1,Dx.(Dx)-(Dx)-Dx(.Dx)(-Sx)( Sx),skip_empty: 1
US-NY-SH-BL,Dx(.-Dx.-Dx),skip_empty: 1,Dx.(Dx)-(Dx)-Dx(.Dx)(-Sx)( Sx),skip_empty: 1
US-NY-SH-BR,Dx(.-Dx.-Dx),skip_empty: 1,Dx.(Dx)-(Dx)-Dx(.Dx)(-Sx)( Sx),skip_empty: 1
US-NY-SH-CA,Dx.(Dx)-Dx-Dx(.(Dx)(/Sx)),skip_empty: 1,Dx.(Dx)-(Dx)-Dx(.Dx)(-Sx)( Sx),skip_empty: 1
US-NY-SH-CO,Dx(.-Dx.-Dx),skip_empty: 1,Dx.(Dx)-(Dx)-Dx(.Dx)(-Sx)( Sx),skip_empty: 1
US-NY-SH-CO,Dx.(Dx)-Dx-Dx(.(Dx)(/Sx)),skip_empty: 1,Dx.(Dx)-(Dx)-Dx(.Dx)(-Sx)( Sx),skip_empty: 1
US-NY-SH-ES,Dx.(Dx)-Dx-Dx(.(Dx)(/Sx)),skip_empty: 1,Dx.(Dx)-(Dx)-Dx(.Dx)(-Sx)( Sx),skip_empty: 1
US-NY-SH-FU,Dx.(Dx)-Dx-Dx(.(Dx)(/Sx)),skip_empty: 1,Dx.(Dx)-(Dx)-Dx(.Dx)(-Sx)( Sx),skip_empty: 1
US-NY-SH-GI,Dx(.-Dx.-Dx),skip_empty: 1,Dx.(Dx)-(Dx)-Dx(.Dx)(-Sx)( Sx),skip_empty: 1
US-NY-SH-JE,Dx.(Dx)-Dx-Dx(.(Dx)(/Sx)),skip_empty: 1,Dx.(Dx)-(Dx)-Dx(.Dx)(-Sx)( Sx),skip_empty: 1
US-NY-SH-MI,Dx.(Dx)-Dx-Dx(.(Dx)(/Sx)),skip_empty: 1,Dx.(Dx)-(Dx)-Dx(.Dx)(-Sx)( Sx),skip_empty: 1
US-NY-SH-RI,Dx.(Dx)-Dx-Dx(.(Dx)(/Sx)),skip_empty: 1,Dx.(Dx)-(Dx)-Dx(.Dx)(-Sx)( Sx),drop_cols: 5 6 & skip_empty: 1
US-NY-SH-SC,Dx.(Dx)-Dx-Dx(.(Dx)(/Sx)),skip_empty: 1,Dx.(Dx)-(Dx)-Dx(.Dx)(-Sx)( Sx),skip_empty: 1
US-NY-SH-SE,Dx.(Dx)-Dx-Dx(.(Dx)(/Sx)),skip_empty: 1,Dx.(Dx)-(Dx)-Dx(.Dx)(-Sx)( Sx),drop_cols: 5 6 & skip_empty: 1
US-NY-SH-SH,Dx.(Dx)-Dx-Dx(.(Dx)(/Sx)),skip_empty: 1,Dx.(Dx)-(Dx)-Dx(.Dx)(-Sx)( Sx),skip_empty: 1
US-NY-SH-SU,Dx.(Dx)-Dx-Dx(.(Dx)(/Sx)),skip_empty: 1,Dx.(Dx)-(Dx)-Dx(.Dx)(-Sx)( Sx),skip_empty: 1
US-NY-SH-WR,Dx(.-Dx.-Dx),skip_empty: 1,Dx.(Dx)-(Dx)-Dx(.Dx)(-Sx)( Sx),skip_empty: 1
US-NY-SA-BA,Dx.(Dx)-Dx-Dx(.(Dx)(/Sx)),skip_empty: 1,Dx.(Dx)-(Dx)-Dx(.Dx)(-Sx)( Sx),skip_empty: 1
US-NY-SA-CH,Dx.(Dx)-Dx-Dx(.(Dx)(/Sx)),skip_empty: 1,Dx.(Dx)-(Dx)-Dx(.Dx)(-Sx)( Sx),drop_cols: 5 6 & skip_empty: 1
US-NY-SA-CO,Dx.(Dx)-Dx-Dx(.(Dx)(/Sx)),skip_empty: 1,Dx.(Dx)-(Dx)-Dx(.Dx)(-Sx)( Sx),skip_empty: 1
US-NY-SA-CP,Dx.(Dx)-Dx-Dx(.(Dx)(/Sx)),skip_empty: 1,Dx.(Dx)-(Dx)-Dx(.Dx)(-Sx)( Sx),skip_empty: 1
US-NY-SA-DA,Dx.(Dx)-Dx-Dx(.(Dx)(/Sx)),skip_empty: 1,Dx.(Dx)-(Dx)-Dx(.Dx)(-Sx)( Sx),skip_empty: 1
US-NY-SA-ED,Dx.(Dx)-Dx-Dx(.(Dx)(/Sx)),skip_empty: 1,Dx.(Dx)-(Dx)-Dx(.Dx)(-Sx)( Sx),skip_empty: 1
US-NY-SA-GA,Dx.(Dx)-Dx-Dx(.(Dx)(/Sx)),skip_empty: 1,Dx.(Dx)-(Dx)-Dx(.Dx)(-Sx)( Sx),drop_cols: 5 6 & skip_empty: 1
US-NY-SA-GR,Dx.(Dx)-Dx-Dx(.(Dx)(/Sx)),skip_empty: 1,Dx.(Dx)-(Dx)-Dx(.Dx)(-Sx)( Sx),skip_empty: 1
US-NY-SA-HA,Dx.(Dx)-Dx-Dx(.(Dx)(/Sx)),skip_empty: 1,Dx.(Dx)-(Dx)-Dx(.Dx)(-Sx)( Sx),skip_empty: 1
US-NY-SA-HA,Dx.(Dx)-Dx-Dx(.(Dx)(/Sx)),skip_empty: 1,Dx.(Dx)-(Dx)-Dx(.Dx)(-Sx)( Sx),skip_empty: 1
US-NY-SA-MA,Dx.(Dx)-Dx-Dx(.(Dx)(/Sx)),skip_empty: 1,Dx.(Dx)-(Dx)-Dx(.Dx)(-Sx)( Sx),skip_empty: 1
US-NY-SA-ME,Dx.(Dx)-Dx-Dx(.(Dx)(/Sx)),skip_empty: 1,Dx.(Dx)-(Dx)-Dx(.Dx)(-Sx)( Sx),skip_empty: 1
US-NY-SA-MI,Dx.(Dx)-Dx-Dx(.(Dx)(/Sx)),skip_empty: 1,Dx.(Dx)-(Dx)-Dx(.Dx)(-Sx)( Sx),skip_empty: 1
US-NY-SA-MO,Dx.(Dx)-Dx-Dx(.(Dx)(/Sx)),skip_empty: 1,Dx.(Dx)-(Dx)-Dx(.Dx)(-Sx)( Sx),drop_cols: 5 6 & skip_empty: 1
US-NY-SA-NO,Dx.(Dx)-Dx-Dx(.(Dx)(/Sx)),skip_empty: 1,Dx.(Dx)-(Dx)-Dx(.Dx)(-Sx)( Sx),skip_empty: 1
US-NY-SA-PR,Dx.(Dx)-Dx-Dx(.(Dx)(/Sx)),skip_empty: 1,Dx.(Dx)-(Dx)-Dx(.Dx)(-Sx)( Sx),drop_cols: 5 6 & skip_empty: 1
US-NY-SA-SA,Dx.(Dx)-Dx-Dx(.(Dx)(/Sx)),skip_empty: 1,Dx.(Dx)-(Dx)-Dx(.Dx)(-Sx)( Sx),skip_empty: 1
US-NY-SA-SS,Dx.(Dx)-Dx-Dx(.(Dx)(/Sx)),skip_empty: 1,Dx.(Dx)-(Dx)-Dx(.Dx)(-Sx)( Sx),skip_empty: 1
US-NY-SA-ST,Dx.(Dx)-Dx-Dx(.(Dx)(/Sx)),skip_empty: 1,Dx.(Dx)-(Dx)-Dx(.Dx)(-Sx)( Sx),skip_empty: 1
US-NY-SA-WA,Dx.(Dx)-Dx-Dx(.(Dx)(/Sx)),skip_empty: 1,Dx.(Dx)-(Dx)-Dx(.Dx)(-Sx)( Sx),skip_empty: 1
US-NY-SA-WI,Dx.(Dx)-Dx-Dx(.(Dx)(/Sx)),skip_empty: 1,Dx.(Dx)-(Dx)-Dx(.Dx)(-Sx)( Sx),skip_empty: 1
US-NY-ST-AD,(D5_)Dx.Dx-Dx-Dx.Dx,skip_empty: 1,Dx.(Dx)-Dx-Dx(.(Dx)(/Sx)),skip_empty: 1
US-NY-ST-AV,(D5_)Dx.Dx-Dx-Dx.Dx,skip_empty: 1,Dx.(Dx)-Dx-Dx(.(Dx)(/Sx)),skip_empty: 1
US-NY-ST-BA,(D5_)Dx.Dx-Dx-Dx.Dx,skip_empty: 1,Dx.(Dx)-Dx-Dx(.(Dx)(/Sx)),skip_empty: 1
US-NY-ST-BR,Ignored,simple,Ignored,simple
US-NY-ST-CM,(D5_)Dx.Dx-Dx-Dx.Dx,skip_empty: 1,Dx.(Dx)-Dx-Dx(.(Dx)(/Sx)),skip_empty: 1
US-NY-ST-CO,(D5_)Dx.Dx-Dx-Dx.Dx,skip_empty: 1,Dx.(Dx)-Dx-Dx(.(Dx)(/Sx)),skip_empty: 1
US-NY-ST-CM,Ignored,simple,Ignored,simple
US-NY-ST-CN,Ignored,simple,Ignored,simple
US-NY-ST-CO,(D5_)Dx.Dx-Dx-Dx.Dx,skip_empty: 1,Dx.(Dx)-Dx-Dx(.(Dx)(/Sx)),skip_empty: 1
US-NY-ST-CT,(D5_)Dx.Dx-Dx-Dx.Dx,skip_empty: 1,Dx.(Dx)-Dx-Dx(.(Dx)(/Sx)),skip_empty: 1
US-NY-ST-CA,Ignored,simple,Ignored,simple
US-NY-ST-DA,(D5_)Dx.Dx-Dx-Dx.Dx,skip_empty: 1,Dx.(Dx)-Dx-Dx(.(Dx)(/Sx)),skip_empty: 1
US-NY-ST-ER,(D5_)Dx.Dx-Dx-Dx.Dx,skip_empty: 1,Dx.(Dx)-Dx-Dx(.(Dx)(/Sx)),skip_empty: 1
US-NY-ST-FR,(D5_)Dx.Dx-Dx-Dx.Dx,skip_empty: 1,Dx.(Dx)-Dx-Dx(.(Dx)(/Sx)),skip_empty: 1
US-NY-ST-GR,(D5_)Dx.Dx-Dx-Dx.Dx,skip_empty: 1,Dx.(Dx)-Dx-Dx(.(Dx)(/Sx)),skip_empty: 1
US-NY-ST-HA,Ignored,simple,Ignored,simple
US-NY-ST-HR,Ignored,simple,Ignored,simple
US-NY-ST-HN,(D5_)Dx.Dx-Dx-Dx.Dx,,(D5_)Dx.Dx-Dx-Dx.Dx,
US-NY-ST-HO,(D5_)Dx.Dx-Dx-Dx.Dx,skip_empty: 1,(D5_)Dx.Dx-Dx-Dx.Dx,skip_empty: 1
US-NY-ST-HW,(D5_)Dx.Dx-Dx-Dx.Dx,skip_empty: 1,Dx.(Dx)-Dx-Dx(.(Dx)(/Sx)),skip_empty: 1
US-NY-ST-JA,(D5_)Dx.Dx-Dx-Dx.Dx,skip_empty: 1,Dx.(Dx)-Dx-Dx(.(Dx)(/Sx)),skip_empty: 1
US-NY-ST-LI,(D5_)Dx.Dx-Dx-Dx.Dx,skip_empty: 1,Dx.(Dx)-Dx-Dx(.(Dx)(/Sx)),skip_empty: 1
US-NY-ST-PR,(D5_)Dx.Dx-Dx-Dx.Dx,skip_empty: 1,Dx.(Dx)-Dx-Dx(.(Dx)(/Sx)),skip_empty: 1
US-NY-ST-PU,Ignored,simple,Ignored,simple
US-NY-ST-RA,(D5_)Dx.Dx-Dx-Dx.Dx,skip_empty: 1,Dx.(Dx)-Dx-Dx(.(Dx)(/Sx)),skip_empty: 1
US-NY-ST-TH,(D5_)Dx.Dx-Dx-Dx.Dx,skip_empty: 1,Dx.(Dx)-Dx-Dx(.(Dx)(/Sx)),skip_empty: 1
US-NY-ST-TR,(D5_)Dx.Dx-Dx-Dx.Dx,skip_empty: 1,Dx.(Dx)-Dx-Dx(.(Dx)(/Sx)),skip_empty: 1
US-NY-ST-TU,(D5_)Dx.Dx-Dx-Dx.Dx,skip_empty: 1,Dx.(Dx)-Dx-Dx(.(Dx)(/Sx)),skip_empty: 1
US-NY-ST-UR,(D5_)Dx.Dx-Dx-Dx.Dx,skip_empty: 1,Dx.(Dx)-Dx-Dx(.(Dx)(/Sx)),skip_empty: 1
US-NY-ST-WA,(D5_)Dx.Dx-Dx-Dx.Dx,skip_empty: 1,Dx.(Dx)-Dx-Dx(.(Dx)(/Sx)),skip_empty: 1
US-NY-ST-WH,Ignored,simple,Ignored,simple
US-NY-ST-WO,Ignored,simple,Ignored,simple
US-NY-ST-WU,Ignored,simple,Ignored,simple
US-NY-ST-WY,(D5_)Dx.Dx-Dx-Dx.Dx,skip_empty: 1,Dx.(Dx)-Dx-Dx(.(Dx)(/Sx)),skip_empty: 1
US-NY-SH-CA,Dx.(Dx)-Dx-Dx(.(Dx)(/Sx)),skip_empty: 1,Dx.(Dx)-Dx-Dx(.(Dx)(/Sx)),skip_empty: 1
US-NY-SH-CY,Dx.(Dx)-Dx-Dx(.(Dx)(/Sx)),split_groups: 0|6 & drop_cols: 0_0 & skip_empty: 1,Dx.(Dx)-Dx-Dx(.(Dx)(/Sx)),split_groups: 0|6 & drop_cols: 0_0 & skip_empty: 1
US-NY-SH-DI,Dx.(Dx)-Dx-Dx(.(Dx)(/Sx)),skip_empty: 1,Dx.(Dx)-Dx-Dx(.(Dx)(/Sx)),skip_empty: 1
US-NY-SH-HE,Dx.(Dx)-Dx-Dx(.(Dx)(/Sx)),skip_empty: 1,Dx.(Dx)-Dx-Dx(.(Dx)(/Sx)),skip_empty: 1
US-NY-SH-MO,Dx.(Dx)-Dx-Dx(.(Dx)(/Sx)),skip_empty: 1,Dx.(Dx)-Dx-Dx(.(Dx)(/Sx)),skip_empty: 1
US-NY-SH-OR,Dx.(Dx)-Dx-Dx(.(Dx)(/Sx)),skip_empty: 1,Dx.(Dx)-Dx-Dx(.(Dx)(/Sx)),skip_empty: 1
US-NY-SH-RE,Dx.(Dx)-Dx-Dx(.(Dx)(/Sx)),skip_empty: 1,Dx.(Dx)-Dx-Dx(.(Dx)(/Sx)),skip_empty: 1
US-NY-SH-TY,Dx.(Dx)-Dx-Dx(.(Dx)(/Sx)),skip_empty: 1,Dx.(Dx)-Dx-Dx(.(Dx)(/Sx)),skip_empty: 1
US-NY-TI-BA,Dx,string_lengths: 3 3 4 3 3 & skip_empty: 1,Dx.(Dx)-(Dx)-Dx(.Dx)(-Sx)( Sx),skip_empty: 1
US-NY-TI-BE,Dx,string_lengths: 3 3 4 3 3 & skip_empty: 1,Dx.(Dx)-(Dx)-Dx(.Dx)(-Sx)( Sx),skip_empty: 1
US-NY-TI-CA,Dx,string_lengths: 3 3 4 3 3 & skip_empty: 1,Dx.(Dx)-(Dx)-Dx(.Dx)(-Sx)( Sx),skip_empty: 1
US-NY-TI-NI,Dx,string_lengths: 3 3 4 3 3 & skip_empty: 1,Dx.(Dx)-(Dx)-Dx(.Dx)(-Sx)( Sx),skip_empty: 1
US-NY-TI-NV,Dx,string_lengths: 3 3 4 3 3 & skip_empty: 1,Dx.(Dx)-(Dx)-Dx(.Dx)(-Sx)( Sx),skip_empty: 1
US-NY-TI-OW,Dx,string_lengths: 3 3 4 3 3 & skip_empty: 1,Dx.(Dx)-(Dx)-Dx(.Dx)(-Sx)( Sx),skip_empty: 1
US-NY-TI-RI,Dx,string_lengths: 3 3 4 3 3 & skip_empty: 1,Dx.(Dx)-(Dx)-Dx(.Dx)(-Sx)( Sx),skip_empty: 1
US-NY-TI-SP,Dx,string_lengths: 3 3 4 3 3 & skip_empty: 1,Dx.(Dx)-(Dx)-Dx(.Dx)(-Sx)( Sx),drop_cols: 5 6 & skip_empty: 1
US-NY-TI-TI,Dx,string_lengths: 3 3 4 3 3 & skip_empty: 1,Dx.(Dx)-(Dx)-Dx(.Dx)(-Sx)( Sx),skip_empty: 1
US-NY-TO-CA,Dx(.-Dx.-Dx),skip_empty: 1,Dx.(Dx)-Dx-Dx(.(Dx)(/Sx)),skip_empty: 1
US-NY-TO-DA,Dx(.-Dx.-Dx),skip_empty: 1,Dx.(Dx)-Dx-Dx(.(Dx)(/Sx)),skip_empty: 1
US-NY-TO-DR,D6-Dx.D1-Dx(.Dx),drop_cols: 0 & skip_empty: 1,Dx.(Dx)-(Dx)-Dx(.Dx)(-Sx)( Sx),skip_empty: 1
US-NY-TO-EN,Dx.(A1)-Dx-Dx(.Dx Dx),merge_after: 4 & skip_empty: 1,Dx.(Dx)-Dx-Dx(.(Dx)(/Sx)),skip_empty: 1
US-NY-TO-GR,D6-Dx.D1-Dx(.Dx),drop_cols: 0 & skip_empty: 1,Dx.(Dx)-Dx-Dx(.(Dx)(/Sx)),skip_empty: 1
US-NY-TO-IT,D6-Dx.D1-Dx(.Dx),drop_cols: 0 & skip_empty: 1,Dx.(Dx)-(Dx)-Dx(.Dx)(-Sx)( Sx),skip_empty: 1
US-NY-TO-IT,Dx.(Dx)-Dx-Dx(.(Dx)(/Sx)),skip_empty: 1,Dx.(Dx)-Dx-Dx(.(Dx)(/Sx)),skip_empty: 1
US-NY-TO-LA,D6-Dx.D1-Dx(.Dx),drop_cols: 0 & skip_empty: 1,Dx.(Dx)-(Dx)-Dx(.Dx)(-Sx)( Sx),skip_empty: 1
US-NY-TO-NE,Dx.(Dx)-Dx-Dx(.(Dx)(/Sx)),skip_empty: 1,Dx.(Dx)-Dx-Dx(.(Dx)(/Sx)),skip_empty: 1
US-NY-TO-UL,D6-Dx.D1-Dx(.Dx),drop_cols: 0 & skip_empty: 1,Dx.(Dx)-(Dx)-Dx(.Dx)(-Sx)( Sx),skip_empty: 1
US-NY-UL-DE,Dx,string_lengths: 3 3 4 3 3 & skip_empty: 1,Dx.(Dx)-(Dx)-Dx(.Dx)(-Sx)( Sx),skip_empty: 1
US-NY-UL-ES,Dx,string_lengths: 3 3 4 3 3 & skip_empty: 1,Dx.(Dx)-(Dx)-Dx(.Dx)(-Sx)( Sx),drop_cols: 5 6 & skip_empty: 1
US-NY-UL-GA,Dx,string_lengths: 3 3 4 3 3 & skip_empty: 1,Dx.(Dx)-(Dx)-Dx(.Dx)(-Sx)( Sx),drop_cols: 5 6 & skip_empty: 1
US-NY-UL-HA,Dx,string_lengths: 3 3 4 3 3 & skip_empty: 1,Dx.(Dx)-(Dx)-Dx(.Dx)(-Sx)( Sx),skip_empty: 1
US-NY-UL-HU,Dx,string_lengths: 3 3 4 3 3 & skip_empty: 1,Dx.(Dx)-(Dx)-Dx(.Dx)(-Sx)( Sx),skip_empty: 1
US-NY-UL-KN,Dx,string_lengths: 3 3 4 3 3 & skip_empty: 1,Dx.(Dx)-(Dx)-Dx(.Dx)(-Sx)( Sx),skip_empty: 1
US-NY-UL-KI,Dx,string_lengths: 3 3 4 3 3 & skip_empty: 1,Dx.(Dx)-(Dx)-Dx(.Dx)(-Sx)( Sx),drop_cols: 5 6 & skip_empty: 1
US-NY-UL-LL,Dx,string_lengths: 3 3 4 3 3 & skip_empty: 1,Dx.(Dx)-(Dx)-Dx(.Dx)(-Sx)( Sx),skip_empty: 1
US-NY-UL-MR,Dx,string_lengths: 3 3 4 3 3 & skip_empty: 1,Dx.(Dx)-(Dx)-Dx(.Dx)(-Sx)( Sx),drop_cols: 5 6 & skip_empty: 1
US-NY-UL-MA,Dx,string_lengths: 3 3 4 3 3 & skip_empty: 1,Dx.(Dx)-(Dx)-Dx(.Dx)(-Sx)( Sx),drop_cols: 5 6 & skip_empty: 1
US-NY-UL-NP,Dx,string_lengths: 3 3 4 3 3 & skip_empty: 1,Dx.(Dx)-(Dx)-Dx(.Dx)(-Sx)( Sx),drop_cols: 5 6 & skip_empty: 1
US-NY-UL-OL,Dx,string_lengths: 3 3 4 3 3 & skip_empty: 1,Dx.(Dx)-(Dx)-Dx(.Dx)(-Sx)( Sx),skip_empty: 1
US-NY-UL-PL,Dx,string_lengths: 3 3 4 3 3 & skip_empty: 1,Dx.(Dx)-(Dx)-Dx(.Dx)(-Sx)( Sx),skip_empty: 1
US-NY-UL-RO,Dx,string_lengths: 3 3 4 3 3 & skip_empty: 1,Dx.(Dx)-(Dx)-Dx(.Dx)(-Sx)( Sx),skip_empty: 1
US-NY-UL-RS,Dx,string_lengths: 3 3 4 3 3 & skip_empty: 1,Dx.(Dx)-(Dx)-Dx(.Dx)(-Sx)( Sx),skip_empty: 1
US-NY-UL-SA,Dx,string_lengths: 3 3 4 3 3 & skip_empty: 1,Dx.(Dx)-(Dx)-Dx(.Dx)(-Sx)( Sx),skip_empty: 1
US-NY-UL-SH,Dx,string_lengths: 3 3 4 3 3 & skip_empty: 1,Dx.(Dx)-(Dx)-Dx(.Dx)(-Sx)( Sx),skip_empty: 1
US-NY-UL-SH,Dx,string_lengths: 3 3 4 3 3 & skip_empty: 1,Dx.(Dx)-(Dx)-Dx(.Dx)(-Sx)( Sx),drop_cols: 5 6 & skip_empty: 1
US-NY-UL-UL,Dx,string_lengths: 3 3 4 3 3 & skip_empty: 1,Dx.(Dx)-Dx-Dx(.(Dx)(/Sx)),skip_empty: 1
US-NY-UL-WA,Dx,string_lengths: 3 3 4 3 3 & skip_empty: 1,Dx.(Dx)-(Dx)-Dx(.Dx)(-Sx)( Sx),skip_empty: 1
US-NY-UL-WO,Dx,string_lengths: 3 3 4 3 3 & skip_empty: 1,Dx.(Dx)-(Dx)-Dx(.Dx)(-Sx)( Sx),skip_empty: 1
US-NY-WE-BE,Dx.(Dx)-(Dx)-Dx(.Dx)(-Sx)( Sx),skip_empty: 1,Dx.(Dx)-(Dx)-Dx(.Dx)(-Sx)( Sx),skip_empty: 1
US-NY-WE-CO,Dx.(Dx)-(Dx)-Dx(.Dx)(-Sx)( Sx),skip_empty: 1,Dx.(Dx)-(Dx)-Dx(.Dx)(-Sx)( Sx),skip_empty: 1
US-NY-WE-EA,Unrecognized,,Unrecognized,
US-NY-WE-GR,Ignored,simple,Ignored,simple
US-NY-WE-HA,Dx(.-Dx.-Dx),keep_length: 2 & merge_after: 1 & skip_empty: 1,Dx(.-Dx.-Dx),keep_length: 2 & merge_after: 1 & skip_empty: 1
US-NY-WE-MA,Sx-Sx-Sx(.Sx),skip_empty: 1,Sx-[S.]x(-Sx)(-Sx)(-S.x),split_groups: 1|. 4|. & skip_empty: 1
US-NY-WE-MK,Dx.(Dx)-Dx-Dx(.(Dx)(/Sx)),skip_empty: 1,Dx.(Dx)-Dx-Dx(.(Dx)(/Sx)),skip_empty: 1
US-NY-WE-MP,Dx.(Dx)-Dx-Dx(.(Dx)(/Sx)),skip_empty: 1,Dx.(Dx)-Dx-Dx(.(Dx)(/Sx)),skip_empty: 1
US-NY-WE-MV,Ignored,simple,Ignored,simple
US-NY-WE-NC,Dx.(Dx)-(Dx)-Dx(.Dx)(-Sx)( Sx),skip_empty: 1,Dx.(Dx)-(Dx)-Dx(.Dx)(-Sx)( Sx),skip_empty: 1
US-NY-WE-NC,Dx.(Dx)-Dx-Dx(.(Dx)(/Sx)),skip_empty: 1,Dx.(Dx)-(Dx)-Dx(.Dx)(-Sx)( Sx),drop_cols: 5 6 & skip_empty: 1
US-NY-WE-NR,Sx-[S.]x(-Sx)(-Sx)(-S.x),split_groups: 1|. 4|. & skip_empty: 1,Sx-Sx-Sx(.Sx),skip_empty: 1
US-NY-WE-NS,Ignored,simple,Ignored,simple
US-NY-WE-OS,Dx.(Dx)-Dx-Dx(.(Dx)(/Sx)),skip_empty: 1,Dx.(Dx)-Dx-Dx(.(Dx)(/Sx)),skip_empty: 1
US-NY-WE-PE,Dx.(Dx)-Dx-Dx(.(Dx)(/Sx)),skip_empty: 1,Dx.(Dx)-Dx-Dx(.(Dx)(/Sx)),skip_empty: 1
US-NY-WE-PE,Dx.(Dx)-Dx-Dx(.(Dx)(/Sx)),skip_empty: 1,Dx.(Dx)-(Dx)-Dx(.Dx)(-Sx)( Sx),skip_empty: 1
US-NY-WE-PR,Sx-[S.]x(-Sx)(-Sx)(-Sx),merge_after: 4 3 2 & skip_empty: 1,Sx-[S.]x(-Sx)(-Sx)(-Sx),merge_after: 4 3 2 & skip_empty: 1
US-NY-WE-RE,Sx-Sx-Sx-Sx(-Sx-Sx.Sx),skip_empty: 1,Sx-Sx-Sx-Sx(-Sx-Sx.Sx),skip_empty: 1
US-NY-WE-RY,Dx.(Dx)-Dx-Dx(.(Dx)(/Sx)),skip_empty: 1,Dx.(Dx)-Dx-Dx(.(Dx)(/Sx)),skip_empty: 1
US-NY-WE-SC,Ignored,simple,Ignored,simple
US-NY-WE-SO,Dx.(Dx)-(Dx)-Dx(.Dx)(-Sx)( Sx),drop_cols: 5 6 & skip_empty: 1,Dx.(Dx)-(Dx)-Dx(.Dx)(-Sx)( Sx),skip_empty: 1
US-NY-WE-WP,Dx.(Dx)-Dx-Dx(.(Dx)(/Sx)),skip_empty: 1,Dx.(Dx)-Dx-Dx(.(Dx)(/Sx)),skip_empty: 1
US-NY-WE-YO,Dx.(Dx)-Dx-Dx(.(Dx)(/Sx)),skip_empty: 1,Dx.(Dx)-(Dx)-Dx(.Dx)(-Sx)( Sx),drop_cols: 5 6 & skip_empty: 1
US-NY-WE-YO,Dx.(Dx)-(Dx)-Dx(.Dx)(-Sx)( Sx),skip_empty: 1,Dx.(Dx)-(Dx)-Dx(.Dx)(-Sx)( Sx),skip_empty: 1
US-NY-WY-AR,Dx.(Dx)-Dx-Dx(.(Dx)(/Sx)),skip_empty: 1,Dx.(Dx)-Dx-Dx(.(Dx)(/Sx)),skip_empty: 1
US-NY-WY-AT,Dx.(Dx)-Dx-Dx(.(Dx)(/Sx)),skip_empty: 1,Dx.(Dx)-Dx-Dx(.(Dx)(/Sx)),skip_empty: 1
US-NY-WY-BE,Dx.(Dx)-Dx-Dx(.(Dx)(/Sx)),skip_empty: 1,Dx.(Dx)-Dx-Dx(.(Dx)(/Sx)),skip_empty: 1
US-NY-WY-CA,Dx.(Dx)-Dx-Dx(.(Dx)(/Sx)),skip_empty: 1,Dx.(Dx)-Dx-Dx(.(Dx)(/Sx)),skip_empty: 1
US-NY-WY-CO,Dx.(A1)-Dx-Dx(.Dx Dx),merge_after: 4 & skip_empty: 1,Dx.(Dx)-Dx-Dx(.(Dx)(/Sx)),skip_empty: 1
US-NY-WY-EA,Dx.(Dx)-Dx-Dx(.(Dx)(/Sx)),skip_empty: 1,Dx.(Dx)-Dx-Dx(.(Dx)(/Sx)),skip_empty: 1
US-NY-WY-GA,Dx.(Dx)-Dx-Dx(.(Dx)(/Sx)),skip_empty: 1,Dx.(Dx)-Dx-Dx(.(Dx)(/Sx)),skip_empty: 1
US-NY-WY-GF,Dx.(Dx)-Dx-Dx(.(Dx)(/Sx)),skip_empty: 1,Dx.(Dx)-Dx-Dx(.(Dx)(/Sx)),skip_empty: 1
US-NY-WY-JA,Dx.(Dx)-Dx-Dx(.(Dx)(/Sx)),skip_empty: 1,Dx.(Dx)-Dx-Dx(.(Dx)(/Sx)),skip_empty: 1
US-NY-WY-MI,Dx.(Dx)-Dx-Dx(.(Dx)(/Sx)),skip_empty: 1,Dx.(Dx)-Dx-Dx(.(Dx)(/Sx)),skip_empty: 1
US-NY-WY-OR,Dx(.-Dx.-Dx),skip_empty: 1,Dx.(Dx)-Dx-Dx(.(Dx)(/Sx)),skip_empty: 1
US-NY-WY-PE,Dx.(Dx)-Dx-Dx(.(Dx)(/Sx)),skip_empty: 1,Dx.(Dx)-Dx-Dx(.(Dx)(/Sx)),skip_empty: 1
US-NY-WY-PI,Dx.(Dx)-Dx-Dx(.(Dx)(/Sx)),skip_empty: 1,Dx.(Dx)-Dx-Dx(.(Dx)(/Sx)),skip_empty: 1
US-NY-WY-SH,Dx.(Dx)-Dx-Dx(.(Dx)(/Sx)),skip_empty: 1,Dx.(Dx)-Dx-Dx(.(Dx)(/Sx)),skip_empty: 1
US-NY-WY-WA,Dx.(Dx)-(Dx)-Dx(.Dx)(-Sx)( Sx),drop_cols: 5 6 & skip_empty: 1,Dx.(Dx)-Dx-Dx(.(Dx)(/Sx)),skip_empty: 1
US-NY-WY-WE,Dx.(Dx)-Dx-Dx(.(Dx)(/Sx)),skip_empty: 1,Dx.(Dx)-Dx-Dx(.(Dx)(/Sx)),skip_empty: 1
US-NY-WA-AR,Sx-Sx-Sx,skip_empty: 1,Sx-Sx-Sx(.Sx),merge_after: 2 & skip_empty: 1
US-NY-WA-BU,Ignored,simple,Ignored,simple
US-NY-WA-GA,Sx-Sx-Sx,split_groups: 0|[A-Z] & skip_empty: 1,Sx-Sx-Sx(.Sx),skip_empty: 1
US-NY-WA-HU,Sx-Sx-Sx,skip_empty: 1,Sx-Sx-Sx(.Sx),merge_after: 2 & skip_empty: 1
US-NY-WA-LY,Sx-Sx-Sx,keep_length: 1 2 & merge_after: 0 0 & skip_empty: 1,Ignored,simple
US-NY-WA-MA,Ignored,simple,Ignored,simple
US-NY-WA-MR,Sx-Sx-Sx,skip_empty: 1,Sx-Sx-Sx(.Sx),merge_after: 2 & skip_empty: 1
US-NY-WA-ON,Ignored,simple,Ignored,simple
US-NY-WA-PA,Sx-Sx-Sx,split_groups: 0|[A-Z] & skip_empty: 1,Sx-Sx-Sx(.Sx),merge_after: 2 & skip_empty: 1
US-NY-WA-RO,Sx-Sx-Sx,skip_empty: 1,Sx-Sx-Sx(.Sx),merge_after: 2 & skip_empty: 1
US-NY-WA-SA,Sx-Sx-Sx,skip_empty: 1,Sx-Sx-Sx(.Sx),merge_after: 2 & skip_empty: 1
US-NY-WA-SO,Sx-Sx-Sx,skip_empty: 1,Sx-Sx-Sx(.Sx),merge_after: 2 & skip_empty: 1
US-NY-WA-WA,Sx-Sx-Sx,skip_empty: 1,Sx-Sx-Sx(.Sx),skip_empty: 1
US-NY-WA-WI,Ignored,simple,Ignored,simple
US-NY-WA-WO,Sx-Sx-Sx,skip_empty: 1,Sx-Sx-Sx(.Sx),skip_empty: 1
US-NY-WR-BO,Dx,string_lengths: 3 3 4 3 3 & skip_empty: 1,Dx.(Dx)-Dx-Dx(.(Dx)(/Sx)),skip_empty: 1
US-NY-WR-CH,Dx,string_lengths: 3 3 4 3 3 & skip_empty: 1,Dx.(Dx)-Dx-Dx(.(Dx)(/Sx)),skip_empty: 1
US-NY-WR-GF,Dx,string_lengths: 3 3 4 3 3 & skip_empty: 1,Dx.(Dx)-Dx-Dx(.(Dx)(/Sx)),skip_empty: 1
US-NY-WR-HA,Dx,string_lengths: 3 3 4 3 3 & skip_empty: 1,Dx.(Dx)-Dx-Dx(.(Dx)(/Sx)),skip_empty: 1
US-NY-WR-HO,Dx,string_lengths: 3 3 4 3 3 & skip_empty: 1,Dx.(Dx)-Dx-Dx(.(Dx)(/Sx)),skip_empty: 1
US-NY-WR-JO,Dx,string_lengths: 3 3 4 3 3 & skip_empty: 1,Dx.(Dx)-Dx-Dx(.(Dx)(/Sx)),skip_empty: 1
US-NY-WR-LG,Dx,string_lengths: 3 3 4 3 3 & skip_empty: 1,Dx.(Dx)-Dx-Dx(.(Dx)(/Sx)),skip_empty: 1
US-NY-WR-LL,Dx,string_lengths: 3 3 4 3 3 & skip_empty: 1,Dx.(Dx)-Dx-Dx(.(Dx)(/Sx)),skip_empty: 1
US-NY-WR-QU,Dx,string_lengths: 3 3 4 3 3 & skip_empty: 1,Dx.(Dx)-Dx-Dx(.(Dx)(/Sx)),skip_empty: 1
US-NY-WR-SC,Dx,string_lengths: 3 3 4 3 3 & skip_empty: 1,Dx.(Dx)-Dx-Dx(.(Dx)(/Sx)),skip_empty: 1
US-NY-WR-TH,Dx,string_lengths: 3 3 4 3 3 & skip_empty: 1,Dx.(Dx)-Dx-Dx(.(Dx)(/Sx)),skip_empty: 1
US-NY-WR-WA,Dx,string_lengths: 3 3 4 3 3 & skip_empty: 1,Dx.(Dx)-Dx-Dx(.(Dx)(/Sx)),skip_empty: 1
US-NY-WS-AR,Dx.(Dx)-Dx-Dx(.(Dx)(/Sx)),skip_empty: 1,Dx.(Dx)-(Dx)-Dx(.Dx)(-Sx)( Sx),drop_cols: 5 6 & skip_empty: 1
US-NY-WS-CA,Dx.(Dx)-Dx-Dx(.(Dx)(/Sx)),skip_empty: 1,Dx.(Dx)-(Dx)-Dx(.Dx)(-Sx)( Sx),skip_empty: 1
US-NY-WS-DR,Dx.(Dx)-Dx-Dx(.(Dx)(/Sx)),skip_empty: 1,Dx.(Dx)-(Dx)-Dx(.Dx)(-Sx)( Sx),skip_empty: 1
US-NY-WS-EA,Dx.(Dx)-Dx-Dx(.(Dx)(/Sx)),skip_empty: 1,Dx.(Dx)-(Dx)-Dx(.Dx)(-Sx)( Sx),skip_empty: 1
US-NY-WS-FA,Dx.(Dx)-(Dx)-Dx(.Dx)(-Sx)( Sx),drop_cols: 5 6 & skip_empty: 1,Dx.(Dx)-(Dx)-Dx(.Dx)(-Sx)( Sx),skip_empty: 1
US-NY-WS-FE,Dx.(Dx)-Dx-Dx(.(Dx)(/Sx)),skip_empty: 1,Dx.(Dx)-(Dx)-Dx(.Dx)(-Sx)( Sx),skip_empty: 1
US-NY-WS-GR,Dx.(Dx)-Dx-Dx(.(Dx)(/Sx)),skip_empty: 1,Dx.(Dx)-(Dx)-Dx(.Dx)(-Sx)( Sx),skip_empty: 1
US-NY-WS-GR,Dx.(Dx)-Dx-Dx(.(Dx)(/Sx)),skip_empty: 1,Dx.(Dx)-(Dx)-Dx(.Dx)(-Sx)( Sx),drop_cols: 5 6 & skip_empty: 1
US-NY-WS-HM,Dx.(Dx)-Dx-Dx(.(Dx)(/Sx)),skip_empty: 1,Dx.(Dx)-(Dx)-Dx(.Dx)(-Sx)( Sx),skip_empty: 1
US-NY-WS-HE,Dx.(Dx)-Dx-Dx(.(Dx)(/Sx)),skip_empty: 1,Dx.(Dx)-(Dx)-Dx(.Dx)(-Sx)( Sx),skip_empty: 1
US-NY-WS-HA,Dx.(Dx)-Dx-Dx(.(Dx)(/Sx)),skip_empty: 1,Dx.(Dx)-(Dx)-Dx(.Dx)(-Sx)( Sx),skip_empty: 1
US-NY-WS-JA,Dx.(Dx)-Dx-Dx(.(Dx)(/Sx)),skip_empty: 1,Dx.(Dx)-(Dx)-Dx(.Dx)(-Sx)( Sx),drop_cols: 5 6 & skip_empty: 1
US-NY-WS-KI,Dx.(Dx)-(Dx)-Dx(.Dx)(-Sx)( Sx),drop_cols: 5 6 & skip_empty: 1,Dx.(Dx)-(Dx)-Dx(.Dx)(-Sx)( Sx),skip_empty: 1
US-NY-WS-PU,Dx.(Dx)-Dx-Dx(.(Dx)(/Sx)),skip_empty: 1,Dx.(Dx)-(Dx)-Dx(.Dx)(-Sx)( Sx),skip_empty: 1
US-NY-WS-SA,Dx.(Dx)-Dx-Dx(.(Dx)(/Sx)),skip_empty: 1,Dx.(Dx)-(Dx)-Dx(.Dx)(-Sx)( Sx),skip_empty: 1
US-NY-WS-WC,Dx.(Dx)-Dx-Dx(.(Dx)(/Sx)),skip_empty: 1,Dx.(Dx)-(Dx)-Dx(.Dx)(-Sx)( Sx),skip_empty: 1
US-NY-WS-WH,Dx.(Dx)-Dx-Dx(.(Dx)(/Sx)),skip_empty: 1,Dx.(Dx)-(Dx)-Dx(.Dx)(-Sx)( Sx),skip_empty: 1
US-NY-YA-BA,Dx.(Dx)-Dx-Dx(.(Dx)(/Sx)),skip_empty: 1,Dx.(Dx)-Dx-Dx(.(Dx)(/Sx)),skip_empty: 1
US-NY-YA-BE,Dx.(Dx)-Dx-Dx(.(Dx)(/Sx)),skip_empty: 1,Dx.(Dx)-Dx-Dx(.(Dx)(/Sx)),skip_empty: 1
US-NY-YA-IT,Dx.(Dx)-Dx-Dx(.(Dx)(/Sx)),skip_empty: 1,Dx.(Dx)-Dx-Dx(.(Dx)(/Sx)),skip_empty: 1
US-NY-YA-JE,Dx.(Dx)-Dx-Dx(.(Dx)(/Sx)),skip_empty: 1,Dx.(Dx)-Dx-Dx(.(Dx)(/Sx)),skip_empty: 1
US-NY-YA-MI,Dx.(Dx)-Dx-Dx(.(Dx)(/Sx)),skip_empty: 1,Dx.(Dx)-Dx-Dx(.(Dx)(/Sx)),skip_empty: 1
US-NY-YA-MI,Dx.(Dx)-Dx-Dx(.(Dx)(/Sx)),skip_empty: 1,Dx.(Dx)-Dx-Dx(.(Dx)(/Sx)),skip_empty: 1
US-NY-YA-PO,Dx.(Dx)-Dx-Dx(.(Dx)(/Sx)),skip_empty: 1,Dx.(Dx)-Dx-Dx(.(Dx)(/Sx)),skip_empty: 1
US-NY-YA-ST,Dx.(Dx)-Dx-Dx(.(Dx)(/Sx)),skip_empty: 1,Dx.(Dx)-Dx-Dx(.(Dx)(/Sx)),skip_empty: 1
US-NY-YA-TO,Dx.(Dx)-Dx-Dx(.(Dx)(/Sx)),skip_empty: 1,Dx.(Dx)-Dx-Dx(.(Dx)(/Sx)),skip_empty: 1
US-OH-AS,Ignored,simple,Ignored,simple
US-OH-AD,Ignored,simple,Ignored,simple
US-OH-AH,Sx-Sx-Sx-Sx(-Sx-Sx.Sx),keep_length: 1 2 3 4 5 6 & merge_after: 0 0 0 0 0 0 & skip_empty: 1,Ignored,simple
US-OH-AL,Dx,split_groups: 0|16 & drop_cols: 0_1,Ignored,simple
US-OH-AT,Ignored,simple,Sx-Sx-Sx,keep_length: 1 2 & merge_after: 0 0 & skip_empty: 1
US-OH-AU,Ignored,simple,Ignored,simple
US-OH-BE,^([0-9]{2})-([0-9]{5})\.([0-9]{3}).*$,skip_empty: 1,^([0-9]{2})-([0-9]{5})\.([0-9]{3})$,skip_empty: 1
US-OH-BR,Sx(-)Dx,skip_empty: 1,Dx(.-Dx.-Dx),keep_length: 1 2 3 & merge_after: 0 0 0 & skip_empty: 1
US-OH-BU,Ignored,simple,Ignored,simple
US-OH-CL,Ignored,simple,Ignored,simple
US-OH-CR,Dx,,Dx(.-Dx.-Dx),keep_length: 1 2 3 & merge_after: 0 0 0 & skip_empty: 1
US-OH-CH,S3-D2-D2-D2-S2-D3-D2,keep_length: 1 2 3 4 5 6 & merge_after: 0 0 0 0 0 0 & skip_empty: 1,Ignored,simple
US-OH-CI,Sx,keep_length: 1 2 & merge_after: 0 0 & skip_empty: 1,Sx-Sx-Sx-Sx-Sx-Sx,keep_length: 1 2 3 4 5 & merge_after: 0 0 0 0 0 & skip_empty: 1
US-OH-CL,Sx,split_groups: 0|1 & drop_cols: 0_0,Sx,split_groups: 0|1 & drop_cols: 0_0
US-OH-CO,Dx(.-Dx.-Dx),keep_length: 1 2 & merge_after: 0 0 & skip_empty: 1,Dx(.-Dx.-Dx),keep_length: 1 2 & merge_after: 0 0 & skip_empty: 1
US-OH-CA,Sx,keep_length: 1 2 & merge_after: 0 0 & skip_empty: 1,Dx(.-Dx.-Dx),keep_length: 1 2 3 & merge_after: 0 0 0 & skip_empty: 1
US-OH-CS,Dx,split_groups: 0|14 & drop_cols: 0_1 & skip_empty: 1,Dx,split_groups: 0|1 & drop_cols: 0_0 & skip_empty: 1
US-OH-CU,Ignored,simple,Ignored,simple
US-OH-DA,Ignored,simple,Ignored,simple
US-OH-DF,Ignored,simple,Ignored,simple
US-OH-DE,Dx,split_groups: 0|14 & drop_cols: 0_1 & skip_empty: 1,Ignored,simple
US-OH-ER,Dx(.-Dx.-Dx),keep_length: 1 2 3 & merge_after: 0 0 0 & skip_empty: 1,Dx(.-Dx.-Dx),keep_length: 1 2 3 & merge_after: 0 0 0 & skip_empty: 1
US-OH-FA,Dx,,Dx(.-Dx.-Dx),keep_length: 1 2 3 & merge_after: 0 0 0 & skip_empty: 1
US-OH-FR,Sx(-)Dx,skip_empty: 1,Sx-Sx-Sx,skip_empty: 1
US-OH-FU,Ignored,simple,Ignored,simple
US-OH-FY,Sx(-)Dx,skip_empty: 1,Sx-Sx-Sx-Sx-Sx-Sx,keep_length: 1 2 3 4 5 & merge_after: 0 0 0 0 0 & skip_empty: 1
US-OH-GA,Ignored,simple,Ignored,simple
US-OH-GE,Sx-Sx,split_groups: 0|4 & skip_empty: 1,Sx-Sx,
US-OH-GR,Ignored,simple,Sx,keep_length: 1 2 & merge_after: 0 0 & skip_empty: 1
US-OH-GU,Ignored,simple,Ignored,simple
US-OH-HC,Dx,keep_length: 1 & skip_empty: 1,Dx(.-Dx.-Dx),keep_length: 1 2 3 & merge_after: 0 0 0 & skip_empty: 1
US-OH-HA,Sx,,Dx(.-Dx.-Dx),keep_length: 1 2 3 & merge_after: 0 0 0 & skip_empty: 1
US-OH-HE,Ignored,simple,Ignored,simple
US-OH-HI,Ignored,simple,Ignored,simple
US-OH-HO,Dx,split_groups: 0|14 & drop_cols: 0_1 & skip_empty: 1,Dx(.-Dx.-Dx),keep_length: 1 2 3 & merge_after: 0 0 0 & skip_empty: 1
US-OH-HA,Sx,string_lengths: 4 4 4 & skip_empty: 1,Sx-Sx-Sx-Sx,drop_cols: 3 & skip_empty: 1
US-OH-HN,Sx,,Sx,split_groups: 0|13 & drop_cols: 0_1 & skip_empty: 1
US-OH-HR,Sx,split_groups: 0|[E] & keep_length: 0_1 & merge_after: 0_0 & skip_empty: 1,Dx(.-Dx.-Dx),keep_length: 1 2 3 & merge_after: 0 0 0 & skip_empty: 1
US-OH-HU,Ignored,simple,Ignored,simple
US-OH-JA,Sx,string_lengths: 3 1 4 4 1 & fill_zeros: 4 & merge_after: 3 & skip_empty: 1,Sx,string_lengths: 3 1 4 4 1 & fill_zeros: 4 & merge_after: 3 & skip_empty: 1
US-OH-JE,Ignored,simple,Ignored,simple
US-OH-KN,Ignored,simple,Ignored,simple
US-OH-LG,Dx,split_groups: 0|16 & drop_cols: 0_1,Sx-Sx-Sx-Sx-Sx-Sx,keep_length: 1 2 3 4 5 & merge_after: 0 0 0 0 0 & skip_empty: 1
US-OH-LI,Ignored,simple,Ignored,simple
US-OH-LA,Ignored,simple,Ignored,simple
US-OH-LO,Dx,split_groups: 0|14 & drop_cols: 0_1 & skip_empty: 1,Dx,
US-OH-LU,Dx,string_lengths: 2 3 2 & skip_empty: 1,Sx-Sx,split_groups: 1|3 & skip_empty: 1
US-OH-LW,Ignored,simple,Ignored,simple
US-OH-MR,Sx-Sx-Sx-Sx,keep_length: 1 2 3 & merge_after: 0 0 0 & skip_empty: 1,Sx-Sx-Sx-Sx,keep_length: 1 2 3 & merge_after: 0 0 0 & skip_empty: 1
US-OH-MC,Ignored,simple,Ignored,simple
US-OH-ME,Ignored,simple,Ignored,simple
US-OH-MN,Ignored,simple,Ignored,simple
US-OH-MA,Unrecognized,,Unrecognized,
US-OH-MI,Sx-Sx,keep_length: 1 & merge_after: 0 & skip_empty: 1,Ignored,simple
US-OH-MD,Ignored,simple,Ignored,simple
US-OH-MA,Dx,split_groups: 0|16 & drop_cols: 0_1,Dx(.-Dx.-Dx),keep_length: 1 2 3 & merge_after: 0 0 0 & skip_empty: 1
US-OH-MG,Dx,split_groups: 0|2 0_1|1 0_1_1|1 0_1_1_1|2 0_1_1_1_1|3 0_1_1_1_1_1|3 0_1_1_1_1_1_1|3 0_1_1_1_1_1_1_1|2 & skip_empty: 1,Sx,string_lengths: 2 3 2 3 & skip_empty: 1
US-OH-MO,Sx Sx( Sx),keep_length: 1 2 & merge_after: 0 0 & skip_empty: 1,Sx Sx( Sx),keep_length: 1 2 & merge_after: 0 0 & skip_empty: 1
US-OH-MU,Ignored,simple,Ignored,simple
US-OH-MW,Ignored,simple,Ignored,simple
US-OH-NO,Dx,split_groups: 0|16 & drop_cols: 0_1,Dx(.-Dx.-Dx),keep_length: 1 2 3 & merge_after: 0 0 0 & skip_empty: 1
US-OH-OT,Dx,,Sx-Sx-Sx-Sx,keep_length: 1 2 3 & merge_after: 0 0 0 & skip_empty: 1
US-OH-PA,Sx-Sx-Sx-Sx,skip_empty: 1,Sx-Sx-Sx-Sx,skip_empty: 1
US-OH-PI,Sx,string_lengths: 14 & skip_empty: 1,Sx-Sx-Sx-Sx-Sx-Sx,keep_length: 1 2 3 4 5 & merge_after: 0 0 0 0 0 & skip_empty: 1
US-OH-PE,Dx,split_groups: 0|16 & drop_cols: 0_1,Sx,split_groups: 0|13 & drop_cols: 0_1 & skip_empty: 1
US-OH-PK,Dx,split_groups: 0|14 & drop_cols: 0_1 & skip_empty: 1,Sx,split_groups: 0|13 & drop_cols: 0_1 & skip_empty: 1
US-OH-PO,Sx-Sx-Sx-Sx-Sx-Sx,skip_empty: 1,D2-D3-D2-D2-D3(-D3),skip_empty: 1
US-OH-PR,Sx,string_lengths: 3 4 3 2 3 3,Sx-Sx-Sx-Sx-Sx-Sx,
US-OH-PU,Sx,,Dx(.-Dx.-Dx),keep_length: 1 2 3 & merge_after: 0 0 0 & skip_empty: 1
US-OH-RI,Ignored,simple,Ignored,simple
US-OH-RO,Sx,split_groups: 0|3 0_1|3 0_1_1|4 0_1_1_1|2 0_1_1_1_1|1 0_1_1_1_1_1|1 0_1_1_1_1_1_1|2 & merge_after: 0_0 0_0 0_0 0_0 0_0 0_0 & skip_empty: 1,Sx,split_groups: 0|3 0_1|3 0_1_1|4 0_1_1_1|2 0_1_1_1_1|1 0_1_1_1_1_1|1 0_1_1_1_1_1_1|2 & merge_after: 0_0 0_0 0_0 0_0 0_0 0_0 & skip_empty: 1
US-OH-SA,Dx,,Dx-Dx-Dx-Dx-Dx,keep_length: 1 2 3 4 & merge_after: 0 0 0 0 & skip_empty: 1
US-OH-SC,Dx(.-Dx.-Dx),keep_length: 1 2 & merge_after: 0 0 & skip_empty: 1,Dx(.-Dx.-Dx),keep_length: 1 2 & merge_after: 0 0 & skip_empty: 1
US-OH-SE,Sx,skip_empty: 1,Ignored,simple
US-OH-SH,Ignored,simple,Ignored,simple
US-OH-ST,Dx,split_groups: 0|16 & drop_cols: 0_1,Dx,split_groups: 0|14 & drop_cols: 0_1 & skip_empty: 1
US-OH-SU,Dx,split_groups: 0|14 & drop_cols: 0_1 & skip_empty: 1,Sx-Sx,keep_length: 1 & merge_after: 0 & skip_empty: 1
US-OH-TR,Ignored,simple,Ignored,simple
US-OH-TU,Dx,,Sx-Sx-Sx,keep_length: 1 2 & merge_after: 0 0 & skip_empty: 1
US-OH-UN,Dx,split_groups: 0|14 & drop_cols: 0_1 & skip_empty: 1,Dx(.-Dx.-Dx),keep_length: 1 2 3 & merge_after: 0 0 0 & skip_empty: 1
US-OH-VW,Sx,,Dx(.-Dx.-Dx),keep_length: 1 2 3 & merge_after: 0 0 0 & skip_empty: 1
US-OH-VI,Dx(.-Dx.-Dx),keep_length: 1 2 & merge_after: 0 0 & skip_empty: 1,Sx,split_groups: 0|7 & skip_empty: 1
US-OH-WY,Ignored,simple,Ignored,simple
US-OH-WA,Dx(.-Dx.-Dx),keep_length: 1 2 & merge_after: 0 0 & skip_empty: 1,Dx(.-Dx.-Dx),keep_length: 1 2 & merge_after: 0 0 & skip_empty: 1
US-OH-WI,Ignored,simple,Ignored,simple
US-OH-WO,Sx(-)Dx,split_groups: 0|- 0_0|3 & skip_empty: 1,Sx-Sx-Sx,drop_cols: 0 & skip_empty: 1
US-OH-WA,Ignored,simple,Ignored,simple
US-OH-WS,Dx,split_groups: 0|16 & drop_cols: 0_1,Sx(-)Dx,skip_empty: 1
US-OK-AD,Ignored,simple,Ignored,simple
US-OK-AL,Ignored,simple,Ignored,simple
US-OK-AT,Ignored,simple,Ignored,simple
US-OK-BV,Ignored,simple,Ignored,simple
US-OK-BE,Ignored,simple,Ignored,simple
US-OK-BL,Ignored,simple,Ignored,simple
US-OK-BR,Ignored,simple,Ignored,simple
US-OK-CC,Ignored,simple,Ignored,simple
US-OK-CD,Sx(-)Dx,skip_empty: 1,Dx,split_groups: 0|14 & drop_cols: 0_1 & skip_empty: 1
US-OK-CR,Ignored,simple,Ignored,simple
US-OK-CR,D4-D2-S3-S3-S1-S3-D2,skip_empty: 1,D4-D2-S3-S3-S1-S3-D2,skip_empty: 1
US-OK-CH,Ignored,simple,Ignored,simple
US-OK-CO,D4-D2-S3-S3-S1-S3-D2,skip_empty: 1,D4-D2-S3-S3-S1-S3-D2,skip_empty: 1
US-OK-CM,^(?:(0[0-9]9[0-9]{3})-([0-9]{2})([0-9]{1})[0-9]{4}-[0-9]{5}|([0-9]{2}[^9][0-9]{3})-([0-9]{3})([0-9]{4})-[0-9]{5})$,split_groups: 1|3 & skip_empty: 1,^(?:[0-9A-Z]{6})-(?:[0-9]{2}-[0-9]{1}-([0-9][^9][0-9]{3})-([0-9]+)-(\d*[1-9]\d*)|([0-9]{2})-([0-9]{1})-([0-9]9[0-9]{3})-0+-[0-9]+)$,switch: 4|5 3|5 & skip_empty: 1
US-OK-CN,Sx( )-( )(Sx)( - Sx)(-Sx)( Sx),merge_after: 4 3 2 & skip_empty: 1,Sx( )-( )(Sx)( - Sx)(-Sx)( Sx),split_groups: 0|S 0_0|N & drop_cols: 4 & skip_empty: 1
US-OK-CI,Ignored,simple,Ignored,simple
US-OK-CA,Sx,split_groups: 0|1 & drop_cols: 0_0,Dx,split_groups: 0|3 0_1|15 & drop_cols: 0_0 0_1_1 & skip_empty: 1
US-OK-CT,Ignored,simple,Ignored,simple
US-OK-CU,Ignored,simple,Ignored,simple
US-OK-CL,Ignored,simple,Ignored,simple
US-OK-DE,Ignored,simple,Ignored,simple
US-OK-DW,Ignored,simple,Ignored,simple
US-OK-EL,D4-D2-S3-S3-S1-S3-D2,skip_empty: 1,D4-D2-S3-S3-S1-S3-D2,skip_empty: 1
US-OK-GR,S4-D2-S3-S3-S1-S3-D2,skip_empty: 1,S4-D2-S3-S3-S1-S3-D2,skip_empty: 1
US-OK-GE,Ignored,simple,Ignored,simple
US-OK-GA,Ignored,simple,Ignored,simple
US-OK-GN,Ignored,simple,Ignored,simple
US-OK-GV,Ignored,simple,Ignored,simple
US-OK-HR,Ignored,simple,Ignored,simple
US-OK-HA,D4-D2-S3-S3-S1-S3-D2,skip_empty: 1,D4-D2-S3-S3-S1-S3-D2,skip_empty: 1
US-OK-HA,Ignored,simple,Ignored,simple
US-OK-HU,Ignored,simple,Ignored,simple
US-OK-JA,Sx-Sx-Sx-Sx-Sx-Sx-Sx,skip_empty: 1,Sx-Sx-Sx-Sx-Sx-Sx-Sx,skip_empty: 1
US-OK-JE,Ignored,simple,Ignored,simple
US-OK-JO,Ignored,simple,Ignored,simple
US-OK-KA,Ignored,simple,Ignored,simple
US-OK-KI,Ignored,simple,Ignored,simple
US-OK-KW,Ignored,simple,Ignored,simple
US-OK-LA,Ignored,simple,Ignored,simple
US-OK-LF,Ignored,simple,Ignored,simple
US-OK-LO,^a([0-9]+)$,,Dx,
US-OK-LI,Ignored,simple,Ignored,simple
US-OK-LV,Ignored,simple,Ignored,simple
US-OK-MA,Ignored,simple,Ignored,simple
US-OK-MI,Ignored,simple,Ignored,simple
US-OK-MJ,Ignored,simple,Ignored,simple
US-OK-ML,Ignored,simple,Ignored,simple
US-OK-MU,Dx,,Dx,split_groups: 0|2 0_1|2 & drop_cols: 0_0 & skip_empty: 1
US-OK-MR,Ignored,simple,Ignored,simple
US-OK-MC,Ignored,simple,Ignored,simple
US-OK-MA,Ignored,simple,Ignored,simple
US-OK-NO,Ignored,simple,Ignored,simple
US-OK-NW,Sx-Sx-Sx-Sx-Sx-Sx-Sx,skip_empty: 1,Sx-Sx-Sx-Sx-Sx-Sx-Sx,skip_empty: 1
US-OK-KF,Ignored,simple,Ignored,simple
US-OK-OK,Ignored,simple,Sx,skip_empty: 1
US-OK-KM,D4-D2-S3-S3-S1-S3-D2,skip_empty: 1,D4-D2-S3-S3-S1-S3-D2,skip_empty: 1
US-OK-OS,Ignored,simple,Ignored,simple
US-OK-OT,Ignored,simple,Ignored,simple
US-OK-PI,Ignored,simple,Ignored,simple
US-OK-PN,Ignored,simple,Ignored,simple
US-OK-PO,Ignored,simple,Ignored,simple
US-OK-PU,Ignored,simple,Ignored,simple
US-OK-PW,Ignored,simple,Ignored,simple
US-OK-PA,Ignored,simple,Ignored,simple
US-OK-RM,Ignored,simple,Ignored,simple
US-OK-RO,Dx,keep_length: 1 & skip_empty: 1,Dx,keep_length: 1 & skip_empty: 1
US-OK-SM,Sx-Sx-Sx-Sx-Sx-Sx-Sx,skip_empty: 1,Sx-Sx-Sx-Sx-Sx-Sx-Sx,skip_empty: 1
US-OK-SE,Ignored,simple,Ignored,simple
US-OK-ST,Ignored,simple,Ignored,simple
US-OK-TX,Sx-Sx-Sx-Sx-Sx-Sx,,Sx-Sx-Sx-Sx-Sx-Sx,
US-OK-TI,Ignored,simple,Ignored,simple
US-OK-TU,Sx,split_groups: 0|R 0_0|11 & skip_empty: 1,Sx-Sx-Sx-Sx,keep_length: 1 2 3 & merge_after: 0 0 0 & skip_empty: 1
US-OK-WA,Sx( )-( )(Sx)( - Sx)(-Sx)( Sx),no_conv: 1,Sx( )-( )(Sx)( - Sx)(-Sx)( Sx),no_conv: 1
US-OK-WA,Ignored,simple,Ignored,simple
US-OK-WD,Ignored,simple,Ignored,simple
US-OK-WS,Ignored,simple,Ignored,simple
US-OK-WO,Ignored,simple,Ignored,simple
US-OR-KL,Dx,keep_length: 1 & skip_empty: 1,Dx,split_groups: 0|16 & drop_cols: 0_1
US-OR-LN,Sx,split_groups: 0|-5 0_0|[E] & keep_length: 0_0_1 & merge_after: 0_0_0 & skip_empty: 1,Sx,split_groups: 0|-5 0_0|[E] & keep_length: 0_0_1 & merge_after: 0_0_0 & skip_empty: 1
US-OR-LA,Dx,keep_length: 1 & skip_empty: 1,Dx,keep_length: 1 & skip_empty: 1
US-OR-LK,Dx,,Dx,split_groups: 0|6 0_1|3 0_1_1|2 0_1_1_1|5 0_1_1_1_1|3 0_1_1_1_1_1|1 & merge_after: 0_1_1_1_0 0_1_1_1_0 & skip_empty: 1
US-OR-LI,Dx,split_groups: 0|16 & drop_cols: 0_1,Dx,split_groups: 0|16 & drop_cols: 0_1
US-OR-ML,Sx,split_groups: 0|-5 0_0|[E] & keep_length: 0_0_1 & merge_after: 0_0_0 & skip_empty: 1,Sx Sx,split_groups: 1|7 & drop_cols: 1_1 & skip_empty: 1
US-OR-MO,"^([0-9]{2}[A-Z][0-9]{2})E([0-9]{2}[A-Z]{,2})(?:([0-9]+[A-Z]*)|0*ROADS)?$",,Sx-Sx,split_groups: 0|5
US-OR-MA,Sx,split_groups: 0|7 & skip_empty: 1,Sx,split_groups: 0|7 & skip_empty: 1
US-OR-MU,Sx,string_lengths: 3 4 & skip_empty: 1,Sx,string_lengths: 3 4 & skip_empty: 1
US-OR-PO,Dx,string_lengths: 1 3 2 & skip_empty: 1,Dx,string_lengths: 1 3 2 & skip_empty: 1
US-OR-SH,Dx,,Dx,split_groups: 0|6 0_1|3 0_1_1|7 0_1_1_1|3 0_1_1_1_1|1 0_1_1_1_1_1|1 & merge_after: 0_1_1_1_0 0_1_1_1_0 & skip_empty: 1
US-OR-TI,Ignored,simple,Ignored,simple
US-OR-UM,Dx,string_lengths: 1 3 2 & skip_empty: 1,Dx,string_lengths: 1 3 2 & skip_empty: 1
US-OR-UN,Sx,split_groups: 0|5 0_1|1 0_1_1|-5 & drop_cols: 0_1_0 & skip_empty: 1,Sx( )(Sx)( )(Sx) ( )(Sx),split_groups: 0|5 & skip_empty: 1
US-OR-WS,Ignored,simple,Dx,split_groups: 0|14 & drop_cols: 0_1 & skip_empty: 1
US-OR-WH,Sx-Sx,split_groups: 0|4 & skip_empty: 1,Sx( )-( )(Sx)( - Sx)(-Sx)( Sx),split_groups: 0|S 0_1|E & drop_cols: 2 & merge_after: 0_0 & skip_empty: 1
US-OR-WA,Sx,split_groups: 0|7 & skip_empty: 1,Sx( )-( )(Sx)( - Sx)(-Sx)( Sx),drop_cols: 4 & skip_empty: 1
US-OR-WL,Ignored,simple,Ignored,simple
US-OR-YA,Ignored,simple,Ignored,simple
US-PA-AD,Ignored,simple,Ignored,simple
US-PA-AL,Ignored,simple,Ignored,simple
US-PA-AR,Ignored,merge_after: 0 2 & skip_empty: 1,Ignored,skip_empty: 1
US-PA-BV,Ignored,simple,Ignored,simple
US-PA-BU,Sx-[S.]x(-Sx)(-Sx)(-S.x),skip_empty: 1,Sx-[S.]x(-Sx)(-Sx)(-S.x),skip_empty: 1
US-PA-BR,Ignored,simple,Ignored,simple
US-PA-BE,Sx,split_groups: 0|1 & drop_cols: 0_0,Sx,split_groups: 0|3 & drop_cols: 0_0 & skip_empty: 1
US-PA-BL,Unrecognized,,Unrecognized,
US-PA-BD,Unrecognized,,Unrecognized,
US-PA-BT,Ignored,simple,Ignored,simple
US-PA-CB,Ignored,simple,Ignored,simple
US-PA-CM,Ignored,simple,Ignored,simple
US-PA-CE,Ignored,simple,Ignored,simple
US-PA-CH,D4( A1)S7,skip_empty: 1,D4(  Ax)S8,split_groups: 1|1 2|7 & drop_cols: 1_1 2_1 & skip_empty: 1
US-PA-CA,D2-D3.( A1)-D3.S3,drop_cols: 1 2 3 4 & skip_empty: 1,Sx Sx,split_groups: 1|7 & drop_cols: 1_1 & skip_empty: 1
US-PA-CL,Sx Sx,skip_empty: 1,Sx-Sx,skip_empty: 1
US-PA-CI,Dx,,Sx-Sx,drop_cols: 0
US-PA-CO,Sx Sx( Sx),string_lengths: 2 1 2 1 5 * & skip_empty: 1,Sx Sx( Sx),string_lengths: 2 1 2 1 5 * & skip_empty: 1
US-PA-CN,Unrecognized,,Unrecognized,
US-PA-CU,Sx-Sx-Sx(-Sx),,Sx-Sx-Sx-Sx( Sx),drop_cols: 4 & skip_empty: 1
US-PA-CR,Dx,split_groups: 0|6 0_1|3 0_1_1|2 0_1_1_1|5 0_1_1_1_1|3 0_1_1_1_1_1|1 & merge_after: 0_1_1_1_0 0_1_1_1_0 & skip_empty: 1,Dx,
US-PA-DA,Sx-Sx-(Sx),skip_empty: 1,Dx-Dx-Dx-Dx-Dx,split_groups: 4|2 & skip_empty: 1
US-PA-DE,Dx,keep_length: 1 & skip_empty: 1,Dx,split_groups: 0|14 & drop_cols: 0_1 & skip_empty: 1
US-PA-EL,Sx-Sx-Sx-Sx,drop_cols: 0 & skip_empty: 1,Sx-Sx-Sx-Sx(-Sx-Sx.Sx),drop_cols: 0 & skip_empty: 1
US-PA-ER,Sx(-)Dx,skip_empty: 1,D2-D3-D3.D1-D3.D2,skip_empty: 1 & keep_length: 1 2 3 4 5 & merge_after: 0 0 0 0 0
US-PA-FA,Ignored,simple,Ignored,simple
US-PA-FO,Sx-Sx,split_groups: 0|4 & skip_empty: 1,Sx-Sx,
US-PA-FR,Unrecognized,,Unrecognized,
US-PA-FU,Sx-Sx-Sx,skip_empty: 1,Sx-Sx-Sx-Sx,split_groups: 2|. 2_1|. & skip_empty: 1
US-PA-GR,Sx-Sx-Sx(-Sx)(-Sx),skip_empty: 1,D2/ D2/ D3/ (Sx)/( D2),skip_empty: 1
US-PA-HU,Sx-[S.]x(-Sx)(-Sx)(-S.x),split_groups: 1|. 4|. & skip_empty: 1,Sx-Sx-Sx(.Sx),skip_empty: 1
US-PA-IN,Sx-Sx-Sx-Sx,split_groups: 2|1 3|1 & skip_empty: 1,Sx-Sx-Sx-Sx,split_groups: 2|1 3|1 & skip_empty: 1
US-PA-JE,Ignored,simple,Ignored,simple
US-PA-JU,Sx-Sx-Sx,skip_empty: 1,Sx-Sx-Sx(-Sx),skip_empty: 1
US-PA-LB,Sx-Sx-Sx-Sx,skip_empty: 1,Sx-Sx-Sx-Sx,skip_empty: 1
US-PA-LC,Ignored,simple,Ignored,simple
US-PA-LE,Dx,split_groups: 0|16 & drop_cols: 0_1,Sx-Sx,split_groups: 1|-1 & drop_cols: 1_1 & skip_empty: 1
US-PA-LA,Sx-Sx-Sx(-Sx)(-Sx),split_groups: 1|4 2|4 & drop_cols: 1_0 2_0 & skip_empty: 1,Sx,string_lengths: 3 3 2 & skip_empty: 1
US-PA-LU,"^([0-9]{2})([0-9A-Z]{2,5})(?:([0-9A-Z]{1})| )?([0-9A-Z]{3})([0-9A-Z]{3})([0-9]{3})$",keep_length: 2 & merge_after: 1 & skip_empty: 1,Sx-Sx-Sx(-Sx)(-Sx),skip_empty: 1
US-PA-LW,Ignored,simple,Ignored,simple
US-PA-LY,Unrecognized,,Unrecognized,
US-PA-MC,Sx-[S.]x(-Sx)(-Sx)(-S.x),split_groups: 1|. 4|. & skip_empty: 1,D2-D3.( A1)-D3.D2.,skip_empty: 1
US-PA-ME,Ignored,simple,Ignored,simple
US-PA-MO,Ignored,simple,Ignored,simple
US-PA-MI,Unrecognized,,Unrecognized,
US-PA-MT,Sx-Sx-Sx(-Sx),skip_empty: 1,Sx-[S.]x(-Sx)(-Sx)(-S.x),split_groups: 1|. & keep_length: 1_1 & merge_after: 1_0 & skip_empty: 1
US-PA-MN,Unrecognized,,Unrecognized,
US-PA-NO,Sx [S-]x( [S-]x),split_groups: 1|- & skip_empty: 1,Sx Sx Sx( Sx)( Sx),split_groups: 2|6 & drop_cols: 3 4 & skip_empty: 1
US-PA-NR,Ignored,simple,Ignored,simple
US-PA-PE,Unrecognized,,Unrecognized,
US-PA-WE,Ignored,simple,Ignored,simple
US-PA-WY,Unrecognized,,Unrecognized,
US-PA-WA,Sx-Sx-Sx-Sx-Sx-Sx,keep_length: 1 2 3 4 5 & merge_after: 0 0 0 0 0 & skip_empty: 1,Sx-Sx-Sx-Sx-Sx-Sx,keep_length: 1 2 3 4 5 & merge_after: 0 0 0 0 0 & skip_empty: 1
US-PA-YO,Sx,,^([A-Z0-9]+)-([A-Z0-9]+)-([A-Z0-9]+)-([A-Z0-9]+)\.([A-Z0-9]+)-([A-Z0-9]+)$,keep_length: 1 2 3 4 & join_char: 
US-RI-BA,"^BA([0-9]{2})-([0-9]+)(?:-([0-9A-Z]{1,2}))?$",,"^BARR M:([0-9]{1,2}) L:([0-9]{3})-?([0-9A-Z]+)?$",
US-RI-BR,Sx [S-]x( [S-]x),split_groups: 1|- 1_1|- & drop_cols: 0 & merge_after: 1_1_0 & skip_empty: 1,A4 M:Sx( B:Sx) L:Sx,split_groups: 2|. 2_0|- & drop_cols: 1 & skip_empty: 1
US-RI-WR,Sx [S-]x( [S-]x),split_groups: 1|- 1_1|- 1_1_1|- & drop_cols: 0 & skip_empty: 1,A4 M:Sx( B:Sx) L:Sx,split_groups: 0|- 2|- & skip_empty: 1
US-RI-CO,Sx Sx Sx([.-/]Sx),drop_cols: 0 & skip_empty: 1,A4 M:Sx( B:Sx) L:Sx,split_groups: 2|- & skip_empty: 1
US-RI-EG,Sx Sx Sx( Sx)( Sx),drop_cols: 3 4,^EGRE M:([0-9A-Z]+) B:([0-9A-Z]+) L:([0-9A-Z]+) U:([0-9A-Z]+)$,drop_cols: 3
US-RI-WA,Sx( )(Sx)( )(Sx) ( )(Sx),drop_cols: 0 & skip_empty: 1,A4 M:Sx B:(Sx)( L:(Sx)),split_groups: 2|. 2_1|- & skip_empty: 1
US-RI-WG,Sx [S-]x( [S-]x),split_groups: 1|- 1_1|- & drop_cols: 0 & skip_empty: 1,A4 M:Sx B:(Sx)( L:(Sx)),split_groups: 0|. 1|. 2|. & skip_empty: 1
US-RI-WW,Sx [S-]x( [S-]x),split_groups: 1|- 1_1|- 1_1_1|- & drop_cols: 0 & skip_empty: 1,Sx [S-]x( [S-]x),split_groups: 1|- 1_1|- 1_1_1|- & drop_cols: 0 & skip_empty: 1
US-RI-JA,Sx [S-]x( [S-]x),split_groups: 1|- 1_1|- & drop_cols: 0 & skip_empty: 1,A4 M:Sx( B:Sx) L:Sx,split_groups: 2|. & skip_empty: 1
US-RI-LC,Sx [S-]x( [S-]x),split_groups: 1|- 1_1|- 2|- & drop_cols: 0 & join_char:   & skip_empty: 1,A4 M:Sx( B:Sx)( L:Sx)( [SUP]:(Sx)),split_groups: 0|- 2|- & join_char:   & skip_empty: 1
US-RI-MI,^([0-9A-Z]+)(?: ([0-9A-Z]+))? ([0-9A-Z.]+)$,split_groups: 0|3 & skip_empty: 1,A4 M:Sx B:(Sx)( L:(Sx)),skip_empty: 1
US-RI-NE,Sx Sx( Sx),split_groups: 0|3 0_1|3 1|3 2|3 & drop_cols: 0_0 & skip_empty: 1,A4 A:Sx A:(Sx)( A:(Sx))( (A:)(Sx)),drop_cols: 2 3 & skip_empty: 1
US-RI-PO,Sx( )(Sx)( )(Sx) ( )(Sx),drop_cols: 0 & skip_empty: 1,A4 M:Sx( B:Sx)( L:Sx)( [SUP]:(Sx)),split_groups: 0|- 1|- 2|- 3|- & skip_empty: 1
US-RI-TI,Sx [S-]x( [S-]x),split_groups: 1|- 1_1|- 1_1_1|- & drop_cols: 0 & skip_empty: 1,A4 M:Sx( B:Sx)( L:Sx)( [SUP]:(Sx)),split_groups: 0|- & skip_empty: 1
US-RI-BU,Sx [S-]x( [S-]x),split_groups: 1|- 1_1|- 1_1_1|- & drop_cols: 0 & skip_empty: 1,A4 M:Sx( B:Sx)( L:Sx)( [SUP]:(Sx)),split_groups: 2|. & skip_empty: 1
US-RI-CF,Sx [S-]x( [S-]x),split_groups: 1|- 1_1|- & drop_cols: 0 & skip_empty: 1,A4 M:Sx P:Sx( [ES]:(Sx))( U:Sx),split_groups: 1|- & skip_empty: 1
US-RI-CR,Dx(.-Dx.-Dx),keep_length: 2 & merge_after: 1 & skip_empty: 1,A4 M:Sx( B:Sx)( L:Sx)( [SUP]:(Sx)),split_groups: 0|- & drop_cols: 0_1 & skip_empty: 1
US-RI-CU,Sx [S-]x( [S-]x),split_groups: 1|- 1_1|- & drop_cols: 0 & skip_empty: 1,A4 M:Sx B:(Sx)( L:(Sx)),skip_empty: 1
US-RI-EP,A2 Dx,skip_empty: 1 & drop_cols: 0 & split_groups: 1|- 1_1|- 1_1_0|2 1_1_1|.,A4 M:Sx( B:Sx)( L:Sx)( [SUP]:(Sx)),skip_empty: 1
US-RI-FO,A2 Sx,skip_empty: 1 & drop_cols: 0 & split_groups: 1|/,A4 A:Sx A:(Sx)( A:(Sx))( (A:)(Sx)),skip_empty: 1
US-RI-GL,Sx [S-]x( [S-]x),split_groups: 1|- 1_1|- 1_1_1|- & drop_cols: 0 & skip_empty: 1,A4 M:Sx B:(Sx)( L:(Sx)),split_groups: 0|3 2|4 & skip_empty: 1
US-RI-JO,Sx [S-]x( [S-]x),split_groups: 1|- 1_1|- & drop_cols: 0 & merge_after: 1_1_0 & skip_empty: 1,A4 M:Sx( B:Sx)( L:Sx)( [SUP]:(Sx)),drop_cols: 1 & skip_empty: 1
US-RI-LI,A2 Dx,skip_empty: 1 & split_groups: 1|- & drop_cols: 0,A4 M:Sx( B:Sx)( L:Sx)( [SUP]:(Sx)),skip_empty: 1
US-RI-NP,Sx [S-]x( [S-]x),split_groups: 1|- 1_1|- & drop_cols: 0 & merge_after: 1_1_0 & skip_empty: 1,A4 A:Sx A:(Sx)( A:(Sx))( (A:)(Sx)),split_groups: 1|- & merge_after: 1_0 & skip_empty: 1
US-RI-NS,Sx [S-]x( [S-]x),split_groups: 1|- 1_1|- & drop_cols: 0 & skip_empty: 1,A4 M:Sx( B:Sx)( L:Sx)( [SUP]:(Sx)),split_groups: 0|. 4|. & drop_cols: 1 & skip_empty: 1
US-RI-PA,Sx [S-]x( [S-]x),split_groups: 1|- 1_1|- & drop_cols: 0 & skip_empty: 1,A4 M:Sx( B:Sx) L:Sx,split_groups: 2|- & keep_length: 2_0 & merge_after: 0 0 & skip_empty: 1
US-RI-PR,Dx(-Sx)(-Dx),split_groups: 0|2 0_1|- & skip_empty: 1,A4 M:Sx( B:Sx)( L:Sx)( [SUP]:(Sx)),split_groups: 0|[A-Z] & drop_cols: 3 & skip_empty: 1
US-RI-SC,A2 Dx,skip_empty: 1 & drop_cols: 0 & split_groups: 1|/,A4 A:Sx A:(Sx)( A:(Sx))( (A:)(Sx)),skip_empty: 1
US-RI-SM,Sx [S-]x( [S-]x),split_groups: 1|- 1_1|- & drop_cols: 0 & skip_empty: 1,A4 M:Sx( B:Sx)( L:Sx)( [SUP]:(Sx)),split_groups: 0|- 2|- & drop_cols: 3 & merge_after: 2_0 0_0 & skip_empty: 1
US-RI-WO,Sx-Sx,skip_empty: 1,A4 M:Sx( B:Sx)( L:Sx)( [SUP]:(Sx)),split_groups: 0|[A-Z] & drop_cols: 3 & skip_empty: 1
US-RI-CH,Sx( )-( )(Sx)( - Sx)(-Sx)( Sx),split_groups: 0|3 & drop_cols: 3 & skip_empty: 1,A4 A:Sx A:(Sx)( A:(Sx))( (A:)(Sx)),split_groups: 1|- 1_1|- 1_1_0|& & skip_empty: 1
US-RI-EX,Sx [S-]x( [S-]x),drop_cols: 0 & skip_empty: 1,A4 M:Sx( B:Sx)( L:Sx)( [SUP]:(Sx)),join_char: - & skip_empty: 1
US-RI-HO,Sx-Sx(-Sx)(-Sx),merge_after: 2 & max_length: 2|5 & skip_empty: 1,A4 M:Sx B:(Sx)( L:(Sx)),split_groups: 2|- & merge_after: 2_0 & skip_empty: 1
US-RI-NA,Sx( )(Sx)( )(Sx) ( )(Sx),split_groups: 1|1 & drop_cols: 0 & skip_empty: 1,A4 A:Sx A:(Sx)( A:(Sx))( (A:)(Sx)),split_groups: 0|- 1|- 3|- & skip_empty: 1
US-RI-NK,Sx [S-]x( [S-]x),split_groups: 1|- 1_1|- 1_1_1|- & drop_cols: 0 & skip_empty: 1,A4 M:Sx B:(Sx)( L:(Sx)),split_groups: 1|. & drop_cols: 2 & skip_empty: 1
US-RI-NS,BI Sx:Sx,split_groups: 1|- & skip_empty: 1,A4 M:Sx( B:Sx)( L:Sx)( [SUP]:(Sx)),split_groups: 2|- & skip_empty: 1
US-RI-RI,RI Sx/Sx,split_groups: 1|- & skip_empty: 1,A4 M:Sx B:(Sx)( L:(Sx)),split_groups: 0|- & skip_empty: 1
US-RI-SK,^([0-9]+)(?:-([0-9]{1}))?:([0-9A-Z]+)$,split_groups: 2|- & drop_cols: 2_1 & skip_empty: 1,A4 A:Sx A:(Sx)( A:(Sx))( (A:)(Sx)),split_groups: 0|- & skip_empty: 1
US-RI-WE,Ignored,simple,A4 M:Sx( B:Sx)( L:Sx)( [SUP]:(Sx)),split_groups: 0|- 1|- 2|- 3|- & merge_after: 3_0 2_1 2_0 2 1_1 1_0 1 0_1 0_0 0
US-SC-AB,Ignored,simple,Ignored,simple
US-SC-AI,Ignored,simple,Ignored,simple
US-SC-AL,Ignored,simple,Ignored,simple
US-SC-AN,Sx,split_groups: 0|11 & drop_cols: 0_1 & skip_empty: 1,Sx-Sx-Sx-Sx,keep_length: 1 2 3 & merge_after: 0 0 0 & skip_empty: 1
US-SC-BF,Sx Sx Sx( Sx)( Sx),split_groups: 0|2 & skip_empty: 1,Sx Sx Sx( Sx)( Sx),split_groups: 0|2 & skip_empty: 1
US-SC-BE,Sx(-)Dx,split_groups: 0|[A-Z] 0_1|[A-Z] & skip_empty: 1,Sx-Sx-Sx-Sx,keep_length: 1 2 3 & merge_after: 0 0 0 & skip_empty: 1
US-SC-BM,Ignored,simple,Ignored,simple
US-SC-BA,Ignored,simple,Ignored,simple
US-SC-CE,Ignored,simple,Ignored,simple
US-SC-CA,Ignored,simple,Ignored,simple
US-SC-CR,Ignored,simple,Ignored,simple
US-SC-CL,Dx-Dx-Dx-Dx-Dx,keep_length: 1 2 3 4 & merge_after: 0 0 0 0 & skip_empty: 1,Dx-Dx-Dx-Dx-Dx,keep_length: 1 2 3 4 & merge_after: 0 0 0 0 & skip_empty: 1
US-SC-CS,Ignored,simple,Ignored,simple
US-SC-CH,Sx,string_lengths: 2 4 4 & skip_empty: 1,Dx,string_lengths: 2 4 4 & skip_empty: 1
US-SC-CO,Ignored,simple,Ignored,simple
US-SC-DA,Sx-Sx-Sx-Sx,keep_length: 1 2 3 & merge_after: 0 0 0 & skip_empty: 1,Sx-Sx-Sx-Sx(-Sx-Sx.Sx),keep_length: 1 2 3 4 5 6 & merge_after: 0 0 0 0 0 0 & skip_empty: 1
US-SC-DI,Ignored,simple,Ignored,simple
US-SC-DO,Sx-Sx-Sx-Sx,split_groups: 2|. 2_1|. & skip_empty: 1,Dx-Dx-Dx-Dx.Dx( Dx),skip_empty: 1
US-SC-ED,Ignored,simple,Ignored,simple
US-SC-FA,Dx-Dx-Dx-Dx-Dx,keep_length: 1 2 3 4 & merge_after: 0 0 0 0 & skip_empty: 1,Dx-Dx-Dx-Dx-Dx,keep_length: 1 2 3 4 & merge_after: 0 0 0 0 & skip_empty: 1
US-SC-FL,Sx-Sx-Sx,skip_empty: 1,Sx-Sx-Sx,skip_empty: 1
US-SC-GE,Sx-Sx-Sx-Sx(-Sx-Sx.Sx),keep_length: 1 2 3 4 5 6 & merge_after: 0 0 0 0 0 0 & skip_empty: 1,Sx-Sx-Sx-Sx(-Sx-Sx.Sx),keep_length: 1 2 3 4 5 6 & merge_after: 0 0 0 0 0 0 & skip_empty: 1
US-SC-GR,Ignored,simple,Ignored,simple
US-SC-GN,Dx(.-Dx.-Dx),keep_length: 1 2 3 & merge_after: 0 0 0 & skip_empty: 1,Sx-Sx-Sx,split_groups: 2|3 & keep_length: 1 2_0 & merge_after: 0 0 & skip_empty: 1
US-SC-HA,Ignored,simple,Ignored,simple
US-SC-HO,Ignored,simple,Ignored,simple
US-SC-JA,Ignored,simple,Ignored,simple
US-SC-KE,Ignored,simple,Ignored,simple
US-SC-EE,Ignored,simple,Ignored,simple
US-SC-LA,Sx-[S.]x(-Sx)(-Sx)(-S.x),split_groups: 1|. 4|. & skip_empty: 1,Sx-[S.]x(-Sx)(-Sx)(-S.x),split_groups: 1|. 4|. & skip_empty: 1
US-SC-LR,Ignored,simple,Ignored,simple
US-SC-LE,Ignored,simple,Ignored,simple
US-SC-MC,Sx-Sx-Sx-Sx(-Sx-Sx.Sx),keep_length: 1 2 3 4 5 6 & merge_after: 0 0 0 0 0 0 & skip_empty: 1,Sx-Sx-Sx-Sx(-Sx-Sx.Sx),keep_length: 1 2 3 4 5 6 & merge_after: 0 0 0 0 0 0 & skip_empty: 1
US-SC-MA,Ignored,simple,Ignored,simple
US-SC-MR,Ignored,simple,Ignored,simple
US-SC-NE,Sx-[S.]x(-Sx)(-Sx)(-Sx),split_groups: 1|. & skip_empty: 1,Sx-[S.]x(-Sx)(-Sx)(-Sx),split_groups: 1|. & skip_empty: 1
US-SC-OC,Ignored,simple,Ignored,simple
US-SC-OR,Sx-Sx-Sx-Sx(-Sx-Sx.Sx),skip_empty: 1,Sx-Sx-Sx-Sx(-Sx-Sx.Sx),skip_empty: 1
US-SC-PI,Ignored,simple,Sx-Sx-Sx-Sx,keep_length: 1 2 3 & merge_after: 0 0 0 & skip_empty: 1
US-SC-RI,^R?([0-9]+)-([0-9]+)-([0-9]+[A-Z]?)$,skip_empty: 1,Sx-Sx-Sx,skip_empty: 1
US-SC-SA,Ignored,simple,Ignored,simple
US-SC-SP,Ignored,simple,Ignored,simple
US-SC-SU,Sx(-)Dx,split_groups: 0|[A-Z] 0_1|[A-Z] & skip_empty: 1,Sx,split_groups: 0|11 & drop_cols: 0_1 & skip_empty: 1
US-SC-UN,Sx( )(Sx)( )(Sx) ( )(Sx),merge_after: 0 0 0 & skip_empty: 1,Sx( )(Sx)( )(Sx) ( )(Sx),merge_after: 0 0 0 & skip_empty: 1
US-SC-WI,Sx-Sx-Sx(.Sx),skip_empty: 1,Sx-Sx-Sx(.Sx),skip_empty: 1
US-SC-YO,Ignored,simple,Ignored,simple
US-SD-AU,Dx,split_groups: 0|16 & drop_cols: 0_1,Dx,split_groups: 0|16 & drop_cols: 0_1
US-SD-BE,Dx,split_groups: 0|14 & drop_cols: 0_1 & skip_empty: 1,Dx,split_groups: 0|14 & drop_cols: 0_1 & skip_empty: 1
US-SD-BF,Dx,split_groups: 0|6 0_1|3 0_1_1|2 0_1_1_1|5 0_1_1_1_1|3 0_1_1_1_1_1|1 & merge_after: 0_1_1_1_0 0_1_1_1_0 & skip_empty: 1,Ignored,simple
US-SD-BH,Ignored,simple,Ignored,simple
US-SD-BO,Sx(-)Dx,skip_empty: 1,Dx,
US-SD-BN,Sx(-)Dx,keep_length: 0 & skip_empty: 1,Dx,split_groups: 0|1 0_1|6 & drop_cols: 0_0 & skip_empty: 1
US-SD-BU,Ignored,simple,Ignored,simple
US-SD-BL,Ignored,simple,Ignored,simple
US-SD-BR,Ignored,simple,Dx,
US-SD-CO,Dx,split_groups: 0|16 & drop_cols: 0_1,Dx,split_groups: 0|16 & drop_cols: 0_1
US-SD-CM,Ignored,simple,Ignored,simple
US-SD-CR,Ignored,,Ignored,
US-SD-CA,Dx,split_groups: 0|6 0_1|3 0_1_1|2 0_1_1_1|5 0_1_1_1_1|3 0_1_1_1_1_1|1 & merge_after: 0_1_1_1_0 0_1_1_1_0 & skip_empty: 1,Dx,split_groups: 0|6 0_1|6 0_1_1|4 0_1_1_1|6 & skip_empty: 1
US-SD-CU,Dx,split_groups: 0|16 & drop_cols: 0_1,Dx,split_groups: 0|1 0_1|6 & drop_cols: 0_0 & skip_empty: 1
US-SD-CL,Sx-Sx-Sx-Sx,keep_length: 1 3 & merge_after: 0 0 0 & skip_empty: 1,Sx-Sx-Sx-Sx,keep_length: 1 3 & merge_after: 0 0 0 & skip_empty: 1
US-SD-DO,Dx,split_groups: 0|6 0_1|6 0_1_1|4 0_1_1_1|6 & skip_empty: 1,Dx,split_groups: 0|14 & drop_cols: 0_1 & skip_empty: 1
US-SD-DL,Sx(-)Dx,split_groups: 0|6 0_1|1 0_1_1|5 & skip_empty: 1,Dx,split_groups: 0|6 0_1|6 1_0|5 & skip_empty: 1
US-SD-DA,Ignored,simple,Ignored,simple
US-SD-DY,Ignored,simple,Ignored,simple
US-SD-ED,Sx(-)Dx,split_groups: 0|[A-Z] 0_1|[A-Z] & skip_empty: 1,Dx,keep_length: 1 & skip_empty: 1
US-SD-FR,Sx-Sx-Sx(-Sx),keep_length: 1 2 3 & merge_after: 0 0 0 & skip_empty: 1,Sx-Sx-Sx-Sx,keep_length: 1 2 3 & merge_after: 0 0 0 & skip_empty: 1
US-SD-FA,Ignored,simple,Ignored,simple
US-SD-GR,Ignored,simple,Ignored,simple
US-SD-GE,Sx(-)Dx,split_groups: 0|2 & merge_after: 0_1 & skip_empty: 1,Dx,split_groups: 0|1 & drop_cols: 0_0 & skip_empty: 1
US-SD-HK,Dx,split_groups: 0|6 0_1|3 0_1_1|7 0_1_1_1|3 0_1_1_1_1|1 0_1_1_1_1_1|1 & merge_after: 0_1_1_1_0 0_1_1_1_0 & skip_empty: 1,Dx,keep_length: 1 & skip_empty: 1
US-SD-HA,Ignored,simple,Dx,split_groups: 0|14 & drop_cols: 0_1 & skip_empty: 1
US-SD-HU,Dx,split_groups: 0|14 & drop_cols: 0_1 & skip_empty: 1,Dx,split_groups: 0|6 0_1|3 0_1_1|2 0_1_1_1|5 0_1_1_1_1|3 0_1_1_1_1_1|1 0_1_1_1_1_1_1|1 0_1_1_1_1_1_1_1|1 & merge_after: 0_1_1_1_1_1_0 0_1_1_1_1_1_0 0_1_1_1_1_1_0 & skip_empty: 1
US-SD-HA,Sx(-)Dx,keep_length: 0 & skip_empty: 1,Dx,split_groups: 0|6 0_1|3 0_1_1|2 0_1_1_1|5 0_1_1_1_1|3 0_1_1_1_1_1|1 0_1_1_1_1_1_1|1 0_1_1_1_1_1_1_1|1 & merge_after: 0_1_1_1_1_1_0 0_1_1_1_1_1_0 0_1_1_1_1_1_0 & skip_empty: 1
US-SD-HR,Dx,split_groups: 0|16 & drop_cols: 0_1,Dx,split_groups: 0|14 & drop_cols: 0_1 & skip_empty: 1
US-SD-HN,Ignored,simple,Sx-Sx-Sx-Sx-Sx-Sx,keep_length: 1 2 3 4 5 & merge_after: 0 0 0 0 0 & skip_empty: 1
US-SD-HT,Ignored,simple,Ignored,simple
US-SD-HY,Ignored,simple,Ignored,simple
US-SD-JA,Sx(-)Dx,split_groups: 0|6 0_1|1 0_1_1|5 & skip_empty: 1,Dx,keep_length: 1 & skip_empty: 1
US-SD-JE,Dx,split_groups: 0|1 0_1|6 & drop_cols: 0_0 & skip_empty: 1,Dx,
US-SD-JO,Dx,split_groups: 0|6 0_1|6 0_1_1|4 0_1_1_1|6 & skip_empty: 1,Dx,split_groups: 0|14 & drop_cols: 0_1 & skip_empty: 1
US-SD-KI,Sx(-)Dx,split_groups: 0|8 & skip_empty: 1,Dx,split_groups: 0|6 0_1|6 0_1_1|4 0_1_1_1|6 & skip_empty: 1
US-SD-LI,Ignored,simple,Ignored,simple
US-SD-LK,Dx,,Sx-Sx-Sx-Sx,split_groups: 3|2 & drop_cols: 3_1 & keep_length: 1 2 3_0 & merge_after: 0 0 0 & skip_empty: 1
US-SD-LA,Sx-Sx-Sx-Sx,keep_length: 1 2 3 & merge_after: 0 0 0 & skip_empty: 1,Sx-Sx-Sx-Sx,split_groups: 3|2 & drop_cols: 3_1 & keep_length: 1 2 3_0 & merge_after: 0 0 0 & skip_empty: 1
US-SD-LY,Dx,,Dx,split_groups: 0|14 & drop_cols: 0_1 & skip_empty: 1
US-SD-MC,Dx(.-Dx.-Dx),keep_length: 1 2 & merge_after: 0 0 & skip_empty: 1,Dx(.-Dx.-Dx),keep_length: 1 2 & merge_after: 0 0 & skip_empty: 1
US-SD-ME,Ignored,simple,Ignored,simple
US-SD-MN,Ignored,simple,Dx,
US-SD-ML,Dx,split_groups: 0|14 & drop_cols: 0_1 & skip_empty: 1,Dx,split_groups: 0|6 0_1|3 0_1_1|2 0_1_1_1|5 0_1_1_1_1|3 0_1_1_1_1_1|1 & merge_after: 0_1_1_1_0 0_1_1_1_0 & skip_empty: 1
US-SD-MI,Dx,split_groups: 0|6 0_1|6 0_1_1|4 0_1_1_1|6 & skip_empty: 1,Dx,split_groups: 0|16 & drop_cols: 0_1
US-SD-MO,Ignored,simple,Ignored,simple
US-SD-MP,Dx,split_groups: 0|6 0_1|3 0_1_1|2 0_1_1_1|5 0_1_1_1_1|3 0_1_1_1_1_1|1 0_1_1_1_1_1_1|1 0_1_1_1_1_1_1_1|1 & merge_after: 0_1_1_1_1_1_0 0_1_1_1_1_1_0 0_1_1_1_1_1_0 & skip_empty: 1,Dx,
US-SD-MA,Ignored,simple,Ignored,simple
US-SD-PE,Dx,string_lengths: 2 4 4 & skip_empty: 1,Sx,string_lengths: 2 4 4 & skip_empty: 1
US-SD-PR,Ignored,simple,Ignored,simple
US-SD-RO,Dx,,Dx,split_groups: 0|14 & drop_cols: 0_1 & skip_empty: 1
US-SD-SA,Dx,split_groups: 0|6 0_1|3 0_1_1|2 0_1_1_1|5 0_1_1_1_1|3 0_1_1_1_1_1|1 & merge_after: 0_1_1_1_0 0_1_1_1_0 & skip_empty: 1,Dx,split_groups: 0|6 0_1|3 0_1_1|2 0_1_1_1|5 0_1_1_1_1|3 0_1_1_1_1_1|1 0_1_1_1_1_1_1|1 0_1_1_1_1_1_1_1|1 & merge_after: 0_1_1_1_1_1_0 0_1_1_1_1_1_0 0_1_1_1_1_1_0 & skip_empty: 1
US-SD-SP,Sx(-)Dx,skip_empty: 1,Dx,split_groups: 0|6 0_1|6 0_1_1|4 0_1_1_1|6 & skip_empty: 1
US-SD-ST,Sx(-)Dx,skip_empty: 1,Dx,split_groups: 0|1 0_1|6 & drop_cols: 0_0 & skip_empty: 1
US-SD-TO,Ignored,simple,Ignored,simple
US-SD-TR,Ignored,simple,Ignored,simple
US-SD-TU,Ignored,simple,Ignored,simple
US-SD-UN,Ignored,simple,Ignored,simple
US-SD-WA,Sx(-)Dx,split_groups: 0|6 0_1|1 0_1_1|5 & skip_empty: 1,Dx,split_groups: 0|6 0_1|6 0_1_1|4 0_1_1_1|6 & skip_empty: 1
US-SD-YA,Unrecognized,,Unrecognized,
US-TN-BE,Sx Sx( Sx),split_groups: 0|3 & drop_cols: 0_0 & skip_empty: 1,D3(A) (A) D5(A)(D3)( D2),skip_empty: 1
US-TN-BL,Sx Sx( Sx),split_groups: 0|3 & drop_cols: 0_0 & skip_empty: 1,D3(A) (A) D5(A)(D3)( D2),skip_empty: 1
US-TN-BN,Sx Sx( Sx),split_groups: 0|3 & drop_cols: 0_0 & skip_empty: 1,D3(A) (A) D5(A)(D3)( D2),skip_empty: 1
US-TN-BL,Sx Sx( Sx),split_groups: 0|3 & drop_cols: 0_0 & skip_empty: 1,D3(A) (A) D5(A)(D3)( D2),skip_empty: 1
US-TN-BR,Ignored,simple,Ignored,simple
US-TN-CH,Sx Sx( Sx),split_groups: 0|3 & drop_cols: 0_0 & skip_empty: 1,D3(A) (A) D5(A)(D3)( D2),skip_empty: 1
US-TN-CK,Sx Sx( Sx),split_groups: 0|3 & drop_cols: 0_0 & skip_empty: 1,D3(A) (A) D5(A)(D3)( D2),skip_empty: 1
US-TN-CO,Sx Sx( Sx),split_groups: 0|3 & drop_cols: 0_0 & skip_empty: 1,D3(A) (A) D5(A)(D3)( D2),skip_empty: 1
US-TN-CL,Sx Sx( Sx),split_groups: 0|3 & drop_cols: 0_0 & skip_empty: 1,D3(A) (A) D5(A)(D3)( D2),skip_empty: 1
US-TN-CR,Sx Sx( Sx),split_groups: 0|3 & drop_cols: 0_0 & skip_empty: 1,Sx Sx Sx( Sx)( Sx),skip_empty: 1
US-TN-CM,Sx Sx( Sx),split_groups: 0|3 & drop_cols: 0_0 & skip_empty: 1,D3(A) (A) D5(A)(D3)( D2),skip_empty: 1
US-TN-CN,Sx Sx( Sx),split_groups: 0|3 & drop_cols: 0_0 & skip_empty: 1,Sx Sx Sx( Sx)( Sx),skip_empty: 1
US-TN-CA,Sx Sx( Sx),split_groups: 0|3 & drop_cols: 0_0 & skip_empty: 1,D3(A) (A) D5(A)(D3)( D2),skip_empty: 1
US-TN-CE,^([0-9]{6})([A-Z]?)(?: ([A-Z]))? ([0-9]{5})$,split_groups: 0|3 & drop_cols: 0_0,^([0-9]{3})([A-Z]?)(?: +([A-Z]))? +([0-9]{5}) ([0-9A-Z]*)$,drop_cols: 4
US-TN-CA,Sx Sx( Sx),split_groups: 0|3 & drop_cols: 0_0 & skip_empty: 1,D3(A) (A) D5(A)(D3)( D2),skip_empty: 1
US-TN-CU,Sx Sx( Sx),split_groups: 0|3 & drop_cols: 0_0 & skip_empty: 1,Sx Sx Sx( Sx)( Sx),skip_empty: 1
US-TN-CY,Sx Sx( Sx),split_groups: 0|3 & drop_cols: 0_0 & skip_empty: 1,D3(A) (A) D5(A)(D3)( D2),skip_empty: 1
US-TN-DA,Sx,keep_length: 1 2 & merge_after: 0 0 & skip_empty: 1,Sx-Sx-Sx-Sx(-Sx-Sx.Sx),keep_length: 1 2 3 4 5 6 & merge_after: 0 0 0 0 0 0 & skip_empty: 1
US-TN-DC,Sx Sx( Sx),split_groups: 0|3 & drop_cols: 0_0 & skip_empty: 1,D3(A) (A) D5(A)(D3)( D2),skip_empty: 1
US-TN-DE,Sx Sx( Sx),split_groups: 0|3 & drop_cols: 0_0 & skip_empty: 1,D3(A) (A) D5(A)(D3)( D2),skip_empty: 1
US-TN-DI,Sx Sx( Sx),split_groups: 0|3 & drop_cols: 0_0 & skip_empty: 1,D3(A) (A) D5(A)(D3)( D2),skip_empty: 1
US-TN-DY,Sx Sx( Sx),split_groups: 0|3 & drop_cols: 0_0 & skip_empty: 1,Sx Sx Sx( Sx)( Sx),skip_empty: 1
US-TN-FA,Sx Sx( Sx),split_groups: 0|3 & drop_cols: 0_0 & skip_empty: 1,D3(A) (A) D5(A)(D3)( D2),skip_empty: 1
US-TN-FE,Sx Sx( Sx),split_groups: 0|3 & drop_cols: 0_0 & skip_empty: 1,D3(A) (A) D5(A)(D3)( D2),skip_empty: 1
US-TN-FR,Sx Sx( Sx),split_groups: 0|3 & drop_cols: 0_0 & skip_empty: 1,D3(A) (A) D5(A)(D3)( D2),skip_empty: 1
US-TN-GA,Sx Sx( Sx),split_groups: 0|3 & drop_cols: 0_0 & skip_empty: 1,D3(A) (A) D5(A)(D3)( D2),skip_empty: 1
US-TN-GR,Sx Sx( Sx),split_groups: 0|3 & drop_cols: 0_0 & skip_empty: 1,D3(A) (A) D5(A)(D3)( D2),skip_empty: 1
US-TN-GL,Sx Sx( Sx),split_groups: 0|3 & drop_cols: 0_0 & skip_empty: 1,Sx Sx Sx( Sx)( Sx),skip_empty: 1
US-TN-GU,Sx Sx( Sx),split_groups: 0|3 & drop_cols: 0_0 & skip_empty: 1,D3(A) (A) D5(A)(D3)( D2),skip_empty: 1
US-TN-HR,Sx Sx( Sx),split_groups: 0|3 & drop_cols: 0_0 & skip_empty: 1,Sx Sx Sx( Sx)( Sx),skip_empty: 1
US-TN-HM,Sx Sx( Sx),split_groups: 0|3 & drop_cols: 0_0 & skip_empty: 1,Sx Sx Sx( Sx)( Sx),skip_empty: 1
US-TN-HC,Sx Sx( Sx),split_groups: 0|3 & drop_cols: 0_0 & skip_empty: 1,D3(A) (A) D5(A)(D3)( D2),skip_empty: 1
US-TN-HD,Sx Sx( Sx),split_groups: 0|3 & drop_cols: 0_0 & skip_empty: 1,D3(A) (A) D5(A)(D3)( D2),drop_cols: 3 4 & skip_empty: 1
US-TN-HA,Sx Sx( Sx),split_groups: 0|3 0_1|3 1|3 2|3 & drop_cols: 0_0 & skip_empty: 1,D3(Ax) (A1 )D3(.D2),skip_empty: 1
US-TN-HI,^041([0-9A-Z]+)(?: ([A-Z]))? ([0-9A-Z]+)$,,^([0-9A-Z]+)(?: ([A-Z])|   )? ([0-9A-Z]+) ([0-9A-Z]+).?$,drop_cols: 3
US-TN-HO,Sx Sx( Sx),split_groups: 0|3 & drop_cols: 0_0 & skip_empty: 1,D3(A) (A) D5(A)(D3)( D2),skip_empty: 1
US-TN-HE,Sx Sx( Sx),split_groups: 0|3 & drop_cols: 0_0 & skip_empty: 1,D3(A) (A) D5(A)(D3)( D2),skip_empty: 1
US-TN-HN,Sx Sx( Sx),split_groups: 0|3 & drop_cols: 0_0 & skip_empty: 1,D3(A) (A) D5(A)(D3)( D2),skip_empty: 1
US-TN-HU,Sx Sx( Sx),split_groups: 0|3 & drop_cols: 0_0 & skip_empty: 1,D3(A) (A) D5(A)(D3)( D2),skip_empty: 1
US-TN-HW,Sx Sx( Sx),split_groups: 0|3 & drop_cols: 0_0 & skip_empty: 1,Sx Sx Sx( Sx)( Sx),skip_empty: 1
US-TN-HY,Sx Sx( Sx),split_groups: 0|3 & drop_cols: 0_0 & skip_empty: 1,D3(A) (A) D5(A)(D3)( D2),skip_empty: 1
US-TN-JA,Sx Sx( Sx),split_groups: 0|3 & drop_cols: 0_0 & skip_empty: 1,D3(A) (A) D5(A)(D3)( D2),skip_empty: 1
US-TN-JE,Sx Sx( Sx),split_groups: 0|3 & drop_cols: 0_0 & skip_empty: 1,D3(A) (A) D5(A)(D3)( D2),skip_empty: 1
US-TN-JO,Sx Sx( Sx),split_groups: 0|3 & drop_cols: 0_0 & skip_empty: 1,D3(A) (A) D5(A)(D3)( D2),skip_empty: 1
US-TN-KN,Ignored,simple,Ignored,simple
US-TN-LE,Sx Sx( Sx),split_groups: 0|3 & drop_cols: 0_0 & skip_empty: 1,Sx Sx Sx( Sx)( Sx),skip_empty: 1
US-TN-LI,Sx Sx( Sx),split_groups: 0|3 & drop_cols: 0_0 & skip_empty: 1,D3(A) (A) D5(A)(D3)( D2),skip_empty: 1
US-TN-LK,Sx Sx( Sx),split_groups: 0|3 & drop_cols: 0_0 & skip_empty: 1,Sx Sx Sx( Sx)( Sx),skip_empty: 1
US-TN-LO,Sx Sx( Sx),split_groups: 0|3 & drop_cols: 0_0 & skip_empty: 1,D3(A) (A) D5(A)(D3)( D2),skip_empty: 1
US-TN-LD,Sx Sx( Sx),split_groups: 0|3 & drop_cols: 0_0 & skip_empty: 1,D3(A) (A) D5(A)(D3)( D2),skip_empty: 1
US-TN-LA,Sx Sx( Sx),split_groups: 0|3 & drop_cols: 0_0 & skip_empty: 1,D3(A) (A) D5(A)(D3)( D2),skip_empty: 1
US-TN-MC,Sx Sx( Sx),split_groups: 0|3 & drop_cols: 0_0 & skip_empty: 1,Sx Sx Sx( Sx)( Sx),skip_empty: 1
US-TN-MA,Sx Sx( Sx),split_groups: 0|3 & drop_cols: 0_0 & skip_empty: 1,D3(A) (A) D5(A)(D3)( D2),skip_empty: 1
US-TN-MD,Sx Sx( Sx),split_groups: 0|3 & drop_cols: 0_0 & skip_empty: 1,D3(A) (A) D5(A)(D3)( D2),skip_empty: 1
US-TN-ME,Sx Sx( Sx),split_groups: 0|3 & drop_cols: 0_0 & skip_empty: 1,D3(A) (A) D5(A)(D3)( D2),skip_empty: 1
US-TN-MG,Sx Sx( Sx),split_groups: 0|3 & drop_cols: 0_0 & skip_empty: 1,D3(A) (A) D5(A)(D3)( D2),skip_empty: 1
US-TN-MI,Sx Sx( Sx),split_groups: 0|3 & drop_cols: 0_0 & skip_empty: 1,D3(A) (A) D5(A)(D3)( D2),skip_empty: 1
US-TN-MM,Sx Sx( Sx),split_groups: 0|3 & drop_cols: 0_0 & skip_empty: 1,D3(A) (A) D5(A)(D3)( D2),skip_empty: 1
US-TN-MR,Sx Sx( Sx),split_groups: 0|3 & drop_cols: 0_0 & skip_empty: 1,D3(A) (A) D5(A)(D3)( D2),skip_empty: 1
US-TN-MN,Sx Sx( Sx),split_groups: 0|3 & drop_cols: 0_0 & skip_empty: 1,D3(A) (A) D5(A)(D3)( D2),skip_empty: 1
US-TN-MR,Sx Sx( Sx),split_groups: 0|3 & drop_cols: 0_0 & skip_empty: 1,D3(A) (A) D5(A)(D3)( D2),skip_empty: 1
US-TN-MO,Sx Sx( Sx),split_groups: 0|3 & drop_cols: 0_0 & skip_empty: 1,Sx( )(Sx)( )(Sx) ( )(Sx),drop_cols: 3 & skip_empty: 1
US-TN-MA,Sx Sx( Sx),split_groups: 0|3 & drop_cols: 0_0 & skip_empty: 1,D3(A) (A) D5(A)(D3)( D2),skip_empty: 1
US-TN-OB,Sx Sx( Sx),split_groups: 0|3 & drop_cols: 0_0 & skip_empty: 1,D3(A) (A) D5(A)(D3)( D2),skip_empty: 1
US-TN-OV,Sx Sx( Sx),split_groups: 0|3 & drop_cols: 0_0 & skip_empty: 1,D3(A) (A) D5(A)(D3)( D2),skip_empty: 1
US-TN-PE,Sx Sx( Sx),split_groups: 0|3 & drop_cols: 0_0 & skip_empty: 1,D3(A) (A) D5(A)(D3)( D2),skip_empty: 1
US-TN-PI,Sx Sx( Sx),split_groups: 0|3 & drop_cols: 0_0 & skip_empty: 1,D3(A) (A) D5(A)(D3)( D2),skip_empty: 1
US-TN-PO,Sx Sx( Sx),split_groups: 0|3 & drop_cols: 0_0 & skip_empty: 1,D3(A) (A) D5(A)(D3)( D2),skip_empty: 1
US-TN-PU,Sx Sx( Sx),split_groups: 0|3 & drop_cols: 0_0 & skip_empty: 1,D3(A) (A) D5(A)(D3)( D2),skip_empty: 1
US-TN-RN,Sx Sx( Sx),split_groups: 0|3 & drop_cols: 0_0 & skip_empty: 1,D3(A) (A) D5(A)(D3)( D2),skip_empty: 1
US-TN-RO,Sx Sx( Sx),split_groups: 0|3 & drop_cols: 0_0 & skip_empty: 1,D3(A) (A) D5(A)(D3)( D2),skip_empty: 1
US-TN-RH,Sx Sx( Sx),split_groups: 0|3 & drop_cols: 0_0 & skip_empty: 1,D3(A) (A) D5(A)(D3)( D2),skip_empty: 1
US-TN-RU,^([0-9]{3})([A-Z]?)(B?)(?: ([A-Z]))? ([0-9]{3})([0-9]{2})$,skip_empty: 1,^([0-9]{3})([A-Z]?)(B?)(?:-([A-Z]))?-([0-9]{3})\.([0-9]{2})(?:-[A-Z])?(?:-[0-9]{3})?$,skip_empty: 1
US-TN-SC,Sx Sx( Sx),split_groups: 0|3 & drop_cols: 0_0 & skip_empty: 1,D3(A) (A) D5(A)(D3)( D2),skip_empty: 1
US-TN-SM,Sx Sx( Sx),split_groups: 0|3 & drop_cols: 0_0 & skip_empty: 1,D3(A) (A) D5(A)(D3)( D2),skip_empty: 1
US-TN-SL,Sx Sx( Sx),split_groups: 0|3 & drop_cols: 0_0 & skip_empty: 1,D3(A) (A) D5(A)(D3)( D2),skip_empty: 1
US-TN-SU,Sx Sx( Sx),split_groups: 0|3 0_1|3 1|3 2|3 & drop_cols: 0_0 & skip_empty: 1,D3(A1) ( A1 ) D3.D2 D3,skip_empty: 1
US-TN-SQ,Sx Sx( Sx),split_groups: 0|3 & drop_cols: 0_0 & skip_empty: 1,D3(A) (A) D5(A)(D3)( D2),skip_empty: 1
US-TN-SE,Sx Sx( Sx),split_groups: 0|3 & drop_cols: 0_0 & skip_empty: 1,D3(A) (A) D5(A)(D3)( D2),skip_empty: 1
US-TN-SH,Ignored,simple,Ignored,simple
US-TN-TI,Sx Sx( Sx),split_groups: 0|3 & drop_cols: 0_0 & skip_empty: 1,D3(A) (A) D5(A)(D3)( D2),skip_empty: 1
US-TN-TR,Sx Sx( Sx),split_groups: 0|3 & drop_cols: 0_0 & skip_empty: 1,D3(A) (A) D5(A)(D3)( D2),skip_empty: 1
US-TN-NC,Sx Sx( Sx),split_groups: 0|3 & drop_cols: 0_0 & skip_empty: 1,Sx Sx Sx( Sx)( Sx),skip_empty: 1
US-TN-UN,Sx Sx( Sx),split_groups: 0|3 & drop_cols: 0_0 & skip_empty: 1,D3(A) (A) D5(A)(D3)( D2),skip_empty: 1
US-TN-VB,Sx Sx( Sx),split_groups: 0|3 & drop_cols: 0_0 & skip_empty: 1,D3(A) (A) D5(A)(D3)( D2),skip_empty: 1
US-TN-WE,Sx Sx( Sx),split_groups: 0|3 & drop_cols: 0_0 & skip_empty: 1,D3(A) (A) D5(A)(D3)( D2),skip_empty: 1
US-TN-WH,Sx Sx( Sx),split_groups: 0|3 & drop_cols: 0_0 & skip_empty: 1,D3(A) (A) D5(A)(D3)( D2),skip_empty: 1
US-TN-WA,Sx Sx( Sx),split_groups: 0|3 & drop_cols: 0_0 & skip_empty: 1,D3(A) (A) D5(A)(D3)( D2),skip_empty: 1
US-TN-WI,Sx Sx( Sx),skip_empty: 1,D6(A) (A) D5(A)(D3)( D2),split_groups: 0|3 & drop_cols: 0_0 & skip_empty: 1
US-TN-WR,Sx Sx( Sx),split_groups: 0|3 & drop_cols: 0_0 & skip_empty: 1,D3(A) (A) D5(A)(D3)( D2),skip_empty: 1
US-TN-WY,Sx Sx( Sx),split_groups: 0|3 & drop_cols: 0_0 & skip_empty: 1,D3(A) (A) D5(A)(D3)( D2),skip_empty: 1
US-TX-ARA,Ignored,simple,Sx,split_groups: 0|1 & drop_cols: 0_0
US-TX-ARC,Ignored,simple,Dx,
US-TX-MAD,Dx,,Dx,split_groups: 0|16 & drop_cols: 0_1
US-TX-AND,Dx,split_groups: 0|6 0_1|6 0_1_1|4 0_1_1_1|6 & skip_empty: 1,Sx,split_groups: 0|1 & drop_cols: 0_0 & skip_empty: 1
US-TX-ANG,Dx,split_groups: 0|6 0_1|6 1_0|5 & skip_empty: 1,Sx(-)Dx,split_groups: 0|[A-Z] 0_1|[A-Z] & skip_empty: 1
US-TX-CAN,Dx,split_groups: 0|16 & drop_cols: 0_1,Sx,split_groups: 0|R 0_0|11 & skip_empty: 1
US-TX-ARM,Dx,split_groups: 0|2 0_1|2 0_1_1|2 0_1_1_1|3 0_1_1_1_1|3 0_1_1_1_1|3 & skip_empty: 1,Sx-Sx-Sx-Sx,split_groups: 0|2 & drop_cols: 0_0 & skip_empty: 1
US-TX-ANS,Dx,split_groups: 0|6 0_1|3 0_1_1|2 0_1_1_1|5 0_1_1_1_1|3 0_1_1_1_1_1|1 & merge_after: 0_1_1_1_0 0_1_1_1_0 & skip_empty: 1,Sx(-)Dx,split_groups: 0|[A-Z] 0_1|[A-Z] & skip_empty: 1
US-TX-CAO,Dx,split_groups: 0|6 0_1|6 0_1_1|4 0_1_1_1|6 & skip_empty: 1,Dx,split_groups: 0|16 & drop_cols: 0_1
US-TX-ATA,Sx,split_groups: 0|R 0_0|11 & skip_empty: 1,Sx,split_groups: 0|1 & drop_cols: 0_0 & skip_empty: 1
US-TX-AUS,Dx,split_groups: 0|16 & drop_cols: 0_1,Dx,split_groups: 0|16 & drop_cols: 0_1
US-TX-BAN,Dx,split_groups: 0|16 & drop_cols: 0_1,Dx,
US-TX-BLA,Dx,,Sx,split_groups: 0|1 & drop_cols: 0_0
US-TX-BOR,Dx,split_groups: 0|6 0_1|6 1_0|5 & skip_empty: 1,Dx,split_groups: 0|6 0_1|6 1_0|5 & skip_empty: 1
US-TX-BEE,Dx,split_groups: 0|6 0_1|6 0_1_1|4 0_1_1_1|6 & skip_empty: 1,Dx,split_groups: 0|14 & drop_cols: 0_1 & skip_empty: 1
US-TX-BRA,Ignored,simple,Ignored,simple
US-TX-BRS,Dx,split_groups: 0|16 & drop_cols: 0_1,Dx,split_groups: 0|6 0_1|3 0_1_1|7 0_1_1_1|3 0_1_1_1_1|1 0_1_1_1_1_1|1 & merge_after: 0_1_1_1_0 0_1_1_1_0 & skip_empty: 1
US-TX-BEL,Ignored,simple,Dx,split_groups: 0|6 0_1|6 0_1_1|4 0_1_1_1|6 & skip_empty: 1
US-TX-BRO,Ignored,simple,Dx,split_groups: 0|16 & drop_cols: 0_1
US-TX-BRI,Dx(.-Dx.-Dx),keep_length: 1 2 & merge_after: 0 0 0 & skip_empty: 1,Dx,split_groups: 0|2 0_1|2 & drop_cols: 0_0 & skip_empty: 1
US-TX-BAS,Dx,split_groups: 0|16 & drop_cols: 0_1,Sx,split_groups: 0|1 & drop_cols: 0_0
US-TX-BOS,Dx,split_groups: 0|16 & drop_cols: 0_1,Sx,split_groups: 0|1 & drop_cols: 0_0 & skip_empty: 1
US-TX-BAY,Ignored,simple,Dx,
US-TX-BRE,Dx,split_groups: 0|6 0_1|6 1_0|5 & skip_empty: 1,Dx,split_groups: 0|6 0_1|6 1_0|5 & skip_empty: 1
US-TX-BUR,Ignored,simple,Ignored,simple
US-TX-BUN,Dx,,Dx,
US-TX-BOW,Dx,keep_length: 1 & skip_empty: 1,Dx,split_groups: 0|6 0_1|3 0_1_1|2 0_1_1_1|5 0_1_1_1_1|3 0_1_1_1_1_1|1 0_1_1_1_1_1_1|1 0_1_1_1_1_1_1_1|1 & merge_after: 0_1_1_1_1_1_0 0_1_1_1_1_1_0 0_1_1_1_1_1_0 & skip_empty: 1
US-TX-BEX,Dx,keep_length: 1 & skip_empty: 1,Dx,
US-TX-BAI,Dx,split_groups: 0|16 & drop_cols: 0_1,Dx,split_groups: 0|16 & drop_cols: 0_1
US-TX-BRA,Dx,split_groups: 0|16 & drop_cols: 0_1,Dx,
US-TX-CAM,Dx,,Sx,split_groups: 0|1 & drop_cols: 0_0
US-TX-CRO,Sx,string_lengths: 3 3 & skip_empty: 1,Sx,string_lengths: 3 3 & skip_empty: 1
US-TX-COC,Dx,split_groups: 0|14 & drop_cols: 0_1 & skip_empty: 1,Sx,split_groups: 0|1 & drop_cols: 0_0
US-TX-CHI,Sx-Sx-Sx-Sx,drop_cols: 3 & skip_empty: 1,Sx-Sx-Sx-Sx,drop_cols: 3 & skip_empty: 1
US-TX-COE,Dx,split_groups: 0|6 0_1|6 1_0|5 & skip_empty: 1,Dx,split_groups: 0|6 0_1|3 0_1_1|2 0_1_1_1|5 0_1_1_1_1|3 0_1_1_1_1_1|1 & merge_after: 0_1_1_1_0 0_1_1_1_0 & skip_empty: 1
US-TX-COH,Ignored,simple,Dx,split_groups: 0|6 0_1|3 0_1_1|2 0_1_1_1|5 0_1_1_1_1|3 0_1_1_1_1_1|1 0_1_1_1_1_1_1|1 0_1_1_1_1_1_1_1|1 & merge_after: 0_1_1_1_1_1_0 0_1_1_1_1_1_0 0_1_1_1_1_1_0 & skip_empty: 1
US-TX-CHA,Dx,split_groups: 0|6 0_1|6 0_1_1|4 0_1_1_1|6 & skip_empty: 1,Dx,split_groups: 0|6 0_1|3 0_1_1|7 0_1_1_1|3 0_1_1_1_1|1 0_1_1_1_1_1|1 & merge_after: 0_1_1_1_0 0_1_1_1_0 & skip_empty: 1
US-TX-COL,Dx,split_groups: 0|16 & drop_cols: 0_1,Dx,split_groups: 0|16 & drop_cols: 0_1
US-TX-CHE,Dx,split_groups: 0|14 & drop_cols: 0_1 & skip_empty: 1,Dx,
US-TX-COR,Dx,split_groups: 0|16 & drop_cols: 0_1,Dx,split_groups: 0|16 & drop_cols: 0_1
US-TX-CAR,Dx,split_groups: 0|6 0_1|6 1_0|5 & skip_empty: 1,Dx,
US-TX-CLR,Dx,split_groups: 0|16 & drop_cols: 0_1,Dx,split_groups: 0|6 0_1|6 1_0|5 & skip_empty: 1
US-TX-CAP,Ignored,simple,Sx(-)Dx,split_groups: 0|[A-Z] 0_1|[A-Z] & skip_empty: 1
US-TX-CRA,Dx,split_groups: 0|16 & drop_cols: 0_1,Dx,
US-TX-CAS,Ignored,simple,Sx(-)Dx,split_groups: 0|[A-Z] 0_1|[A-Z] & skip_empty: 1
US-TX-CRT,Dx,keep_length: 1 & skip_empty: 1,Dx,split_groups: 0|6 0_1|3 0_1_1|2 0_1_1_1|5 0_1_1_1_1|3 0_1_1_1_1_1|1 0_1_1_1_1_1_1|1 0_1_1_1_1_1_1_1|1 & merge_after: 0_1_1_1_1_1_0 0_1_1_1_1_1_0 0_1_1_1_1_1_0 & skip_empty: 1
US-TX-CAL,Ignored,simple,Dx,split_groups: 0|14 & drop_cols: 0_1 & skip_empty: 1
US-TX-CAL,Dx,split_groups: 0|16 & drop_cols: 0_1,Dx,
US-TX-CLA,Ignored,simple,Dx,
US-TX-DIC,Dx,split_groups: 0|16 & drop_cols: 0_1,Dx,
US-TX-DEW,Sx(-)Dx,split_groups: 0|6 0_1|1 0_1_1|5 & skip_empty: 1,Ignored,simple
US-TX-DES,Dx,split_groups: 0|16 & drop_cols: 0_1,Dx,split_groups: 0|6 0_1|3 0_1_1|2 0_1_1_1|5 0_1_1_1_1|3 0_1_1_1_1_1|1 0_1_1_1_1_1_1|1 0_1_1_1_1_1_1_1|1 & merge_after: 0_1_1_1_1_1_0 0_1_1_1_1_1_0 0_1_1_1_1_1_0 & skip_empty: 1
US-TX-DAM,Dx,split_groups: 0|6 0_1|6 1_0|5 & skip_empty: 1,Dx,split_groups: 0|14 & drop_cols: 0_1 & skip_empty: 1
US-TX-DIM,Dx,,Dx,
US-TX-DEN,Dx,split_groups: 0|16 & drop_cols: 0_1,Sx,split_groups: 0|R 0_0|11 & skip_empty: 1
US-TX-DON,Dx,string_lengths: 2 2 4 4 4 & skip_empty: 1,Dx-Dx-Dx-Dx-Dx,split_groups: 4|2 & skip_empty: 1
US-TX-DAL,Sx,string_lengths: 2 2 4 4 4 & skip_empty: 1,Sx,split_groups: 0|2 0_1|2 0_1_1|4 0_1_1_1|4 0_1_1_1_1|4 & skip_empty: 1
US-TX-DEL,Dx,split_groups: 0|6 0_1|6 1_0|5 & skip_empty: 1,Dx,
US-TX-DUV,Dx,split_groups: 0|6 0_1|6 1_0|5 & skip_empty: 1,Ignored,simple
US-TX-DAW,Dx,keep_length: 1 & skip_empty: 1,Dx,split_groups: 0|6 0_1|3 0_1_1|7 0_1_1_1|3 0_1_1_1_1|1 0_1_1_1_1_1|1 & merge_after: 0_1_1_1_0 0_1_1_1_0 & skip_empty: 1
US-TX-EAS,Dx,split_groups: 0|14 & drop_cols: 0_1 & skip_empty: 1,Dx,split_groups: 0|6 0_1|6 0_1_1|4 0_1_1_1|6 & skip_empty: 1
US-TX-ECT,Sx,split_groups: 0|11 & drop_cols: 0_1 & skip_empty: 1,Sx,
US-TX-EDW,Dx,split_groups: 0|16 & drop_cols: 0_1,Dx,
US-TX-ELL,Dx,split_groups: 0|14 & drop_cols: 0_1 & skip_empty: 1,Sx,split_groups: 0|1 & drop_cols: 0_0
US-TX-MEN,Ignored,simple,Dx,
US-TX-ELP,Ignored,simple,Dx,split_groups: 0|6 0_1|6 0_1_1|4 0_1_1_1|6 & skip_empty: 1
US-TX-ERA,Sx,split_groups: 0|1 & skip_empty: 1,Sx,split_groups: 0|1 & skip_empty: 1
US-TX-FOA,Dx,split_groups: 0|6 0_1|6 0_1_1|4 0_1_1_1|6 & skip_empty: 1,Dx,split_groups: 0|6 0_1|3 0_1_1|7 0_1_1_1|3 0_1_1_1_1|1 0_1_1_1_1_1|1 & merge_after: 0_1_1_1_0 0_1_1_1_0 & skip_empty: 1
US-TX-FRE,Dx,split_groups: 0|6 0_1|3 0_1_1|2 0_1_1_1|5 0_1_1_1_1|3 0_1_1_1_1_1|1 & merge_after: 0_1_1_1_0 0_1_1_1_0 & skip_empty: 1,Dx,split_groups: 0|6 0_1|3 0_1_1|2 0_1_1_1|5 0_1_1_1_1|3 0_1_1_1_1_1|1 & merge_after: 0_1_1_1_0 0_1_1_1_0 & skip_empty: 1
US-TX-FIS,Ignored,simple,Dx,keep_length: 1 & skip_empty: 1
US-TX-FAN,Dx,split_groups: 0|14 & drop_cols: 0_1 & skip_empty: 1,Dx,keep_length: 1 & skip_empty: 1
US-TX-FRA,Ignored,simple,Dx,
US-TX-FAL,Dx,split_groups: 0|6 0_1|6 1_0|5 & skip_empty: 1,Sx,split_groups: 0|1 & drop_cols: 0_0 & skip_empty: 1
US-TX-FRI,Ignored,simple,Ignored,simple
US-TX-FOB,Sx,split_groups: 0|11 & drop_cols: 0_1 & skip_empty: 1,Sx,
US-TX-FAY,Dx,,Dx,split_groups: 0|6 0_1|6 0_1_1|4 0_1_1_1|6 & skip_empty: 1
US-TX-FLO,Sx,split_groups: 0|3 0_1|15 & drop_cols: 0_0 0_1_1 & skip_empty: 1,Sx,split_groups: 0|1 & drop_cols: 0_0
US-TX-GON,Dx,,Dx,split_groups: 0|16 & drop_cols: 0_1
US-TX-GLA,Dx,keep_length: 1 & skip_empty: 1,Ignored,simple
US-TX-GRE,Dx,,Dx,split_groups: 0|16 & drop_cols: 0_1
US-TX-GOL,Dx,split_groups: 0|6 0_1|6 1_0|5 & skip_empty: 1,Sx(-)Dx,split_groups: 0|[A-Z] 0_1|[A-Z] & skip_empty: 1
US-TX-GIL,Dx,keep_length: 1 & skip_empty: 1,Dx,split_groups: 0|16 & drop_cols: 0_1
US-TX-GRI,Dx,split_groups: 0|6 0_1|3 0_1_1|7 0_1_1_1|3 0_1_1_1_1|1 0_1_1_1_1_1|1 & merge_after: 0_1_1_1_0 0_1_1_1_0 & skip_empty: 1,Sx,split_groups: 0|R 0_0|11 & skip_empty: 1
US-TX-GRA,Dx,,Dx,split_groups: 0|6 0_1|3 0_1_1|2 0_1_1_1|5 0_1_1_1_1|3 0_1_1_1_1_1|1 0_1_1_1_1_1_1|1 0_1_1_1_1_1_1_1|1 & merge_after: 0_1_1_1_1_1_0 0_1_1_1_1_1_0 0_1_1_1_1_1_0 & skip_empty: 1
US-TX-GAR,Sx-Sx-Sx-Sx-Sx-Sx,keep_length: 1 2 3 4 5 & merge_after: 0 0 0 0 0 & skip_empty: 1,Sx-Sx-Sx-Sx(-Sx-Sx.Sx),keep_length: 1 2 3 4 5 6 & merge_after: 0 0 0 0 0 0 & skip_empty: 1
US-TX-GAI,Dx,split_groups: 0|14 & drop_cols: 0_1 & skip_empty: 1,Dx,split_groups: 0|6 0_1|6 1_0|5 & skip_empty: 1
US-TX-GUA,Ignored,simple,Dx,split_groups: 0|14 & drop_cols: 0_1 & skip_empty: 1
US-TX-GAL,Dx,keep_length: 1 & skip_empty: 1,Sx,split_groups: 0|1 & drop_cols: 0_0 & skip_empty: 1
US-TX-GRY,Dx,split_groups: 0|14 & drop_cols: 0_1 & skip_empty: 1,Dx,split_groups: 0|6 0_1|6 0_1_1|4 0_1_1_1|6 & skip_empty: 1
US-TX-HLL,Dx,,Dx,keep_length: 1 & skip_empty: 1
US-TX-HOC,Dx,split_groups: 0|14 & drop_cols: 0_1 & skip_empty: 1,Dx,split_groups: 0|6 0_1|3 0_1_1|7 0_1_1_1|3 0_1_1_1_1|1 0_1_1_1_1_1|1 & merge_after: 0_1_1_1_0 0_1_1_1_0 & skip_empty: 1
US-TX-HEN,Dx,split_groups: 0|16 & drop_cols: 0_1,Sx,split_groups: 0|R 0_0|11 & skip_empty: 1
US-TX-HAL,Dx,split_groups: 0|16 & drop_cols: 0_1,Dx,split_groups: 0|14 & drop_cols: 0_1 & skip_empty: 1
US-TX-HAD,Ignored,simple,Dx,split_groups: 0|14 & drop_cols: 0_1 & skip_empty: 1
US-TX-HID,Dx,split_groups: 0|14 & drop_cols: 0_1 & skip_empty: 1,Sx,split_groups: 0|1 & drop_cols: 0_0
US-TX-HEM,Dx,,Dx,split_groups: 0|6 0_1|3 0_1_1|2 0_1_1_1|5 0_1_1_1_1|3 0_1_1_1_1_1|1 & merge_after: 0_1_1_1_0 0_1_1_1_0 & skip_empty: 1
US-TX-HIL,Ignored,simple,Dx,split_groups: 0|6 0_1|6 1_0|5 & skip_empty: 1
US-TX-HAS,Ignored,simple,Dx,
US-TX-HRT,Dx,split_groups: 0|14 & drop_cols: 0_1 & skip_empty: 1,Sx,split_groups: 0|R 0_0|11 & skip_empty: 1
US-TX-HAM,Dx,split_groups: 0|3 0_1|7 0_1_1|3 0_1_1_1|1 0_1_1_1_1|[0] & merge_after: 0_1_1_0 0_1_1_0 & skip_empty: 1,Sx(-)Dx,split_groups: 0|- 0_0|3 & skip_empty: 1
US-TX-HAN,Dx,split_groups: 0|6 0_1|3 0_1_1|2 0_1_1_1|5 0_1_1_1_1|3 0_1_1_1_1_1|1 0_1_1_1_1_1_1|1 0_1_1_1_1_1_1_1|1 & merge_after: 0_1_1_1_1_1_0 0_1_1_1_1_1_0 0_1_1_1_1_1_0 & skip_empty: 1,Dx,split_groups: 0|16 & drop_cols: 0_1
US-TX-HOO,Ignored,simple,Sx,keep_length: 1 2 & merge_after: 0 0 & skip_empty: 1
US-TX-HOP,Sx(-)Dx,string_lengths: 2 2 6 & drop_cols: 0 & skip_empty: 1,Sx,split_groups: 0|R 0_0|11 & skip_empty: 1
US-TX-HAN,Sx(-)Dx,skip_empty: 1,Ignored,simple
US-TX-HOU,Ignored,simple,Dx,split_groups: 0|6 0_1|3 0_1_1|7 0_1_1_1|3 0_1_1_1_1|1 0_1_1_1_1_1|1 & merge_after: 0_1_1_1_0 0_1_1_1_0 & skip_empty: 1
US-TX-HUN,Ignored,simple,Dx,split_groups: 0|6 0_1|6 0_1_1|4 0_1_1_1|6 & skip_empty: 1
US-TX-HUD,Dx,split_groups: 2|4 & skip_empty: 1,Sx,split_groups: 0|1 & drop_cols: 0_0 & skip_empty: 1
US-TX-HOW,Dx,split_groups: 0|6 0_1|6 0_1_1|4 0_1_1_1|6 & skip_empty: 1,Sx,split_groups: 0|R 0_0|11 & skip_empty: 1
US-TX-HAY,Ignored,simple,Sx,split_groups: 0|R 0_0|11 & skip_empty: 1
US-TX-MID,Sx,split_groups: 0|3 0_1|15 & drop_cols: 0_0 0_1_1 & skip_empty: 1,Sx,split_groups: 0|1 & drop_cols: 0_0 & skip_empty: 1
US-TX-IRI,Ignored,simple,Dx,split_groups: 0|6 0_1|6 0_1_1|4 0_1_1_1|6 & skip_empty: 1
US-TX-JAC,Sx,string_lengths: 3 3 & skip_empty: 1,Sx,string_lengths: 3 3 & skip_empty: 1
US-TX-JEF,Dx,,Dx,
US-TX-JED,Dx,,Dx,split_groups: 0|6 0_1|6 1_0|5 & skip_empty: 1
US-TX-JIH,Dx,keep_length: 1 & skip_empty: 1,Ignored,simple
US-TX-JOH,Dx,split_groups: 0|6 0_1|6 0_1_1|4 0_1_1_1|6 & skip_empty: 1,Sx,split_groups: 0|R 0_0|11 & skip_empty: 1
US-TX-JAK,Dx,split_groups: 0|16 & drop_cols: 0_1,Dx,split_groups: 0|6 0_1|3 0_1_1|2 0_1_1_1|5 0_1_1_1_1|3 0_1_1_1_1_1|1 & merge_after: 0_1_1_1_0 0_1_1_1_0 & skip_empty: 1
US-TX-JON,Dx,split_groups: 0|16 & drop_cols: 0_1,Dx,split_groups: 0|6 0_1|3 0_1_1|2 0_1_1_1|5 0_1_1_1_1|3 0_1_1_1_1_1|1 0_1_1_1_1_1_1|1 0_1_1_1_1_1_1_1|1 & merge_after: 0_1_1_1_1_1_0 0_1_1_1_1_1_0 0_1_1_1_1_1_0 & skip_empty: 1
US-TX-JAS,Dx,split_groups: 0|14 & drop_cols: 0_1 & skip_empty: 1,Sx,split_groups: 0|1 & drop_cols: 0_0
US-TX-JIW,Dx,string_lengths: 6 6 & skip_empty: 1,Sx,split_groups: 0|6 0_1|6 & skip_empty: 1
US-TX-KEN,Ignored,simple,Dx,keep_length: 1 & skip_empty: 1
US-TX-KEY,Dx,split_groups: 0|16 & drop_cols: 0_1,Dx,split_groups: 0|14 & drop_cols: 0_1 & skip_empty: 1
US-TX-KIG,Dx,split_groups: 0|6 0_1|3 0_1_1|7 0_1_1_1|3 0_1_1_1_1|1 0_1_1_1_1_1|1 & merge_after: 0_1_1_1_0 0_1_1_1_0 & skip_empty: 1,Dx,
US-TX-KLE,Dx,split_groups: 0|16 & drop_cols: 0_1,Dx,split_groups: 0|16 & drop_cols: 0_1
US-TX-KIM,Dx,split_groups: 0|6 0_1|6 0_1_1|4 0_1_1_1|6 & skip_empty: 1,Dx,split_groups: 0|14 & drop_cols: 0_1 & skip_empty: 1
US-TX-KIN,Dx,split_groups: 0|16 & drop_cols: 0_1,Dx,split_groups: 0|14 & drop_cols: 0_1 & skip_empty: 1
US-TX-KER,Dx,split_groups: 0|6 0_1|6 1_0|5 & skip_empty: 1,Dx,split_groups: 0|6 0_1|3 0_1_1|2 0_1_1_1|5 0_1_1_1_1|3 0_1_1_1_1_1|1 & merge_after: 0_1_1_1_0 0_1_1_1_0 & skip_empty: 1
US-TX-KAR,Ignored,simple,Ignored,simple
US-TX-KET,Dx,split_groups: 0|6 0_1|6 1_0|5 & skip_empty: 1,Dx,split_groups: 0|6 0_1|3 0_1_1|2 0_1_1_1|5 0_1_1_1_1|3 0_1_1_1_1_1|1 & merge_after: 0_1_1_1_0 0_1_1_1_0 & skip_empty: 1
US-TX-KAU,Dx,split_groups: 0|6 0_1|3 0_1_1|2 0_1_1_1|5 0_1_1_1_1|3 0_1_1_1_1_1|1 0_1_1_1_1_1_1|1 0_1_1_1_1_1_1_1|1 & merge_after: 0_1_1_1_1_1_0 0_1_1_1_1_1_0 0_1_1_1_1_1_0 & skip_empty: 1,Sx(-)Dx,split_groups: 0|[A-Z] 0_1|[A-Z] & skip_empty: 1
US-TX-KNO,Sx,split_groups: 0|7 & skip_empty: 1,Sx,split_groups: 0|7 & skip_empty: 1
US-TX-LAV,Dx,split_groups: 0|16 & drop_cols: 0_1,Dx,split_groups: 0|16 & drop_cols: 0_1
US-TX-LAB,Dx,split_groups: 0|6 0_1|3 0_1_1|2 0_1_1_1|5 0_1_1_1_1|3 0_1_1_1_1_1|1 & merge_after: 0_1_1_1_0 0_1_1_1_0 & skip_empty: 1,Dx,split_groups: 0|6 0_1|3 0_1_1|2 0_1_1_1|5 0_1_1_1_1|3 0_1_1_1_1_1|1 & merge_after: 0_1_1_1_0 0_1_1_1_0 & skip_empty: 1
US-TX-LEE,Ignored,simple,Dx,split_groups: 0|14 & drop_cols: 0_1 & skip_empty: 1
US-TX-LOV,Ignored,simple,Ignored,simple
US-TX-LIO,Dx,split_groups: 0|14 & drop_cols: 0_1 & skip_empty: 1,Dx,
US-TX-LLA,Dx,split_groups: 0|6 0_1|3 0_1_1|2 0_1_1_1|5 0_1_1_1_1|3 0_1_1_1_1_1|1 & merge_after: 0_1_1_1_0 0_1_1_1_0 & skip_empty: 1,Dx,
US-TX-LIP,Ignored,simple,Ignored,simple
US-TX-LEO,Dx,simple,Sx-Sx-Sx(-Sx),simple
US-TX-LIM,Dx,split_groups: 0|14 & drop_cols: 0_1 & skip_empty: 1,Sx,split_groups: 0|R 0_0|11 & skip_empty: 1
US-TX-LAM,Dx,split_groups: 0|6 0_1|3 0_1_1|2 0_1_1_1|5 0_1_1_1_1|3 0_1_1_1_1_1|1 & merge_after: 0_1_1_1_0 0_1_1_1_0 & skip_empty: 1,Dx,split_groups: 0|6 0_1|6 0_1_1|4 0_1_1_1|6 & skip_empty: 1
US-TX-LAM,Dx,split_groups: 0|14 & drop_cols: 0_1 & skip_empty: 1,Dx,
US-TX-LAS,Dx,split_groups: 0|6 0_1|3 0_1_1|2 0_1_1_1|5 0_1_1_1_1|3 0_1_1_1_1_1|1 & merge_after: 0_1_1_1_0 0_1_1_1_0 & skip_empty: 1,Dx,
US-TX-LIB,Dx,,Dx,split_groups: 0|16 & drop_cols: 0_1
US-TX-LUB,Sx,skip_empty: 1,Sx,split_groups: 0|7 & skip_empty: 1
US-TX-LYN,Dx,split_groups: 0|2 0_1|2 0_1_1|2 0_1_1_1|3 0_1_1_1_1|3 0_1_1_1_1|3 & skip_empty: 1,Dx,split_groups: 0|2 0_1|2 0_1_1|2 0_1_1_1|3 0_1_1_1_1|3 0_1_1_1_1|3 & skip_empty: 1
US-TX-MAS,Dx,,Dx,
US-TX-MCC,Ignored,simple,Dx,split_groups: 0|6 0_1|3 0_1_1|2 0_1_1_1|5 0_1_1_1_1|3 0_1_1_1_1_1|1 & merge_after: 0_1_1_1_0 0_1_1_1_0 & skip_empty: 1
US-TX-MAT,Dx,keep_length: 1 & skip_empty: 1,Dx,
US-TX-MED,Dx,,Sx,split_groups: 0|1 & drop_cols: 0_0
US-TX-MON,Ignored,simple,Sx,split_groups: 0|[E] & keep_length: 0_1 & merge_after: 0_0 & skip_empty: 1
US-TX-MIT,Dx,split_groups: 0|3 0_1|7 0_1_1|3 0_1_1_1|1 0_1_1_1_1|[0] & merge_after: 0_1_1_0 0_1_1_0 & skip_empty: 1,Dx,split_groups: 0|3 0_1|7 0_1_1|3 0_1_1_1|1 0_1_1_1_1|[0] & merge_after: 0_1_1_0 0_1_1_0 & skip_empty: 1
US-TX-MIL,Dx,split_groups: 0|16 & drop_cols: 0_1,Dx,split_groups: 0|16 & drop_cols: 0_1
US-TX-MCL,Ignored,simple,Ignored,simple
US-TX-MCM,Dx,,Dx,
US-TX-MAR,Dx,split_groups: 0|16 & drop_cols: 0_1,Dx,
US-TX-MOO,Dx,,Ignored,simple
US-TX-MOR,Dx,,Sx,split_groups: 0|1 & drop_cols: 0_0 & skip_empty: 1
US-TX-MIS,Dx,split_groups: 0|16 & drop_cols: 0_1,Sx,split_groups: 0|R 0_0|11 & skip_empty: 1
US-TX-MAN,Dx,split_groups: 0|6 0_1|6 0_1_1|4 0_1_1_1|6 & skip_empty: 1,Dx,
US-TX-MOE,Dx,,Sx,split_groups: 0|R 0_0|11 & skip_empty: 1
US-TX-MAV,Dx,split_groups: 0|14 & drop_cols: 0_1 & skip_empty: 1,Dx,split_groups: 0|14 & drop_cols: 0_1 & skip_empty: 1
US-TX-NAC,Dx,split_groups: 0|14 & drop_cols: 0_1 & skip_empty: 1,Dx,
US-TX-NEW,Ignored,,Ignored,
US-TX-NOL,Dx,split_groups: 0|6 0_1|6 1_0|5 & skip_empty: 1,Dx,split_groups: 0|6 0_1|6 1_0|5 & skip_empty: 1
US-TX-NUE,Dx,keep_length: 1 & skip_empty: 1,Dx,
US-TX-NAV,Dx,split_groups: 0|16 & drop_cols: 0_1,Dx,split_groups: 0|6 0_1|3 0_1_1|2 0_1_1_1|5 0_1_1_1_1|3 0_1_1_1_1_1|1 & merge_after: 0_1_1_1_0 0_1_1_1_0 & skip_empty: 1
US-TX-OCH,Dx,split_groups: 0|14 & drop_cols: 0_1 & skip_empty: 1,Dx,split_groups: 0|16 & drop_cols: 0_1
US-TX-COK,Dx,,Dx,split_groups: 0|6 0_1|3 0_1_1|2 0_1_1_1|5 0_1_1_1_1|3 0_1_1_1_1_1|1 0_1_1_1_1_1_1|1 0_1_1_1_1_1_1_1|1 & merge_after: 0_1_1_1_1_1_0 0_1_1_1_1_1_0 0_1_1_1_1_1_0 & skip_empty: 1
US-TX-OLD,Dx,string_lengths: 2 3 6 & skip_empty: 1,Dx,string_lengths: 2 3 6 & skip_empty: 1
US-TX-COM,Dx,,Dx,split_groups: 0|6 0_1|6 0_1_1|4 0_1_1_1|6 & skip_empty: 1
US-TX-CON,Sx,split_groups: 0|1 & drop_cols: 0_0,Sx,split_groups: 0|1 & drop_cols: 0_0
US-TX-COO,Dx,split_groups: 0|14 & drop_cols: 0_1 & skip_empty: 1,Dx,split_groups: 0|6 0_1|6 1_0|5 & skip_empty: 1
US-TX-ORA,Dx,split_groups: 0|6 0_1|6 0_1_1|4 0_1_1_1|6 & skip_empty: 1,Sx,split_groups: 0|R 0_0|11 & skip_empty: 1
US-TX-COT,Dx,,Dx,split_groups: 0|14 & drop_cols: 0_1 & skip_empty: 1
US-TX-PEC,Dx,split_groups: 0|6 0_1|6 0_1_1|4 0_1_1_1|6 & skip_empty: 1,Dx,
US-TX-POL,Dx,split_groups: 0|6 0_1|6 0_1_1|4 0_1_1_1|6 & skip_empty: 1,Dx,
US-TX-PRM,Dx,split_groups: 0|6 0_1|3 0_1_1|2 0_1_1_1|5 0_1_1_1_1|3 0_1_1_1_1_1|1 & merge_after: 0_1_1_1_0 0_1_1_1_0 & skip_empty: 1,Dx,
US-TX-PAN,Ignored,simple,Ignored,simple
US-TX-PAP,Sx,string_lengths: 2 2 6 & drop_cols: 0 & skip_empty: 1,Sx,split_groups: 0|R 0_0|11 & skip_empty: 1
US-TX-PAR,Sx,split_groups: 0|[E] & keep_length: 0_1 & merge_after: 0_0 & skip_empty: 1,Sx,split_groups: 0|11 & drop_cols: 0_1 & skip_empty: 1
US-TX-PRE,Dx,,Sx(-)Dx,split_groups: 0|[A-Z] 0_1|[A-Z] & skip_empty: 1
US-TX-POT,Sx,skip_empty: 1,Sx,skip_empty: 1
US-TX-RAN,Dx,string_lengths: 3 4 4 1 & skip_empty: 1,Sx-Sx-Sx-Sx(-Sx-Sx.Sx),drop_cols: 0 & skip_empty: 1
US-TX-ROC,Dx,split_groups: 0|16 & drop_cols: 0_1,Dx,split_groups: 0|14 & drop_cols: 0_1 & skip_empty: 1
US-TX-HRD,Dx,split_groups: 0|16 & drop_cols: 0_1,Dx,split_groups: 0|6 0_1|6 0_1_1|4 0_1_1_1|6 & skip_empty: 1
US-TX-REE,Dx,split_groups: 0|16 & drop_cols: 0_1,Sx,split_groups: 0|R 0_0|11 & skip_empty: 1
US-TX-REF,Dx,split_groups: 0|6 0_1|3 0_1_1|2 0_1_1_1|5 0_1_1_1_1|3 0_1_1_1_1_1|1 & merge_after: 0_1_1_1_0 0_1_1_1_0 & skip_empty: 1,Dx,split_groups: 0|6 0_1|3 0_1_1|7 0_1_1_1|3 0_1_1_1_1|1 0_1_1_1_1_1|1 & merge_after: 0_1_1_1_0 0_1_1_1_0 & skip_empty: 1
US-TX-REA,Dx,,Dx,keep_length: 1 & skip_empty: 1
US-TX-RAI,Dx,,Dx,
US-TX-RUS,Dx,split_groups: 0|6 0_1|6 0_1_1|4 0_1_1_1|6 & skip_empty: 1,Ignored,simple
US-TX-REA,Dx,split_groups: 0|14 & drop_cols: 0_1 & skip_empty: 1,Dx,split_groups: 0|14 & drop_cols: 0_1 & skip_empty: 1
US-TX-RUN,Sx(-)Dx,string_lengths: 2 2 6 & drop_cols: 0 & skip_empty: 1,Sx,split_groups: 0|R 0_0|11 & skip_empty: 1
US-TX-ROB,Dx,split_groups: 0|6 0_1|6 0_1_1|4 0_1_1_1|6 & skip_empty: 1,Dx,keep_length: 1 & skip_empty: 1
US-TX-HAR,Dx,string_lengths: 2 3 2 2 4 & skip_empty: 1,Dx,string_lengths: 2 3 2 2 4 & skip_empty: 1
US-TX-ROS,Dx,string_lengths: 3 2 1 2 2 3 2 & skip_empty: 1,Dx,string_lengths: 3 3 2 1 2 2 3 2 1 & drop_cols: 0 & skip_empty: 1
US-TX-RER,Dx,split_groups: 0|6 0_1|3 0_1_1|2 0_1_1_1|5 0_1_1_1_1|3 0_1_1_1_1_1|1 & merge_after: 0_1_1_1_0 0_1_1_1_0 & skip_empty: 1,Dx,split_groups: 0|6 0_1|6 1_0|5 & skip_empty: 1
US-TX-STO,Dx,split_groups: 0|14 & drop_cols: 0_1 & skip_empty: 1,Dx,split_groups: 0|6 0_1|6 0_1_1|4 0_1_1_1|6 & skip_empty: 1
US-TX-SAB,Sx,split_groups: 0|6 0_1|6 & skip_empty: 1,Sx,split_groups: 0|6 0_1|6 & skip_empty: 1
US-TX-SHA,Dx,,Dx,split_groups: 0|16 & drop_cols: 0_1
US-TX-STE,Sx,split_groups: 0|1 & drop_cols: 0_0 & skip_empty: 1,Sx,split_groups: 0|R 0_0|11 & skip_empty: 1
US-TX-SAA,Dx,split_groups: 0|6 0_1|3 0_1_1|2 0_1_1_1|5 0_1_1_1_1|3 0_1_1_1_1_1|1 0_1_1_1_1_1_1|1 0_1_1_1_1_1_1_1|1 & merge_after: 0_1_1_1_1_1_0 0_1_1_1_1_1_0 0_1_1_1_1_1_0 & skip_empty: 1,Dx,split_groups: 0|16 & drop_cols: 0_1
US-TX-SCH,Dx,split_groups: 0|14 & drop_cols: 0_1 & skip_empty: 1,Sx,split_groups: 0|1 & drop_cols: 0_0
US-TX-STG,Dx,split_groups: 0|6 0_1|3 0_1_1|2 0_1_1_1|5 0_1_1_1_1|3 0_1_1_1_1_1|1 0_1_1_1_1_1_1|1 0_1_1_1_1_1_1_1|1 & merge_after: 0_1_1_1_1_1_0 0_1_1_1_1_1_0 0_1_1_1_1_1_0 & skip_empty: 1,Dx,split_groups: 0|6 0_1|6 0_1_1|4 0_1_1_1|6 & skip_empty: 1
US-TX-JAC,Dx,split_groups: 0|6 0_1|3 0_1_1|2 0_1_1_1|5 0_1_1_1_1|3 0_1_1_1_1_1|1 0_1_1_1_1_1_1|1 0_1_1_1_1_1_1_1|1 & merge_after: 0_1_1_1_1_1_0 0_1_1_1_1_1_0 0_1_1_1_1_1_0 & skip_empty: 1,Dx,split_groups: 0|16 & drop_cols: 0_1
US-TX-SMI,Sx,,Ignored,simple
US-TX-SHN,Dx,split_groups: 0|6 0_1|3 0_1_1|7 0_1_1_1|3 0_1_1_1_1|1 0_1_1_1_1_1|1 & merge_after: 0_1_1_1_0 0_1_1_1_0 & skip_empty: 1,Dx,
US-TX-SAP,Dx,split_groups: 0|6 0_1|3 0_1_1|2 0_1_1_1|5 0_1_1_1_1|3 0_1_1_1_1_1|1 0_1_1_1_1_1_1|1 0_1_1_1_1_1_1_1|1 & merge_after: 0_1_1_1_1_1_0 0_1_1_1_1_1_0 0_1_1_1_1_1_0 & skip_empty: 1,Dx,split_groups: 0|6 0_1|3 0_1_1|2 0_1_1_1|5 0_1_1_1_1|3 0_1_1_1_1_1|1 0_1_1_1_1_1_1|1 0_1_1_1_1_1_1_1|1 & merge_after: 0_1_1_1_1_1_0 0_1_1_1_1_1_0 0_1_1_1_1_1_0 & skip_empty: 1
US-TX-STA,Dx,,Dx,
US-TX-SAA,Dx,split_groups: 0|6 0_1|3 0_1_1|2 0_1_1_1|5 0_1_1_1_1|3 0_1_1_1_1_1|1 0_1_1_1_1_1_1|1 0_1_1_1_1_1_1_1|1 & merge_after: 0_1_1_1_1_1_0 0_1_1_1_1_1_0 0_1_1_1_1_1_0 & skip_empty: 1,Dx,keep_length: 1 & skip_empty: 1
US-TX-SUT,Dx,split_groups: 0|6 0_1|3 0_1_1|2 0_1_1_1|5 0_1_1_1_1|3 0_1_1_1_1_1|1 & merge_after: 0_1_1_1_0 0_1_1_1_0 & skip_empty: 1,Dx,split_groups: 0|6 0_1|6 0_1_1|4 0_1_1_1|6 & skip_empty: 1
US-TX-SCU,Dx,split_groups: 0|6 0_1|3 0_1_1|2 0_1_1_1|5 0_1_1_1_1|3 0_1_1_1_1_1|1 & merge_after: 0_1_1_1_0 0_1_1_1_0 & skip_empty: 1,Dx,split_groups: 0|6 0_1|6 0_1_1|4 0_1_1_1|6 & skip_empty: 1
US-TX-SOM,Dx,split_groups: 0|16 & drop_cols: 0_1,Sx,split_groups: 0|R 0_0|11 & skip_empty: 1
US-TX-SWI,Dx,split_groups: 0|16 & drop_cols: 0_1,Dx,keep_length: 1 & skip_empty: 1
US-TX-SHE,Dx,keep_length: 1 & skip_empty: 1,Sx,split_groups: 0|1 & drop_cols: 0_0 & skip_empty: 1
US-TX-TAY,Dx,,Sx,split_groups: 0|1 & drop_cols: 0_0 & skip_empty: 1
US-TX-TER,Sx,split_groups: 0|11 & drop_cols: 0_1 & skip_empty: 1,Sx,split_groups: 0|[E] & keep_length: 0_1 & merge_after: 0_0 & skip_empty: 1
US-TX-TOG,Ignored,simple,Ignored,simple
US-TX-THR,Dx,,Dx,split_groups: 0|6 0_1|6 0_1_1|4 0_1_1_1|6 & skip_empty: 1
US-TX-TEL,Dx,split_groups: 0|14 & drop_cols: 0_1 & skip_empty: 1,Dx,split_groups: 0|14 & drop_cols: 0_1 & skip_empty: 1
US-TX-TAR,Dx,string_lengths: 3 3 2 & skip_empty: 1,Dx,string_lengths: 3 3 2 & skip_empty: 1
US-TX-TRI,Dx,split_groups: 0|6 0_1|6 0_1_1|4 0_1_1_1|6 & skip_empty: 1,Dx,split_groups: 0|14 & drop_cols: 0_1 & skip_empty: 1
US-TX-TIT,Ignored,simple,Dx,
US-TX-TRA,Dx,split_groups: 0|6 0_1|3 0_1_1|7 0_1_1_1|3 0_1_1_1_1|1 0_1_1_1_1_1|1 & merge_after: 0_1_1_1_0 0_1_1_1_0 & skip_empty: 1,Sx,split_groups: 0|1 & drop_cols: 0_0 & skip_empty: 1
US-TX-TYL,Ignored,simple,Ignored,simple
US-TX-CUL,Dx,split_groups: 0|14 & drop_cols: 0_1 & skip_empty: 1,Dx,
US-TX-UPT,Dx,,Sx,split_groups: 0|1 & drop_cols: 0_0
US-TX-UPS,Ignored,simple,Dx,split_groups: 0|16 & drop_cols: 0_1
US-TX-HUT,Dx,split_groups: 0|16 & drop_cols: 0_1,Dx,split_groups: 0|6 0_1|6 1_0|5 & skip_empty: 1
US-TX-UVA,Dx,split_groups: 0|6 0_1|3 0_1_1|2 0_1_1_1|5 0_1_1_1_1|3 0_1_1_1_1_1|1 0_1_1_1_1_1_1|1 0_1_1_1_1_1_1_1|1 & merge_after: 0_1_1_1_1_1_0 0_1_1_1_1_1_0 0_1_1_1_1_1_0 & skip_empty: 1,Dx,split_groups: 0|6 0_1|3 0_1_1|2 0_1_1_1|5 0_1_1_1_1|3 0_1_1_1_1_1|1 & merge_after: 0_1_1_1_0 0_1_1_1_0 & skip_empty: 1
US-TX-VIC,Ignored,simple,Dx,split_groups: 0|14 & drop_cols: 0_1 & skip_empty: 1
US-TX-VAV,Ignored,simple,Dx,split_groups: 0|6 0_1|6 1_0|5 & skip_empty: 1
US-TX-VAZ,Dx,split_groups: 0|16 & drop_cols: 0_1,Sx,split_groups: 0|R 0_0|11 & skip_empty: 1
US-TX-WEB,Dx,keep_length: 1 & skip_empty: 1,Dx,
US-TX-WIC,Dx,split_groups: 0|16 & drop_cols: 0_1,Dx,split_groups: 0|6 0_1|3 0_1_1|2 0_1_1_1|5 0_1_1_1_1|3 0_1_1_1_1_1|1 0_1_1_1_1_1_1|1 0_1_1_1_1_1_1_1|1 & merge_after: 0_1_1_1_1_1_0 0_1_1_1_1_1_0 0_1_1_1_1_1_0 & skip_empty: 1
US-TX-WAR,Dx,,Dx,keep_length: 1 & skip_empty: 1
US-TX-WIS,Sx,string_lengths: 2 2 6 & drop_cols: 0 & skip_empty: 1,Sx,string_lengths: 2 2 6 & drop_cols: 0 & skip_empty: 1
US-TX-WIR,Dx,split_groups: 0|16 & drop_cols: 0_1,Dx,split_groups: 0|16 & drop_cols: 0_1
US-TX-WAS,Ignored,simple,Ignored,simple
US-TX-WIN,Dx,split_groups: 0|6 0_1|6 0_1_1|4 0_1_1_1|6 & skip_empty: 1,Dx,keep_length: 1 & skip_empty: 1
US-TX-WAL,Dx,split_groups: 0|16 & drop_cols: 0_1,Dx,split_groups: 0|14 & drop_cols: 0_1 & skip_empty: 1
US-TX-WHE,Dx,split_groups: 0|6 0_1|3 0_1_1|2 0_1_1_1|5 0_1_1_1_1|3 0_1_1_1_1_1|1 & merge_after: 0_1_1_1_0 0_1_1_1_0 & skip_empty: 1,Dx,split_groups: 0|6 0_1|6 0_1_1|4 0_1_1_1|6 & skip_empty: 1
US-TX-WIL,Sx,,Ignored,simple
US-TX-WHA,Dx,split_groups: 0|16 & drop_cols: 0_1,Sx,split_groups: 0|1 & drop_cols: 0_0
US-TX-WOO,Dx,split_groups: 0|16 & drop_cols: 0_1,Dx,split_groups: 0|14 & drop_cols: 0_1 & skip_empty: 1
US-TX-WAR,Dx,,Sx,split_groups: 0|1 & drop_cols: 0_0
US-TX-WIN,Dx,split_groups: 0|14 & drop_cols: 0_1 & skip_empty: 1,Ignored,simple
US-TX-WIY,Dx,,Dx,keep_length: 1 & skip_empty: 1
US-TX-YOA,Dx,split_groups: 0|14 & drop_cols: 0_1 & skip_empty: 1,Sx,split_groups: 0|1 & drop_cols: 0_0
US-TX-YOU,Dx,split_groups: 0|16 & drop_cols: 0_1,Dx,split_groups: 0|16 & drop_cols: 0_1
US-TX-ZAP,Dx,split_groups: 0|14 & drop_cols: 0_1 & skip_empty: 1,Sx,split_groups: 0|1 & drop_cols: 0_0
US-TX-ZAV,Dx,,Sx,split_groups: 0|1 & drop_cols: 0_0
US-UT-BE,Dx(.-Dx.-Dx),keep_length: 1 2 3 & merge_after: 0 0 0 & skip_empty: 1,Sx-Sx-Sx,keep_length: 1 2 & merge_after: 0 0 & skip_empty: 1
US-UT-BV,Sx-Sx-Sx,skip_empty: 1,Sx-Sx-Sx,split_groups: 0|[A-Z] & skip_empty: 1
US-UT-CA,Ignored,simple,Ignored,simple
US-UT-CR,Sx-Sx-Sx,keep_length: 1 2 & merge_after: 0 0 & skip_empty: 1,Sx-Sx-Sx,keep_length: 1 2 & merge_after: 0 0 & skip_empty: 1
US-UT-DA,Dx,,Sx-Sx-Sx,keep_length: 1 2 & merge_after: 0 0 & skip_empty: 1
US-UT-DG,Dx(-Sx)(-Dx),skip_empty: 1,Sx-Sx-Sx(-Sx),skip_empty: 1
US-UT-DU,Sx-Sx-Sx,split_groups: 2|3 & keep_length: 1 2_0 & merge_after: 0 0 & skip_empty: 1,Sx-Sx-Sx,split_groups: 2|3 & keep_length: 1 2_0 & merge_after: 0 0 & skip_empty: 1
US-UT-EM,Sx-Sx-Sx,split_groups: 0|[A-Z] & skip_empty: 1,Sx-Sx-Sx,split_groups: 0|[A-Z] & skip_empty: 1
US-UT-GA,Ignored,simple,Ignored,simple
US-UT-GR,Sx( )-( )(Sx)( - Sx)(-Sx)( Sx),merge_after: 4 3 2 & skip_empty: 1,Sx-Sx-Sx,skip_empty: 1
US-UT-JU,Ignored,simple,Ignored,simple
US-UT-KA,Sx-[S.]x(-Sx)(-Sx)(-Sx),,Sx-[S.]x(-Sx)(-Sx)(-Sx),
US-UT-MI,Ignored,simple,Ignored,simple
US-UT-MO,Sx-[S.]x(-Sx)(-Sx)(-Sx),merge_after: 4 3 2 1 0 & skip_empty: 1,Sx-Sx-Sx,drop_cols: 1 & skip_empty: 1
US-UT-PI,Sx-Sx(-Sx)(-Sx),skip_empty: 1,Sx-Sx-Sx,split_groups: 1|1 & drop_cols: 0 1_0 & skip_empty: 1
US-UT-RI,Ignored,simple,Ignored,simple
US-UT-IR,Ignored,simple,Ignored,simple
US-UT-SE,Sx-Sx-(Sx),skip_empty: 1,Sx-[S.]x(-Sx)(-Sx)(-Sx),merge_after: 4 3 2 & skip_empty: 1
US-UT-JU,Ignored,simple,Ignored,simple
US-UT-SL,Dx,string_lengths: 2 2 3 3 & skip_empty: 1,Dx-Dx-Dx-Dx(-Dx-Dx-Dx),skip_empty: 1
US-UT-SA,Sx,skip_empty: 1,Sx(-Sx-S1),skip_empty: 1
US-UT-SU,Sx-[S.]x(-Sx)(-Sx)(-Sx),skip_empty: 1,Sx-[S.]x(-Sx)(-Sx)(-Sx),skip_empty: 1
US-UT-TO,Sx-Sx-Sx(-Sx),keep_length: 1 2 3 & merge_after: 0 0 0 & skip_empty: 1,Sx-Sx-Sx-Sx,keep_length: 1 2 3 & merge_after: 0 0 0 & skip_empty: 1
US-UT-UI,Sx(-)Dx,keep_length: 0 & skip_empty: 1,Ignored,simple
US-UT-UT,Dx,,Sx-Sx-Sx,keep_length: 1 2 & merge_after: 0 0 & skip_empty: 1
US-UT-WS,Dx(.-Dx.-Dx),keep_length: 1 2 3 & merge_after: 0 0 0 & skip_empty: 1,Sx-Sx-Sx,keep_length: 1 2 & merge_after: 0 0 & skip_empty: 1
US-UT-WE,Ignored,simple,Ignored,simple
US-UT-WY,Sx-Sx-Sx(-Sx)(-Sx),skip_empty: 1,Sx-Sx-Sx,split_groups: 0|[A-Z] & skip_empty: 1
US-UT-WA,Ignored,simple,Ignored,simple
US-VA-LB,Dx,split_groups: 0|16 & drop_cols: 0_1,Dx,
US-VA-AC,Sx,string_lengths: 3 2 1 2 2 3 2 & skip_empty: 1,Sx,string_lengths: 3 2 1 2 2 3 2 & skip_empty: 1
US-VA-AM,Sx (Dx Sx) Sx,skip_empty: 1,Sx Sx  Sx(  Sx),skip_empty: 1
US-VA-ML,Sx (Dx Sx) Sx,skip_empty: 1,Sx (Dx Sx) Sx,skip_empty: 1
US-VA-LG,Sx-Sx-Sx-Sx,keep_length: 1 3 & merge_after: 0 0 0 & skip_empty: 1,Sx-Sx-Sx-Sx,keep_length: 1 3 & merge_after: 0 0 0 & skip_empty: 1
US-VA-AP,Sx( )(Sx)( )(Sx) ( )(Sx),split_groups: 1|- & skip_empty: 1,Sx (Dx Sx) Sx,skip_empty: 1
US-VA-AR,Sx,split_groups: 0|[E] & keep_length: 0_1 & merge_after: 0_0 & skip_empty: 1,Sx-Sx-Sx,split_groups: 2|3 & keep_length: 1 2_0 & merge_after: 0 0 & skip_empty: 1
US-VA-AU,Sx( )(Sx)( )(Sx) ( )(Sx),skip_empty: 1,Sx (Dx Sx) Sx,skip_empty: 1
US-VA-AL,Dx,string_lengths: 3 2 3 & skip_empty: 1,Dx,string_lengths: 3 2 3 & skip_empty: 1
US-VA-BA,Sx-Sx(-Sx)(-Sx),skip_empty: 1,Sx (Dx Sx) Sx,skip_empty: 1
US-VA-BE,Sx (Dx Sx) Sx,skip_empty: 1,Sx Sx Sx( Sx)( Sx),skip_empty: 1
US-VA-BV,Ignored,simple,Ignored,simple
US-VA-BU,^([0-9A-Z]+)(?: +([A-Z ]+))?$,drop_cols: 1 & skip_empty: 1,^([0-9A-Z]+)(?: +([A-Z ]+))?$,drop_cols: 1 & skip_empty: 1
US-VA-BI,Ignored,simple,Ignored,simple
US-VA-BC,Sx-Sx(-Sx)(-Sx),split_groups: 1|2 & skip_empty: 1,Sx-[S.]x(-Sx)(-Sx)(-Sx),merge_after: 4 3 2 & skip_empty: 1
US-VA-BL,Ignored,simple,Ignored,simple
US-VA-BO,"^([0-9A-Z]{1,4})[\(|-]([0-9A-Z]{1,3})[\)|-]?([0-9A-Z]{1,3})?-?&?([0-9A-Z]{1,3})?$",no_conv: 1,"^([0-9A-Z]{1,4})[\(|-]([0-9A-Z]{1,3})[\)|-]?([0-9A-Z]{1,3})?-?&?([0-9A-Z]{1,3})?$",no_conv: 1
US-VA-BR,Ignored,simple,Ignored,simple
US-VA-CS,"^([0-9A-Z-,]+)$",skip_empty: 1 & split_groups: 0|- 0_1|- 0_1_1|- 0_1_1_1|-,"^([0-9A-Z ,]+)$",skip_empty: 1 & split_groups: 0|\s 0_1|\s 0_1_1|\s 0_1_1_1|\s 0_1_1_1_1|\s
US-VA-CE,Dx,split_groups: 0|14 & drop_cols: 0_1 & skip_empty: 1,Sx-Sx-Sx-Sx-Sx-Sx,split_groups: 4|1 & drop_cols: 4_1 5 & keep_length: 2 3 4_0 & merge_after: 0 0 0 0 & skip_empty: 1
US-VA-CO,Sx,split_groups: 0|13 & drop_cols: 0_1 & skip_empty: 1,Sx,split_groups: 0|13 & drop_cols: 0_1 & skip_empty: 1
US-VA-CI,Sx-Sx(-Sx)(-Sx),merge_after: 2 & max_length: 2|5 & skip_empty: 1,Sx-Sx(-Sx)(-Sx),merge_after: 2 & max_length: 2|5 & skip_empty: 1
US-VA-CL,Ignored,simple,Ignored,simple
US-VA-CA,Sx-Sx-Sx(-Sx),merge_after: 2 1 0,Ignored,simple
US-VA-CM,Sx-Sx-Sx(-Sx),skip_empty: 1,Sx-Sx-Sx(-Sx),skip_empty: 1
US-VA-CU,Sx( )(Sx)( )(Sx) ( )(Sx),split_groups: 1|- & skip_empty: 1,Sx (Dx Sx) Sx,skip_empty: 1
US-VA-CS,Dx,split_groups: 0|16 & drop_cols: 0_1,Dx,
US-VA-CT,Sx-Sx(-Sx)(-Sx),merge_after: 2 1 0 & skip_empty: 1,Ignored,simple
US-VA-CB,Ignored,simple,Ignored,simple
US-VA-CV,Sx,string_lengths: 3 2 4 5 & skip_empty: 1,"^-*?([0-9A-Z]+)--(?:-([0-9A-Z])|([0-9A-Z]{2}))(?:--|-([0-9A-Z])|([0-9A-Z]{2,3}))-*?([0-9A-Z]+)?(?:-|([0-9A-Z]))$",merge_after: 5 & skip_empty: 1
US-VA-DA,Dx,split_groups: 0|6 0_1|3 0_1_1|2 0_1_1_1|5 0_1_1_1_1|3 0_1_1_1_1_1|1 0_1_1_1_1_1_1|1 0_1_1_1_1_1_1_1|1 & merge_after: 0_1_1_1_1_1_0 0_1_1_1_1_1_0 0_1_1_1_1_1_0 & skip_empty: 1,Dx,
US-VA-DC,Dx,split_groups: 0|14 & drop_cols: 0_1 & skip_empty: 1,Dx,keep_length: 1 & skip_empty: 1
US-VA-DI,Sx-Sx(-Sx)(-Sx),skip_empty: 1,"^([0-9A-Z]{1,6}) +([0-9A-Z]{1,3}) *([0-9A-Z]{1,4})? *([0-9A-Z]{1,3})?$",skip_empty: 1
US-VA-EM,Ignored,simple,Ignored,simple
US-VA-ES,Ignored,no_conv: 1,Ignored,no_conv: 1
US-VA-FA,Ignored,simple,Ignored,simple
US-VA-FD,Sx-Sx-Sx,skip_empty: 1,Sx-Sx-Sx(-Sx),skip_empty: 1
US-VA-FI,Ignored,simple,Ignored,simple
US-VA-FE,Ignored,simple,Ignored,simple
US-VA-FC,Ignored,simple,Sx Sx Sx( Sx)( Sx),merge_after: 0 0 0 & skip_empty: 1
US-VA-FR,Ignored,simple,Ignored,simple
US-VA-FO,Sx (Dx Sx) Sx,skip_empty: 1,Sx-Sx(-Sx)(-Sx),skip_empty: 1
US-VA-FQ,Sx-Sx-Sx-Sx,drop_cols: 3 & skip_empty: 1,Sx-Sx-Sx,split_groups: 0|[A-Z] & skip_empty: 1
US-VA-FL,Sx (Dx Sx) Sx,skip_empty: 1,Sx Sx  Sx(  Sx),skip_empty: 1
US-VA-GA,Sx( )-( )(Sx)( - Sx)(-Sx)( Sx),no_conv: 1,Sx( )-( )(Sx)( - Sx)(-Sx)( Sx),no_conv: 1
US-VA-GR,Sx (Dx Sx) Sx,skip_empty: 1,Sx Sx Sx( Sx)( Sx),skip_empty: 1
US-VA-GI,Sx-[S.]x(-Sx)(-Sx)(-S.x),split_groups: 1|. & keep_length: 1_1 & merge_after: 1_0 & skip_empty: 1,Sx (Dx Sx) Sx,skip_empty: 1
US-VA-GL,Ignored,simple,Dx,
US-VA-GO,Sx( )-Sx-Sx-Sx-Sx-( Sx),skip_empty: 1,Sx( )-Sx-Sx-Sx-Sx-( Sx),skip_empty: 1
US-VA-GE,Sx-Sx(-Sx)(-Sx),skip_empty: 1,^([0-9A-Z]+) +([0-9A-Z]+) *([0-9A-Z]*) *([0-9A-Z]*)$,skip_empty: 1
US-VA-HI,Sx (Dx Sx) Sx,skip_empty: 1,Sx [S-]x( [S-]x),split_groups: 1|- & skip_empty: 1
US-VA-HE,Sx-Sx-Sx,skip_empty: 1,Sx-Sx-Sx(.Sx),merge_after: 2 & skip_empty: 1
US-VA-HL,Sx(-)Dx,split_groups: 0|6 0_1|1 0_1_1|5 & skip_empty: 1,Dx,split_groups: 0|6 0_1|3 0_1_1|2 0_1_1_1|5 0_1_1_1_1|3 0_1_1_1_1_1|1 0_1_1_1_1_1_1|1 0_1_1_1_1_1_1_1|1 & merge_after: 0_1_1_1_1_1_0 0_1_1_1_1_1_0 0_1_1_1_1_1_0 & skip_empty: 1
US-VA-HM,Ignored,simple,Ignored,simple
US-VA-HR,Ignored,simple,Ignored,simple
US-VA-HA,Sx-Sx-Sx,skip_empty: 1,Sx-Sx-Sx,split_groups: 0|[A-Z] & skip_empty: 1
US-VA-HO,Sx-Sx-Sx,drop_cols: 0 1 & split_groups: 2|-4,Sx-Sx,skip_empty: 1
US-VA-HN,Ignored,simple,Ignored,simple
US-VA-IW,Sx-Sx-Sx(-Sx),keep_length: 1 2 3 & merge_after: 0 0 0 & skip_empty: 1,Sx-Sx-Sx(-Sx),keep_length: 1 2 3 & merge_after: 0 0 0 & skip_empty: 1
US-VA-JA,Ignored,simple,Ignored,simple
US-VA-KQ,Ignored,simple,Ignored,simple
US-VA-KG,Sx (Dx Sx) Sx,skip_empty: 1,Sx-Sx(-Sx)(-Sx),skip_empty: 1
US-VA-KW,Sx-Sx(-Sx)(-Sx),skip_empty: 1,^([0-9A-Z]+) +([0-9A-Z]+) *([0-9A-Z]*) *([0-9A-Z]*)$,skip_empty: 1 & split_groups: 0|4 1|3
US-VA-LA,Sx (Dx Sx) Sx,skip_empty: 1,Sx (Dx Sx) Sx,skip_empty: 1
US-VA-LO,Ignored,simple,Ignored,simple
US-VA-LE,Unrecognized,,Unrecognized,
US-VA-LS,"^([0-9A-Z]{1,6}) +([0-9A-Z]{1,3}) *([0-9A-Z]{1,4})? *([0-9A-Z]{1,3})?$",skip_empty: 1,"^([0-9A-Z]{1,6}) +([0-9A-Z]{1,3}) *([0-9A-Z]{1,4})? *([0-9A-Z]{1,3})?$",skip_empty: 1
US-VA-LU,Sx-Sx-Sx(-Sx)(-Sx),skip_empty: 1,Sx-Sx-Sx(-Sx)(-Sx),skip_empty: 1
US-VA-LX,Sx( )(Sx)( )(Sx) ( )(Sx),skip_empty: 1,Sx (Dx Sx) Sx,skip_empty: 1
US-VA-MD,Sx( )(Sx)( )(Sx) ( )(Sx),merge_after: 0 0 0 & skip_empty: 1,Ignored,simple
US-VA-ME,Dx,,Sx,split_groups: 0|1 & drop_cols: 0_0
US-VA-MI,"^([0-9A-Z]{1,3}) +([0-9A-Z]{1,3}) *([0-9A-Z]{1,4})? *([0-9A-Z]{1,3})?$",skip_empty: 1,"^([0-9A-Z]{1,3}) +([0-9A-Z]{1,3}) *([0-9A-Z]{1,4})? *([0-9A-Z]{1,3})?$",skip_empty: 1
US-VA-MO,Dx,split_groups: 0|16 & drop_cols: 0_1,Dx,split_groups: 0|6 0_1|6 1_0|5 & skip_empty: 1
US-VA-MP,Ignored,simple,Dx,split_groups: 0|14 & drop_cols: 0_1 & skip_empty: 1
US-VA-MR,Dx,skip_empty: 1,Dx,skip_empty: 1
US-VA-MA,Ignored,simple,Ignored,simple
US-VA-MT,Sx.Sx.(Sx.)Sx,split_groups: 2|. & skip_empty: 1,Sx-[S.]x(-Sx)(-Sx)(-S.x),split_groups: 1|. 4|. & skip_empty: 1
US-VA-NO,Sx-Sx-Sx-Sx,,^([0-9A-Z]+)/ ([0-9A-Z]+) ([0-9A-Z]+)/ ([0-9A-Z-]+)/ /$,
US-VA-NK,Ignored,simple,Ignored,simple
US-VA-NE,Sx( )(Sx)( )(Sx) ( )(Sx),split_groups: 1|- & skip_empty: 1,Sx (Dx Sx) Sx,skip_empty: 1
US-VA-NN,Dx,string_lengths: 3 3 3,Dx,string_lengths: 3 3 3
US-VA-NH,Ignored,simple,Ignored,simple
US-VA-NT,Sx( )(Sx)( )(Sx) ( )(Sx),split_groups: 1|- & skip_empty: 1,Sx (Dx Sx) Sx,skip_empty: 1
US-VA-OR,Sx,string_lengths: 3 2 2 2 4 1 & skip_empty: 1,Sx-Sx-Sx-Sx(-Sx-Sx.Sx),skip_empty: 1
US-VA-PA,Sx( )(Sx)( )(Sx) ( )(Sx),split_groups: 1|- & skip_empty: 1,Sx (Dx Sx) Sx,skip_empty: 1
US-VA-PR,Sx( )(Sx)( )(Sx) ( )(Sx),skip_empty: 1,Sx (Dx Sx) Sx,skip_empty: 1
US-VA-PG,Unrecognized,,Unrecognized,
US-VA-PH,Sx-[S.]x(-Sx)(-Sx)(-Sx),merge_after: 4 3 2 1 0 & skip_empty: 1,Sx-Sx(-Sx)(-Sx),merge_after: 2 1 0 & skip_empty: 1
US-VA-PT,Sx( )-( )(Sx)( - Sx)(-Sx)( Sx),merge_after: 2 & max_length: 2|5 & skip_empty: 1,Sx.Sx.(Sx.)Sx,split_groups: 2|. & skip_empty: 1
US-VA-PO,Dx,split_groups: 0|16 & drop_cols: 0_1,Dx,keep_length: 1 & skip_empty: 1
US-VA-PI,Sx( )-( )(Sx)( - Sx)(-Sx)( Sx),skip_empty: 1,Sx-Sx-Sx,skip_empty: 1
US-VA-PU,Sx Sx Sx Sx( Sx Sx Sx)|Sx-Sx-Sx-Sx,skip_empty: 1,Sx-Sx-Sx-Sx,skip_empty: 1
US-VA-PW,Ignored,simple,Ignored,simple
US-VA-RC,Ignored,simple,Sx,skip_empty: 1
US-VA-RK,Ignored,simple,Sx (Dx Sx) Sx,merge_after: 0 0 0 & skip_empty: 1
US-VA-RI,"^([0-9A-Z]{1,4})[\(|-]([0-9A-Z]{1,3})[\)|-]?([0-9A-Z]{1,3})?-?&?([0-9A-Z]{1,3})?$",skip_empty: 1,"^([0-9A-Z]{1,4})[\(|-]([0-9A-Z]{1,3})[\)|-]?([0-9A-Z]{1,3})?-?&?([0-9A-Z]{1,3})?$",skip_empty: 1
US-VA-RO,Ignored,simple,Dx,split_groups: 0|6 0_1|6 1_0|5 & skip_empty: 1
US-VA-RC,Sx,string_lengths: 1 3 4 3 & skip_empty: 1,Sx-Sx-Sx(-Sx)(-Sx),skip_empty: 1
US-VA-RN,Ignored,simple,Ignored,simple
US-VA-RP,Sx-Sx(-Sx)(-Sx),skip_empty: 1,Sx( )(Sx)( )(Sx) ( )(Sx),skip_empty: 1
US-VA-RU,Dx,,Dx,split_groups: 0|6 0_1|6 0_1_1|4 0_1_1_1|6 & skip_empty: 1
US-VA-SO,Sx-Sx(-Sx)(-Sx),merge_after: 2 & max_length: 2|5 & skip_empty: 1,Sx (Dx Sx) Sx,skip_empty: 1
US-VA-SC,Dx,skip_empty: 1,Dx,skip_empty: 1
US-VA-SA,Sx-[S.]x(-Sx)(-Sx)(-S.x),split_groups: 1|. 3|. & skip_empty: 1,Sx-[S.]x(-Sx)(-Sx)(-S.x),skip_empty: 1
US-VA-ST,Sx( )(Sx)( )(Sx) ( )(Sx),skip_empty: 1,Sx-Sx(-Sx)(-Sx),skip_empty: 1
US-VA-SM,Sx-[S.]x(-Sx)(-Sx)(-S.x),split_groups: 1|. 3|. & skip_empty: 1,Sx-[S.]x(-Sx)(-Sx)(-S.x),split_groups: 1|. 4|. & skip_empty: 1
US-VA-SH,Sx( )-\(\(Sx\)\)-( )Sx,,Sx (Dx Sx) Sx,skip_empty: 1
US-VA-SU,Ignored,simple,Ignored,simple
US-VA-SP,Sx-Sx-Sx(-Sx),skip_empty: 1,Sx-Sx-Sx(-Sx),skip_empty: 1
US-VA-SR,Sx-Sx(-Sx)(-Sx),skip_empty: 1,Sx-Sx(-Sx)(-Sx),skip_empty: 1
US-VA-SX,Ignored,simple,Ignored,simple
US-VA-ST,Ignored,simple,Dx,
US-VA-TA,Ignored,simple,Ignored,simple
US-VA-VB,Ignored,simple,Ignored,simple
US-VA-WS,Sx-Sx-Sx(-Sx),skip_empty: 1,Sx (Dx Sx) Sx,skip_empty: 1
US-VA-WN,"^([0-9]{3})-([0-9A-Z]{2})-([0-9A-Z ]{1})- *([0-9A-Z&]{1,4}) ?-? ?([0-9A-Z-&]+)?-? ?[<>]? ?([A-Z])?$",skip_empty: 1,"^([0-9]{3})-([0-9A-Z]{2})-([0-9A-Z ]{1})- *([0-9A-Z&]{1,4}) ?-? *([0-9A-Z-&]+)?-?<? ?([A-Z])?$",skip_empty: 1
US-VA-WI,Sx,skip_empty: 1,Sx D5( D2),skip_empty: 1 & drop_cols: 0
US-VA-WL,Ignored,simple,Ignored,simple
US-VA-WE,Sx (Dx Sx) Sx,skip_empty: 1,Sx (Dx Sx) Sx,skip_empty: 1
US-VA-WR,Sx (Dx Sx) Sx,skip_empty: 1,Sx (Dx Sx) Sx,skip_empty: 1
US-VA-WY,^([0-9A-Z]+) ?-([0-9]+)-([0-9]+)-([0-9A-Z]+)$,skip_empty: 1,^([0-9A-Z]+) ?-([0-9]+)-([0-9]+)-([0-9A-Z]+)$,skip_empty: 1
US-VA-YO,Unrecognized,,Unrecognized,
US-VT-ADD,Dx(.-Dx.-Dx),skip_empty: 1,Sx-Sx-Sx,skip_empty: 1
US-VT-BRI,Sx-Sx-Sx,,Sx-Sx-Sx,
US-VT-BRT,Dx(.-Dx.-Dx),keep_length: 2 & merge_after: 1 & skip_empty: 1,Sx-Sx-Sx,split_groups: 0|[A-Z] & skip_empty: 1
US-VT-COR,Dx(.-Dx.-Dx),keep_length: 1 2 3 & merge_after: 0 0 0 & skip_empty: 1,Sx-Sx-Sx,keep_length: 1 2 & merge_after: 0 0 & skip_empty: 1
US-VT-FER,Ignored,simple,Ignored,simple
US-VT-GOS,Sx-Sx-Sx,split_groups: 1|1 & drop_cols: 0 1_0 & skip_empty: 1,Sx-Sx-Sx,split_groups: 1|1 & drop_cols: 0 1_0 & skip_empty: 1
US-VT-GRA,Dx(.-Dx.-Dx),merge_after: 0 & skip_empty: 1,Sx-Sx-Sx,split_groups: 0|[A-Z] & skip_empty: 1
US-VT-HAN,Dx(.-Dx.-Dx),keep_length: 2 & merge_after: 1 & skip_empty: 1,Sx-Sx-Sx,split_groups: 0|[A-Z] & skip_empty: 1
US-VT-LEI,Ignored,simple,Ignored,simple
US-VT-LIN,Sx-Sx-Sx,drop_cols: 0 & skip_empty: 1,Sx-Sx-Sx,drop_cols: 0 & skip_empty: 1
US-VT-MID,Dx(.-Dx.-Dx),merge_after: 0 0 0 & skip_empty: 1,Sx-Sx-Sx,keep_length: 1 2 & merge_after: 0 0 & skip_empty: 1
US-VT-MNK,Ignored,simple,Ignored,simple
US-VT-NHA,Dx(.-Dx.-Dx),keep_length: 1 2 & merge_after: 0 0 0 & skip_empty: 1,Ignored,simple
US-VT-ORW,Dx(.-Dx.-Dx),keep_length: 1 2 & merge_after: 0 0 0 & skip_empty: 1,Ignored,simple
US-VT-PAN,Dx(.-Dx.-Dx),keep_length: 2 & merge_after: 1 & skip_empty: 1,Sx-Sx-Sx,skip_empty: 1
US-VT-RIP,Ignored,simple,Ignored,simple
US-VT-SAL,Sx-Sx-Sx,skip_empty: 1,Sx-Sx-Sx,split_groups: 0|[A-Z] & skip_empty: 1
US-VT-SHO,Ignored,simple,Sx-Sx-Sx,keep_length: 1 2 & merge_after: 0 0 & skip_empty: 1
US-VT-STA,Dx(.-Dx.-Dx),keep_length: 2 & merge_after: 1 & skip_empty: 1,Sx-Sx-Sx,skip_empty: 1
US-VT-VER,Dx(.-Dx.-Dx),keep_length: 1 2 & merge_after: 0 0 & skip_empty: 1,Ignored,simple
US-VT-WAM,Sx-Sx-Sx,,Sx-Sx-Sx,skip_empty: 1
US-VT-WEY,Dx(.-Dx.-Dx),keep_length: 1 2 & merge_after: 0 0 & skip_empty: 1,Sx-Sx-Sx,keep_length: 1 2 & merge_after: 0 0 & skip_empty: 1
US-VT-WHG,Sx-Sx-Sx,skip_empty: 1,Sx-Sx-Sx,skip_empty: 1
US-VT-ARL,Dx(.-Dx.-Dx),keep_length: 1 2 & merge_after: 0 0 & skip_empty: 1,Sx-Sx-Sx,keep_length: 1 2 & merge_after: 0 0 & skip_empty: 1
US-VT-BEN,Dx(.-Dx.-Dx),keep_length: 1 2 3 & merge_after: 0 0 0 & skip_empty: 1,Sx-Sx-Sx,keep_length: 1 2 & merge_after: 0 0 & skip_empty: 1
US-VT-DOR,Dx(.-Dx.-Dx),keep_length: 1 2 3 & merge_after: 0 0 0 & skip_empty: 1,Sx-Sx-Sx,keep_length: 1 2 & merge_after: 0 0 & skip_empty: 1
US-VT-GLA,Ignored,simple,Sx-Sx-Sx,keep_length: 1 2 & merge_after: 0 0 & skip_empty: 1
US-VT-LAN,Ignored,simple,Ignored,simple
US-VT-MAN,Dx(.-Dx.-Dx),keep_length: 2 & merge_after: 1 & skip_empty: 1,Sx-Sx-Sx,skip_empty: 1
US-VT-PER,Ignored,simple,Sx-Sx-Sx,keep_length: 1 2 & merge_after: 0 0 & skip_empty: 1
US-VT-POW,Dx(.-Dx.-Dx),keep_length: 1 2 & merge_after: 0 0 0 & skip_empty: 1,Sx-Sx-Sx,keep_length: 1 2 & merge_after: 0 0 & skip_empty: 1
US-VT-REA,Dx(.-Dx.-Dx),keep_length: 1 2 3 & merge_after: 0 0 0 & skip_empty: 1,Sx-Sx-Sx,keep_length: 1 2 & merge_after: 0 0 & skip_empty: 1
US-VT-RUP,Ignored,simple,Sx-Sx-Sx,keep_length: 1 2 & merge_after: 0 0 & skip_empty: 1
US-VT-SAN,Dx(.-Dx.-Dx),keep_length: 1 2 3 & merge_after: 0 0 0 & skip_empty: 1,Ignored,simple
US-VT-SEA,Ignored,simple,Sx-Sx-Sx,keep_length: 1 2 & merge_after: 0 0 & skip_empty: 1
US-VT-SHA,Dx(.-Dx.-Dx),keep_length: 1 2 & merge_after: 0 0 & skip_empty: 1,Sx-Sx-Sx,keep_length: 1 2 & merge_after: 0 0 & skip_empty: 1
US-VT-STD,Dx(.-Dx.-Dx),merge_after: 0 0 0 & skip_empty: 1,Sx-Sx-Sx,keep_length: 1 2 & merge_after: 0 0 & skip_empty: 1
US-VT-SUN,Dx(.-Dx.-Dx),keep_length: 2 & merge_after: 1 & skip_empty: 1,Sx-Sx-Sx,
US-VT-WIN,Dx(.-Dx.-Dx),keep_length: 2 & merge_after: 1 & skip_empty: 1,Sx-Sx-Sx,skip_empty: 1
US-VT-WOD,Dx(.-Dx.-Dx),keep_length: 1 2 3 & merge_after: 0 0 0 & skip_empty: 1,Ignored,simple
US-VT-BAR,Ignored,simple,Ignored,simple
US-VT-BUE,Sx-Sx-Sx,skip_empty: 1,Sx-Sx-Sx,skip_empty: 1
US-VT-DAN,Ignored,simple,Ignored,simple
US-VT-GRO,Dx(.-Dx.-Dx),keep_length: 1 2 3 & merge_after: 0 0 0 & skip_empty: 1,Sx-Sx-Sx,keep_length: 1 2 & merge_after: 0 0 & skip_empty: 1
US-VT-HAK,Dx(.-Dx.-Dx),keep_length: 1 2 3 & merge_after: 0 0 0 & skip_empty: 1,Ignored,simple
US-VT-KIR,Sx-Sx-Sx,keep_length: 1 2 & merge_after: 0 0 & skip_empty: 1,Sx-Sx-Sx,keep_length: 1 2 & merge_after: 0 0 & skip_empty: 1
US-VT-LYN,Dx(.-Dx.-Dx),keep_length: 1 2 3 & merge_after: 0 0 0 & skip_empty: 1,Ignored,simple
US-VT-NEK,Dx(.-Dx.-Dx),keep_length: 2 & merge_after: 1 & skip_empty: 1,Sx-Sx-Sx,skip_empty: 1
US-VT-PEA,Dx(.-Dx.-Dx),keep_length: 1 2 3 & merge_after: 0 0 0 & skip_empty: 1,Sx-Sx-Sx,keep_length: 1 2 & merge_after: 0 0 & skip_empty: 1
US-VT-RYE,Dx(.-Dx.-Dx),keep_length: 2 & merge_after: 1 & skip_empty: 1,Sx-Sx-Sx,
US-VT-SHD,Sx-Sx-Sx,split_groups: 0|[A-Z] & skip_empty: 1,Sx-Sx-Sx,skip_empty: 1
US-VT-JOH,Dx(.-Dx.-Dx),keep_length: 2 & merge_after: 1 & skip_empty: 1,Sx-Sx-Sx,
US-VT-STD,Dx(.-Dx.-Dx),keep_length: 1 2 & merge_after: 0 0 0 & skip_empty: 1,Sx-Sx-Sx,keep_length: 1 2 & merge_after: 0 0 & skip_empty: 1
US-VT-SUT,Dx(.-Dx.-Dx),keep_length: 1 2 3 & merge_after: 0 0 0 & skip_empty: 1,Sx-Sx-Sx,keep_length: 1 2 & merge_after: 0 0 & skip_empty: 1
US-VT-WAL,Dx(.-Dx.-Dx),keep_length: 1 2 3 & merge_after: 0 0 0 & skip_empty: 1,Ignored,simple
US-VT-WHE,Dx(.-Dx.-Dx),keep_length: 2 & merge_after: 1 & skip_empty: 1,Sx-Sx-Sx,split_groups: 0|[A-Z] & skip_empty: 1
US-VT-WAT,Ignored,simple,Ignored,simple
US-VT-BOL,Sx-Sx-Sx,split_groups: 0|[A-Z] & skip_empty: 1,Sx-Sx-Sx,skip_empty: 1
US-VT-BUR,Dx(.-Dx.-Dx),keep_length: 1 2 3 & merge_after: 0 0 0 & skip_empty: 1,Sx-Sx-Sx,keep_length: 1 2 & merge_after: 0 0 & skip_empty: 1
US-VT-CHA,Sx-Sx-Sx,merge_after: 1 & skip_empty: 1,Sx-Sx-Sx,merge_after: 1 & skip_empty: 1
US-VT-COL,Sx-Sx-Sx,keep_length: 1 2 & merge_after: 0 0 & skip_empty: 1,Ignored,simple
US-VT-ESS,Dx(.-Dx.-Dx),keep_length: 1 2 3 & merge_after: 0 0 0 & skip_empty: 1,Sx-Sx-Sx,keep_length: 1 2 & merge_after: 0 0 & skip_empty: 1
US-VT-HIN,Sx-Sx-Sx,split_groups: 0|[A-Z] & skip_empty: 1,Sx-Sx-Sx,skip_empty: 1
US-VT-HUN,Ignored,simple,Ignored,simple
US-VT-JER,Dx(.-Dx.-Dx),keep_length: 1 2 3 & merge_after: 0 0 0 & skip_empty: 1,Ignored,simple
US-VT-MIL,Sx-Sx-Sx,drop_cols: 1 & skip_empty: 1,Sx-Sx-Sx,drop_cols: 1 & skip_empty: 1
US-VT-RIC,Dx(.-Dx.-Dx),keep_length: 2 & merge_after: 1 & skip_empty: 1,Sx-Sx-Sx,
US-VT-SBU,Ignored,simple,Sx-Sx-Sx,keep_length: 1 2 & merge_after: 0 0 & skip_empty: 1
US-VT-STG,Dx(.-Dx.-Dx),keep_length: 1 2 3 & merge_after: 0 0 0 & skip_empty: 1,Ignored,simple
US-VT-SHL,Sx( )-( )(Sx)( - Sx)(-Sx)( Sx),split_groups: 1|. & skip_empty: 1,Sx-Sx-Sx,
US-VT-UND,Ignored,simple,Ignored,simple
US-VT-WES,Dx(.-Dx.-Dx),keep_length: 1 2 & merge_after: 0 0 & skip_empty: 1,Sx-Sx-Sx,keep_length: 1 2 & merge_after: 0 0 & skip_empty: 1
US-VT-WIL,Dx(.-Dx.-Dx),keep_length: 1 2 & merge_after: 0 0 & skip_empty: 1,Ignored,simple
US-VT-WIN,Dx(.-Dx.-Dx),merge_after: 0 0 0 & skip_empty: 1,Sx-Sx-Sx,keep_length: 1 2 & merge_after: 0 0 & skip_empty: 1
US-VT-AVS,Sx-Sx-Sx,,Sx-Sx-Sx,skip_empty: 1
US-VT-AVE,Sx-Sx-Sx,skip_empty: 1,Sx-Sx-Sx,
US-VT-BLO,Dx(.-Dx.-Dx),keep_length: 1 2 & merge_after: 0 0 0 & skip_empty: 1,Sx-Sx-Sx,keep_length: 1 2 & merge_after: 0 0 & skip_empty: 1
US-VT-BRI,Sx-Sx-Sx,skip_empty: 1,Sx-Sx-Sx,skip_empty: 1
US-VT-BRU,Sx-Sx-Sx,split_groups: 0|[A-Z] & skip_empty: 1,Sx-Sx-Sx,
US-VT-CAN,Dx(.-Dx.-Dx),skip_empty: 1,Sx-Sx-Sx,
US-VT-CON,Dx(.-Dx.-Dx),merge_after: 0 & skip_empty: 1,Sx-Sx-Sx,skip_empty: 1
US-VT-EHA,Ignored,simple,Sx-Sx-Sx,keep_length: 1 2 & merge_after: 0 0 & skip_empty: 1
US-VT-FED,Sx-Sx-Sx,skip_empty: 1,Sx-Sx-Sx,split_groups: 0|[A-Z] & skip_empty: 1
US-VT-GRY,Sx-Sx-Sx,split_groups: 2|3 & keep_length: 1 2_0 & merge_after: 0 0 & skip_empty: 1,Sx-Sx-Sx,split_groups: 2|3 & keep_length: 1 2_0 & merge_after: 0 0 & skip_empty: 1
US-VT-GUI,Sx-Sx-Sx,drop_cols: 0 & skip_empty: 1,Sx-Sx-Sx,split_groups: 1|1 & drop_cols: 0 1_0 & skip_empty: 1
US-VT-LEM,Sx-Sx-Sx,skip_empty: 1,Sx-Sx-Sx,split_groups: 0|[A-Z] & skip_empty: 1
US-VT-LUN,Sx-Sx-Sx,skip_empty: 1,Sx-Sx-Sx,skip_empty: 1
US-VT-LEW,Sx-Sx-Sx,skip_empty: 1,Sx-Sx-Sx,skip_empty: 1
US-VT-MAI,Sx-Sx-Sx,drop_cols: 0 & skip_empty: 1,Sx-Sx-Sx,drop_cols: 0 & skip_empty: 1
US-VT-NOR,Sx-Sx-Sx,keep_length: 1 2 & merge_after: 0 0 & skip_empty: 1,Sx-Sx-Sx,keep_length: 1 2 & merge_after: 0 0 & skip_empty: 1
US-VT-VIC,Sx-Sx-Sx,split_groups: 0|[A-Z] & skip_empty: 1,Sx-Sx-Sx,
US-VT-WAS,Sx-Sx-Sx,skip_empty: 1,Sx-Sx-Sx,skip_empty: 1
US-VT-WAS,Dx(.-Dx.-Dx),keep_length: 2 & merge_after: 1 & skip_empty: 1,Sx-Sx-Sx,skip_empty: 1
US-VT-BAK,Ignored,simple,Ignored,simple
US-VT-BEE,Dx(.-Dx.-Dx),merge_after: 0 & skip_empty: 1,Sx-Sx-Sx,skip_empty: 1
US-VT-ENO,Dx(.-Dx.-Dx),keep_length: 1 2 3 & merge_after: 0 0 0 & skip_empty: 1,Sx-Sx-Sx,keep_length: 1 2 & merge_after: 0 0 & skip_empty: 1
US-VT-FAI,Ignored,simple,Ignored,simple
US-VT-FAD,Dx(.-Dx.-Dx),keep_length: 1 2 & merge_after: 0 0 0 & skip_empty: 1,Sx-Sx-Sx,keep_length: 1 2 & merge_after: 0 0 & skip_empty: 1
US-VT-FLE,Dx(.-Dx.-Dx),keep_length: 1 2 & merge_after: 0 0 & skip_empty: 1,Sx-Sx-Sx,keep_length: 1 2 & merge_after: 0 0 & skip_empty: 1
US-VT-FRA,Sx( )-( )(Sx)( - Sx)(-Sx)( Sx),skip_empty: 1,Sx-Sx-Sx,split_groups: 0|[A-Z] & skip_empty: 1
US-VT-GEO,Ignored,simple,Ignored,simple
US-VT-HIG,Dx(.-Dx.-Dx),merge_after: 0 & skip_empty: 1,Sx-Sx-Sx,skip_empty: 1
US-VT-MOY,Dx(.-Dx.-Dx),keep_length: 1 2 & merge_after: 0 0 0 & skip_empty: 1,Sx-Sx-Sx,keep_length: 1 2 & merge_after: 0 0 & skip_empty: 1
US-VT-RID,Dx(.-Dx.-Dx),keep_length: 2 & merge_after: 1 & skip_empty: 1,Sx-Sx-Sx,
US-VT-SAL,Dx(.-Dx.-Dx),keep_length: 2 & merge_after: 1 & skip_empty: 1,Sx-Sx-Sx,skip_empty: 1
US-VT-SHN,Dx(.-Dx.-Dx),keep_length: 1 2 3 & merge_after: 0 0 0 & skip_empty: 1,Sx-Sx-Sx,keep_length: 1 2 & merge_after: 0 0 & skip_empty: 1
US-VT-ALB,Ignored,simple,Ignored,simple
US-VT-SWA,Dx(.-Dx.-Dx),keep_length: 1 2 3 & merge_after: 0 0 0 & skip_empty: 1,Ignored,simple
US-VT-ALB,Dx(.-Dx.-Dx),keep_length: 1 2 & merge_after: 0 0 & skip_empty: 1,Sx-Sx-Sx,keep_length: 1 2 & merge_after: 0 0 & skip_empty: 1
US-VT-GRI,Dx(.-Dx.-Dx),keep_length: 1 2 3 & merge_after: 0 0 0 & skip_empty: 1,Sx-Sx-Sx,keep_length: 1 2 & merge_after: 0 0 & skip_empty: 1
US-VT-ILM,Dx(.-Dx.-Dx),keep_length: 1 2 3 & merge_after: 0 0 0 & skip_empty: 1,Sx-Sx-Sx,keep_length: 1 2 & merge_after: 0 0 & skip_empty: 1
US-VT-NHE,Dx(.-Dx.-Dx),merge_after: 0 0 0 & skip_empty: 1,Ignored,simple
US-VT-SHE,Dx(.-Dx.-Dx),keep_length: 2 & merge_after: 1 & skip_empty: 1,Sx-Sx-Sx,skip_empty: 1
US-VT-BEL,Dx(.-Dx.-Dx),keep_length: 1 2 & merge_after: 0 0 & skip_empty: 1,Sx-Sx-Sx,keep_length: 1 2 & merge_after: 0 0 & skip_empty: 1
US-VT-CAM,Sx-Sx-Sx,skip_empty: 1,Sx-Sx-Sx,skip_empty: 1
US-VT-EDE,Sx-Sx-Sx,skip_empty: 1,Sx-Sx-Sx,split_groups: 0|[A-Z] & skip_empty: 1
US-VT-ELM,Ignored,simple,Ignored,simple
US-VT-HYP,Sx-Sx-Sx,keep_length: 1 2 & merge_after: 0 0 & skip_empty: 1,Sx-Sx-Sx,keep_length: 1 2 & merge_after: 0 0 & skip_empty: 1
US-VT-JOH,Dx(.-Dx.-Dx),keep_length: 1 2 3 & merge_after: 0 0 0 & skip_empty: 1,Ignored,simple
US-VT-MOR,Sx-Sx-Sx,split_groups: 0|[A-Z] & skip_empty: 1,Sx-Sx-Sx,
US-VT-STO,Sx-Sx-Sx,skip_empty: 1,Sx-Sx-Sx,
US-VT-WAE,Dx(.-Dx.-Dx),keep_length: 1 2 3 & merge_after: 0 0 0 & skip_empty: 1,Ignored,simple
US-VT-WOL,Dx(.-Dx.-Dx),keep_length: 1 2 & merge_after: 0 0 & skip_empty: 1,Ignored,simple
US-VT-BRE,Ignored,simple,Ignored,simple
US-VT-BRD,Dx(.-Dx.-Dx),keep_length: 1 2 & merge_after: 0 0 & skip_empty: 1,Sx-Sx-Sx,keep_length: 1 2 & merge_after: 0 0 & skip_empty: 1
US-VT-CHE,Dx(.-Dx.-Dx),keep_length: 1 2 & merge_after: 0 0 & skip_empty: 1,Ignored,simple
US-VT-COH,Dx(.-Dx.-Dx),skip_empty: 1,Sx-Sx-Sx,skip_empty: 1
US-VT-FAE,Dx(.-Dx.-Dx),keep_length: 1 2 & merge_after: 0 0 & skip_empty: 1,Sx-Sx-Sx,keep_length: 1 2 & merge_after: 0 0 & skip_empty: 1
US-VT-NEW,Dx(.-Dx.-Dx),keep_length: 2 & merge_after: 1 & skip_empty: 1,Sx-Sx-Sx,skip_empty: 1
US-VT-ORA,Dx(.-Dx.-Dx),keep_length: 1 2 & merge_after: 0 0 & skip_empty: 1,Ignored,simple
US-VT-RAN,Dx(.-Dx.-Dx),keep_length: 1 2 3 & merge_after: 0 0 0 & skip_empty: 1,Ignored,simple
US-VT-STR,Dx(.-Dx.-Dx),keep_length: 1 2 & merge_after: 0 0 0 & skip_empty: 1,Sx-Sx-Sx,keep_length: 1 2 & merge_after: 0 0 & skip_empty: 1
US-VT-THE,Dx(.-Dx.-Dx),keep_length: 1 2 & merge_after: 0 0 0 & skip_empty: 1,Sx-Sx-Sx,keep_length: 1 2 & merge_after: 0 0 & skip_empty: 1
US-VT-TOP,Dx(.-Dx.-Dx),keep_length: 1 2 3 & merge_after: 0 0 0 & skip_empty: 1,Sx-Sx-Sx,keep_length: 1 2 & merge_after: 0 0 & skip_empty: 1
US-VT-TUN,Dx(.-Dx.-Dx),keep_length: 1 2 3 & merge_after: 0 0 0 & skip_empty: 1,Ignored,simple
US-VT-VEE,Dx(.-Dx.-Dx),keep_length: 1 2 & merge_after: 0 0 & skip_empty: 1,Ignored,simple
US-VT-WAN,Dx(.-Dx.-Dx),keep_length: 1 2 & merge_after: 0 0 & skip_empty: 1,Ignored,simple
US-VT-WFA,Ignored,simple,Ignored,simple
US-VT-WIL,Dx(.-Dx.-Dx),keep_length: 1 2 3 & merge_after: 0 0 0 & skip_empty: 1,Sx-Sx-Sx,keep_length: 1 2 & merge_after: 0 0 & skip_empty: 1
US-VT-ALB,Dx(.-Dx.-Dx),keep_length: 1 2 3 & merge_after: 0 0 0 & skip_empty: 1,Sx-Sx-Sx,keep_length: 1 2 & merge_after: 0 0 & skip_empty: 1
US-VT-BAN,Ignored,simple,Ignored,simple
US-VT-BRW,Dx(.-Dx.-Dx),keep_length: 2 & merge_after: 1 & skip_empty: 1,Sx-Sx-Sx,split_groups: 0|[A-Z] & skip_empty: 1
US-VT-CHN,Dx(.-Dx.-Dx),merge_after: 0 & skip_empty: 1,Sx-Sx-Sx,skip_empty: 1
US-VT-COV,Dx(.-Dx.-Dx),keep_length: 1 2 3 & merge_after: 0 0 0 & skip_empty: 1,Sx-Sx-Sx,keep_length: 1 2 & merge_after: 0 0 & skip_empty: 1
US-VT-CRA,Ignored,simple,Sx-Sx-Sx,keep_length: 1 2 & merge_after: 0 0 & skip_empty: 1
US-VT-DER,Ignored,simple,Sx-Sx-Sx,keep_length: 1 2 & merge_after: 0 0 & skip_empty: 1
US-VT-GLO,Dx(.-Dx.-Dx),keep_length: 2 & merge_after: 1 & skip_empty: 1,Sx-Sx-Sx,split_groups: 0|[A-Z] & skip_empty: 1
US-VT-GRE,Dx(.-Dx.-Dx),keep_length: 1 2 & merge_after: 0 0 0 & skip_empty: 1,Sx-Sx-Sx,keep_length: 1 2 & merge_after: 0 0 & skip_empty: 1
US-VT-HOL,Sx-Sx-Sx,split_groups: 0|[A-Z] & skip_empty: 1,Sx-Sx-Sx,split_groups: 0|[A-Z] & skip_empty: 1
US-VT-IRG,Ignored,simple,Sx-Sx-Sx,keep_length: 1 2 & merge_after: 0 0 & skip_empty: 1
US-VT-JAY,Sx-Sx-Sx,drop_cols: 0 & skip_empty: 1,Sx-Sx-Sx,drop_cols: 0 & skip_empty: 1
US-VT-LOW,Dx(.-Dx.-Dx),keep_length: 1 2 3 & merge_after: 0 0 0 & skip_empty: 1,Sx-Sx-Sx,keep_length: 1 2 & merge_after: 0 0 & skip_empty: 1
US-VT-MRG,Sx-Sx-Sx,split_groups: 0|[A-Z] & skip_empty: 1,Sx-Sx-Sx,skip_empty: 1
US-VT-NEW,Sx-Sx-Sx,skip_empty: 1,Sx-Sx-Sx,
US-VT-TRO,Sx-Sx-Sx,,Sx-Sx-Sx,split_groups: 0|[A-Z] & skip_empty: 1
US-VT-WED,Sx-Sx-Sx,,Sx-Sx-Sx,
US-VT-WEE,Sx-Sx-Sx,split_groups: 0|[A-Z] & skip_empty: 1,Sx-Sx-Sx,skip_empty: 1
US-VT-BEN,Dx(.-Dx.-Dx),skip_empty: 1,Sx-Sx-Sx,skip_empty: 1
US-VT-BRN,Dx(.-Dx.-Dx),skip_empty: 1,Sx-Sx-Sx,skip_empty: 1
US-VT-CAS,Dx(.-Dx.-Dx),keep_length: 1 2 & merge_after: 0 0 0 & skip_empty: 1,Sx-Sx-Sx,keep_length: 1 2 & merge_after: 0 0 & skip_empty: 1
US-VT-CHI,Ignored,simple,Ignored,simple
US-VT-CLA,Dx(.-Dx.-Dx),merge_after: 0 & skip_empty: 1,Sx-Sx-Sx,skip_empty: 1
US-VT-DAN,Sx-Sx-Sx,drop_cols: 0 & skip_empty: 1,Sx-Sx-Sx,drop_cols: 0 & skip_empty: 1
US-VT-FAH,Dx(.-Dx.-Dx),merge_after: 0 & skip_empty: 1,Sx-Sx-Sx,
US-VT-HUB,Dx(.-Dx.-Dx),keep_length: 1 2 & merge_after: 0 0 & skip_empty: 1,Ignored,simple
US-VT-IRA,Dx(.-Dx.-Dx),keep_length: 1 2 & merge_after: 0 0 & skip_empty: 1,Sx-Sx-Sx,keep_length: 1 2 & merge_after: 0 0 & skip_empty: 1
US-VT-KIL,Sx-Sx-Sx,merge_after: 1 & skip_empty: 1,Sx-Sx-Sx,merge_after: 1 & skip_empty: 1
US-VT-MEN,Dx(.-Dx.-Dx),keep_length: 1 2 3 & merge_after: 0 0 0 & skip_empty: 1,Ignored,simple
US-VT-MOH,Dx(.-Dx.-Dx),merge_after: 0 0 0 & skip_empty: 1,Ignored,simple
US-VT-MIS,Ignored,simple,Ignored,simple
US-VT-PAW,Dx(.-Dx.-Dx),keep_length: 1 2 3 & merge_after: 0 0 0 & skip_empty: 1,Ignored,simple
US-VT-PID,Dx(.-Dx.-Dx),keep_length: 1 2 & merge_after: 0 0 & skip_empty: 1,Ignored,simple
US-VT-POU,Dx(.-Dx.-Dx),keep_length: 2 & merge_after: 1 & skip_empty: 1,Sx-Sx-Sx,skip_empty: 1
US-VT-PRO,Dx(.-Dx.-Dx),keep_length: 2 & merge_after: 1 & skip_empty: 1,Sx-Sx-Sx,
US-VT-PIT,Dx(.-Dx.-Dx),keep_length: 1 2 & merge_after: 0 0 0 & skip_empty: 1,Ignored,simple
US-VT-RUT,Dx(.-Dx.-Dx),keep_length: 1 2 & merge_after: 0 0 0 & skip_empty: 1,Ignored,simple
US-VT-RUT,Ignored,simple,Ignored,simple
US-VT-SHR,Dx(.-Dx.-Dx),keep_length: 1 2 3 & merge_after: 0 0 0 & skip_empty: 1,Sx-Sx-Sx,keep_length: 1 2 & merge_after: 0 0 & skip_empty: 1
US-VT-SUD,Dx(.-Dx.-Dx),keep_length: 1 2 3 & merge_after: 0 0 0 & skip_empty: 1,Sx-Sx-Sx,keep_length: 1 2 & merge_after: 0 0 & skip_empty: 1
US-VT-TIN,Dx(.-Dx.-Dx),keep_length: 2 & merge_after: 1 & skip_empty: 1,Sx-Sx-Sx,skip_empty: 1
US-VT-WAD,Dx(.-Dx.-Dx),merge_after: 0 0 0 & skip_empty: 1,Ignored,simple
US-VT-WEL,Ignored,simple,Sx-Sx-Sx,keep_length: 1 2 & merge_after: 0 0 & skip_empty: 1
US-VT-WRU,Dx(.-Dx.-Dx),keep_length: 1 2 3 & merge_after: 0 0 0 & skip_empty: 1,Sx-Sx-Sx,keep_length: 1 2 & merge_after: 0 0 & skip_empty: 1
US-VT-BAT,Dx(.-Dx.-Dx),keep_length: 2 & merge_after: 1 & skip_empty: 1,Sx-Sx-Sx,split_groups: 0|[A-Z] & skip_empty: 1
US-VT-BER,Dx(.-Dx.-Dx),skip_empty: 1,Sx-Sx-Sx,
US-VT-BAR,Sx-Sx-Sx,drop_cols: 0 & skip_empty: 1,Sx-Sx-Sx,drop_cols: 0 & skip_empty: 1
US-VT-CAB,Dx(.-Dx.-Dx),keep_length: 1 2 3 & merge_after: 0 0 0 & skip_empty: 1,Ignored,simple
US-VT-CAL,Sx-Sx-Sx,skip_empty: 1,Sx-Sx-Sx,split_groups: 0|[A-Z] & skip_empty: 1
US-VT-DUX,Dx(.-Dx.-Dx),keep_length: 1 2 & merge_after: 0 0 & skip_empty: 1,Ignored,simple
US-VT-EMO,Dx(.-Dx.-Dx),keep_length: 2 & merge_after: 1 & skip_empty: 1,Sx-Sx-Sx,skip_empty: 1
US-VT-FAY,Sx-Sx-Sx,skip_empty: 1,Sx-Sx-Sx,split_groups: 0|[A-Z] & skip_empty: 1
US-VT-MAR,Dx(.-Dx.-Dx),keep_length: 2 & merge_after: 1 & skip_empty: 1,Sx-Sx-Sx,split_groups: 0|[A-Z] & skip_empty: 1
US-VT-MIX,Dx(.-Dx.-Dx),keep_length: 1 2 & merge_after: 0 0 & skip_empty: 1,Sx-Sx-Sx,keep_length: 1 2 & merge_after: 0 0 & skip_empty: 1
US-VT-MON,Sx-Sx-Sx,skip_empty: 1,Sx-Sx-Sx,skip_empty: 1
US-VT-MOR,Dx(.-Dx.-Dx),keep_length: 1 2 3 & merge_after: 0 0 0 & skip_empty: 1,Sx-Sx-Sx,keep_length: 1 2 & merge_after: 0 0 & skip_empty: 1
US-VT-NOR,Ignored,simple,Sx-Sx-Sx,keep_length: 1 2 & merge_after: 0 0 & skip_empty: 1
US-VT-PLA,Ignored,simple,Ignored,simple
US-VT-ROX,Ignored,simple,Sx-Sx-Sx,keep_length: 1 2 & merge_after: 0 0 & skip_empty: 1
US-VT-WAI,Dx(.-Dx.-Dx),keep_length: 1 2 & merge_after: 0 0 & skip_empty: 1,Sx-Sx-Sx,keep_length: 1 2 & merge_after: 0 0 & skip_empty: 1
US-VT-WOR,Dx(.-Dx.-Dx),keep_length: 1 2 3 & merge_after: 0 0 0 & skip_empty: 1,Ignored,simple
US-VT-WOO,Dx(.-Dx.-Dx),merge_after: 0 0 0 & skip_empty: 1,Sx-Sx-Sx,keep_length: 1 2 & merge_after: 0 0 & skip_empty: 1
US-VT-WAR,Dx(.-Dx.-Dx),keep_length: 1 2 & merge_after: 0 0 0 & skip_empty: 1,Ignored,simple
US-VT-WAT,Sx-Sx-Sx,skip_empty: 1,Sx-Sx-Sx,skip_empty: 1
US-VT-ATH,Dx(.-Dx.-Dx),keep_length: 1 2 3 & merge_after: 0 0 0 & skip_empty: 1,Sx-Sx-Sx,keep_length: 1 2 & merge_after: 0 0 & skip_empty: 1
US-VT-BRO,Ignored,simple,Ignored,simple
US-VT-BRA,Dx(.-Dx.-Dx),merge_after: 0 & skip_empty: 1,Sx-Sx-Sx,
US-VT-DOV,Dx(.-Dx.-Dx),skip_empty: 1,Sx-Sx-Sx,
US-VT-DUM,Dx(.-Dx.-Dx),keep_length: 2 & merge_after: 1 & skip_empty: 1,Sx-Sx-Sx,split_groups: 0|[A-Z] & skip_empty: 1
US-VT-GRN,Dx(.-Dx.-Dx),merge_after: 0 & skip_empty: 1,Sx-Sx-Sx,
US-VT-GUI,Dx(.-Dx.-Dx),keep_length: 1 2 3 & merge_after: 0 0 0 & skip_empty: 1,Ignored,simple
US-VT-HAL,Dx(.-Dx.-Dx),keep_length: 1 2 3 & merge_after: 0 0 0 & skip_empty: 1,Ignored,simple
US-VT-JAM,Dx(.-Dx.-Dx),keep_length: 1 2 & merge_after: 0 0 0 & skip_empty: 1,Sx-Sx-Sx,keep_length: 1 2 & merge_after: 0 0 & skip_empty: 1
US-VT-LON,Dx(.-Dx.-Dx),keep_length: 1 2 3 & merge_after: 0 0 0 & skip_empty: 1,Sx-Sx-Sx,keep_length: 1 2 & merge_after: 0 0 & skip_empty: 1
US-VT-MAR,Dx(.-Dx.-Dx),keep_length: 1 2 3 & merge_after: 0 0 0 & skip_empty: 1,Sx-Sx-Sx,keep_length: 1 2 & merge_after: 0 0 & skip_empty: 1
US-VT-NEE,Dx(.-Dx.-Dx),keep_length: 1 2 & merge_after: 0 0 0 & skip_empty: 1,Sx-Sx-Sx,keep_length: 1 2 & merge_after: 0 0 & skip_empty: 1
US-VT-PUT,Dx(.-Dx.-Dx),keep_length: 1 2 & merge_after: 0 0 & skip_empty: 1,Sx-Sx-Sx,keep_length: 1 2 & merge_after: 0 0 & skip_empty: 1
US-VT-ROC,Ignored,simple,Sx-Sx-Sx,keep_length: 1 2 & merge_after: 0 0 & skip_empty: 1
US-VT-SOM,Dx(.-Dx.-Dx),keep_length: 1 2 & merge_after: 0 0 0 & skip_empty: 1,Ignored,simple
US-VT-STN,Sx-Sx-Sx,skip_empty: 1,Sx-Sx-Sx,split_groups: 0|[A-Z] & skip_empty: 1
US-VT-TOW,Dx(.-Dx.-Dx),keep_length: 1 2 & merge_after: 0 0 & skip_empty: 1,Ignored,simple
US-VT-VEN,Dx(.-Dx.-Dx),merge_after: 0 0 0 & skip_empty: 1,Sx-Sx-Sx,keep_length: 1 2 & merge_after: 0 0 & skip_empty: 1
US-VT-WAO,Dx(.-Dx.-Dx),keep_length: 1 2 & merge_after: 0 0 & skip_empty: 1,Sx-Sx-Sx,keep_length: 1 2 & merge_after: 0 0 & skip_empty: 1
US-VT-WES,Dx(.-Dx.-Dx),keep_length: 1 2 & merge_after: 0 0 0 & skip_empty: 1,Ignored,simple
US-VT-WHI,Dx(.-Dx.-Dx),keep_length: 1 2 & merge_after: 0 0 & skip_empty: 1,Sx-Sx-Sx,keep_length: 1 2 & merge_after: 0 0 & skip_empty: 1
US-VT-WLM,Sx-Sx-Sx,split_groups: 0|[A-Z] & skip_empty: 1,Sx-Sx-Sx,skip_empty: 1
US-VT-WIM,Dx(.-Dx.-Dx),keep_length: 1 2 & merge_after: 0 0 & skip_empty: 1,Sx-Sx-Sx,keep_length: 1 2 & merge_after: 0 0 & skip_empty: 1
US-VT-AND,Dx(.-Dx.-Dx),keep_length: 1 2 & merge_after: 0 0 & skip_empty: 1,Sx-Sx-Sx,keep_length: 1 2 & merge_after: 0 0 & skip_empty: 1
US-VT-BAL,Dx(.-Dx.-Dx),skip_empty: 1,Sx-Sx-Sx,skip_empty: 1
US-VT-BAD,Dx(.-Dx.-Dx),merge_after: 0 & skip_empty: 1,Sx-Sx-Sx,split_groups: 0|[A-Z] & skip_empty: 1
US-VT-BRR,Dx(.-Dx.-Dx),keep_length: 2 & merge_after: 1 & skip_empty: 1,Sx-Sx-Sx,skip_empty: 1
US-VT-CAV,Dx(.-Dx.-Dx),skip_empty: 1,Sx-Sx-Sx,skip_empty: 1
US-VT-CHE,Dx(.-Dx.-Dx),keep_length: 2 & merge_after: 1 & skip_empty: 1,Sx-Sx-Sx,split_groups: 0|[A-Z] & skip_empty: 1
US-VT-HAR,Sx-Sx-Sx,,Sx-Sx-Sx,skip_empty: 1
US-VT-HAD,Dx(.-Dx.-Dx),keep_length: 1 2 & merge_after: 0 0 & skip_empty: 1,Ignored,simple
US-VT-LUD,Sx( )-( )(Sx)( - Sx)(-Sx)( Sx),drop_cols: 3 & skip_empty: 1,Sx-Sx-Sx,skip_empty: 1
US-VT-NOR,Dx(.-Dx.-Dx),keep_length: 1 2 3 & merge_after: 0 0 0 & skip_empty: 1,Sx-Sx-Sx,keep_length: 1 2 & merge_after: 0 0 & skip_empty: 1
US-VT-POM,Dx(.-Dx.-Dx),keep_length: 1 2 & merge_after: 0 0 & skip_empty: 1,Sx-Sx-Sx,keep_length: 1 2 & merge_after: 0 0 & skip_empty: 1
US-VT-REG,Sx-Sx-Sx,skip_empty: 1,Sx-Sx-Sx,
US-VT-ROC,Dx(.-Dx.-Dx),keep_length: 2 & merge_after: 1 & skip_empty: 1,Sx-Sx-Sx,skip_empty: 1
US-VT-ROY,Dx(.-Dx.-Dx),merge_after: 0 0 0 & skip_empty: 1,Ignored,simple
US-VT-SPR,Dx(.-Dx.-Dx),keep_length: 2 & merge_after: 1 & skip_empty: 1,Sx-Sx-Sx,skip_empty: 1
US-VT-STE,Dx(.-Dx.-Dx),keep_length: 2 & merge_after: 1 & skip_empty: 1,Sx-Sx-Sx,skip_empty: 1
US-VT-WEA,Dx(.-Dx.-Dx),keep_length: 1 2 3 & merge_after: 0 0 0 & skip_empty: 1,Ignored,simple
US-VT-WIR,Dx(.-Dx.-Dx),keep_length: 1 2 & merge_after: 0 0 0 & skip_empty: 1,Sx-Sx-Sx,keep_length: 1 2 & merge_after: 0 0 & skip_empty: 1
US-VT-WOO,Dx(.-Dx.-Dx),keep_length: 2 & merge_after: 1 & skip_empty: 1,Sx-Sx-Sx,split_groups: 0|[A-Z] & skip_empty: 1
US-VT-WEN,Dx(.-Dx.-Dx),keep_length: 2 & merge_after: 1 & skip_empty: 1,Sx-Sx-Sx,skip_empty: 1
US-VT-WWI,Dx(.-Dx.-Dx),keep_length: 1 2 & merge_after: 0 0 & skip_empty: 1,Sx-Sx-Sx,keep_length: 1 2 & merge_after: 0 0 & skip_empty: 1
US-WA-AD,Dx,split_groups: 0|6 0_1|3 0_1_1|7 0_1_1_1|3 0_1_1_1_1|1 0_1_1_1_1_1|1 & merge_after: 0_1_1_1_0 0_1_1_1_0 & skip_empty: 1,Dx,split_groups: 0|6 0_1|3 0_1_1|7 0_1_1_1|3 0_1_1_1_1|1 0_1_1_1_1_1|1 & merge_after: 0_1_1_1_0 0_1_1_1_0 & skip_empty: 1
US-WA-AS,Sx,string_lengths: 13 3 & skip_empty: 1,Ignored,simple
US-WA-BE,Sx,split_groups: 0|5 0_1|3 & skip_empty: 1,Sx,split_groups: 0|5 0_1|3 & skip_empty: 1
US-WA-CH,Dx,,Dx(.-Dx.-Dx),keep_length: 1 2 & merge_after: 0 0 & skip_empty: 1
US-WA-CA,Dx,split_groups: 0|6 0_1|6 0_1_1|4 0_1_1_1|6 & skip_empty: 1,Dx,split_groups: 0|6 0_1|6 0_1_1|4 0_1_1_1|6 & skip_empty: 1
US-WA-CO,Dx-Dx-Dx-Dx-Dx,keep_length: 1 2 3 4 & merge_after: 0 0 0 0 & skip_empty: 1,Sx-Sx-Sx-Sx(-Sx-Sx.Sx),keep_length: 1 2 3 4 5 6 & merge_after: 0 0 0 0 0 0 & skip_empty: 1
US-WA-CL,Ignored,simple,Sx-Sx,keep_length: 1 & merge_after: 0 & skip_empty: 1
US-WA-CO,Ignored,simple,Ignored,simple
US-WA-DO,Dx,string_lengths: 3 3 5 & skip_empty: 1,Dx,string_lengths: 3 3 5 & skip_empty: 1
US-WA-FE,Sx,split_groups: 0|6 0_1|6 & skip_empty: 1,Dx,split_groups: 0|6 0_1|6 0_1_1|4 0_1_1_1|6 & skip_empty: 1
US-WA-FR,Dx,split_groups: 0|14 & drop_cols: 0_1 & skip_empty: 1,Dx,split_groups: 0|16 & drop_cols: 0_1
US-WA-GA,Sx,string_lengths: 13 3 & skip_empty: 1,Ignored,simple
US-WA-GR,Dx,string_lengths: 3 3 3,Dx,string_lengths: 3 3 3
US-WA-GH,Sx,,Sx,keep_length: 1 2 & merge_after: 0 0 & skip_empty: 1
US-WA-IS,Ignored,simple,Ignored,simple
US-WA-JE,Dx,string_lengths: 3 3 3,Dx,string_lengths: 3 3 3
US-WA-KL,Ignored,simple,Ignored,simple
US-WA-KI,Sx(-Sx-S1),skip_empty: 1,Sx-Sx,keep_length: 1 & merge_after: 0 & skip_empty: 1
US-WA-KI,Sx-Sx-Sx-Sx,keep_length: 1 3 & merge_after: 0 0 0 & skip_empty: 1,Sx-Sx-Sx-Sx,keep_length: 1 3 & merge_after: 0 0 0 & skip_empty: 1
US-WA-KT,Ignored,simple,Ignored,simple
US-WA-LE,Dx,split_groups: 0|6 0_1|6 1_0|5 & skip_empty: 1,Dx,split_groups: 0|6 0_1|6 0_1_1|4 0_1_1_1|6 & skip_empty: 1
US-WA-LI,Dx,split_groups: 0|14 & drop_cols: 0_1 & skip_empty: 1,Dx,split_groups: 0|14 & drop_cols: 0_1 & skip_empty: 1
US-WA-MA,Ignored,simple,Ignored,simple
US-WA-OK,Sx(-)Dx,skip_empty: 1,Sx,keep_length: 1 2 & merge_after: 0 0 & skip_empty: 1
US-WA-PA,Dx,split_groups: 0|6 0_1|6 0_1_1|4 0_1_1_1|6 & skip_empty: 1,Dx,split_groups: 0|6 0_1|6 0_1_1|4 0_1_1_1|6 & skip_empty: 1
US-WA-PO,Dx,string_lengths: 3 3 3 3 & skip_empty: 1,Dx,string_lengths: 3 3 3 3 & skip_empty: 1
US-WA-PI,Dx,string_lengths: 5 2 3 & skip_empty: 1,Dx,string_lengths: 5 2 3 & skip_empty: 1
US-WA-SJ,Dx,split_groups: 0|14 & drop_cols: 0_1 & skip_empty: 1,Dx,split_groups: 0|14 & drop_cols: 0_1 & skip_empty: 1
US-WA-SK,Ignored,simple,Sx,split_groups: 0|11 & drop_cols: 0_1 & skip_empty: 1
US-WA-SA,Dx,split_groups: 0|14 & drop_cols: 0_1 & skip_empty: 1,Dx,split_groups: 0|14 & drop_cols: 0_1 & skip_empty: 1
US-WA-SN,Dx,string_lengths: 2 3 3 2 3 1 & skip_empty: 1,Dx,string_lengths: 2 3 3 2 3 1 & skip_empty: 1
US-WA-SP,Dx.Dx,skip_empty: 1,Dx.Dx,skip_empty: 1
US-WA-ST,Dx,split_groups: 0|6 0_1|3 0_1_1|2 0_1_1_1|5 0_1_1_1_1|3 0_1_1_1_1_1|1 & merge_after: 0_1_1_1_0 0_1_1_1_0 & skip_empty: 1,Dx,split_groups: 0|6 0_1|3 0_1_1|7 0_1_1_1|3 0_1_1_1_1|1 0_1_1_1_1_1|1 & merge_after: 0_1_1_1_0 0_1_1_1_0 & skip_empty: 1
US-WA-TH,Sx(-)Dx,split_groups: 0|[A-Z] 0_1|[A-Z] & skip_empty: 1,Sx-Sx-Sx,keep_length: 1 2 & merge_after: 0 0 & skip_empty: 1
US-WA-WH,Dx,string_lengths: 2 2 2 1 3 3 3 & skip_empty: 1,Sx(-)Dx,string_lengths: 2 2 2 1 3 3 3 & skip_empty: 1
US-WA-WA,Dx,split_groups: 0|3 0_1|7 0_1_1|3 0_1_1_1|1 0_1_1_1_1|[0] & merge_after: 0_1_1_0 0_1_1_0 & skip_empty: 1,Dx,split_groups: 0|3 0_1|7 0_1_1|3 0_1_1_1|1 0_1_1_1_1|[0] & merge_after: 0_1_1_0 0_1_1_0 & skip_empty: 1
US-WA-WI,Dx,string_lengths: 3 2 1 2 2 3 2 & skip_empty: 1,Dx,string_lengths: 3 2 1 2 2 3 2 & skip_empty: 1
US-WA-WW,Sx,split_groups: 0|6 0_1|6 & skip_empty: 1,Dx,split_groups: 0|6 0_1|6 0_1_1|4 0_1_1_1|6 & skip_empty: 1
US-WA-YA,Dx( Dx),skip_empty: 1,Ignored,simple
US-WI-AD,Sx,string_lengths: 3 5 4 & skip_empty: 1,Sx-Sx-Sx,skip_empty: 1
US-WI-AS,Sx,string_lengths: 3 5 4 & skip_empty: 1,Sx-Sx-Sx,split_groups: 0|[A-Z] & skip_empty: 1
US-WI-BF,Sx,string_lengths: 3 5 4 & skip_empty: 1,Sx-Sx-Sx,skip_empty: 1
US-WI-BU,Sx-( )(Sx) ( )(Sx)( )(Dx),split_groups: 0|2 2|- & drop_cols: 0_0 & merge_after: 2_0 & skip_empty: 1,Sx-( )(Sx) ( )(Sx)( )(Dx),split_groups: 0|2 2|- & drop_cols: 0_0 & merge_after: 2_0 & skip_empty: 1
US-WI-BA,Dx,keep_length: 1 & skip_empty: 1,Sx-Sx-Sx-Sx,keep_length: 1 2 3 & merge_after: 0 0 0 & skip_empty: 1
US-WI-BR,Sx-[S.]x(-Sx)(-Sx)(-Sx),skip_empty: 1,Sx [S-]x( [S-]x),split_groups: 1|- 1_1|- 1_1_1|- & skip_empty: 1
US-WI-BY,Sx(-)Dx,split_groups: 0|6 0_1|1 0_1_1|5 & skip_empty: 1,Dx,split_groups: 0|6 0_1|3 0_1_1|2 0_1_1_1|5 0_1_1_1_1|3 0_1_1_1_1_1|1 & merge_after: 0_1_1_1_0 0_1_1_1_0 & skip_empty: 1
US-WI-CA,Sx,,Sx Sx,drop_cols: 0
US-WI-CH,Sx-Sx-Sx,skip_empty: 1,Sx-Sx-Sx,split_groups: 0|[A-Z] & skip_empty: 1
US-WI-CL,Dx(.-Dx.-Dx),keep_length: 1 2 & merge_after: 0 0 & skip_empty: 1,Dx(.-Dx.-Dx),keep_length: 1 2 & merge_after: 0 0 & skip_empty: 1
US-WI-CO,Sx-[S.]x(-Sx)(-Sx)(-Sx),skip_empty: 1,Sx-[S.]x,skip_empty: 1
US-WI-CR,Sx( )-( )(Sx)( - Sx)(-Sx)( Sx),merge_after: 2 & skip_empty: 1,Sx-Sx-Sx,skip_empty: 1
US-WI-DA,Dx,,Sx-Sx-Sx-Sx,keep_length: 1 2 3 & merge_after: 0 0 0 & skip_empty: 1
US-WI-DO,Sx,split_groups: 0|3 0_1|15 & drop_cols: 0_0 0_1_1 & skip_empty: 1,Sx-Sx-Sx-Sx,drop_cols: 0 & keep_length: 2 3 & merge_after: 1 1 1 & skip_empty: 1
US-WI-DG,Ignored,simple,Ignored,simple
US-WI-DU,Sx,skip_empty: 1,Dx,
US-WI-DR,Ignored,simple,Ignored,simple
US-WI-EC,Dx,,Dx,
US-WI-FL,Sx-Sx-Sx,skip_empty: 1,Sx-Sx-Sx,split_groups: 0|[A-Z] & skip_empty: 1
US-WI-FD,Sx,skip_empty: 1,Ignored,simple
US-WI-FO,Sx,split_groups: 0|13 & drop_cols: 0_1 & skip_empty: 1,Sx-Sx-Sx,keep_length: 1 2 & merge_after: 0 0 & skip_empty: 1
US-WI-GR,Ignored,simple,Ignored,simple
US-WI-GL,Ignored,simple,Ignored,simple
US-WI-GE,Sx,string_lengths: 2 3 4 4 & skip_empty: 1,Sx-Sx-Sx(.Sx),skip_empty: 1
US-WI-IA,Ignored,simple,Ignored,simple
US-WI-IR,Sx-Sx-Sx,skip_empty: 1,Sx-Sx-Sx,split_groups: 0|[A-Z] & skip_empty: 1
US-WI-JA,Ignored,simple,Ignored,simple
US-WI-JE,Sx-Sx-Sx-Sx,split_groups: 0|4 1|4 3|[0] & merge_after: 0_0 0_0 0_0 0_0 0_0 & skip_empty: 1,Sx-Sx-Sx-Sx,split_groups: 0|4 1|4 3|[0] & merge_after: 0_0 0_0 0_0 0_0 0_0 & skip_empty: 1
US-WI-JU,Dx(.-Dx.-Dx),keep_length: 1 2 & merge_after: 0 0 & skip_empty: 1,Dx(.-Dx.-Dx),keep_length: 1 2 3 & merge_after: 0 0 0 & skip_empty: 1
US-WI-KE,Ignored,simple,Ignored,simple
US-WI-KW,Sx-Sx-Sx,,Sx-Sx-Sx,skip_empty: 1
US-WI-LC,Sx-Sx-Sx,skip_empty: 1,Sx-Sx-Sx,skip_empty: 1
US-WI-LF,Dx(.-Dx.-Dx),keep_length: 1 2 & merge_after: 0 0 & skip_empty: 1,Dx(.-Dx.-Dx),keep_length: 1 2 & merge_after: 0 0 & skip_empty: 1
US-WI-LI,Ignored,simple,Ignored,simple
US-WI-LA,Dx(.-Dx.-Dx),keep_length: 1 2 3 & merge_after: 0 0 0 & skip_empty: 1,Dx(.-Dx.-Dx),keep_length: 1 2 3 & merge_after: 0 0 0 & skip_empty: 1
US-WI-MA,Sx(-)Dx,split_groups: 0|[A-Z] 0_1|[A-Z] & skip_empty: 1,Dx,split_groups: 0|16 & drop_cols: 0_1
US-WI-ME,Sx,split_groups: 0|R 0_0|11 & skip_empty: 1,Dx,split_groups: 0|14 & drop_cols: 0_1 & skip_empty: 1
US-WI-MO,Sx,string_lengths: 3 5 4 & skip_empty: 1,Sx-Sx-Sx,skip_empty: 1
US-WI-MQ,Ignored,simple,Ignored,simple
US-WI-MR,Dx(.-Dx.-Dx),keep_length: 1 2 3 & merge_after: 0 0 0 & skip_empty: 1,Dx(.-Dx.-Dx),keep_length: 1 2 3 & merge_after: 0 0 0 & skip_empty: 1
US-WI-MI,Dx,split_groups: 0|14 & drop_cols: 0_1 & skip_empty: 1,Sx-Sx-Sx,keep_length: 1 2 & merge_after: 0 0 & skip_empty: 1
US-WI-MN,Sx,string_lengths: 3 3 3 3 & skip_empty: 1,Dx-Dx-Dx-Dx.Dx( Dx),skip_empty: 1
US-WI-OC,Ignored,simple,Ignored,simple
US-WI-ON,Sx [S-]x( [S-]x),split_groups: 1|- 1_1|- 1_1_1|- & skip_empty: 1,Sx Sx( Sx),split_groups: 0|3 0_1|3 0_1_1|2 & skip_empty: 1
US-WI-OU,Sx,keep_length: 1 2 & merge_after: 0 0 & skip_empty: 1,Dx,
US-WI-OZ,Ignored,simple,Ignored,simple
US-WI-PR,Dx,split_groups: 0|16 & drop_cols: 0_1,Dx,split_groups: 0|6 0_1|3 0_1_1|2 0_1_1_1|5 0_1_1_1_1|3 0_1_1_1_1_1|1 & merge_after: 0_1_1_1_0 0_1_1_1_0 & skip_empty: 1
US-WI-PE,Sx,string_lengths: 3 5 4 & skip_empty: 1,Sx-Sx-Sx,skip_empty: 1
US-WI-PI,Sx,string_lengths: 3 5 4 & skip_empty: 1,Sx-Sx-Sx,split_groups: 0|[A-Z] & skip_empty: 1
US-WI-PL,Sx,string_lengths: 3 5 4 & skip_empty: 1,Sx-Sx-Sx,skip_empty: 1
US-WI-PO,Ignored,simple,Ignored,simple
US-WI-RA,Ignored,simple,Ignored,simple
US-WI-RI,Sx,split_groups: 0|13 & drop_cols: 0_1 & skip_empty: 1,Sx-Sx-Sx,keep_length: 1 2 & merge_after: 0 0 & skip_empty: 1
US-WI-RO,Ignored,simple,Ignored,simple
US-WI-RU,Sx,keep_length: 1 2 & merge_after: 0 0 & skip_empty: 1,Sx-Sx-Sx,keep_length: 1 2 & merge_after: 0 0 & skip_empty: 1
US-WI-SH,Sx,string_lengths: 6 6 & skip_empty: 1,Dx,split_groups: 0|6 0_1|6 0_1_1|4 0_1_1_1|6 & skip_empty: 1
US-WI-SH,Sx,split_groups: 0|1 & drop_cols: 0_0,Dx,split_groups: 0|1 & drop_cols: 0_0 & skip_empty: 1
US-WI-CR,Ignored,simple,Ignored,simple
US-WI-SA,Ignored,simple,Ignored,simple
US-WI-SW,Ignored,simple,Dx,
US-WI-TA,Sx-Sx-Sx,,Sx-Sx-Sx,
US-WI-TR,Sx,string_lengths: 3 5 4 & skip_empty: 1,Sx-Sx-Sx,skip_empty: 1
US-WI-VE,Sx,string_lengths: 3 5 4 & skip_empty: 1,Sx-Sx-Sx,skip_empty: 1
US-WI-VI,Sx( )-( )(Sx)( - Sx)(-Sx)( Sx),no_conv: 1,Sx( )-( )(Sx)( - Sx)(-Sx)( Sx),no_conv: 1
US-WI-WI,Sx,split_groups: 0|1 & drop_cols: 0_0,Sx,split_groups: 0|11 & drop_cols: 0_1 & skip_empty: 1
US-WI-WA,Ignored,simple,Ignored,simple
US-WI-WL,Ignored,simple,Ignored,simple
US-WI-WA,Sx Sx,skip_empty: 1,Sx( )-( )(Sx)( - Sx)(-Sx)( Sx),skip_empty: 1
US-WI-WO,Ignored,simple,Ignored,simple
US-WI-WP,Ignored,simple,Ignored,simple
US-WI-WH,Sx-( )(Sx) ( )(Sx)( )(Dx),split_groups: 0|2 2|- & drop_cols: 0_0 & merge_after: 2_0 & skip_empty: 1,Sx-( )(Sx) ( )(Sx)( )(Dx),split_groups: 0|2 2|- & drop_cols: 0_0 & merge_after: 2_0 & skip_empty: 1
US-WI-WS,Sx-Sx-Sx,skip_empty: 1,Sx-Sx-Sx,skip_empty: 1
US-WV-BO,Sx,split_groups: 0|2 0_1|2 0_1_1|4 0_1_1_1|4 0_1_1_1_1|4 & skip_empty: 1,Sx( )-Sx-Sx-Sx-Sx-( Sx),skip_empty: 1
US-WV-BR,Sx,string_lengths: 2 2 4 4 4 & skip_empty: 1,Sx( )-Sx-Sx-Sx-Sx-( Sx),skip_empty: 1
US-WV-BX,Sx,string_lengths: 2 2 4 4 4 & skip_empty: 1,Sx( )-Sx-Sx-Sx-Sx-( Sx),skip_empty: 1
US-WV-CA,Sx,string_lengths: 2 2 4 4 4 & skip_empty: 1,Sx( )-Sx-Sx-Sx-Sx-( Sx),skip_empty: 1
US-WV-CA,Sx,string_lengths: 2 2 4 4 4 & skip_empty: 1,Sx( )-Sx-Sx-Sx-Sx-( Sx),skip_empty: 1
US-WV-CL,Sx,string_lengths: 2 2 4 4 4 & skip_empty: 1,Sx( )-Sx-Sx-Sx-Sx-( Sx),skip_empty: 1
US-WV-DO,Sx,split_groups: 0|2 0_1|2 0_1_1|4 0_1_1_1|4 0_1_1_1_1|4 & skip_empty: 1,Sx( )-Sx-Sx-Sx-Sx-( Sx),skip_empty: 1
US-WV-FA,Sx,string_lengths: 2 2 4 4 4 & skip_empty: 1,Sx( )-Sx-Sx-Sx-Sx-( Sx),skip_empty: 1
US-WV-GA,Sx,split_groups: 0|2 0_1|2 0_1_1|4 0_1_1_1|4 0_1_1_1_1|4 & skip_empty: 1,Sx( )-Sx-Sx-Sx-Sx-( Sx),skip_empty: 1
US-WV-GR,Sx,string_lengths: 2 2 4 4 4 & skip_empty: 1,Sx( )-Sx-Sx-Sx-Sx-( Sx),skip_empty: 1
US-WV-GI,Dx,split_groups: 0|16 & drop_cols: 0_1,Ignored,simple
US-WV-HR,Sx,split_groups: 0|2 0_1|2 0_1_1|4 0_1_1_1|4 0_1_1_1_1|4 & skip_empty: 1,Sx( )-Sx-Sx-Sx-Sx-( Sx),skip_empty: 1
US-WV-HM,Sx,split_groups: 0|2 0_1|2 0_1_1|4 0_1_1_1|4 0_1_1_1_1|4 & skip_empty: 1,Sx( )-Sx-Sx-Sx-Sx-( Sx),skip_empty: 1
US-WV-HN,Sx,split_groups: 0|2 0_1|2 0_1_1|4 0_1_1_1|4 0_1_1_1_1|4 & skip_empty: 1,Sx( )-Sx-Sx-Sx-Sx-( Sx),skip_empty: 1
US-WV-HA,Sx,string_lengths: 2 2 4 4 4 & skip_empty: 1,Sx( )-Sx-Sx-Sx-Sx-( Sx),skip_empty: 1
US-WV-JA,Sx,split_groups: 0|2 0_1|2 0_1_1|4 0_1_1_1|4 0_1_1_1_1|4 & skip_empty: 1,Sx( )-Sx-Sx-Sx-Sx-( Sx),skip_empty: 1
US-WV-JE,Sx,string_lengths: 2 2 4 4 4 & skip_empty: 1,Sx( )-Sx-Sx-Sx-Sx-( Sx),skip_empty: 1
US-WV-KA,Sx,string_lengths: 2 2 4 4 4 & skip_empty: 1,Sx( )-Sx-Sx-Sx-Sx-( Sx),skip_empty: 1
US-WV-LE,Sx,string_lengths: 2 2 4 4 4 & skip_empty: 1,Sx( )-Sx-Sx-Sx-Sx-( Sx),skip_empty: 1
US-WV-LI,Sx,string_lengths: 2 2 4 4 4 & skip_empty: 1,Sx( )-Sx-Sx-Sx-Sx-( Sx),skip_empty: 1
US-WV-LO,Sx,split_groups: 0|2 0_1|2 0_1_1|4 0_1_1_1|4 0_1_1_1_1|4 & skip_empty: 1,Sx( )-Sx-Sx-Sx-Sx-( Sx),skip_empty: 1
US-WV-MR,Sx,split_groups: 0|2 0_1|2 0_1_1|4 0_1_1_1|4 0_1_1_1_1|4 & skip_empty: 1,Sx( )-Sx-Sx-Sx-Sx-( Sx),skip_empty: 1
US-WV-MC,Sx,string_lengths: 2 2 4 4 4 & skip_empty: 1,Sx( )-Sx-Sx-Sx-Sx-( Sx),skip_empty: 1
US-WV-MN,Sx,string_lengths: 2 2 4 4 4 & skip_empty: 1,Sx( )-Sx-Sx-Sx-Sx-( Sx),skip_empty: 1
US-WV-MO,Sx,string_lengths: 2 2 4 4 4 & skip_empty: 1,Sx( )-Sx-Sx-Sx-Sx-( Sx),skip_empty: 1
US-WV-MA,Sx,split_groups: 0|2 0_1|2 0_1_1|4 0_1_1_1|4 0_1_1_1_1|4 & skip_empty: 1,Sx( )-Sx-Sx-Sx-Sx-( Sx),skip_empty: 1
US-WV-MI,Sx,split_groups: 0|2 0_1|2 0_1_1|4 0_1_1_1|4 0_1_1_1_1|4 & skip_empty: 1,Sx( )-Sx-Sx-Sx-Sx-( Sx),skip_empty: 1
US-WV-MS,Sx,string_lengths: 2 2 4 4 4 & skip_empty: 1,Sx( )-Sx-Sx-Sx-Sx-( Sx),skip_empty: 1
US-WV-MG,Sx,split_groups: 0|2 0_1|2 0_1_1|4 0_1_1_1|4 0_1_1_1_1|4 & skip_empty: 1,Sx( )-Sx-Sx-Sx-Sx-( Sx),skip_empty: 1
US-WV-ME,Sx,split_groups: 0|2 0_1|2 0_1_1|4 0_1_1_1|4 0_1_1_1_1|4 & skip_empty: 1,Sx( )-Sx-Sx-Sx-Sx-( Sx),skip_empty: 1
US-WV-NI,Sx,split_groups: 0|2 0_1|2 0_1_1|4 0_1_1_1|4 0_1_1_1_1|4 & skip_empty: 1,Sx( )-Sx-Sx-Sx-Sx-( Sx),skip_empty: 1
US-WV-OH,Sx,split_groups: 0|2 0_1|2 0_1_1|4 0_1_1_1|4 0_1_1_1_1|4 & skip_empty: 1,Sx( )-Sx-Sx-Sx-Sx-( Sx),skip_empty: 1
US-WV-PE,Sx,split_groups: 0|2 0_1|2 0_1_1|4 0_1_1_1|4 0_1_1_1_1|4 & skip_empty: 1,Sx( )-Sx-Sx-Sx-Sx-( Sx),skip_empty: 1
US-WV-PL,Sx,split_groups: 0|2 0_1|2 0_1_1|4 0_1_1_1|4 0_1_1_1_1|4 & skip_empty: 1,Sx-Sx-Sx-Sx(-Sx-Sx.Sx),skip_empty: 1
US-WV-PO,Sx,split_groups: 0|2 0_1|2 0_1_1|4 0_1_1_1|4 0_1_1_1_1|4 & skip_empty: 1,Sx( )-Sx-Sx-Sx-Sx-( Sx),skip_empty: 1
US-WV-PR,Sx,split_groups: 0|2 0_1|2 0_1_1|4 0_1_1_1|4 0_1_1_1_1|4 & skip_empty: 1,Sx( )-Sx-Sx-Sx-Sx-( Sx),skip_empty: 1
US-WV-PU,Sx,split_groups: 0|2 0_1|2 0_1_1|4 0_1_1_1|4 0_1_1_1_1|4 & skip_empty: 1,Sx( )-Sx-Sx-Sx-Sx-( Sx),skip_empty: 1
US-WV-RI,Sx,split_groups: 0|2 0_1|2 0_1_1|4 0_1_1_1|4 0_1_1_1_1|4 & skip_empty: 1,Sx( )-Sx-Sx-Sx-Sx-( Sx),skip_empty: 1
US-WV-RA,Sx,split_groups: 0|2 0_1|2 0_1_1|4 0_1_1_1|4 0_1_1_1_1|4 & skip_empty: 1,Sx( )-Sx-Sx-Sx-Sx-( Sx),skip_empty: 1
US-WV-RN,Sx,string_lengths: 2 2 4 4 4 & skip_empty: 1,Sx( )-Sx-Sx-Sx-Sx-( Sx),skip_empty: 1
US-WV-RO,Sx,split_groups: 0|2 0_1|2 0_1_1|4 0_1_1_1|4 0_1_1_1_1|4 & skip_empty: 1,Sx( )-Sx-Sx-Sx-Sx-( Sx),skip_empty: 1
US-WV-SU,Sx,string_lengths: 2 2 4 4 4 & skip_empty: 1,Sx-Sx-Sx-Sx(-Sx-Sx.Sx),skip_empty: 1
US-WV-TA,Sx,split_groups: 0|2 0_1|2 0_1_1|4 0_1_1_1|4 0_1_1_1_1|4 & skip_empty: 1,Sx( )-Sx-Sx-Sx-Sx-( Sx),skip_empty: 1
US-WV-TU,Sx,split_groups: 0|2 0_1|2 0_1_1|4 0_1_1_1|4 0_1_1_1_1|4 & skip_empty: 1,Sx( )-Sx-Sx-Sx-Sx-( Sx),skip_empty: 1
US-WV-TY,Sx,split_groups: 0|2 0_1|2 0_1_1|4 0_1_1_1|4 0_1_1_1_1|4 & skip_empty: 1,Sx( )-Sx-Sx-Sx-Sx-( Sx),skip_empty: 1
US-WV-UP,Sx,split_groups: 0|2 0_1|2 0_1_1|4 0_1_1_1|4 0_1_1_1_1|4 & skip_empty: 1,Sx( )-Sx-Sx-Sx-Sx-( Sx),skip_empty: 1
US-WY-AL,Dx,split_groups: 0|6 0_1|3 0_1_1|7 0_1_1_1|3 0_1_1_1_1|1 0_1_1_1_1_1|1 & merge_after: 0_1_1_1_0 0_1_1_1_0 & skip_empty: 1,Sx,string_lengths: 6 * 5 & skip_empty: 1
US-WY-BH,Dx,split_groups: 0|1 & drop_cols: 0_0 & skip_empty: 1,Sx,split_groups: 0|1 & drop_cols: 0_0
US-WY-CA,Dx,split_groups: 0|16 & drop_cols: 0_1,Ignored,simple
US-WY-CO,Ignored,simple,Sx,split_groups: 0|11 & drop_cols: 0_1 & skip_empty: 1
US-WY-CR,Dx,split_groups: 0|14 & drop_cols: 0_1 & skip_empty: 1,Sx,skip_empty: 1
US-WY-CA,Sx,split_groups: 0|11 & drop_cols: 0_1 & skip_empty: 1,Sx,split_groups: 0|13 & drop_cols: 0_1 & skip_empty: 1
US-WY-FR,Dx,split_groups: 0|14 & drop_cols: 0_1 & skip_empty: 1,Sx,
US-WY-GO,Dx,split_groups: 0|14 & drop_cols: 0_1 & skip_empty: 1,Ignored,simple
US-WY-HS,Dx,split_groups: 0|14 & drop_cols: 0_1 & skip_empty: 1,Ignored,simple
US-WY-JO,Sx,split_groups: 0|1 & drop_cols: 0_0 & skip_empty: 1,Sx,split_groups: 0|R 0_0|11 & skip_empty: 1
US-WY-LA,Ignored,simple,Dx,keep_length: 1 & skip_empty: 1
US-WY-LI,Ignored,simple,Sx,skip_empty: 1
US-WY-NA,Dx,split_groups: 0|6 0_1|6 0_1_1|4 0_1_1_1|6 & skip_empty: 1,Sx,split_groups: 0|6 0_1|6 & skip_empty: 1
US-WY-NI,Dx,string_lengths: 6 6 & skip_empty: 1,Dx,split_groups: 0|6 0_1|6 1_0|5 & skip_empty: 1
US-WY-PA,Dx,,Sx,string_lengths: 14 & skip_empty: 1
US-WY-PL,Sx,,Sx,keep_length: 1 2 & merge_after: 0 0 & skip_empty: 1
US-WY-SH,Sx,split_groups: 0|5 0_1|3 & skip_empty: 1,Sx,split_groups: 0|5 0_1|3 & skip_empty: 1
US-WY-SU,Sx,string_lengths: 1 4 2 + & merge_after: 0 & skip_empty: 1,Sx,string_lengths: 1 4 2 + & merge_after: 0 & skip_empty: 1
US-WY-SW,Dx,keep_length: 1 & skip_empty: 1,Sx-Sx-Sx-Sx-Sx-Sx,keep_length: 1 2 3 4 5 & merge_after: 0 0 0 0 0 & skip_empty: 1
US-WY-TE,Sx,string_lengths: 3 3 1 2 3 & skip_empty: 1,Sx,string_lengths: 3 3 1 2 3 & skip_empty: 1
US-WY-UI,Dx,string_lengths: 3 3 3 3 & skip_empty: 1,Sx,string_lengths: 3 3 3 3 & skip_empty: 1
US-WY-WA,Sx,split_groups: 0|1 & drop_cols: 0_0,Sx,split_groups: 0|1 & drop_cols: 0_0
US-WY-WE,Dx,,Dx,
